run_id,trial_number,total_pnl,total_trades,winners,losers,win_rate,profit_factor,max_drawdown,days_traded,objective,avg_pnl_per_trade,avg_win,avg_loss,win_loss_ratio,avg_hold_minutes,avg_position_value,trades_per_month,months_profitable,months_total,monthly_consistency_pct,worst_month_pnl,best_month_pnl,max_consecutive_losses,patterns_used,n_patterns,exits_trailing_stop,exits_stop_hit,exits_time_decay,exits_target,exits_ema_cross,exits_selling_pressure,param_a_enable_buying_volume,param_a_enable_float_filter,param_a_enable_last_1min_volume,param_a_enable_last_5min_volume,param_a_enable_market_cap_filter,param_a_enable_premarket_gain,param_a_enable_price_range,param_a_enable_relative_volume,param_a_enable_spread_filter,param_a_max_float,param_a_max_market_cap,param_a_max_price,param_a_max_spread,param_a_min_buying_volume,param_a_min_last_1min_volume,param_a_min_last_5min_volume,param_a_min_premarket_gain,param_a_min_price,param_a_min_relative_volume,param_account_size,param_b_abcd_d_light_vol,param_b_abcd_min_pullback_pct,param_b_bull_flag_breakout_vol_min,param_b_bull_flag_light_vol,param_b_bull_flag_pole_vol_min,param_b_dip_buy_light_vol,param_b_enable_abcd,param_b_enable_bull_flag,param_b_enable_dip_buy,param_b_enable_ema9,param_b_enable_flat_top,param_b_enable_macd,param_b_enable_micro_pullback,param_b_enable_rr,param_b_enable_trend,param_b_flat_top_resistance_tol,param_b_flat_top_vol_increase_tol,param_b_micro_pb_green_pct,param_b_micro_pb_light_vol,param_b_micro_pb_swing_tol,param_b_min_rr_ratio,param_b_stop_buffer,param_c_early_time_decay_hour,param_c_early_time_decay_min_gain_pct,param_c_early_time_decay_minute,param_c_ema_cross_qty_pct,param_c_enable_macd_flip_exit,param_c_enable_resistance_exit,param_c_enable_volume_dry_up_exit,param_c_macd_flip_qty_pct,param_c_resistance_exit_qty_pct,param_c_resistance_tolerance,param_c_resistance_touch_threshold,param_c_selling_pressure_qty_pct,param_c_selling_pressure_ratio,param_c_target1_qty_pct,param_c_target1_ratio,param_c_target2_qty_pct,param_c_target2_ratio,param_c_time_decay_hour,param_c_trailing_stop_distance,param_c_volume_dry_up_qty_pct,param_c_volume_dry_up_threshold,param_max_position_pct,param_risk_pct
optuna_00198,198,1822.87,101,73,28,72.28,2.21,292.1,270,1822.87,18.05,45.69,-54.01,0.85,24.2,816.0,7.8,12,13,92.3,-1.52,401.99,3,ABCD,1,57,28,13,0,2,1,False,False,True,True,True,False,True,False,False,20000000,600000000,24.738960226471125,0.15,50000,10000,100000,10.0,1.5387210448640813,5.0,5000.0,0.7437738918154013,0.11575934778813757,0.8,0.7,0.8,0.65,True,False,False,False,False,False,False,True,False,0.03,1.2,0.6,0.7,0.98,1.9872705047395185,0.03292356536986113,0,5.0,45,0.25,False,False,False,0.5,0.5,0.03,2,0.44074072720458396,2.930147130877497,0.2670424594914499,1.1403117023288978,0.18486019485349545,4.783413744678596,11,0.15474439674221346,0.5,0.6,20.0,2.0
optuna_00204,204,1750.13,95,70,25,73.68,2.2,197.8,270,1750.13,18.42,45.91,-58.53,0.78,23.1,835.0,7.3,12,13,92.3,-28.99,429.71,2,ABCD,1,55,26,13,0,1,0,False,False,True,True,True,False,True,False,False,20000000,600000000,24.46218156842239,0.15,50000,10000,100000,10.0,1.913728964465305,5.0,5000.0,0.7454359262369389,0.11338154957881968,0.8,0.7,0.8,0.65,True,False,False,False,False,False,False,True,False,0.03,1.2,0.6,0.7,0.98,1.9847985615858745,0.0452099001008154,0,5.0,45,0.25,False,False,False,0.5,0.5,0.03,2,0.3719932428603795,3.1681388441796496,0.2587647788834461,1.1697055179362355,0.1928129354836443,4.919878243823556,11,0.15662086841581874,0.5,0.6,20.0,2.0
optuna_00203,203,1730.8,109,78,31,71.56,1.97,202.05,270,1730.8,15.88,45.15,-57.78,0.78,24.7,837.0,8.4,13,13,100.0,11.62,395.63,5,ABCD,1,62,31,14,0,2,0,False,False,True,True,True,False,True,False,False,20000000,600000000,24.346301066136085,0.15,50000,10000,100000,10.0,1.493308674735656,5.0,5000.0,0.7458996602506303,0.11110389136687861,0.8,0.7,0.8,0.65,True,False,False,False,False,False,False,True,False,0.03,1.2,0.6,0.7,0.98,1.9799363556919285,0.031836341635765195,0,5.0,45,0.25,False,False,False,0.5,0.5,0.03,2,0.3683404614765238,3.1750947499210036,0.2557721635132555,1.0630062808699985,0.18914828256030394,4.933408314099486,11,0.1593050681851974,0.5,0.6,20.0,2.0
optuna_00223,223,1565.44,89,63,26,70.79,2.19,231.46,270,1565.44,17.59,45.64,-50.39,0.91,23.4,804.0,6.8,11,13,84.6,-141.68,394.33,4,ABCD,1,52,23,12,0,2,0,False,False,True,True,True,False,True,False,False,20000000,500000000,24.00372799886442,0.15,50000,10000,100000,10.0,1.5303954633763064,5.0,5000.0,0.7361844273746716,0.1233059827581392,0.8,0.7,0.8,0.65,True,False,False,False,False,False,False,True,False,0.03,1.2,0.6,0.7,0.98,1.9555153885173364,0.04440829859294932,0,5.0,45,0.25,False,False,False,0.5,0.5,0.03,2,0.40091265411315,2.9949366762275242,0.2670700618535411,1.0280648673299326,0.20112818804009808,4.934522292857342,11,0.15583288214373042,0.5,0.6,20.0,2.0
optuna_00225,225,1553.27,130,94,36,72.31,1.74,290.24,270,1553.27,11.95,38.92,-58.48,0.67,24.5,859.0,10.0,9,13,69.2,-149.22,397.0,3,ABCD,1,72,34,19,0,5,0,False,False,True,True,True,False,True,False,False,20000000,500000000,24.2615123082962,0.15,50000,10000,100000,10.0,1.5799407432412398,5.0,5000.0,0.7134596001567177,0.09357177761569875,0.8,0.7,0.8,0.65,True,False,False,False,False,False,False,True,False,0.03,1.2,0.6,0.7,0.98,1.9491763933752557,0.03568897607927816,0,5.0,45,0.25,False,False,False,0.5,0.5,0.03,2,0.4148010061870392,2.9879640989420464,0.24706548298986603,1.0111536365878924,0.1764707763174345,4.884826480042949,11,0.14287730286397216,0.5,0.6,20.0,2.0
optuna_00189,189,1548.34,106,76,30,71.7,1.9,291.77,270,1548.34,14.61,43.04,-57.42,0.75,23.6,820.0,8.2,12,13,92.3,-55.67,417.94,3,ABCD,1,63,26,15,0,2,0,False,False,True,True,True,False,True,False,False,20000000,600000000,24.843360742483867,0.15,50000,10000,100000,10.0,1.5343340668611214,5.0,5000.0,0.7378368812496237,0.10891025295144066,0.8,0.7,0.8,0.65,True,False,False,False,False,False,False,True,False,0.03,1.2,0.6,0.7,0.98,1.879081984891767,0.046133873036844,0,5.0,45,0.25,False,False,False,0.5,0.5,0.03,2,0.398737122472852,2.8554836220009596,0.21506203680392877,1.017542976581632,0.23005745147163684,4.902489213315171,11,0.14179650378074302,0.5,0.6,20.0,2.0
optuna_00231,231,1530.4,145,104,41,71.72,1.62,405.13,270,1530.4,10.55,38.28,-59.78,0.64,25.0,856.0,11.2,9,13,69.2,-170.57,427.03,3,ABCD,1,79,37,23,2,4,0,False,False,True,True,True,False,True,False,False,20000000,600000000,24.82110360692481,0.15,50000,10000,100000,10.0,1.4866400034445044,5.0,5000.0,0.7464359154884055,0.09288425388475925,0.8,0.7,0.8,0.65,True,False,False,False,False,False,False,True,False,0.03,1.2,0.6,0.7,0.98,1.9441131473636584,0.05394950932621604,0,5.0,45,0.25,False,False,False,0.5,0.5,0.03,2,0.38304550942029975,2.817432078553352,0.23358942312562223,1.0324031200116865,0.1869312273304212,2.011414558869307,11,0.12494616967508763,0.5,0.6,20.0,2.0
optuna_00185,185,1523.43,113,79,34,69.91,1.98,208.58,270,1523.43,13.48,38.92,-45.62,0.85,19.6,839.0,8.7,11,13,84.6,-24.01,315.75,3,ABCD,1,76,25,7,0,4,1,False,False,True,True,True,False,True,False,False,20000000,500000000,24.420893227499754,0.15,50000,10000,100000,10.0,1.5538795131354624,5.0,5000.0,0.7325205273044425,0.106304677797182,0.8,0.7,0.8,0.65,True,False,False,False,False,False,False,True,False,0.03,1.2,0.6,0.7,0.98,1.8666423071671645,0.0327609872796518,0,5.0,45,0.25,False,False,False,0.5,0.5,0.03,2,0.41573300364956034,1.2802874453921653,0.23886918287162814,1.043662707508479,0.22671791098551683,4.99820119800193,11,0.14439262193874677,0.5,0.6,20.0,2.0
optuna_00234,234,1509.6,159,113,46,71.07,1.55,432.48,270,1509.6,9.49,37.66,-59.69,0.63,24.5,868.0,12.2,9,13,69.2,-164.05,316.89,4,ABCD,1,86,39,27,1,6,0,False,False,True,True,True,False,True,False,False,20000000,650000000,24.8562013044012,0.15,50000,10000,100000,10.0,1.565551748280075,5.0,5000.0,0.76797032901034,0.09118279551048457,0.8,0.7,0.8,0.65,True,False,False,False,False,False,False,True,False,0.03,1.2,0.6,0.7,0.98,1.9102479283666791,0.05506861984316327,0,5.0,45,0.25,False,False,False,0.5,0.5,0.03,2,0.3697846795854249,2.8376905838038486,0.23539520805751613,1.05530940398393,0.17505853800154325,2.3855524067126663,11,0.126895530538194,0.5,0.6,20.0,2.0
optuna_00200,200,1460.88,98,70,28,71.43,1.86,200.19,270,1460.88,14.91,45.23,-60.9,0.74,24.4,835.0,7.5,12,13,92.3,-4.33,359.76,3,ABCD,1,55,28,13,0,2,0,False,False,True,True,True,False,True,False,False,20000000,600000000,24.414879587630917,0.15,50000,10000,100000,10.0,1.7187481911378555,5.0,5000.0,0.7470935855545013,0.11436153107809106,0.8,0.7,0.8,0.65,True,False,False,False,False,False,False,True,False,0.03,1.2,0.6,0.7,0.98,1.976403742432243,0.03223081930772518,0,5.0,45,0.25,False,False,False,0.5,0.5,0.03,2,0.41968681827988885,3.189566717742977,0.27710231889756676,1.0629634882164496,0.18142383103410598,4.922390617894151,11,0.15860593376527254,0.5,0.6,20.0,2.0
optuna_00176,176,1456.51,86,62,24,72.09,2.31,207.38,270,1456.51,16.94,41.39,-46.24,0.9,20.8,792.0,6.6,9,13,69.2,-18.28,321.78,3,ABCD,1,53,22,7,0,4,0,False,False,True,True,True,False,True,False,False,20000000,450000000,24.521938172117967,0.15,50000,10000,100000,10.0,1.4944699882884624,5.0,5000.0,0.7239033788494899,0.12475052927489325,0.8,0.7,0.8,0.65,True,False,False,False,False,False,False,True,False,0.03,1.2,0.6,0.7,0.98,1.9376558796940928,0.04382957880009457,0,5.0,45,0.25,False,False,False,0.5,0.5,0.03,2,0.395413276785355,1.3403430634676987,0.2954500641001353,1.043490779358638,0.24129989204826824,4.932522142462968,11,0.15474374455483664,0.5,0.6,20.0,2.0
optuna_00232,232,1436.55,159,113,46,71.07,1.5,423.61,270,1436.55,9.03,38.12,-62.4,0.61,24.5,859.0,12.2,9,13,69.2,-170.03,353.51,4,ABCD,1,86,41,25,1,6,0,False,False,True,True,True,False,True,False,False,20000000,600000000,24.77058927179804,0.15,50000,10000,100000,10.0,1.5050931757938346,5.0,5000.0,0.7693597614659005,0.09216630549309063,0.8,0.7,0.8,0.65,True,False,False,False,False,False,False,True,False,0.03,1.2,0.6,0.7,0.98,1.9114518457204517,0.059595313333774096,0,5.0,45,0.25,False,False,False,0.5,0.5,0.03,2,0.3817015183039419,2.9769394592946923,0.22792583911971073,1.0275265972580165,0.1960326093357414,2.328830212573418,11,0.12538738513019904,0.5,0.6,20.0,2.0
optuna_00194,194,1434.63,119,82,37,68.91,1.65,293.11,270,1434.63,12.06,44.26,-59.31,0.75,24.3,841.0,9.2,12,13,92.3,-5.25,324.04,5,ABCD,1,67,36,14,0,2,0,False,False,True,True,True,False,True,False,False,20000000,600000000,24.4501155075909,0.15,50000,10000,100000,10.0,1.458916074585954,5.0,5000.0,0.7548869553869003,0.10679142358127208,0.8,0.7,0.8,0.65,True,False,False,False,False,False,False,True,False,0.03,1.2,0.6,0.7,0.98,1.8800724625987884,0.0334238466354498,0,5.0,45,0.25,False,False,False,0.5,0.5,0.03,2,0.3966373532356449,3.1109994925185984,0.26268958483346994,1.0860373729284203,0.1987355986461658,4.868392219910031,11,0.1523074845560292,0.5,0.6,20.0,2.0
optuna_00241,241,1405.87,161,115,46,71.43,1.5,403.35,270,1405.87,8.73,36.81,-61.47,0.6,23.4,874.0,12.4,10,13,76.9,-298.11,315.29,3,ABCD,1,87,40,26,2,5,1,False,False,True,True,True,False,True,False,False,20000000,600000000,24.67393240008142,0.15,50000,10000,100000,10.0,1.6090713375401675,5.0,5000.0,0.780106477409206,0.09296494422122464,0.8,0.7,0.8,0.65,True,False,False,False,False,False,False,True,False,0.03,1.2,0.6,0.7,0.98,1.8672395790650467,0.05466703419774354,0,5.0,45,0.25,False,False,False,0.5,0.5,0.03,2,0.4132038672606402,2.9273130682317245,0.24201433430673597,1.0690005935156315,0.191428926056988,2.331295756836437,11,0.12551151798068838,0.5,0.6,20.0,2.0
optuna_00195,195,1405.4,114,79,35,69.3,1.67,293.02,270,1405.4,12.33,44.38,-60.01,0.74,23.6,838.0,8.8,11,13,84.6,-19.05,412.77,3,ABCD,1,65,33,14,0,2,0,False,False,True,True,True,False,True,False,False,20000000,600000000,24.458439558232907,0.15,50000,10000,100000,10.0,1.592486699534185,5.0,5000.0,0.7522029432740571,0.1065293922095097,0.8,0.7,0.8,0.65,True,False,False,False,False,False,False,True,False,0.03,1.2,0.6,0.7,0.98,1.8811818587417841,0.04866277414537071,0,5.0,45,0.25,False,False,False,0.5,0.5,0.03,2,0.3951061169736358,3.0596376260381555,0.26558032364335454,1.1241615898321757,0.2145452191463369,4.878447980038571,11,0.1511243676642366,0.5,0.6,20.0,2.0
optuna_00170,170,1395.07,96,68,28,70.83,2.07,208.35,270,1395.07,14.53,39.71,-46.63,0.85,21.1,786.0,7.4,11,13,84.6,-23.07,322.78,3,ABCD,1,60,25,7,0,2,2,False,False,True,True,True,False,True,False,False,20000000,500000000,24.6673506404796,0.15,50000,10000,100000,10.0,1.2659686620339372,5.0,5000.0,0.7287017201336111,0.12553027333800196,0.8,0.7,0.8,0.65,True,False,False,False,False,False,False,True,False,0.03,1.2,0.6,0.7,0.98,1.9324762187053774,0.03710784032533943,0,5.0,45,0.25,False,False,False,0.5,0.5,0.03,2,0.40164387216134884,1.312044804152498,0.2503712136984326,1.0590733193816428,0.2319073634561752,4.978987708443667,11,0.1480306806752062,0.5,0.6,20.0,2.0
optuna_00214,214,1392.07,106,74,32,69.81,1.77,292.24,270,1392.07,13.13,43.4,-56.86,0.76,23.1,840.0,8.2,9,13,69.2,-55.5,426.64,3,ABCD,1,62,29,14,0,1,0,False,False,True,True,True,False,True,False,False,20000000,550000000,24.449938031834574,0.15,50000,10000,100000,10.0,1.7247233928722228,5.0,5000.0,0.7395052835375249,0.10704312867444388,0.8,0.7,0.8,0.65,True,False,False,False,False,False,False,True,False,0.03,1.2,0.6,0.7,0.98,1.9558393521558228,0.04485226558719793,0,5.0,45,0.25,False,False,False,0.5,0.5,0.03,2,0.39942803897421997,3.0380937909690617,0.2829832175040842,1.0773934952442346,0.16462709354675517,4.843728216642311,11,0.13644089390647812,0.5,0.6,20.0,2.0
optuna_00186,186,1376.99,109,75,34,68.81,1.74,290.8,270,1376.99,12.63,43.19,-54.78,0.79,24.1,854.0,8.4,11,13,84.6,-163.01,431.86,3,ABCD,1,63,29,15,0,2,0,False,False,True,True,True,False,True,False,False,20000000,550000000,24.749495271971295,0.15,50000,10000,100000,10.0,1.7073013576444906,5.0,5000.0,0.7333359716628541,0.10541530541398092,0.8,0.7,0.8,0.65,True,False,False,False,False,False,False,True,False,0.03,1.2,0.6,0.7,0.98,1.8748043237105807,0.03300153427899967,0,5.0,45,0.25,False,False,False,0.5,0.5,0.03,2,0.41649122922907417,2.813873961107877,0.23146607961777033,1.0500403824769273,0.2240213769686311,4.956025310472164,11,0.142787716434265,0.5,0.6,20.0,2.0
optuna_00213,213,1346.04,92,64,28,69.57,1.87,290.86,270,1346.04,14.63,45.09,-54.99,0.82,22.8,814.0,7.1,10,13,76.9,-106.66,402.05,3,ABCD,1,54,24,12,0,2,0,False,False,True,True,True,False,True,False,False,20000000,550000000,24.7152638215485,0.15,50000,10000,100000,10.0,1.738678120110155,5.0,5000.0,0.7380771013899469,0.11919336880519796,0.8,0.7,0.8,0.65,True,False,False,False,False,False,False,True,False,0.03,1.2,0.6,0.7,0.98,1.981921649464099,0.04824091430325403,0,5.0,45,0.25,False,False,False,0.5,0.5,0.03,2,0.4144985585571223,3.0272975844997205,0.25649147021694424,1.0828622871451474,0.21749615598808922,4.853331009483878,11,0.14037304219668642,0.5,0.6,20.0,2.0
optuna_00226,226,1341.97,126,88,38,69.84,1.59,302.6,270,1341.97,10.65,41.3,-60.32,0.68,24.8,852.0,9.7,9,13,69.2,-105.01,367.81,3,ABCD,1,68,36,16,1,5,0,False,False,True,True,True,False,True,False,False,20000000,600000000,24.345061412198927,0.15,50000,10000,100000,10.0,1.5828562364962893,5.0,5000.0,0.7127805641057787,0.09599999652340627,0.8,0.7,0.8,0.65,True,False,False,False,False,False,False,True,False,0.03,1.2,0.6,0.7,0.98,1.9632171363020483,0.04758008832340003,0,5.0,45,0.25,False,False,False,0.5,0.5,0.03,2,0.42102215491229145,2.6748548005119033,0.24564623589490336,1.0217118359107364,0.17419697872583648,4.762379994367734,11,0.14652189356322545,0.5,0.6,20.0,2.0
optuna_00168,168,1339.06,91,66,25,72.53,2.07,188.01,270,1339.06,14.71,39.33,-50.28,0.78,21.8,785.0,7.0,12,13,92.3,-21.5,327.96,3,ABCD,1,56,25,6,0,2,2,False,False,True,True,True,False,True,False,False,20000000,500000000,24.491697726822032,0.15,50000,10000,100000,10.0,1.2841850773959582,5.0,5000.0,0.7321342455359485,0.12989267740021196,0.8,0.7,0.8,0.65,True,False,False,False,False,False,False,True,False,0.03,1.2,0.6,0.7,0.98,1.8012050763606537,0.036875395146371705,0,5.0,45,0.25,False,False,False,0.5,0.5,0.03,2,0.4073152703297223,1.3024881373643253,0.29304555383220005,1.058247907511438,0.2767283451122295,4.921157122190781,11,0.16100607852819634,0.5,0.6,20.0,2.0
optuna_00187,187,1327.11,113,77,36,68.14,1.66,292.02,270,1327.11,11.74,43.28,-55.7,0.78,22.6,851.0,8.7,10,13,76.9,-45.81,329.91,3,ABCD,1,68,30,13,0,2,0,False,False,True,True,True,False,True,False,False,20000000,600000000,24.813566720180965,0.15,50000,10000,100000,10.0,1.6826037031033594,5.0,5000.0,0.7523204794474274,0.10630368303652536,0.8,0.7,0.8,0.65,True,False,False,False,False,False,False,True,False,0.03,1.2,0.6,0.7,0.98,1.909361072197422,0.03239920108211377,0,5.0,45,0.25,False,False,False,0.5,0.5,0.03,2,0.41545745659500827,2.8025705396494276,0.2404254431592392,1.0444393098727824,0.22624075086467205,4.936077599738844,11,0.14225755275311464,0.5,0.6,20.0,2.0
optuna_00230,230,1325.64,143,102,41,71.33,1.51,413.57,270,1325.64,9.27,38.36,-63.09,0.61,24.3,851.0,11.0,8,13,61.5,-179.83,414.9,3,ABCD,1,79,37,22,0,5,0,False,False,True,True,True,False,True,False,False,20000000,600000000,24.412024314460883,0.15,50000,10000,100000,10.0,1.4745413394496554,5.0,5000.0,0.7465767127564817,0.09348115260154385,0.8,0.7,0.8,0.65,True,False,False,False,False,False,False,True,False,0.03,1.2,0.6,0.7,0.98,1.913120211429808,0.05506551678413435,0,5.0,45,0.25,False,False,False,0.5,0.5,0.03,2,0.3814534287258533,2.9856593907556523,0.2596711984543155,1.0359860212615688,0.19299570536367455,4.943172311356152,11,0.13121164319880116,0.5,0.6,20.0,2.0
optuna_00207,207,1319.08,100,73,27,73.0,1.73,277.73,270,1319.08,13.19,42.92,-67.19,0.64,29.1,829.0,7.7,11,13,84.6,-182.26,318.8,2,ABCD,1,27,41,18,2,11,1,False,False,True,True,True,False,True,False,False,20000000,650000000,23.857819268805432,0.15,50000,10000,100000,10.0,1.5773668166665822,5.0,5000.0,0.7614599851705568,0.11598986801202515,0.8,0.7,0.8,0.65,True,False,False,False,False,False,False,True,False,0.03,1.2,0.6,0.7,0.98,1.9827381925298024,0.031355022741256185,0,5.0,45,0.25,False,False,False,0.5,0.5,0.03,2,0.4296626513583168,3.1520511864730727,0.24182905607328023,1.1595303315222645,0.18622948428702307,4.77641428217946,11,0.44122483388913236,0.5,0.6,20.0,2.0
optuna_00227,227,1317.61,161,112,49,69.57,1.43,437.88,270,1317.61,8.18,38.86,-61.93,0.63,25.3,881.0,12.4,8,13,61.5,-147.32,396.87,5,ABCD,1,77,46,27,6,5,0,False,False,True,True,True,False,True,False,False,20000000,600000000,24.361636566466327,0.15,50000,10000,100000,10.0,1.570616814983691,5.0,5000.0,0.7410022816602457,0.08315584886296343,0.8,0.7,0.8,0.65,True,False,False,False,False,False,False,True,False,0.03,1.2,0.6,0.7,0.98,1.9538965818082425,0.04841934342687096,0,5.0,45,0.25,False,False,False,0.5,0.5,0.03,2,0.41438570806619596,2.9978057728925207,0.24675352469030368,1.0067651697605502,0.1780339545426201,2.097610373464149,11,0.1456234511536417,0.5,0.6,20.0,2.0
optuna_00181,181,1310.83,90,63,27,70.0,1.96,198.98,270,1310.83,14.56,42.39,-50.36,0.84,23.0,804.0,6.9,9,13,69.2,-106.81,395.62,4,ABCD,1,49,27,11,0,3,0,False,False,True,True,True,False,True,False,False,20000000,450000000,24.757918197737094,0.15,50000,10000,100000,10.0,1.3487041122949013,5.0,5000.0,0.7178707569097641,0.1230181771750094,0.8,0.7,0.8,0.65,True,False,False,False,False,False,False,True,False,0.03,1.2,0.6,0.7,0.98,1.898769794220611,0.03581633807099612,0,5.0,45,0.25,False,False,False,0.5,0.5,0.03,2,0.4186859644655116,3.181138717268974,0.2973736264227516,1.0780313646574493,0.22738345237909063,4.926152084647725,11,0.15715156428323065,0.5,0.6,20.0,2.0
optuna_00246,246,1292.64,159,111,48,69.81,1.44,417.07,270,1292.64,8.13,38.14,-61.26,0.62,24.8,873.0,12.2,9,13,69.2,-168.72,433.67,4,ABCD,1,79,45,25,5,5,0,False,False,True,True,True,False,True,False,False,20000000,600000000,24.65211186077022,0.15,50000,10000,100000,10.0,1.4667956266016402,5.0,5000.0,0.7662876498003416,0.0912750416041931,0.8,0.7,0.8,0.65,True,False,False,False,False,False,False,True,False,0.03,1.2,0.6,0.7,0.98,1.8608749511090505,0.04789658607858449,0,5.0,45,0.25,False,False,False,0.5,0.5,0.03,2,0.40553235466552334,3.1384487187016807,0.24280361796803973,1.094130016091368,0.2103744240469845,2.0050542389880928,11,0.14682256337741637,0.5,0.6,20.0,2.0
optuna_00169,169,1291.4,93,68,25,73.12,2.03,188.05,270,1291.4,13.89,37.47,-50.26,0.75,22.0,787.0,7.2,11,13,84.6,-21.09,322.01,3,ABCD,1,55,27,7,0,2,2,False,False,True,True,True,False,True,False,False,20000000,500000000,24.52948943898224,0.15,50000,10000,100000,10.0,1.2353541766615672,5.0,5000.0,0.7270000461111491,0.12648229648470272,0.8,0.7,0.8,0.65,True,False,False,False,False,False,False,True,False,0.03,1.2,0.6,0.7,0.98,1.966877865121873,0.03736608606300523,0,5.0,45,0.25,False,False,False,0.5,0.5,0.03,2,0.40595772277999287,1.3232160219356677,0.2555705990217373,1.0735531276235732,0.25489104667555856,4.976221681783281,11,0.16068683766352512,0.5,0.6,20.0,2.0
optuna_00193,193,1288.56,100,70,30,70.0,1.73,291.25,270,1288.56,12.89,43.7,-59.03,0.74,23.0,830.0,7.7,10,13,76.9,-55.34,413.1,3,ABCD,1,59,27,13,0,1,0,False,False,True,True,True,False,True,False,False,20000000,550000000,24.380697859609533,0.15,50000,10000,100000,10.0,1.8159582444054638,5.0,5000.0,0.7329834154172611,0.10947074747182634,0.8,0.7,0.8,0.65,True,False,False,False,False,False,False,True,False,0.03,1.2,0.6,0.7,0.98,1.86431570105286,0.04940056362045259,0,5.0,45,0.25,False,False,False,0.5,0.5,0.03,2,0.39837466104569114,3.083043456213015,0.25711594120804404,1.0817086782078125,0.22796830936432352,4.9989013071999535,11,0.14197227874600002,0.5,0.6,20.0,2.0
optuna_00027,27,1282.84,69,44,25,63.77,1.73,319.66,270,1282.84,18.59,68.84,-69.85,0.99,24.8,800.0,34.5,2,2,100.0,62.46,1220.38,3,"FLAT_TOP,MICRO_PULLBACK",2,39,28,1,0,0,1,True,True,True,True,True,False,True,True,False,23000000,350000000,16.396420371196925,0.15,65000,10000,100000,10.0,1.0402158093929577,13.299401670253065,5000.0,0.9092836165275546,0.28787652284166676,0.8,0.7,0.8,0.65,True,False,False,True,True,True,True,True,False,0.0965162183574334,1.2971504314473323,0.7957479457352539,0.8061536501112478,0.9197545845279561,1.7015765311497026,0.03201555746440987,0,5.0,45,0.25,False,False,False,0.5,0.5,0.03,2,0.3535212516752612,2.91472035373248,0.3423351974900587,1.3977712162635423,0.16994177860941384,4.791472894467801,12,0.20960491722894378,0.5,0.6,20.0,2.0
optuna_00244,244,1276.1,150,103,47,68.67,1.48,439.53,270,1276.1,8.51,38.44,-57.08,0.67,25.4,881.0,11.5,8,13,61.5,-175.18,353.75,5,ABCD,1,76,41,27,2,4,0,False,False,True,True,True,False,True,False,False,20000000,600000000,24.689113858074577,0.15,50000,10000,100000,10.0,1.591872286636415,5.0,5000.0,0.7406806619637826,0.08609559456739414,0.8,0.7,0.8,0.65,True,False,False,False,False,False,False,True,False,0.03,1.2,0.6,0.7,0.98,1.960560202357449,0.044547197330446625,0,5.0,45,0.25,False,False,False,0.5,0.5,0.03,2,0.3911306995550626,2.939044648810761,0.249248262264502,1.0387304494558114,0.1692439279596395,2.3976433911000057,11,0.14353671940954918,0.5,0.6,20.0,2.0
optuna_00144,144,1274.67,49,29,20,59.18,3.0,261.35,270,1274.67,26.01,65.96,-31.9,2.07,18.5,817.0,4.1,8,12,66.7,-123.45,385.08,4,ABCD,1,36,10,2,0,0,1,False,True,True,True,True,False,True,False,False,50000000,200000000,23.36601092930571,0.15,50000,10000,100000,10.0,2.509789449847568,5.0,5000.0,0.706749980218678,0.13295062502495308,0.8,0.7,0.8,0.6476058185356715,True,False,True,True,False,True,False,True,False,0.03,1.2,0.6,0.7,0.98,1.589548107310377,0.013163985708684146,0,5.0,45,0.25,False,False,False,0.5,0.5,0.03,2,0.2181117086473882,1.2880997429159833,0.7660778401041162,1.6242789823710553,0.2761984531732795,4.587454905097247,11,0.20001582572099455,0.5,0.6,20.0,2.0
optuna_00166,166,1265.92,72,52,20,72.22,2.42,197.0,270,1265.92,17.58,41.54,-44.71,0.93,18.9,764.0,5.5,10,13,76.9,-21.99,318.82,2,ABCD,1,46,19,5,0,1,1,False,False,True,True,True,False,True,False,False,20000000,500000000,24.100659828839756,0.15,50000,10000,100000,10.0,1.2474029025477895,5.0,5000.0,0.7240081504025498,0.14062880507378303,0.8,0.7,0.8,0.65,True,False,False,False,False,False,False,True,False,0.03,1.2,0.6,0.7,0.98,1.8062850627308271,0.036979150110581276,0,5.0,45,0.25,False,False,False,0.5,0.5,0.03,2,0.4027841964590423,1.204269441145294,0.29287978342842863,1.1096782705721373,0.25476778943755013,4.920996174052683,11,0.1606749835687003,0.5,0.6,20.0,2.0
optuna_00175,175,1262.97,85,62,23,72.94,2.11,186.8,270,1262.97,14.86,38.8,-49.69,0.78,22.0,797.0,6.5,9,13,69.2,-18.28,321.22,3,ABCD,1,53,21,7,0,3,1,False,False,True,True,True,False,True,False,False,20000000,500000000,24.133474923910995,0.15,50000,10000,100000,10.0,1.5145242138952504,5.0,5000.0,0.7276525279771213,0.12706303401156216,0.8,0.7,0.8,0.65,True,False,False,False,False,False,False,True,False,0.03,1.2,0.6,0.7,0.98,1.9490542773151218,0.04420095853515435,0,5.0,45,0.25,False,False,False,0.5,0.5,0.03,2,0.3998057938786562,1.3297325238391164,0.2964775913846513,1.0400406435483744,0.23959155448678843,4.9258482567691555,11,0.15518854572979157,0.5,0.6,20.0,2.0
optuna_00171,171,1260.65,103,72,31,69.9,1.79,207.02,270,1260.65,12.24,39.55,-51.19,0.77,21.0,798.0,7.9,11,13,84.6,-31.67,320.91,3,ABCD,1,65,27,7,0,3,1,False,False,True,True,True,False,True,False,False,20000000,500000000,24.984764937508345,0.15,50000,10000,100000,10.0,1.293204387781796,5.0,5000.0,0.7279314269907498,0.11999588067753511,0.8,0.7,0.8,0.65,True,False,False,False,False,False,False,True,False,0.03,1.2,0.6,0.7,0.98,1.9832276095763404,0.04027450045592089,0,5.0,45,0.25,False,False,False,0.5,0.5,0.03,2,0.41241619245999694,1.3270758786981722,0.252002859740507,1.078648732945451,0.2349468651813088,4.9983354839171685,11,0.14817905145029842,0.5,0.6,20.0,2.0
optuna_00165,165,1235.31,75,54,21,72.0,2.26,216.89,270,1235.31,16.47,41.03,-46.69,0.88,20.2,766.0,5.8,10,13,76.9,-51.21,336.21,3,ABCD,1,48,20,5,0,2,0,False,False,True,True,True,False,True,False,False,20000000,450000000,24.523340861494905,0.15,50000,10000,100000,10.0,1.2599524684961305,5.0,5000.0,0.7272936587030053,0.13913073123726805,0.8,0.7,0.8,0.65,True,False,False,False,False,False,False,True,False,0.03,1.2,0.6,0.7,0.98,1.8121730696615928,0.035845639917340494,0,5.0,45,0.25,False,False,False,0.5,0.5,0.03,2,0.35374525798364626,1.2091239665466158,0.2990349801758529,1.0920271765952234,0.25514193858514106,4.980653628579469,11,0.16283388976126134,0.5,0.6,20.0,2.0
optuna_00164,164,1231.07,76,55,21,72.37,2.21,251.02,270,1231.07,16.2,40.91,-48.52,0.84,19.4,770.0,5.8,10,13,76.9,-18.94,337.41,3,ABCD,1,47,22,5,0,2,0,False,False,True,True,True,False,True,False,False,20000000,450000000,24.12275378995579,0.15,50000,10000,100000,10.0,1.223426194589351,5.0,5000.0,0.7245416822879723,0.13970686042461342,0.8,0.7,0.8,0.65,True,False,False,False,False,False,False,True,False,0.03,1.2,0.6,0.7,0.98,1.7719358380400503,0.032221032586949416,0,5.0,45,0.25,False,False,False,0.5,0.5,0.03,2,0.3529352331591282,1.2029384248508463,0.29601153975862754,1.060868398216544,0.2551789536193904,4.910233521875052,11,0.16357247486459453,0.5,0.6,20.0,2.0
optuna_00179,179,1230.99,101,69,32,68.32,1.79,247.12,270,1230.99,12.19,40.39,-48.63,0.83,21.3,814.0,7.8,10,13,76.9,-112.26,275.83,3,ABCD,1,61,28,7,0,4,1,False,False,True,True,True,False,True,False,False,20000000,450000000,24.138931142869552,0.15,50000,10000,100000,10.0,1.411177461887209,5.0,5000.0,0.7254693708338031,0.11809161987182676,0.8,0.7,0.8,0.65,True,False,False,False,False,False,False,True,False,0.03,1.2,0.6,0.7,0.98,1.9058125497552743,0.03544395535165196,0,5.0,45,0.25,False,False,False,0.5,0.5,0.03,2,0.4415410556446919,1.2632910788243685,0.23295926096450925,1.0216730046414955,0.23727108161085317,4.996654094623823,11,0.15304314952351547,0.5,0.6,20.0,2.0
optuna_00208,208,1225.61,101,77,24,76.24,1.67,304.2,270,1225.61,12.13,39.65,-76.15,0.52,30.6,815.0,7.8,10,13,76.9,-208.28,425.4,2,ABCD,1,27,38,22,2,11,1,False,False,True,True,True,False,True,False,False,20000000,700000000,23.86479824279343,0.15,50000,10000,100000,10.0,1.5788196662002354,5.0,5000.0,0.760493742659204,0.11411221010120673,0.8,0.7,0.8,0.65,True,False,False,False,False,False,False,True,False,0.03,1.2,0.6,0.7,0.98,1.9272110551953876,0.056702145975210304,0,5.0,45,0.25,False,False,False,0.5,0.5,0.03,2,0.43765919390945074,3.1897024762082915,0.21531277076487498,1.1360296893583466,0.1816264891149495,4.787734921362051,11,0.44577861654520917,0.5,0.6,20.0,2.0
optuna_00220,220,1224.23,87,61,26,70.11,1.84,216.76,270,1224.23,14.07,44.02,-56.18,0.78,26.9,826.0,6.7,9,13,69.2,-92.6,386.81,3,ABCD,1,36,31,14,0,4,2,False,False,True,True,True,False,True,False,False,20000000,600000000,24.29657132285936,0.15,50000,10000,100000,10.0,1.6266147912486604,5.0,5000.0,0.7385563412152556,0.12031999973396236,0.8,0.7,0.8,0.65,True,False,False,False,False,False,False,True,False,0.03,1.2,0.6,0.7,0.98,1.8447903755493225,0.03356101379019967,0,5.0,45,0.25,False,False,False,0.5,0.5,0.03,2,0.4528839462731151,3.0486342151655896,0.24066505952227804,1.2124986843323056,0.1841261201802511,4.92997469797312,11,0.32835943478117036,0.5,0.6,20.0,2.0
optuna_00173,173,1218.65,88,62,26,70.45,2.03,207.83,270,1218.65,13.85,38.79,-45.62,0.85,21.2,795.0,6.8,9,13,69.2,-18.24,327.23,3,ABCD,1,56,21,7,0,3,1,False,False,True,True,True,False,True,False,False,20000000,500000000,24.617736110416025,0.15,50000,10000,100000,10.0,1.4098491939259123,5.0,5000.0,0.7272206319572024,0.12733883875052204,0.8,0.7,0.8,0.65,True,False,False,False,False,False,False,True,False,0.03,1.2,0.6,0.7,0.98,1.9401581948865156,0.04070020131655821,0,5.0,45,0.25,False,False,False,0.5,0.5,0.03,2,0.39990378050269704,1.2933101282759902,0.23155418567458927,1.1023801623463634,0.24189256289584923,4.995111653397432,11,0.1509278568640679,0.5,0.6,20.0,2.0
optuna_00167,167,1217.05,90,64,26,71.11,2.0,188.18,270,1217.05,13.52,38.07,-46.9,0.81,21.4,783.0,6.9,10,13,76.9,-41.85,327.24,3,ABCD,1,55,25,6,0,3,1,False,False,True,True,True,False,True,False,False,20000000,450000000,24.996726777541188,0.15,50000,10000,100000,10.0,1.2540419892831582,5.0,5000.0,0.7301794497826617,0.12932222317495318,0.8,0.7,0.8,0.65,True,False,False,False,False,False,False,True,False,0.03,1.2,0.6,0.7,0.98,1.8340485256868861,0.03698587304430467,0,5.0,45,0.25,False,False,False,0.5,0.5,0.03,2,0.4038546061438114,1.2020373194937544,0.2947196221249855,1.089705929430401,0.25624117590252904,4.988857549192383,11,0.16230641580650107,0.5,0.6,20.0,2.0
optuna_00206,206,1208.32,122,82,40,67.21,1.5,380.83,270,1208.32,9.9,43.95,-59.89,0.73,22.2,848.0,9.4,8,13,61.5,-151.53,453.12,5,ABCD,1,68,37,16,0,1,0,False,False,True,True,True,False,True,False,False,20000000,550000000,24.81431072850736,0.15,50000,10000,100000,10.0,1.944956499644134,5.0,5000.0,0.7743734276313475,0.10644055775992371,0.8,0.7,0.8,0.65,True,False,False,False,False,False,False,True,False,0.03,1.2,0.6,0.7,0.98,1.9825284947207007,0.045176448153779435,0,5.0,45,0.25,False,False,False,0.5,0.5,0.03,2,0.3720123646918616,3.0681028358733378,0.24983665848582035,1.0511503853935642,0.1712905462565791,4.8454486163707315,11,0.15363339507565466,0.5,0.6,20.0,2.0
optuna_00184,184,1205.52,105,73,32,69.52,1.77,205.05,270,1205.52,11.48,38.06,-49.14,0.77,19.2,837.0,8.1,9,13,69.2,-61.17,307.25,3,ABCD,1,71,24,8,0,2,0,False,False,True,True,True,False,True,False,False,20000000,550000000,24.36796678156437,0.15,50000,10000,100000,10.0,1.6773005311370852,5.0,5000.0,0.7293544546659368,0.10909971362777271,0.8,0.7,0.8,0.65,True,False,False,False,False,False,False,True,False,0.03,1.2,0.6,0.7,0.98,1.8587557096310867,0.04342720138312399,0,5.0,45,0.25,False,False,False,0.5,0.5,0.03,2,0.4118645256325486,1.2706736881760003,0.22981138388372824,1.0753417590018315,0.22555210746381998,4.996310599696776,11,0.1420722922855165,0.5,0.6,20.0,2.0
optuna_00247,247,1194.11,120,82,38,68.33,1.52,401.05,270,1194.11,9.95,42.81,-60.96,0.7,23.4,862.0,9.2,9,13,69.2,-159.65,368.97,3,ABCD,1,67,35,17,0,1,0,False,False,True,True,True,False,True,False,False,20000000,650000000,24.1949366075092,0.15,50000,10000,100000,10.0,1.6750638213314455,5.0,5000.0,0.7463650813118674,0.10157977021835693,0.8,0.7,0.8,0.65,True,False,False,False,False,False,False,True,False,0.03,1.2,0.6,0.7,0.98,1.9247649386343568,0.030981181158921775,0,5.0,45,0.25,False,False,False,0.5,0.5,0.03,2,0.39316675927668987,3.02704800481503,0.22466745643006356,1.0629003296870396,0.19886008497358185,2.6022698845896706,11,0.1265186161672242,0.5,0.6,20.0,2.0
optuna_00161,161,1178.02,63,46,17,73.02,2.88,156.44,270,1178.02,18.7,39.22,-36.83,1.06,21.4,748.0,4.8,11,13,84.6,-18.5,341.49,4,ABCD,1,42,14,5,0,2,0,False,False,True,True,True,False,True,False,False,20000000,450000000,24.015710968396178,0.15,50000,10000,100000,10.0,1.2578492650272104,5.0,5000.0,0.7274064382916178,0.1528539312293037,0.8,0.7,0.8,0.65,True,False,False,False,False,False,False,True,False,0.03,1.2,0.6,0.7,0.98,1.7835553034716707,0.0325087897075696,0,5.0,45,0.25,False,False,False,0.5,0.5,0.03,2,0.3783062088700768,1.2011578006167563,0.3146594517532637,1.3011649986515381,0.23840052176733909,4.956673671991165,11,0.1743897164229542,0.5,0.6,20.0,2.0
optuna_00239,239,1176.44,151,105,46,69.54,1.43,446.56,270,1176.44,7.79,37.23,-59.41,0.63,23.9,874.0,11.6,9,13,69.2,-155.74,296.57,5,ABCD,1,84,39,25,2,1,0,False,False,True,True,True,False,True,False,False,20000000,700000000,24.02164624617727,0.15,50000,10000,100000,10.0,1.7367573974808663,5.0,5000.0,0.7496429158341209,0.08777372248949879,0.8,0.7,0.8,0.65,True,False,False,False,False,False,False,True,False,0.03,1.2,0.6,0.7,0.98,1.9739653662699614,0.0640072523982051,0,5.0,45,0.25,False,False,False,0.5,0.5,0.03,2,0.38680114320475684,2.8972489864224578,0.22351340935766778,1.11105582640387,0.18516200949949332,2.0275414795889484,11,0.10760280352812182,0.5,0.6,20.0,2.0
optuna_00163,163,1175.68,73,52,21,71.23,2.2,218.28,270,1175.68,16.11,41.43,-46.6,0.89,20.4,767.0,5.6,10,13,76.9,-52.23,330.2,3,ABCD,1,46,20,5,0,2,0,False,False,True,True,True,False,True,False,False,20000000,450000000,24.516253019629584,0.15,50000,10000,100000,10.0,1.2578560065729532,5.0,5000.0,0.7269882599853739,0.14021151961920478,0.8,0.7,0.8,0.65,True,False,False,False,False,False,False,True,False,0.03,1.2,0.6,0.7,0.98,1.7797343397780288,0.03672376513398033,0,5.0,45,0.25,False,False,False,0.5,0.5,0.03,2,0.35848315196475133,1.2057396471864688,0.30127345503453656,1.0991022203180687,0.2775783129140589,4.9758167875842725,11,0.17862137532487493,0.5,0.6,20.0,2.0
optuna_00242,242,1168.19,162,112,50,69.14,1.38,520.09,270,1168.19,7.21,37.73,-61.16,0.62,22.8,871.0,12.5,10,13,76.9,-415.28,307.02,5,ABCD,1,90,42,26,2,2,0,False,False,True,True,True,False,True,False,False,20000000,600000000,24.583037378359066,0.15,50000,10000,100000,10.0,1.6685597027857726,5.0,5000.0,0.7824276292594173,0.0923266863281651,0.8,0.7,0.8,0.65,True,False,False,False,False,False,False,True,False,0.03,1.2,0.6,0.7,0.98,1.8937302576868265,0.0549000641827797,0,5.0,45,0.25,False,False,False,0.5,0.5,0.03,2,0.3621236023157818,2.9019046708267147,0.23725752934813504,1.1365281845305182,0.19311700787240998,2.2988019929874146,11,0.11722673128470538,0.5,0.6,20.0,2.0
optuna_00222,222,1129.64,147,102,45,69.39,1.41,519.92,270,1129.64,7.68,37.83,-60.66,0.62,21.2,817.0,11.3,9,13,69.2,-255.44,464.22,5,ABCD,1,85,43,16,0,3,0,False,False,True,True,True,False,True,False,False,20000000,650000000,24.513591114723514,0.15,50000,10000,100000,10.0,1.1488126995401389,5.0,5000.0,0.7786150464993239,0.10733017286776422,0.8,0.7,0.8,0.65,True,False,False,False,False,False,False,True,False,0.03,1.2,0.6,0.7,0.98,1.9062358974662414,0.04224876291460197,0,5.0,45,0.25,False,False,False,0.5,0.5,0.03,2,0.5073744155159705,2.8786245657047465,0.285446024673008,1.046143973311105,0.16138436945639573,4.831714125675123,11,0.12200578233315212,0.5,0.6,20.0,2.0
optuna_00243,243,1117.81,146,99,47,67.81,1.38,561.52,270,1117.81,7.66,40.69,-61.92,0.66,22.8,845.0,11.2,9,13,69.2,-260.04,380.21,6,ABCD,1,83,40,21,0,2,0,False,False,True,True,True,False,True,False,False,20000000,600000000,24.98822246810636,0.15,50000,10000,100000,10.0,1.560747503890723,5.0,5000.0,0.7734747963781025,0.09853456710643987,0.8,0.7,0.8,0.65,True,False,False,False,False,False,False,True,False,0.03,1.2,0.6,0.7,0.98,1.85159570470326,0.05324103487166716,0,5.0,45,0.25,False,False,False,0.5,0.5,0.03,2,0.41181482136953,2.9980571854473115,0.2008611332136179,1.0740671900303587,0.18192687074661895,2.183296401867633,11,0.12420935184767552,0.5,0.6,20.0,2.0
optuna_00153,153,1110.76,46,30,16,65.22,3.05,150.55,270,1110.76,24.15,55.11,-33.91,1.63,17.9,785.0,3.8,9,12,75.0,-109.18,249.31,3,ABCD,1,34,9,3,0,0,0,False,False,True,True,True,False,True,False,False,20000000,350000000,24.369021583673216,0.15,50000,10000,100000,10.0,2.7274507713086535,5.0,5000.0,0.7023362458933424,0.13931328946656762,0.8,0.7,0.8,0.7491908849412242,True,False,True,False,False,True,False,True,False,0.03,1.2,0.6,0.7,0.98,1.7659155858175928,0.023026960875944,0,5.0,45,0.25,False,False,False,0.5,0.5,0.03,2,0.2854182323716361,1.2001994213500184,0.7702410041666651,1.290998496238728,0.27423017831027374,4.819956297716095,11,0.17541249613465382,0.5,0.6,20.0,2.0
optuna_00152,152,1105.67,58,37,21,63.79,2.41,204.85,270,1105.67,19.06,51.13,-37.43,1.37,17.2,815.0,4.8,9,12,75.0,-104.61,271.11,3,ABCD,1,42,12,3,0,0,1,False,False,True,True,True,False,True,False,False,20000000,400000000,24.140192010997865,0.15,50000,10000,100000,10.0,2.689368979627167,5.0,5000.0,0.7205648624902259,0.1312979238238236,0.8,0.7,0.8,0.7470417227360072,True,False,True,False,False,True,False,True,False,0.03,1.2,0.6,0.7,0.98,1.7599686281313123,0.02196585364216682,0,5.0,45,0.25,False,False,False,0.5,0.5,0.03,2,0.2942505399276014,1.207025821539535,0.3144529580399105,1.335466290937544,0.2905189584442535,4.855367000512042,11,0.17721042220927022,0.5,0.6,20.0,2.0
optuna_00196,196,1100.92,112,76,36,67.86,1.51,288.76,270,1100.92,9.83,42.63,-59.41,0.72,22.6,844.0,8.6,8,13,61.5,-58.76,427.29,3,ABCD,1,66,32,13,0,1,0,False,False,True,True,True,False,True,False,False,20000000,600000000,24.232548658696228,0.15,50000,10000,100000,10.0,1.790561342247406,5.0,5000.0,0.7537436972654933,0.10565424650387514,0.8,0.7,0.8,0.65,True,False,False,False,False,False,False,True,False,0.03,1.2,0.6,0.7,0.98,1.8788089807441246,0.04941593321514983,0,5.0,45,0.25,False,False,False,0.5,0.5,0.03,2,0.4240259772386815,3.056697503240187,0.26265606221318194,1.004193727950356,0.1992599854893456,4.859047211999795,11,0.1307121938795196,0.5,0.6,20.0,2.0
optuna_00160,160,1098.09,49,34,15,69.39,2.81,200.86,270,1098.09,22.41,50.18,-40.54,1.24,17.2,789.0,4.1,9,12,75.0,-101.11,285.68,2,ABCD,1,36,10,3,0,0,0,False,False,True,True,True,False,True,False,False,20000000,450000000,24.03369826401278,0.15,50000,10000,100000,10.0,2.7733125981615476,5.0,5000.0,0.7253724926985813,0.13933142505031082,0.8,0.7,0.8,0.65,True,False,False,False,False,True,False,True,False,0.03,1.2,0.6,0.7,0.98,1.769113457189047,0.02682017805654907,0,5.0,45,0.25,False,False,False,0.5,0.5,0.03,2,0.35147704479087605,1.2362925709781427,0.3120428891611049,1.3108870044374406,0.2550625554439922,4.999662800229372,11,0.17865036959832492,0.5,0.6,20.0,2.0
optuna_00233,233,1071.51,188,130,58,69.15,1.29,535.01,270,1071.51,5.7,36.68,-63.73,0.58,24.5,877.0,14.5,10,13,76.9,-202.78,480.43,5,ABCD,1,96,55,31,1,5,0,False,False,True,True,True,False,True,False,False,20000000,600000000,24.830341402246372,0.15,50000,10000,100000,10.0,1.5011829304134008,5.0,5000.0,0.7897364774450364,0.08472834639999538,0.8,0.7,0.8,0.65,True,False,False,False,False,False,False,True,False,0.03,1.2,0.6,0.7,0.98,1.9345412444775254,0.063270946498399,0,5.0,45,0.25,False,False,False,0.5,0.5,0.03,2,0.38311470470313774,2.9759304378070794,0.2258814231761681,1.0009217902000878,0.19403905357205403,2.296441932511248,11,0.11097110409441652,0.5,0.6,20.0,2.0
optuna_00155,155,1070.11,51,36,15,70.59,2.64,201.34,270,1070.11,20.98,47.9,-43.62,1.1,18.4,788.0,4.2,9,12,75.0,-100.99,262.59,2,ABCD,1,36,11,3,0,0,1,False,False,True,True,True,False,True,False,False,20000000,350000000,24.64311933436802,0.15,50000,10000,100000,10.0,2.7613247987321676,5.0,5000.0,0.7222999793806083,0.13800506150194902,0.8,0.7,0.8,0.7387819850010724,True,False,True,False,False,True,False,True,False,0.03,1.2,0.6,0.7,0.98,1.7667589439528077,0.027145605332852464,0,5.0,45,0.25,False,False,False,0.5,0.5,0.03,2,0.34216050049578434,1.3004557527644032,0.29432622476914366,1.2417923313070909,0.27623395698565895,4.847365134037668,11,0.19076974737162017,0.5,0.6,20.0,2.0
optuna_00240,240,1067.44,141,97,44,68.79,1.39,581.05,270,1067.44,7.57,39.3,-62.39,0.63,23.9,849.0,10.8,8,13,61.5,-279.13,452.73,3,ABCD,1,78,38,19,2,3,1,False,False,True,True,True,False,True,False,False,20000000,650000000,24.880152540994565,0.15,50000,10000,100000,10.0,1.469558816530728,5.0,5000.0,0.7566439531643162,0.09702047526019787,0.8,0.7,0.8,0.65,True,False,False,False,False,False,False,True,False,0.03,1.2,0.6,0.7,0.98,1.9092788649343941,0.05564654132340259,0,5.0,45,0.25,False,False,False,0.5,0.5,0.03,2,0.4423342553925456,2.8452642911588777,0.27073940336920266,1.0400357216825635,0.20390552539339926,2.124619992882562,11,0.13371791233440977,0.5,0.6,20.0,2.0
optuna_00217,217,1061.94,111,76,35,68.47,1.51,398.73,270,1061.94,9.57,41.58,-59.96,0.69,22.5,860.0,8.5,9,13,69.2,-210.07,368.66,3,ABCD,1,61,33,16,0,1,0,False,False,True,True,True,False,True,False,False,20000000,550000000,24.75300423405628,0.15,50000,10000,100000,10.0,1.9589216052354073,5.0,5000.0,0.7380947312316869,0.1025694381192415,0.8,0.7,0.8,0.65,True,False,False,False,False,False,False,True,False,0.03,1.2,0.6,0.7,0.98,1.8916164301276632,0.03406279313699734,0,5.0,45,0.25,False,False,False,0.5,0.5,0.03,2,0.4130218803636484,3.313234836153215,0.2421736610647452,1.1186236356633965,0.19267194837751633,4.865215306920475,11,0.11068800246777762,0.5,0.6,20.0,2.0
optuna_00182,182,1058.51,103,68,35,66.02,1.55,298.98,270,1058.51,10.28,44.1,-55.44,0.8,23.7,815.0,7.9,9,13,69.2,-146.79,332.03,5,ABCD,1,55,32,14,0,2,0,False,False,True,True,True,False,True,False,False,20000000,450000000,24.759893191797893,0.15,50000,10000,100000,10.0,1.381576980016566,5.0,5000.0,0.7667948813497517,0.1223813655622632,0.8,0.7,0.8,0.65,True,False,False,False,False,False,False,True,False,0.03,1.2,0.6,0.7,0.98,1.9344612945623076,0.035408953750950115,0,5.0,45,0.25,False,False,False,0.5,0.5,0.03,2,0.3739236799673952,3.18880091837309,0.20049889217479921,1.0713592590880865,0.22936994898264287,4.931901415109835,11,0.15579336398330504,0.5,0.6,20.0,2.0
optuna_00159,159,1050.62,47,32,15,68.09,2.73,200.98,270,1050.62,22.35,51.78,-40.41,1.28,17.3,784.0,4.3,8,11,72.7,-101.23,281.23,2,ABCD,1,35,9,3,0,0,0,False,False,True,True,True,False,True,False,False,20000000,400000000,24.104244198742517,0.15,50000,10000,100000,10.0,2.9441914808021834,5.0,5000.0,0.7270584633728381,0.1397269319896801,0.8,0.7,0.8,0.7924147782651098,True,False,True,False,False,True,False,True,False,0.03,1.2,0.6,0.7,0.98,1.772308307874147,0.03701061602156354,0,5.0,45,0.25,False,False,False,0.5,0.5,0.03,2,0.3494091631898734,1.203956741837552,0.31487697395994635,1.2989279592449086,0.2801463062884296,4.962951656052697,11,0.17610927038981394,0.5,0.6,20.0,2.0
optuna_00150,150,1042.56,57,34,23,59.65,2.08,259.55,270,1042.56,18.29,59.16,-42.13,1.4,19.0,817.0,4.8,9,12,75.0,-122.66,312.53,4,ABCD,1,40,14,2,0,0,1,False,False,True,True,True,False,True,False,False,20000000,150000000,23.629984180420543,0.15,50000,10000,100000,10.0,2.321087705348967,5.0,5000.0,0.7136868820522317,0.13081384017727965,0.8,0.7,0.8,0.7685964959078445,True,False,True,False,False,True,False,True,False,0.03,1.2,0.6,0.7,0.98,1.7665214283806483,0.017630882886640234,0,5.0,45,0.25,False,False,False,0.5,0.5,0.03,2,0.2001129212611839,1.2984497919382012,0.7794738738751661,1.3600730114158057,0.2920384912711685,4.82426817717961,11,0.18211822620901574,0.5,0.6,20.0,2.0
optuna_00073,73,1041.57,202,104,98,51.49,1.19,884.56,270,1041.57,5.16,62.55,-55.75,1.12,11.4,952.0,15.5,9,13,69.2,-525.46,407.38,6,"ABCD,MICRO_PULLBACK",2,87,94,11,5,5,0,True,True,True,True,True,False,True,False,False,31000000,350000000,22.510452672954,0.15,135000,10000,100000,10.0,3.2925798010439205,5.0,5000.0,0.7035968649575953,0.12642151710134916,0.8,0.7,0.8,0.7515234287405484,True,False,True,True,False,True,True,True,False,0.03,1.2,0.6364764295455335,0.876305966054732,0.9169820161111915,1.725997907874326,0.017810938314033492,0,5.0,45,0.25,False,False,False,0.5,0.5,0.03,2,0.29840134036254234,2.0798324949888043,0.581338551911759,1.3479012205005623,0.2646845936734774,3.974025901669091,11,0.16108897516266332,0.5,0.6,20.0,2.0
optuna_00237,237,1035.27,175,119,56,68.0,1.29,431.85,270,1035.27,5.92,38.44,-63.19,0.61,24.6,889.0,13.5,7,13,53.8,-173.94,416.9,5,ABCD,1,87,50,28,5,5,0,False,False,True,True,True,False,True,False,False,20000000,600000000,24.24121654128958,0.15,50000,10000,100000,10.0,1.649189337172175,5.0,5000.0,0.7477766751212522,0.07826417736580388,0.8,0.7,0.8,0.65,True,False,False,False,False,False,False,True,False,0.03,1.2,0.6,0.7,0.98,1.9270506640999874,0.05404239582769269,0,5.0,45,0.25,False,False,False,0.5,0.5,0.03,2,0.38766295222657693,2.699781306138653,0.23446229094440613,1.0021846122279676,0.19766284119546734,2.128961067318569,11,0.1313640920686345,0.5,0.6,20.0,2.0
optuna_00248,248,1030.97,143,101,42,70.63,1.39,457.48,270,1030.97,7.21,36.1,-62.25,0.58,24.5,865.0,11.0,8,13,61.5,-244.46,362.65,3,ABCD,1,77,37,22,2,5,0,False,False,True,True,True,False,True,False,False,20000000,600000000,24.458015177113296,0.15,50000,10000,100000,10.0,1.5955643686955365,5.0,5000.0,0.7562572372813555,0.0941946677134101,0.8,0.7,0.8,0.65,True,False,False,False,False,False,False,True,False,0.03,1.2,0.6,0.7,0.98,1.9963350158249915,0.04621230583506449,0,5.0,45,0.25,False,False,False,0.5,0.5,0.03,2,0.4184234744656763,2.866383886767838,0.26630708371830797,2.995191904472209,0.17688213575781525,2.4866408826500983,11,0.13489569689710768,0.5,0.6,20.0,2.0
optuna_00219,219,1008.07,125,83,42,66.4,1.4,403.65,270,1008.07,8.06,42.8,-60.58,0.71,23.5,864.0,9.6,9,13,69.2,-143.15,387.89,3,ABCD,1,69,36,19,0,1,0,False,False,True,True,True,False,True,False,False,20000000,550000000,24.5938613257958,0.15,50000,10000,100000,10.0,1.7494053961765539,5.0,5000.0,0.7500772275853076,0.09999455762549771,0.8,0.7,0.8,0.65,True,False,False,False,False,False,False,True,False,0.03,1.2,0.6,0.7,0.98,1.9366195365430183,0.031761423590883256,0,5.0,45,0.25,False,False,False,0.5,0.5,0.03,2,0.36862000655759847,3.1648275645173665,0.27257621282585115,1.1213017187128154,0.2104196583385093,4.862933611631829,11,0.14201823559568708,0.5,0.6,20.0,2.0
optuna_00156,156,998.72,38,27,11,71.05,3.33,149.9,270,998.72,26.28,52.89,-39.04,1.35,17.9,770.0,3.5,7,11,63.6,-92.38,307.13,3,ABCD,1,28,7,3,0,0,0,False,False,True,True,True,False,True,False,False,20000000,350000000,24.42497612254102,0.15,50000,10000,100000,10.0,2.7717744994247124,5.0,5000.0,0.6903360151792011,0.14133261294910857,0.8,0.7,0.8,0.7457312925941565,True,False,True,False,False,True,False,True,False,0.03,1.2,0.6,0.7,0.98,1.7692939792127984,0.030321728484921352,0,5.0,45,0.25,False,False,False,0.5,0.5,0.03,2,0.3417142035963442,1.2053052860693043,0.2862598770518224,1.1944682106659017,0.27470689864240794,4.881554546411064,11,0.16069769402756243,0.5,0.6,20.0,2.0
optuna_00125,125,997.87,25,17,8,68.0,5.37,134.54,270,997.87,39.91,72.13,-28.53,2.53,16.8,817.0,2.5,7,10,70.0,-132.92,331.35,5,ABCD,1,20,4,1,0,0,0,False,True,True,True,True,False,True,False,False,26000000,100000000,23.3019091939645,0.15,50000,10000,100000,10.0,2.6258109826483493,5.0,5000.0,0.6892574981200307,0.14428084440836672,0.8,0.7,0.8,0.6592518456142383,True,False,True,True,False,True,False,True,False,0.03,1.2,0.6,0.7,0.98,1.6324966919061012,0.010341707598663806,0,5.0,45,0.25,False,False,False,0.5,0.5,0.03,2,0.250732175409228,1.2846343537782743,0.7107636288661618,1.613110606301082,0.2908176788509831,4.6900322601040525,11,0.21613241089167184,0.5,0.6,20.0,2.0
optuna_00117,117,996.29,21,14,7,66.67,11.56,50.51,270,996.29,47.44,77.91,-13.48,5.78,17.3,798.0,2.3,6,9,66.7,-48.75,416.86,4,ABCD,1,18,1,2,0,0,0,False,True,True,True,True,False,True,False,False,25000000,150000000,22.83113565355425,0.15,50000,10000,100000,10.0,3.62027472944024,5.0,5000.0,0.6686840728055756,0.14430208941480033,0.8,0.7,0.8,0.6653369857906172,True,False,True,True,False,True,False,True,False,0.03,1.2,0.6,0.7,0.98,1.5996441280403908,0.01173242749050729,0,5.0,45,0.25,False,False,False,0.5,0.5,0.03,2,0.21706218176813047,1.2031714258032982,0.7641896722108188,1.5969272505404954,0.2605611644746785,4.680688517139144,11,0.18870486438437847,0.5,0.6,20.0,2.0
optuna_00229,229,968.55,171,117,54,68.42,1.29,603.18,270,968.55,5.66,37.32,-62.93,0.59,25.9,890.0,13.2,8,13,61.5,-264.15,476.04,5,ABCD,1,81,50,32,1,6,1,False,False,True,True,True,False,True,False,False,20000000,600000000,24.60374892344726,0.15,50000,10000,100000,10.0,1.6215395588705348,5.0,5000.0,0.7580541411249148,0.08252817614220638,0.8,0.7,0.8,0.65,True,False,False,False,False,False,False,True,False,0.03,1.2,0.6,0.7,0.98,1.9637704905915805,0.051630520199403,0,5.0,45,0.25,False,False,False,0.5,0.5,0.03,2,0.41776001525434514,2.661083600999614,0.20929365562900204,1.0376267596942432,0.1554720636616542,2.7097215546567157,11,0.1490531738608088,0.5,0.6,20.0,2.0
optuna_00115,115,961.96,31,18,13,58.06,4.03,138.87,270,961.96,31.03,71.05,-24.38,2.91,16.8,814.0,2.6,8,12,66.7,-137.11,311.52,5,ABCD,1,27,3,1,0,0,0,False,True,True,True,True,False,True,False,False,25000000,200000000,22.88088955972636,0.15,50000,10000,100000,10.0,3.6386348722860635,5.0,5000.0,0.7005112737503315,0.13811658258693585,0.8,0.7,0.8,0.6730714306124705,True,False,True,True,False,True,False,True,False,0.03,1.2,0.6,0.7,0.98,1.7620091871988761,0.011738329960047108,0,5.0,45,0.25,False,False,False,0.5,0.5,0.03,2,0.221591230119368,1.2244666236741937,0.7845379879911605,1.6099842486112514,0.26565686396341315,4.49380858278854,11,0.1756075514133012,0.5,0.6,20.0,2.0
optuna_00029,29,959.35,837,504,333,60.22,1.04,2252.0,270,959.35,1.15,46.06,-66.83,0.69,24.9,878.0,64.4,6,13,46.2,-954.86,1042.8,5,"ABCD,FLAT_TOP,MICRO_PULLBACK",3,373,389,6,12,50,7,False,False,True,True,True,True,True,False,False,20000000,350000000,15.139035987140582,0.15,50000,10000,100000,5.031855408794394,1.292307812579756,5.0,5000.0,0.8856647598326304,0.09341402344425265,0.8,0.7,0.8,0.65,True,False,False,True,True,True,True,True,False,0.09143594169681962,1.2927100777463936,0.8824754304545958,0.8843885109976001,0.9152713839281081,1.7752224015721438,0.024798832722047557,0,5.0,45,0.25,False,False,False,0.5,0.5,0.03,2,0.3363810834593683,2.45596008715895,0.34855303777537955,1.6540631968702586,0.1520658859679998,4.411517646852802,12,0.20165945668494212,0.5,0.6,20.0,2.0
optuna_00174,174,958.89,106,72,34,67.92,1.54,246.25,270,958.89,9.05,37.84,-51.92,0.73,20.3,803.0,8.2,11,13,84.6,-174.16,302.69,3,ABCD,1,67,27,7,0,4,1,False,False,True,True,True,False,True,False,False,20000000,500000000,24.644021373763447,0.15,50000,10000,100000,10.0,1.374366091523811,5.0,5000.0,0.7489940472881332,0.11873045909085138,0.8,0.7,0.8,0.65,True,False,False,False,False,False,False,True,False,0.03,1.2,0.6,0.7,0.98,1.9876350847309041,0.04129502372502629,0,5.0,45,0.25,False,False,False,0.5,0.5,0.03,2,0.4305989432327874,1.2531586741201328,0.2289584578282774,1.1071361923839818,0.23441061262160512,4.998964290622801,11,0.14777231327361326,0.5,0.6,20.0,2.0
optuna_00114,114,953.88,31,18,13,58.06,3.85,104.8,270,953.88,30.77,71.58,-25.73,2.78,17.0,814.0,2.6,8,12,66.7,-103.04,289.19,2,ABCD,1,26,4,1,0,0,0,False,True,True,True,True,False,True,False,False,25000000,200000000,22.84592102864347,0.15,50000,10000,100000,10.0,3.616033846555609,5.0,5000.0,0.7010834869486375,0.13555758818572952,0.8,0.7,0.8,0.8821235143492282,True,False,True,True,False,True,False,True,False,0.03,1.2,0.6,0.7,0.98,1.7699959819966045,0.012086785909484133,0,5.0,45,0.25,False,False,False,0.5,0.5,0.03,2,0.23104771006832628,1.3929604210970445,0.7682057066784362,1.6109886694288182,0.2617683981921003,4.457754668822604,11,0.12143471163263606,0.5,0.6,20.0,2.0
optuna_00197,197,937.88,129,86,43,66.67,1.35,399.27,270,937.88,7.27,42.24,-62.67,0.67,24.0,855.0,9.9,7,13,53.8,-105.1,327.91,3,ABCD,1,69,38,19,1,2,0,False,False,True,True,True,False,True,False,False,20000000,550000000,24.470790513531213,0.15,50000,10000,100000,10.0,1.6174343832220237,5.0,5000.0,0.7560106083888295,0.0991907812247618,0.8,0.7,0.8,0.65,True,False,False,False,False,False,False,True,False,0.03,1.2,0.6,0.7,0.98,1.8800148619976094,0.04925722854096934,0,5.0,45,0.25,False,False,False,0.5,0.5,0.03,2,0.39241135750685724,3.112096989486783,0.2751647718741106,1.1785260176485697,0.21478821189107442,4.87898986006428,11,0.14766128509150545,0.5,0.6,20.0,2.0
optuna_00119,119,933.49,22,15,7,68.18,10.89,50.51,270,933.49,42.43,68.53,-13.48,5.08,16.3,793.0,2.4,6,9,66.7,-48.75,333.07,4,ABCD,1,19,2,1,0,0,0,False,True,True,True,True,False,True,False,False,29000000,150000000,22.802529650059313,0.15,50000,10000,100000,10.0,2.736493253817574,5.0,5000.0,0.6656044790129912,0.14684915922445624,0.8,0.7,0.8,0.669728917104005,True,False,True,True,False,True,False,True,False,0.03,1.2,0.6,0.7,0.98,1.586290403505327,0.010021877076635776,0,5.0,45,0.25,False,False,False,0.5,0.5,0.03,2,0.21806751402161154,1.2346171078020136,0.7672021516402303,1.5520437626300592,0.3051044044190316,4.849009148004773,11,0.18622119703713613,0.5,0.6,20.0,2.0
optuna_00116,116,907.65,29,16,13,55.17,3.67,150.05,270,907.65,31.3,78.0,-26.18,2.98,15.5,819.0,2.6,7,11,63.6,-137.86,251.18,5,ABCD,1,24,4,1,0,0,0,False,True,True,True,True,False,True,False,False,26000000,150000000,22.873565445805138,0.15,50000,10000,100000,10.0,2.6515739432657943,5.0,5000.0,0.7028703974079993,0.14373954913433737,0.8,0.7,0.8,0.6716108496152197,True,False,True,True,False,True,False,True,False,0.03,1.2,0.6,0.7,0.98,1.7380933908266332,0.011636409626167805,0,5.0,45,0.25,False,False,False,0.5,0.5,0.03,2,0.2127032256562709,1.205062157962149,0.7674637823647968,1.6137963499483863,0.30279003909630087,4.677275653242224,11,0.1884714879923927,0.5,0.6,20.0,2.0
optuna_00192,192,903.91,129,86,43,66.67,1.35,381.09,270,903.91,7.01,40.41,-59.8,0.68,23.1,830.0,9.9,8,13,61.5,-177.79,448.73,6,ABCD,1,73,38,15,0,2,1,False,False,True,True,True,False,True,False,False,20000000,650000000,24.669313194312085,0.15,50000,10000,100000,10.0,1.3575114843951688,5.0,5000.0,0.7746838609318605,0.1107601035046542,0.8,0.7,0.8,0.65,True,False,False,False,False,False,False,True,False,0.03,1.2,0.6,0.7,0.98,1.9599290297732093,0.03850091742869568,0,5.0,45,0.25,False,False,False,0.5,0.5,0.03,2,0.4724700048841065,2.8532268026425833,0.24396576768146064,1.0312395603722198,0.21504022770319264,4.9296624915667495,11,0.14356650124053336,0.5,0.6,20.0,2.0
optuna_00106,106,899.36,29,17,12,58.62,3.54,140.57,270,899.36,31.01,73.75,-29.53,2.5,11.3,823.0,2.6,7,11,63.6,-103.74,301.89,3,ABCD,1,25,4,0,0,0,0,False,True,True,True,True,False,True,False,False,17000000,300000000,23.241474256319783,0.15,50000,10000,100000,10.0,2.97814697366356,5.0,5000.0,0.7541508544826763,0.1449559883429068,0.8,0.7,0.8,0.48666926943119804,True,False,True,True,False,True,False,True,False,0.03,1.2,0.6,0.7,0.98,1.6826173417931125,0.014798020580723737,0,5.0,45,0.25,False,False,False,0.5,0.5,0.03,2,0.22208189097550546,1.3965475879518694,0.7994168516518323,1.7917290111411783,0.28864155930811125,4.231458581963973,11,0.12378209722261127,0.5,0.6,20.0,2.0
optuna_00118,118,886.37,23,15,8,65.22,7.45,64.71,270,886.37,38.54,68.25,-17.17,3.97,15.9,801.0,2.6,6,9,66.7,-44.2,283.24,4,ABCD,1,20,2,1,0,0,0,False,True,True,True,True,False,True,False,False,29000000,150000000,22.897534746124776,0.15,50000,10000,100000,10.0,2.6496955593638503,5.0,5000.0,0.6646472080330867,0.14519714564119282,0.8,0.7,0.8,0.680844571613954,True,False,True,True,False,True,False,True,False,0.03,1.2,0.6,0.7,0.98,1.5605077514445538,0.012011752497572522,0,5.0,45,0.25,False,False,False,0.5,0.5,0.03,2,0.2472264890091363,1.2521221807586091,0.7665484103165278,1.550848985029939,0.2647636641416947,4.685576897384904,11,0.18686692043212236,0.5,0.6,20.0,2.0
optuna_00157,157,866.23,40,28,12,70.0,2.55,149.9,270,866.23,21.66,50.92,-46.62,1.09,18.6,782.0,3.6,7,11,63.6,-77.26,242.25,2,ABCD,1,28,9,3,0,0,0,False,False,True,True,True,False,True,False,False,20000000,350000000,24.34031461380648,0.15,50000,10000,100000,10.0,2.854608702649618,5.0,5000.0,0.691719029191362,0.13873964122328653,0.8,0.7,0.8,0.7402762004039447,True,False,True,False,False,True,False,True,False,0.03,1.2,0.6,0.7,0.98,1.7818657124318213,0.030280399125505966,0,5.0,45,0.25,False,False,False,0.5,0.5,0.03,2,0.3422181436114192,1.3604723118154007,0.30742379582651846,1.2426964434574086,0.27079571097860916,4.87411548240856,11,0.15980119927687544,0.5,0.6,20.0,2.0
optuna_00147,147,842.51,51,29,22,56.86,2.07,258.28,270,842.51,16.52,56.28,-35.89,1.57,18.4,813.0,4.2,8,12,66.7,-119.2,282.26,5,ABCD,1,35,13,2,0,0,1,False,True,True,True,True,False,True,False,False,47000000,200000000,24.774473673248327,0.15,50000,10000,100000,10.0,2.541074213891015,5.0,5000.0,0.7208778607917162,0.1326124199544868,0.8,0.7,0.8,0.6959072063681696,True,False,True,True,False,True,False,True,False,0.03,1.2,0.6,0.7,0.98,1.7369570527706903,0.01516031701090801,0,5.0,45,0.25,False,False,False,0.5,0.5,0.03,2,0.2431328492552174,1.2904014390655585,0.7828903957156402,1.4547678963795487,0.2880468019702571,4.757379270244454,11,0.19394951587026807,0.5,0.6,20.0,2.0
optuna_00209,209,840.4,127,87,40,68.5,1.32,320.52,270,840.4,6.62,40.31,-66.66,0.6,27.0,875.0,9.8,8,13,61.5,-178.01,403.16,3,ABCD,1,40,55,22,3,5,2,False,False,True,True,True,False,True,False,False,20000000,650000000,24.301754271912987,0.15,50000,10000,100000,10.0,1.6999167686452386,5.0,5000.0,0.7504849034175375,0.0966615103840906,0.8,0.7,0.8,0.65,True,False,False,False,False,False,False,True,False,0.03,1.2,0.6,0.7,0.98,1.8628212853726254,0.030374686039127494,0,5.0,45,0.25,False,False,False,0.5,0.5,0.03,2,0.3859694405777298,3.2603653165245077,0.2848572880014683,1.1571907111336426,0.19771228858148865,3.354484599597874,11,0.3536358680701111,0.5,0.6,20.0,2.0
optuna_00105,105,830.02,27,15,12,55.56,2.96,168.12,270,830.02,30.74,83.54,-35.26,2.37,13.4,809.0,2.5,7,11,63.6,-103.02,227.12,3,ABCD,1,22,5,0,0,0,0,False,True,True,True,True,False,True,False,False,17000000,300000000,22.877760224325048,0.15,50000,10000,100000,10.0,3.006227374362601,5.0,5000.0,0.7388246158010252,0.1478775704358311,0.8,0.7,0.8,0.8854204502961264,True,False,True,True,False,True,False,True,False,0.03,1.2,0.6,0.7,0.98,1.6860506295182462,0.018776873326357798,0,5.0,45,0.25,False,False,False,0.5,0.5,0.03,2,0.2243387549782775,1.4482464537715627,0.7875461474210314,1.7196974182844336,0.306914349262069,4.234810793180676,11,0.12181235757053564,0.5,0.6,20.0,2.0
optuna_00133,133,819.31,28,17,11,60.71,3.21,181.76,270,819.31,29.26,70.04,-33.76,2.07,18.3,799.0,2.8,7,10,70.0,-139.96,245.87,5,ABCD,1,21,6,1,0,0,0,False,True,True,True,True,False,True,False,False,30000000,200000000,18.265415746047946,0.15,50000,10000,100000,10.0,2.484110183315645,5.0,5000.0,0.6762660113915306,0.14492395111952638,0.8,0.7,0.8,0.652228705761761,True,False,True,True,False,True,False,True,False,0.03,1.2,0.6,0.7,0.98,1.6328906366517735,0.01006054569046958,0,5.0,45,0.25,False,False,False,0.5,0.5,0.03,2,0.20073927674089462,1.2748751170154826,0.7820552957929268,1.6651143858578268,0.2973696204702777,4.68933353195794,11,0.20234243253186507,0.5,0.6,20.0,2.0
optuna_00123,123,797.34,28,17,11,60.71,3.35,176.9,270,797.34,28.48,66.83,-30.8,2.17,16.8,814.0,2.8,5,10,50.0,-29.67,221.14,3,ABCD,1,21,6,1,0,0,0,False,True,True,True,True,False,True,False,False,26000000,100000000,22.81302884291693,0.15,50000,10000,100000,10.0,2.5411047285525807,5.0,5000.0,0.6640143722198026,0.13633783379103206,0.8,0.7,0.8,0.6616553105890969,True,False,True,True,False,True,False,True,False,0.03,1.2,0.6,0.7,0.98,1.629814404919456,0.011047920731639549,0,5.0,45,0.25,False,False,False,0.5,0.5,0.03,2,0.24657847858797854,1.2820348056141186,0.7272094049270782,1.6210438738293584,0.2628956989576071,4.687118615974118,11,0.21787270229480113,0.5,0.6,20.0,2.0
optuna_00131,131,775.68,32,20,12,62.5,2.77,172.59,270,775.68,24.24,60.65,-36.44,1.66,16.7,814.0,3.2,6,10,60.0,-115.99,237.61,5,ABCD,1,24,7,1,0,0,0,False,True,True,True,True,False,True,False,False,31000000,200000000,18.44716683004129,0.15,50000,10000,100000,10.0,2.4926693939953126,5.0,5000.0,0.6817945173891369,0.1359806786133064,0.8,0.7,0.8,0.6517972018442096,True,False,True,True,False,True,False,True,False,0.03,1.2,0.6,0.7,0.98,1.6481174855140193,0.013847216963546367,0,5.0,45,0.25,False,False,False,0.5,0.5,0.03,2,0.26414028930293343,1.2755636074558896,0.7636945076090685,1.6434062806273482,0.29783296910505513,4.654625340882309,11,0.1705771483784421,0.5,0.6,20.0,2.0
optuna_00151,151,766.79,147,86,61,58.5,1.21,655.57,270,766.79,5.22,51.73,-60.37,0.86,16.4,910.0,11.3,7,13,53.8,-414.9,395.71,7,"ABCD,BULL_FLAG",2,60,60,17,8,1,1,False,False,True,True,True,True,True,False,False,20000000,150000000,23.678406503646492,0.15,50000,10000,100000,6.955752441937715,1.0368143226462412,5.0,5000.0,0.7121194250113408,0.13203768718852008,0.9102637842935999,0.7324789297862108,0.8691549891842254,0.65,True,True,False,False,False,True,False,True,False,0.03,1.2,0.6,0.7,0.98,1.8201679926559788,0.01723206407258165,0,5.0,45,0.25,False,False,False,0.5,0.5,0.03,2,0.25535841687735,1.5173990884643618,0.7509652677743437,1.3788279159033043,0.35212845829394457,2.3978729148539966,11,0.18473205351012195,0.5,0.6,20.0,2.0
optuna_00138,138,753.78,30,20,10,66.67,2.18,403.8,270,753.78,25.13,69.55,-63.72,1.09,20.4,695.0,2.7,8,11,72.7,-201.47,385.89,2,ABCD,1,22,7,1,0,0,0,False,False,True,True,True,False,True,False,False,20000000,150000000,22.75449227159177,0.15,50000,10000,100000,10.0,2.4658098270425164,5.0,5000.0,0.8619013221177687,0.19814644271277393,0.8,0.7,0.8,0.7010456236651502,True,False,True,True,False,True,False,True,False,0.03,1.2,0.6,0.7,0.98,1.559795967395405,0.018760286607280928,0,5.0,45,0.25,False,False,False,0.5,0.5,0.03,2,0.2469808326318963,1.3598451884775953,0.7671867617179896,1.5076150239091173,0.29534002723755975,4.699036758830805,11,0.1795076957016866,0.5,0.6,20.0,2.0
optuna_00145,145,743.7,27,15,12,55.56,2.92,139.26,270,743.7,27.54,75.4,-32.27,2.34,16.8,815.0,2.5,6,11,54.5,-137.5,302.26,5,ABCD,1,21,5,1,0,0,0,False,True,True,True,True,False,True,False,False,26000000,150000000,16.496462369591338,0.15,50000,10000,100000,10.0,2.7359343812915164,5.0,5000.0,0.7068216350961506,0.14400268788592774,0.8,0.7,0.8,0.5089485652701432,True,False,True,True,False,True,False,True,False,0.03,1.2,0.6,0.7,0.98,1.5808908197210618,0.011800741343686917,0,5.0,45,0.25,False,False,False,0.5,0.5,0.03,2,0.21754053939415322,1.331861635860051,0.7500844732457759,1.6114306691554492,0.27601569250115854,4.57164578492213,11,0.20263356481982597,0.5,0.6,20.0,2.0
optuna_00126,126,712.8,19,12,7,63.16,6.29,66.97,270,712.8,37.52,70.62,-19.23,3.67,18.1,776.0,1.9,6,10,60.0,-38.66,199.29,3,ABCD,1,16,2,1,0,0,0,False,True,True,True,True,False,True,False,False,27000000,100000000,23.438997779523557,0.15,50000,10000,100000,10.0,2.6455530536983627,5.0,5000.0,0.686953866381079,0.15765231384156628,0.8,0.7,0.8,0.6443212242298463,True,False,True,True,False,True,False,True,False,0.03,1.2,0.6,0.7,0.98,1.5563652745769543,0.01000785740833985,0,5.0,45,0.25,False,False,False,0.5,0.5,0.03,2,0.24723599557145065,1.3191013272323926,0.7420621945699711,1.4076164100765733,0.3041443684148147,4.9896271856045376,11,0.20879951001797403,0.5,0.6,20.0,2.0
optuna_00124,124,695.25,27,15,12,55.56,2.82,180.36,270,695.25,25.75,71.79,-31.8,2.26,17.1,816.0,2.7,5,10,50.0,-48.75,213.1,5,ABCD,1,21,5,1,0,0,0,False,True,True,True,True,False,True,False,False,26000000,150000000,22.83181371740891,0.15,50000,10000,100000,10.0,2.558412115627785,5.0,5000.0,0.6660230245919291,0.14197484742238609,0.8,0.7,0.8,0.6674863722050962,True,False,True,True,False,True,False,True,False,0.03,1.2,0.6,0.7,0.98,1.6402873399160018,0.010366278307133034,0,5.0,45,0.25,False,False,False,0.5,0.5,0.03,2,0.21524777345008128,1.2674953252293688,0.7265145885420181,1.620461268932985,0.261813608741836,4.692373743816696,11,0.2161228761944151,0.5,0.6,20.0,2.0
optuna_00113,113,671.5,42,23,19,54.76,1.85,269.55,270,671.5,15.99,63.37,-41.37,1.53,14.7,845.0,3.2,6,13,46.2,-121.14,310.01,3,ABCD,1,33,8,1,0,0,0,False,True,True,True,True,False,True,False,False,23000000,250000000,22.830831770043805,0.15,50000,10000,100000,10.0,3.5698992983017908,5.0,5000.0,0.7163468684946425,0.12058731889123926,0.8,0.7,0.8,0.8798195776073946,True,False,True,True,False,True,False,True,False,0.03,1.2,0.6,0.7,0.98,1.7759139956239292,0.01432996802402936,0,5.0,45,0.25,False,False,False,0.5,0.5,0.03,2,0.21583030786687407,1.2335107825881284,0.7941746091804732,1.7160878037485818,0.2639334460032321,4.44575050906042,11,0.13006942082959594,0.5,0.6,20.0,2.0
optuna_00083,83,641.16,17,11,6,64.71,3.09,184.62,270,641.16,37.72,86.11,-51.01,1.69,21.1,776.0,2.1,6,8,75.0,-4.33,196.85,2,ABCD,1,12,4,1,0,0,0,True,True,True,True,True,False,True,False,False,23000000,250000000,22.268480446528233,0.15,125000,10000,100000,10.0,3.3335755273129135,5.0,5000.0,0.7021382319210481,0.12834282450938392,0.8,0.7,0.8,0.8657986009255138,True,False,True,True,False,True,False,True,False,0.03,1.2,0.6,0.7,0.98,1.753435885801349,0.015595378311808667,0,5.0,45,0.25,False,False,False,0.5,0.5,0.03,2,0.3303219502558218,1.766727685217468,0.6892085966103294,1.7782308783436105,0.24823590064031192,4.413788304676205,11,0.1970255365280808,0.5,0.6,20.0,2.0
optuna_00130,130,636.85,19,13,6,68.42,7.52,40.52,270,636.85,33.52,56.5,-16.28,3.47,17.9,737.0,1.9,6,10,60.0,-38.9,198.5,3,ABCD,1,17,1,1,0,0,0,False,True,True,True,True,False,True,False,False,29000000,150000000,23.927431645638183,0.15,50000,10000,100000,10.0,2.357027796637844,5.0,5000.0,0.659865082952627,0.16943277222589243,0.8,0.7,0.8,0.6891813480222793,True,False,True,True,False,True,False,True,False,0.03,1.2,0.6,0.7,0.98,1.58085941906918,0.011909556734788865,0,5.0,45,0.25,False,False,False,0.5,0.5,0.03,2,0.24344476790456795,1.3124401825556893,0.24510464416255454,1.4816137694472558,0.2776244223883469,4.709152056543886,11,0.2349151538077338,0.5,0.6,20.0,2.0
optuna_00146,146,610.56,8,7,1,87.5,98.22,6.28,270,610.56,76.32,88.12,-6.28,14.03,13.4,672.0,1.6,5,5,100.0,26.65,184.73,1,ABCD,1,8,0,0,0,0,0,False,True,True,True,True,False,True,False,False,44000000,150000000,23.39891341457753,0.15,50000,10000,100000,10.0,2.8469031464447445,5.0,5000.0,0.6971075258183832,0.2218081537214212,0.8,0.7,0.8,0.7284197619472972,True,False,True,True,False,True,False,True,False,0.03,1.2,0.6,0.7,0.98,1.674758079760195,0.010133784265270469,0,5.0,45,0.25,False,False,False,0.5,0.5,0.03,2,0.22968712052086046,1.400109618659752,0.7757138993251337,1.5595610425902275,0.16323923295403076,4.607731881630384,11,0.21426402976581096,0.5,0.6,20.0,2.0
optuna_00128,128,606.88,31,19,12,61.29,2.16,177.56,270,606.88,19.58,59.59,-43.78,1.36,17.7,834.0,2.8,5,11,45.5,-117.76,206.89,4,ABCD,1,21,9,1,0,0,0,False,True,True,True,True,False,True,False,False,27000000,100000000,17.448665808605654,0.15,50000,10000,100000,10.0,2.368437784391522,5.0,5000.0,0.690248682309682,0.13730058491118077,0.8,0.7,0.8,0.7306321471574386,True,False,True,False,False,True,False,True,False,0.03,1.2,0.6,0.7,0.98,1.6113880087800398,0.011959588800383884,0,5.0,45,0.25,False,False,False,0.5,0.5,0.03,2,0.2539149770621877,1.206706230384584,0.7682498048775199,1.560496169188257,0.2870366097978405,4.768562224003655,11,0.22806545112863066,0.5,0.6,20.0,2.0
optuna_00127,127,598.77,16,11,5,68.75,8.6,38.03,270,598.77,37.42,61.6,-15.76,3.91,18.4,733.0,1.8,6,9,66.7,-36.69,198.65,3,ABCD,1,14,1,1,0,0,0,False,True,True,True,True,False,True,False,False,25000000,100000000,23.16680939046322,0.15,50000,10000,100000,10.0,2.6866108529579478,5.0,5000.0,0.6696479120249869,0.1646011185469078,0.8,0.7,0.8,0.6681636699626443,True,False,True,True,False,True,False,True,False,0.03,1.2,0.6,0.7,0.98,1.7090987740831272,0.012241392170781996,0,5.0,45,0.25,False,False,False,0.5,0.5,0.03,2,0.2835790249566935,1.3713977273448814,0.7085805057987126,1.6115009529616717,0.29378977795203864,4.794948911314815,11,0.19405005250877796,0.5,0.6,20.0,2.0
optuna_00087,87,588.48,18,11,7,61.11,2.5,184.62,270,588.48,32.69,89.13,-56.0,1.59,13.7,777.0,2.0,6,9,66.7,-19.06,200.7,2,ABCD,1,13,5,0,0,0,0,True,True,True,True,True,False,True,False,False,22000000,300000000,22.377673356271575,0.15,140000,10000,100000,10.0,3.517609887360851,5.0,5000.0,0.7429904212190847,0.12335582744499976,0.8,0.7,0.8,0.8973573989271719,True,False,True,True,False,True,False,True,False,0.03,1.2,0.6,0.7,0.98,1.8991435647598218,0.016882039764968576,0,5.0,45,0.25,False,False,False,0.5,0.5,0.03,2,0.3033472526261999,1.9383401905617075,0.7979671394296515,1.762115222726454,0.248556334596568,4.319094201935508,11,0.13578074639311188,0.5,0.6,20.0,2.0
optuna_00141,141,581.84,16,8,8,50.0,4.06,99.87,270,581.84,36.36,96.5,-23.77,4.06,10.8,760.0,2.0,4,8,50.0,-60.91,341.2,4,ABCD,1,14,2,0,0,0,0,False,True,True,True,True,False,True,False,False,9000000,100000000,16.972930620531205,0.15,50000,10000,100000,10.0,3.012480663823895,5.0,5000.0,0.6622977964390868,0.14254308571023866,0.8,0.7,0.8,0.6045390413437767,True,False,True,True,False,True,False,True,False,0.03,1.2,0.6,0.7,0.98,1.6325388556022589,0.012103905322148773,0,5.0,45,0.25,False,False,False,0.5,0.5,0.03,2,0.23966091111602847,1.2564361189245792,0.7325652558601294,1.69340457516002,0.31250317566094876,4.508501549006679,11,0.16875310898774606,0.5,0.6,20.0,2.0
optuna_00088,88,564.63,21,12,9,57.14,2.07,229.6,270,564.63,26.89,91.0,-58.59,1.55,13.1,785.0,2.1,7,10,70.0,-126.36,200.34,2,ABCD,1,15,6,0,0,0,0,True,True,True,True,True,False,True,False,False,22000000,250000000,22.49268006694129,0.15,140000,10000,100000,10.0,3.7248786163272483,5.0,5000.0,0.7420077603981052,0.1127208984942573,0.8,0.7,0.8,0.89956580046409,True,False,True,True,False,True,False,True,False,0.03,1.2,0.6,0.7,0.98,1.881678455252608,0.015312309850714625,0,5.0,45,0.25,False,False,False,0.5,0.5,0.03,2,0.20335955117037174,1.6861230010134984,0.7959035467595967,1.7601661570062241,0.2465687383183259,4.3985807503621945,11,0.13570010078523734,0.5,0.6,20.0,2.0
optuna_00085,85,562.48,18,10,8,55.56,2.41,184.62,270,562.48,31.25,96.2,-49.94,1.93,19.5,788.0,2.2,5,8,62.5,-27.81,200.46,2,ABCD,1,12,5,1,0,0,0,True,True,True,True,True,False,True,False,False,23000000,250000000,22.49979513046997,0.15,135000,10000,100000,10.0,3.517934123295356,5.0,5000.0,0.7355948266875767,0.1252331255406221,0.8,0.7,0.8,0.8847477096179145,True,False,True,True,False,True,False,True,False,0.03,1.2,0.6,0.7,0.98,1.7902477217610941,0.016072981889311583,0,5.0,45,0.25,False,False,False,0.5,0.5,0.03,2,0.23153944372664184,1.8161516030170899,0.7981655729125908,1.7698149141073962,0.28056729810423914,4.417341192664544,11,0.1288644629312651,0.5,0.6,20.0,2.0
optuna_00086,86,561.35,18,10,8,55.56,2.4,184.62,270,561.35,31.19,96.1,-49.95,1.92,19.5,788.0,2.2,5,8,62.5,-27.81,200.46,2,ABCD,1,12,5,1,0,0,0,True,True,True,True,True,False,True,False,False,22000000,250000000,22.404717539981206,0.15,125000,10000,100000,10.0,3.333607558373961,5.0,5000.0,0.737104649053703,0.12470819445172097,0.8,0.7,0.8,0.8925772772719819,True,False,True,True,False,True,False,True,False,0.03,1.2,0.6,0.7,0.98,1.8896748298043982,0.016543270521106528,0,5.0,45,0.25,False,False,False,0.5,0.5,0.03,2,0.22947463919368324,1.7989036625812889,0.7987700070482341,1.7812027246505897,0.2515677868942279,4.440833094109382,11,0.13430578042297464,0.5,0.6,20.0,2.0
optuna_00120,120,559.2,21,12,9,57.14,4.69,70.98,270,559.2,26.63,59.22,-16.82,3.52,11.9,774.0,2.1,5,10,50.0,-44.2,220.49,4,ABCD,1,19,2,0,0,0,0,False,True,True,True,True,False,True,False,False,29000000,150000000,24.176644889801622,0.15,50000,10000,100000,10.0,2.601799464022438,5.0,5000.0,0.6546088021119268,0.15385315265299584,0.8,0.7,0.8,0.6738832886334087,True,False,True,True,False,True,False,True,False,0.03,1.2,0.6,0.7,0.98,1.5637132663773379,0.010632927010995856,0,5.0,45,0.25,False,False,False,0.5,0.5,0.03,2,0.24960173655057816,1.201682744023653,0.35432902796959964,1.5746506952389332,0.3203874025424362,4.826823134452306,11,0.186901578751179,0.5,0.6,20.0,2.0
optuna_00084,84,554.47,18,10,8,55.56,2.4,184.62,270,554.47,30.8,94.98,-49.41,1.92,19.5,788.0,2.2,5,8,62.5,-34.53,199.75,2,ABCD,1,12,5,1,0,0,0,True,True,True,True,True,False,True,False,False,22000000,250000000,22.468004926658715,0.15,125000,10000,100000,10.0,3.530271371814094,5.0,5000.0,0.7323613183646727,0.12610139525176564,0.8,0.7,0.8,0.8866931910238343,True,False,True,True,False,True,False,True,False,0.03,1.2,0.6,0.7,0.98,1.7910613229388408,0.016320166081294215,0,5.0,45,0.25,False,False,False,0.5,0.5,0.03,2,0.31506588517785783,1.822387999243732,0.7591355700389383,1.7717639630073567,0.24857941407801817,4.3065182235955515,11,0.1260271606271617,0.5,0.6,20.0,2.0
optuna_00136,136,532.15,26,16,10,61.54,2.52,248.27,270,532.15,20.47,55.16,-35.04,1.57,19.2,764.0,2.4,7,11,63.6,-227.46,242.39,4,ABCD,1,19,6,1,0,0,0,False,True,True,True,True,False,True,False,False,31000000,200000000,23.196469428585562,0.15,50000,10000,100000,10.0,2.3016061462534303,5.0,5000.0,0.650544383238639,0.1503641493406294,0.8,0.7,0.8,0.597471049488915,True,False,True,True,False,True,False,True,False,0.03,1.2,0.6,0.7,0.98,1.5016112026138495,0.014295842677520942,0,5.0,45,0.25,False,False,False,0.5,0.5,0.03,2,0.22926448098867855,1.5056415513878207,0.7476213379095793,1.6872155630118146,0.315280352547998,4.563530954366761,11,0.1958522760401351,0.5,0.6,20.0,2.0
optuna_00089,89,509.75,46,27,19,58.7,1.56,281.58,270,509.75,11.08,52.76,-48.15,1.1,17.3,840.0,3.5,8,13,61.5,-126.36,235.94,3,ABCD,1,33,12,1,0,0,0,False,True,True,True,True,False,True,False,False,22000000,250000000,22.59854690154267,0.15,50000,10000,100000,10.0,3.49402435395991,5.0,5000.0,0.7414996459751004,0.11511311758752044,0.8,0.7,0.8,0.8983595452127378,True,False,True,True,False,True,False,True,False,0.03,1.2,0.6,0.7,0.98,1.8978530829946954,0.0148562412733689,0,5.0,45,0.25,False,False,False,0.5,0.5,0.03,2,0.2178054195385382,1.4544134776427031,0.7978338980250049,1.753708449947399,0.2730131954272248,4.424791195144045,11,0.13486079260177872,0.5,0.6,20.0,2.0
optuna_00142,142,500.96,22,14,8,63.64,3.31,150.78,270,500.96,22.77,51.27,-27.11,1.89,16.8,784.0,2.4,5,9,55.6,-128.38,201.4,5,ABCD,1,18,3,1,0,0,0,False,True,True,True,False,False,True,False,False,28000000,500000000,23.010157686520138,0.15,50000,10000,100000,10.0,2.6388717321628556,5.0,5000.0,0.6802485013680755,0.14940306865149464,0.8,0.7,0.8,0.6758705313988725,True,False,True,True,False,True,False,True,False,0.03,1.2,0.6,0.7,0.98,1.8248973903456362,0.017935345031663944,0,5.0,45,0.25,False,False,False,0.5,0.5,0.03,2,0.2841216509945962,1.2000285553277557,0.7846291856870321,1.5416735189944943,0.26028692442683565,4.791749234980152,11,0.18816985164718533,0.5,0.6,20.0,2.0
optuna_00221,221,487.04,207,123,84,59.42,1.12,923.57,270,487.04,2.35,36.91,-48.25,0.76,20.2,916.0,15.9,9,13,69.2,-439.79,583.16,6,"ABCD,BULL_FLAG",2,74,87,36,7,2,1,False,False,True,True,True,False,True,False,False,20000000,550000000,24.785746474526146,0.15,50000,10000,100000,10.0,1.7089069049486676,5.0,5000.0,0.7653614125108448,0.11379899717411977,0.5001276954828986,0.47254530264382427,0.9331957344709217,0.65,True,True,False,False,False,False,False,True,False,0.03,1.2,0.6,0.7,0.98,1.9728771136384142,0.0380759128431743,0,5.0,45,0.25,False,False,False,0.5,0.5,0.03,2,0.4352601127461044,3.0951613194547996,0.254618310880701,1.164996448923265,0.2225538726883675,2.994868810077244,11,0.16618195255658363,0.5,0.6,20.0,2.0
optuna_00143,143,449.71,30,17,13,56.67,1.78,182.81,270,449.71,14.99,60.48,-44.5,1.36,17.9,828.0,3.0,4,10,40.0,-116.08,210.05,5,ABCD,1,20,9,1,0,0,0,False,True,True,True,True,False,True,False,False,31000000,200000000,15.284815944303865,0.15,50000,10000,100000,10.0,2.44185060112446,5.0,5000.0,0.6810622061147168,0.1351272745267459,0.8,0.7,0.8,0.6609413466015285,True,False,True,True,False,True,False,True,False,0.03,1.2,0.6,0.7,0.98,1.6554761153184565,0.014210716836424664,0,5.0,45,0.25,False,False,False,0.5,0.5,0.03,2,0.263405255598855,1.2919026286687916,0.7643782227677036,1.6506720449328367,0.2989474168933988,4.676634604780774,11,0.16984109520872226,0.5,0.6,20.0,2.0
optuna_00122,122,436.59,18,10,8,55.56,2.83,117.55,270,436.59,24.26,67.46,-29.76,2.27,16.4,816.0,2.0,4,9,44.4,-56.88,207.13,3,ABCD,1,14,4,0,0,0,0,False,True,True,True,True,True,True,False,False,29000000,150000000,22.946601754990787,0.15,50000,10000,100000,14.880556121398682,2.4854889055586167,5.0,5000.0,0.6444832031056592,0.14638348121396666,0.8,0.7,0.8,0.6889110318566396,True,False,True,True,False,True,False,True,False,0.03,1.2,0.6,0.7,0.98,1.6040709024948427,0.013458369256519893,0,5.0,45,0.25,False,False,False,0.5,0.5,0.03,2,0.2709865656938994,1.3739246104321006,0.751516674596713,1.5485454893543862,0.3454615537119489,4.8573558503797685,12,0.24404933639139537,0.5,0.6,20.0,2.0
optuna_00103,103,423.62,50,29,21,58.0,1.42,294.76,270,423.62,8.47,49.72,-48.49,1.03,15.8,860.0,3.8,7,13,53.8,-125.19,290.54,3,ABCD,1,36,13,1,0,0,0,False,True,True,True,True,False,True,False,False,20000000,300000000,22.501710037559633,0.15,50000,10000,100000,10.0,3.4855640085695767,5.0,5000.0,0.7391895862330895,0.11297752108632651,0.8,0.7,0.8,0.8995011886512703,True,False,True,True,False,True,False,True,False,0.03,1.2,0.6,0.7,0.98,1.89070721697526,0.01967040986930414,0,5.0,45,0.25,False,False,False,0.5,0.5,0.03,2,0.25954620844066834,1.3334783268331334,0.7730158596787591,1.7272042965016263,0.30535753441634156,4.311296949502335,11,0.13145945214865248,0.5,0.6,20.0,2.0
optuna_00094,94,423.27,50,29,21,58.0,1.41,295.17,270,423.27,8.47,49.78,-48.59,1.02,15.8,860.0,3.8,7,13,53.8,-125.19,291.74,3,ABCD,1,36,13,1,0,0,0,False,True,True,True,True,False,True,False,False,20000000,300000000,22.482164475402147,0.15,50000,10000,100000,10.0,3.463041505542919,5.0,5000.0,0.7387435874362442,0.1129176462001888,0.8,0.7,0.8,0.8992191542355201,True,False,True,True,False,True,False,True,False,0.03,1.2,0.6,0.7,0.98,1.9117124193041286,0.018316361574906195,0,5.0,45,0.25,False,False,False,0.5,0.5,0.03,2,0.2579892117185626,1.3682963450453511,0.777042359434882,1.7401190167228247,0.3001380068981041,4.322276344505656,11,0.130247306673105,0.5,0.6,20.0,2.0
optuna_00093,93,385.9,48,27,21,56.25,1.36,282.47,270,385.9,8.04,53.5,-50.42,1.06,17.5,853.0,3.7,8,13,61.5,-126.36,202.65,3,ABCD,1,34,13,1,0,0,0,False,True,True,True,True,False,True,False,False,22000000,250000000,22.546899868193048,0.15,50000,10000,100000,10.0,3.515202364112531,5.0,5000.0,0.7456991226144957,0.11438426101422958,0.8,0.7,0.8,0.8984087595480967,True,False,True,True,False,True,False,True,False,0.03,1.2,0.6,0.7,0.98,1.8755016778945355,0.014469568681578367,0,5.0,45,0.25,False,False,False,0.5,0.5,0.03,2,0.2147767002328906,1.4977775594329996,0.7990731537225588,1.7496231222001426,0.2695601192052557,4.460631417947697,11,0.13789702085789127,0.5,0.6,20.0,2.0
optuna_00099,99,375.13,28,14,14,50.0,1.5,342.03,270,375.13,13.4,79.9,-53.1,1.5,12.0,829.0,2.5,6,11,54.5,-187.63,193.11,2,ABCD,1,20,8,0,0,0,0,True,True,True,True,True,False,True,False,False,25000000,150000000,21.87133421640193,0.15,150000,10000,100000,10.0,3.6617234224831274,5.0,5000.0,0.7718240463872753,0.08672955667783414,0.8,0.7,0.8,0.8506020956310621,True,False,True,True,False,True,False,True,False,0.03,1.2,0.6,0.7,0.98,1.9729313597303857,0.0221851398797391,0,5.0,45,0.25,False,False,False,0.5,0.5,0.03,2,0.3675816381848475,1.7349833017462424,0.7372854493703439,1.6577975344989677,0.2672416613150404,3.9655013281952325,11,0.08267330760828018,0.5,0.6,20.0,2.0
optuna_00108,108,363.64,14,7,7,50.0,1.91,293.91,270,363.64,25.97,109.06,-57.11,1.91,13.2,819.0,2.0,4,7,57.1,-56.0,183.01,3,ABCD,1,9,5,0,0,0,0,True,True,True,True,True,False,True,False,False,12000000,300000000,23.26951114478711,0.15,135000,10000,100000,10.0,3.1465712587473726,5.0,5000.0,0.760524446898619,0.14644060450673999,0.8,0.7,0.8,0.5709364200821108,True,False,True,False,False,True,False,True,False,0.03,1.2,0.6,0.7,0.98,1.682041225329166,0.026202937134637692,0,5.0,45,0.25,False,False,False,0.5,0.5,0.03,2,0.2376058345283562,1.5272928358105962,0.7562765890521234,1.9260322967478862,0.3233276454461198,4.3607045859113285,11,0.10555536645137871,0.5,0.6,20.0,2.0
optuna_00132,132,361.11,23,12,11,52.17,2.01,147.32,270,361.11,15.7,59.82,-32.43,1.84,20.6,798.0,2.1,5,11,45.5,-101.86,199.15,4,ABCD,1,16,6,0,0,1,0,False,True,True,True,True,False,True,False,False,25000000,150000000,15.973266232432684,0.15,50000,10000,100000,10.0,2.6847899851090635,5.0,5000.0,0.698099390761003,0.15361125603913106,0.8,0.7,0.8,0.7123958897323961,True,False,True,True,False,True,False,True,False,0.03,1.2,0.6,0.7,0.98,1.5145653235253207,0.019173454571860107,0,5.0,45,0.25,False,False,False,0.5,0.5,0.03,2,0.2772119706704834,1.3951673825367468,0.7367745319674445,1.5258671292170571,0.3261907097410886,4.600802936892021,13,0.26056919511697585,0.5,0.6,20.0,2.0
optuna_00135,135,358.46,12,6,6,50.0,5.22,41.41,270,358.46,29.87,73.91,-14.16,5.22,10.2,711.0,1.7,4,7,57.1,-39.65,193.79,3,ABCD,1,11,1,0,0,0,0,False,True,True,True,True,False,True,False,False,29000000,150000000,22.99467118401896,0.15,50000,10000,100000,10.0,2.7937366796869356,5.0,5000.0,0.6218615869993525,0.16025665081672255,0.8,0.7,0.8,0.661056039557952,True,False,True,True,False,True,False,True,False,0.03,1.2,0.6,0.7,0.98,1.6154920564594584,0.01273172622768537,0,5.0,45,0.25,False,False,False,0.5,0.5,0.03,2,0.2280867141327921,1.258058896382934,0.33845512881438167,1.585189419800736,0.2870705423225262,4.829423872155426,11,0.2021488267774408,0.5,0.6,20.0,2.0
optuna_00041,41,357.13,40,22,18,55.0,1.29,392.7,270,357.13,8.93,71.43,-67.47,1.06,14.2,902.0,3.3,6,12,50.0,-334.09,416.52,4,"ABCD,MICRO_PULLBACK",2,16,19,5,0,0,0,True,True,True,True,True,False,True,False,False,27000000,400000000,21.991962676609415,0.15,160000,10000,100000,10.0,3.6996796667440752,5.0,5000.0,0.6963028760885879,0.13868542425862343,0.8,0.7,0.8,0.7764019787240402,True,False,True,True,False,True,True,True,False,0.03,1.2,0.8923231033346134,0.8489093647146811,0.9219698032281176,1.6261336000857036,0.01170025524670586,0,5.0,45,0.25,False,False,False,0.5,0.5,0.03,2,0.26736465152307576,2.2435664595589357,0.6062114368409062,2.0819482419787017,0.20557060131393712,4.100419672054649,11,0.219126866521626,0.5,0.6,20.0,2.0
optuna_00096,96,298.99,73,46,27,63.01,1.19,418.35,270,298.99,4.1,41.1,-58.95,0.7,17.9,887.0,5.6,10,13,76.9,-241.07,185.99,3,ABCD,1,50,20,3,0,0,0,False,True,True,True,True,False,True,False,False,21000000,250000000,22.21098203371465,0.15,50000,10000,100000,10.0,3.833326752614763,5.0,5000.0,0.7547233177756951,0.08022647924715706,0.8,0.7,0.8,0.8995073488755143,True,False,True,True,False,True,False,True,False,0.03,1.2,0.6,0.7,0.98,1.9450184511438346,0.016113092492546232,0,5.0,45,0.25,False,False,False,0.5,0.5,0.03,2,0.33196721800821966,1.5952035551978434,0.7873419102314404,1.777219253787098,0.255617577939736,4.657888193632509,11,0.14895199710556986,0.5,0.6,20.0,2.0
optuna_00112,112,287.55,32,18,14,56.25,1.41,174.3,270,287.55,8.99,55.21,-50.45,1.09,16.8,819.0,2.7,6,12,50.0,-139.18,184.67,3,ABCD,1,22,9,1,0,0,0,True,True,True,True,True,False,True,False,False,17000000,100000000,15.042571330249613,0.15,25000,10000,100000,10.0,3.8397802460617045,5.0,5000.0,0.7547982497948187,0.12849307928053322,0.8,0.7,0.8,0.8406286756870957,True,False,True,True,False,False,False,True,False,0.03,1.2,0.6,0.7,0.98,1.7030035385581457,0.016108855573706123,0,5.0,45,0.25,False,False,False,0.5,0.5,0.03,2,0.29560624245197287,1.669542772352572,0.7872141461728964,1.837708335720106,0.22231903626157562,4.5422438354447,11,0.2051742275937552,0.5,0.6,20.0,2.0
optuna_00074,74,282.47,58,31,27,53.45,1.19,507.75,270,282.47,4.87,57.19,-55.2,1.04,14.8,894.0,4.5,6,13,46.2,-301.37,409.03,5,"ABCD,MICRO_PULLBACK",2,27,24,7,0,0,0,True,True,True,True,True,False,True,False,False,32000000,350000000,22.269893391249077,0.15,130000,10000,100000,10.0,3.5413656580124617,5.0,5000.0,0.7074633398603908,0.12663302624215633,0.8,0.7,0.8,0.7546378167686041,True,False,True,True,False,True,True,True,False,0.03,1.2,0.8583757601251321,0.8763751779212519,0.906183059990728,1.7158064775680288,0.01766402236789269,0,5.0,45,0.25,False,False,False,0.5,0.5,0.03,2,0.2989025553323797,1.9227086810434126,0.687715887725787,1.524089053256472,0.2590183925125115,4.19015686498193,11,0.16443546379225854,0.5,0.6,20.0,2.0
optuna_00134,134,248.87,41,23,18,56.1,1.28,263.49,270,248.87,6.07,49.92,-49.96,1.0,21.1,815.0,3.7,7,11,63.6,-243.83,181.91,3,ABCD,1,23,15,3,0,0,0,False,True,True,True,True,False,True,False,False,26000000,200000000,16.810325123643654,0.15,50000,10000,100000,10.0,1.1328454360451499,5.0,5000.0,0.6731327608452803,0.1451019190685455,0.8,0.7,0.8,0.6794545916036744,True,False,True,True,False,True,False,True,False,0.03,1.2,0.6,0.7,0.98,1.7204317312279627,0.01025578399170269,0,5.0,45,0.25,False,False,False,0.5,0.5,0.03,2,0.20340673358782851,1.3280451929763295,0.7824694662510242,1.663731574202124,0.1329428499961784,4.920400538060145,11,0.21612628247951104,0.5,0.6,20.0,2.0
optuna_00078,78,245.93,30,16,14,53.33,1.29,341.15,270,245.93,8.2,68.43,-60.64,1.13,16.6,824.0,3.0,5,10,50.0,-185.97,194.34,3,ABCD,1,20,9,1,0,0,0,True,True,True,True,True,False,True,False,False,24000000,200000000,22.97260261380384,0.15,130000,10000,100000,10.0,3.125399798765497,5.0,5000.0,0.7240551979422086,0.0968572992403102,0.8,0.7,0.8,0.8410262454997597,True,False,True,True,False,True,False,True,False,0.03,1.2,0.6,0.7,0.98,1.738949684371402,0.022477597085085076,0,5.0,45,0.25,False,False,False,0.5,0.5,0.03,2,0.23898394830255063,1.8239256198342988,0.6916300333303322,1.5127496980081157,0.28187694600839597,4.5886906471540625,11,0.12245304087646688,0.5,0.6,20.0,2.0
optuna_00024,24,219.39,61,35,26,57.38,1.1,804.62,270,219.39,3.6,70.89,-87.0,0.81,22.1,762.0,30.5,1,2,50.0,-587.39,806.78,9,"ABCD,FLAT_TOP,MICRO_PULLBACK",3,36,24,1,0,0,0,True,True,True,True,True,False,True,True,False,25000000,650000000,22.676663201904457,0.15,85000,10000,100000,10.0,1.3685707532878535,13.225595861119393,5000.0,0.8360726460535662,0.13479701965817326,0.8,0.7,0.8,0.65,True,False,False,True,True,True,True,True,False,0.07782440562420792,1.11673376413004,0.6417628084658035,0.6478211965232611,0.9179016055538946,1.8063511209355312,0.06218115278824624,0,5.0,45,0.25,False,False,False,0.5,0.5,0.03,2,0.5102977573443603,2.76622603685351,0.4745402400433625,1.5873267250147973,0.3176572684337195,4.3662429795755555,12,0.10810062649685474,0.5,0.6,20.0,2.0
optuna_00172,172,217.37,12,8,4,66.67,2.05,88.96,270,217.37,18.11,53.14,-51.94,1.02,25.6,819.0,6.0,1,2,50.0,-64.11,281.48,1,ABCD,1,8,3,1,0,0,0,False,False,True,True,False,False,True,True,False,20000000,500000000,24.957894916422497,0.15,50000,10000,100000,10.0,1.2459053485911467,9.47784384558361,5000.0,0.7313743291364273,0.12135035098701265,0.8,0.7,0.8,0.65,True,False,False,False,False,False,False,True,False,0.03,1.2,0.6,0.7,0.98,1.9511480633137248,0.03751319013324869,0,5.0,45,0.25,False,False,False,0.5,0.5,0.03,2,0.4093302065302356,1.3421931153555955,0.2536234286017777,1.0559717494577716,0.23202809064589475,4.986750356286079,11,0.14539983507691,0.5,0.6,20.0,2.0
optuna_00013,13,185.41,59,39,20,66.1,1.12,426.23,270,185.41,3.14,43.59,-75.74,0.58,17.2,720.0,29.5,1,2,50.0,-56.06,241.47,3,FLAT_TOP,1,35,16,8,0,0,0,True,True,True,True,True,False,True,True,False,20000000,1000000000,20.047142760952017,0.15,125000,10000,100000,10.0,2.1788520114011307,14.583265237731199,5000.0,0.6332590118242252,0.14806393373421392,0.8,0.7,0.8,0.65,True,False,False,True,True,True,False,True,False,0.07556792129782837,1.3598460836218416,0.6,0.7,0.98,1.5718430465069155,0.09844915997505924,0,5.0,45,0.25,False,False,False,0.5,0.5,0.03,2,0.4478660674667577,1.6506386117956828,0.4488905876915338,1.3345861624206008,0.1728907531579865,4.349836369613627,11,0.18341377043305068,0.5,0.6,20.0,2.0
optuna_00071,71,170.53,44,22,22,50.0,1.12,457.28,270,170.53,3.88,71.19,-63.44,1.12,13.2,927.0,3.7,6,12,50.0,-281.84,414.73,4,"ABCD,MICRO_PULLBACK",2,17,21,6,0,0,0,True,True,True,True,True,False,True,False,False,28000000,400000000,22.049487500697616,0.15,170000,10000,100000,10.0,3.58151492204192,5.0,5000.0,0.7053095842392989,0.14017724499726175,0.8,0.7,0.8,0.8493863577468594,True,False,True,True,False,True,True,True,False,0.03,1.2,0.8764203156199143,0.8688629795330147,0.9174599586436254,1.630894843761279,0.0129005621199528,0,5.0,45,0.25,False,False,False,0.5,0.5,0.03,2,0.3269367707365176,2.207982968873768,0.6521943368776485,1.698857353941987,0.210505754680971,4.163535500849537,11,0.19155321750029972,0.5,0.6,20.0,2.0
optuna_00102,102,166.03,19,10,9,52.63,1.24,417.87,270,166.03,8.74,87.16,-78.4,1.11,20.5,804.0,2.1,4,9,44.4,-253.27,270.21,3,ABCD,1,11,7,1,0,0,0,True,True,True,True,True,False,True,False,False,22000000,250000000,21.55231073613465,0.15,110000,10000,100000,10.0,3.2639523504254297,5.0,5000.0,0.6726297391118717,0.09767385566802177,0.8,0.7,0.8,0.8813306910164548,True,False,True,True,False,True,False,True,False,0.03,1.2,0.6,0.7,0.98,1.9054122774036784,0.013791338610493573,0,5.0,45,0.25,False,False,False,0.5,0.5,0.03,2,0.23616780774518675,1.7791352062378332,0.7494925418496612,1.7386519514520495,0.2738082344904589,4.747327068321662,11,0.1753190643827956,0.5,0.6,20.0,2.0
optuna_00040,40,159.19,41,22,19,53.66,1.12,432.16,270,159.19,3.88,65.71,-67.71,0.97,13.4,906.0,3.7,5,11,45.5,-333.49,404.09,4,"ABCD,MICRO_PULLBACK",2,15,20,5,1,0,0,True,True,True,True,True,False,True,False,False,28000000,400000000,21.707058023732223,0.15,165000,10000,100000,10.0,3.9179501402311754,5.0,5000.0,0.6976839198097781,0.13731596544319263,0.8,0.7,0.8,0.7525214188865749,True,False,True,True,False,True,True,True,False,0.03,1.2,0.8978960884946302,0.8583465122043299,0.9232828010375885,1.6538316359858862,0.010020796722695999,0,5.0,45,0.25,False,False,False,0.5,0.5,0.03,2,0.3432420042311926,2.3053990046841224,0.6278300548055521,2.046602269084016,0.20995525956748745,4.075637053782271,11,0.22639507099508643,0.5,0.6,20.0,2.0
optuna_00019,19,141.18,74,47,27,63.51,1.06,586.06,270,141.18,1.91,51.82,-84.98,0.61,18.7,843.0,37.0,1,2,50.0,-33.47,174.65,3,"FLAT_TOP,MICRO_PULLBACK",2,39,28,6,1,0,0,True,True,True,True,True,False,True,True,False,34000000,900000000,19.153345005148008,0.15,85000,10000,100000,10.0,1.6118232521065101,6.593274137620474,5000.0,0.5857116950099672,0.29820582784546945,0.8,0.7,0.8,0.65,True,False,False,True,True,True,True,True,False,0.06563549446464534,1.158198104902016,0.6424690074472923,0.5455415903733749,0.928695128227111,1.5144940375473543,0.029163700906428044,0,5.0,45,0.25,False,False,False,0.5,0.5,0.03,2,0.9446626833123052,3.9901493326546698,0.46411045589238376,1.2005143913778706,0.43069758202702313,3.826598080421131,11,0.005139687665829035,0.5,0.6,20.0,2.0
optuna_00051,51,132.34,43,22,21,51.16,1.1,449.39,270,132.34,3.08,69.12,-66.11,1.05,13.4,925.0,3.6,6,12,50.0,-333.65,414.2,4,"ABCD,MICRO_PULLBACK",2,15,21,6,1,0,0,True,True,True,True,True,False,True,False,False,28000000,400000000,22.012786032382476,0.15,170000,10000,100000,10.0,3.6352387094584424,5.0,5000.0,0.6950601137552573,0.14174965115175128,0.8,0.7,0.8,0.8184827856275599,True,False,True,True,False,True,True,True,False,0.03,1.2,0.8903859245531179,0.8683194503257411,0.9210036354097924,1.6532183648289198,0.01250621505431876,0,5.0,45,0.25,False,False,False,0.5,0.5,0.03,2,0.33257543595925854,2.2942073777975134,0.6473515693398642,1.6954137389933455,0.21699453948938302,4.1508637039781275,11,0.22388983692479114,0.5,0.6,20.0,2.0
optuna_00008,8,128.44,53,43,10,81.13,1.12,390.48,270,128.44,2.42,28.26,-108.69,0.26,12.5,772.0,26.5,1,2,50.0,-185.62,314.06,2,"FLAT_TOP,MICRO_PULLBACK",2,6,15,29,0,2,1,True,True,True,True,True,False,True,True,False,17000000,1000000000,20.492266647061204,0.15,135000,10000,100000,10.0,2.0009715926583813,11.28974699510081,5000.0,0.8079250490261083,0.14962618359934338,0.8,0.7,0.8,0.65,True,False,False,True,True,True,True,True,False,0.06715842857808794,1.0453040097720445,0.6367358853902829,0.4866009349550076,0.9433851649237973,1.7445854016275038,0.05424542876051492,0,5.0,45,0.25,False,False,False,0.5,0.5,0.03,2,0.7139354225650525,1.3975924927212036,0.5018817551480527,1.7492252292529424,0.4425959364753289,3.8775797471427094,10,0.3293468158094725,0.5,0.6,20.0,2.0
optuna_00111,111,117.7,11,4,7,36.36,1.28,186.6,270,117.7,10.7,136.12,-60.97,2.23,18.8,752.0,1.4,4,8,50.0,-100.64,182.18,3,ABCD,1,6,5,0,0,0,0,True,True,True,True,True,True,True,False,False,17000000,350000000,23.152985871695567,0.15,150000,10000,100000,7.046038026896921,2.9752440251855514,5.0,5000.0,0.8194942154570236,0.16828897441458826,0.8,0.7,0.8,0.8044989030056977,True,False,True,True,False,True,False,True,False,0.03,1.2,0.6,0.7,0.98,1.5686037017695553,0.032933526368494746,0,5.0,45,0.25,False,False,False,0.5,0.5,0.03,2,0.36262400830451774,1.8460611164651937,0.7320319280018394,1.6466505123439648,0.28924219816259134,4.173295094041804,11,0.1485528154977573,0.5,0.6,20.0,2.0
optuna_00030,30,110.23,818,484,334,59.17,1.0,2229.68,270,110.23,0.13,46.28,-66.74,0.69,25.6,877.0,62.9,5,13,38.5,-738.6,1112.16,7,"ABCD,FLAT_TOP,MICRO_PULLBACK",3,364,378,6,12,49,9,False,False,True,True,True,True,True,False,False,20000000,350000000,15.079011159621443,0.15,50000,10000,100000,5.378821427015856,1.2807772264987105,5.0,5000.0,0.9151443408501283,0.07770931170685,0.8,0.7,0.8,0.65,True,False,False,True,True,True,True,True,False,0.09265045056373644,1.2670873465132046,0.8712143622575617,0.899285145721723,0.9146978971425274,1.805392075427912,0.02286085964266312,0,5.0,45,0.25,False,False,False,0.5,0.5,0.03,2,0.3117353402725902,2.4825027291964785,0.20469755775104137,2.9385557850517463,0.13999436106760968,4.797412106688215,12,0.20808512047544922,0.5,0.6,20.0,2.0
optuna_00097,97,109.96,81,47,34,58.02,1.06,365.86,270,109.96,1.36,42.34,-55.29,0.77,16.2,905.0,6.2,6,13,46.2,-176.2,362.54,4,ABCD,1,53,27,1,0,0,0,False,True,True,True,True,False,True,False,False,18000000,250000000,22.735045378320343,0.15,50000,10000,100000,10.0,2.9396114673071967,5.0,5000.0,0.7227901189690694,0.06874841161104583,0.8,0.7,0.8,0.8654025097264911,True,False,True,True,False,True,False,True,False,0.03,1.2,0.6,0.7,0.98,1.859506797308685,0.01348445433630579,0,5.0,45,0.25,False,False,False,0.5,0.5,0.03,2,0.21869567427630554,1.4585549071620905,0.7252734399039862,1.8409686308393767,0.22826177955282165,4.883680473403736,11,0.13759732159381077,0.5,0.6,20.0,2.0
optuna_00190,190,97.87,12,8,4,66.67,1.34,191.77,270,97.87,8.16,48.21,-71.95,0.67,24.9,882.0,6.0,1,2,50.0,-81.78,179.65,2,ABCD,1,8,3,1,0,0,0,False,False,True,True,True,False,True,True,False,20000000,600000000,24.98518086562568,0.15,50000,10000,100000,10.0,1.5297708660498692,11.043499257822532,5000.0,0.7435668902260539,0.09456239890724509,0.8,0.7,0.8,0.65,True,False,False,False,False,False,False,True,False,0.03,1.2,0.6,0.7,0.98,1.9062493925652522,0.03452464921613328,0,5.0,45,0.25,False,False,False,0.5,0.5,0.03,2,0.4410581157346873,2.7927509403935877,0.21720260241179823,1.0082412194377532,0.20673168406717593,4.910799879307279,11,0.15318151836120109,0.5,0.6,20.0,2.0
optuna_00044,44,95.5,132,61,71,46.21,1.03,731.99,270,95.5,0.72,63.77,-53.44,1.19,14.1,937.0,10.2,8,13,61.5,-311.16,475.18,7,"ABCD,MICRO_PULLBACK",2,56,66,0,1,9,0,True,True,True,True,True,False,True,False,False,20000000,550000000,18.089000515563022,0.15,120000,10000,100000,10.0,3.9523445979719685,5.0,5000.0,0.8176009968386928,0.1652846331199396,0.8,0.7,0.8,0.808989042265033,True,False,True,True,False,True,True,True,False,0.03,1.2,0.7499870563465223,0.7969273474676732,0.9285774488051503,1.6015335324830617,0.03490607263139835,0,5.0,45,0.25,False,False,False,0.5,0.5,0.03,2,0.26635987501138325,2.5198983499752408,0.5634018055943792,1.7831531980686044,0.20620709001572302,3.7016446105331284,12,0.16923383770071093,0.5,0.6,20.0,2.0
optuna_00129,129,70.1,68,33,35,48.53,1.04,735.53,270,70.1,1.03,51.13,-46.2,1.11,11.5,932.0,5.2,6,13,46.2,-254.51,314.13,6,"ABCD,BULL_FLAG",2,27,29,9,3,0,0,False,True,True,True,True,False,True,False,False,33000000,100000000,23.369905391743654,0.15,50000,10000,100000,10.0,2.8444408107390746,5.0,5000.0,0.636092005117067,0.1485575631786575,0.7321656353140246,0.586845444146048,0.8104065522905526,0.6222282151054771,True,True,True,True,False,True,False,True,False,0.03,1.2,0.6,0.7,0.98,1.6843940694640103,0.013324983605014964,0,5.0,45,0.25,False,False,False,0.5,0.5,0.03,2,0.2267358072210766,1.4233765091832251,0.28352415200776265,1.4372935970517045,0.3100658364686499,4.640140885264495,11,0.18621738496266593,0.5,0.6,20.0,2.0
optuna_00137,137,69.18,40,24,16,60.0,1.06,719.77,270,69.18,1.73,47.98,-67.64,0.71,17.5,727.0,3.3,8,12,66.7,-289.69,239.29,4,ABCD,1,26,12,2,0,0,0,False,True,True,True,True,False,True,False,False,28000000,100000000,23.69698121117644,0.15,50000,10000,100000,10.0,2.2281549239948713,5.0,5000.0,0.908484269538189,0.1798123735631528,0.8,0.7,0.8,0.6378926866487933,True,False,True,True,False,True,False,True,False,0.03,1.2,0.6,0.7,0.98,1.6702049234705636,0.011654407545902275,0,5.0,45,0.25,False,False,False,0.5,0.5,0.03,2,0.20145570444104527,1.2170247846296751,0.7809553600141185,1.609521141399656,0.26871110514178986,4.757535708826701,11,0.2101021718384634,0.5,0.6,20.0,2.0
optuna_00139,139,50.6,18,8,10,44.44,1.12,176.23,270,50.6,2.81,57.0,-40.54,1.41,16.4,838.0,2.0,4,9,44.4,-78.76,169.87,3,ABCD,1,10,7,1,0,0,0,False,True,True,True,True,True,True,False,False,30000000,100000000,17.961159866782335,0.15,50000,10000,100000,10.659345066298236,2.5789215308775693,5.0,5000.0,0.6390051981910311,0.14032082838575707,0.8,0.7,0.8,0.6535672448110909,True,False,True,True,False,False,False,True,False,0.03,1.2,0.6,0.7,0.98,1.7375092078741603,0.010301424647436604,0,5.0,45,0.25,False,False,False,0.5,0.5,0.03,2,0.26176617415993686,1.4090583745582275,0.7217247882406785,1.26409431062768,0.28071193291812596,4.637985767366282,11,0.2225812138186101,0.5,0.6,20.0,2.0
optuna_00042,42,32.43,33,16,17,48.48,1.03,426.9,270,32.43,0.98,73.22,-67.0,1.09,14.7,932.0,3.3,6,10,60.0,-269.06,358.73,5,"ABCD,MICRO_PULLBACK",2,11,17,5,0,0,0,True,True,True,True,True,False,True,False,False,24000000,450000000,23.37695845487492,0.15,190000,10000,100000,10.0,3.453120967279384,5.0,5000.0,0.7273051473742832,0.14272261769869315,0.8,0.7,0.8,0.7840021941577224,True,False,True,True,False,True,True,True,False,0.03,1.2,0.8419596291856183,0.7801825216391025,0.9102373519935041,1.8853493599303661,0.02626540905249403,0,5.0,45,0.25,False,False,False,0.5,0.5,0.03,2,0.28453964316035146,2.022579936635512,0.6770486680314307,2.3604668314725297,0.1731115266027698,4.257638009411376,11,0.2691734889724663,0.5,0.6,20.0,2.0
optuna_00092,92,28.44,22,9,13,40.91,1.04,389.66,270,28.44,1.29,88.02,-58.75,1.5,14.9,787.0,2.2,5,10,50.0,-223.47,171.87,6,ABCD,1,14,8,0,0,0,0,True,True,True,True,True,False,True,False,False,16000000,150000000,24.303977072956673,0.15,140000,10000,100000,10.0,3.3803395492354187,5.0,5000.0,0.7973291134460004,0.12100093774977293,0.8,0.7,0.8,0.8693498091499882,True,False,True,True,False,True,False,True,False,0.03,1.2,0.6,0.7,0.98,1.800708184570949,0.015279278502957419,0,5.0,45,0.25,False,False,False,0.5,0.5,0.03,2,0.201026369655044,1.5530572430838552,0.796409510829694,1.8987985570173023,0.24549986142747957,4.406092088934716,11,0.0965124148280674,0.5,0.6,20.0,2.0
optuna_00021,21,-55.26,68,43,25,63.24,0.98,675.94,270,-55.26,-0.81,50.34,-88.8,0.57,21.2,847.0,34.0,1,2,50.0,-323.76,268.5,4,"FLAT_TOP,MICRO_PULLBACK",2,9,28,7,1,5,18,True,True,True,True,True,False,True,True,False,30000000,900000000,19.90455832474233,0.15,95000,10000,100000,10.0,1.6708003242851373,7.107982513207902,5000.0,0.5786239536524569,0.15010839333114637,0.8,0.7,0.8,0.65,True,False,False,True,True,True,True,True,False,0.06171992331284099,1.11606191745602,0.6522540632799865,0.5173605265426243,0.9336991801738075,1.5597134778899349,0.029880505235073282,0,5.0,45,0.25,False,False,False,0.5,0.5,0.03,2,0.9985729771742786,3.080266995625291,0.46834575757116387,1.1598855743985776,0.4535447545416322,3.826740750504038,11,0.3753384561407219,0.5,0.6,20.0,2.0
optuna_00011,11,-60.33,41,31,10,75.61,0.93,417.29,270,-60.33,-1.47,26.76,-89.0,0.3,9.9,715.0,20.5,1,2,50.0,-111.18,50.85,2,FLAT_TOP,1,5,14,22,0,0,0,True,True,True,True,True,False,True,True,False,6000000,500000000,18.79593827136186,0.15,140000,10000,100000,10.0,1.8834629109778334,14.338437151262259,5000.0,0.649006645971973,0.1556757860158949,0.8,0.7,0.8,0.65,True,False,False,True,True,False,False,True,False,0.0705944611688194,1.3279853214684623,0.6,0.7,0.98,1.5639276156160145,0.09437724105841808,0,5.0,45,0.25,False,False,False,0.5,0.5,0.03,2,0.24922469520027657,1.7326329596117944,0.4447732204530119,1.366066005700881,0.1394853273215902,4.4883942963359145,10,0.367846191393266,0.5,0.6,20.0,2.0
optuna_00038,38,-79.27,63,40,23,63.49,0.97,661.04,270,-79.27,-1.26,58.52,-105.22,0.56,21.3,785.0,31.5,1,2,50.0,-156.6,77.33,6,"BULL_FLAG,FLAT_TOP,MICRO_PULLBACK",3,29,32,1,0,1,0,False,True,True,True,True,True,True,True,False,11000000,700000000,23.70123190827392,0.15,50000,10000,100000,8.817881358908862,1.9217596143135331,12.22472962521733,5000.0,0.8,0.15,0.6321146139686658,0.6077163231469556,0.7558921647148317,0.65,False,True,False,False,True,True,True,True,False,0.09392816149702798,1.0096551864198915,0.798205951142633,0.7065356818575351,0.9375226828345151,1.9546663360322456,0.07477089061560284,0,5.0,45,0.25,False,False,False,0.5,0.5,0.03,2,0.49733770128961885,2.6062759728353733,0.43112176553912235,2.229626682083406,0.1207542246310078,4.80269259990879,12,0.256942732354905,0.5,0.6,20.0,2.0
optuna_00072,72,-89.46,38,21,17,55.26,0.93,487.82,270,-89.46,-2.35,53.77,-71.68,0.75,12.1,919.0,3.5,4,11,36.4,-326.57,377.26,3,"ABCD,MICRO_PULLBACK",2,14,17,3,0,1,3,True,True,True,True,True,False,True,False,False,27000000,300000000,21.725948535201823,0.15,165000,10000,100000,10.0,3.9382299185963077,5.0,5000.0,0.7452347357127017,0.16033284745238752,0.8,0.7,0.8,0.8511684153681622,True,False,True,True,False,True,True,True,False,0.03,1.2,0.8709951279994393,0.848020669278681,0.9147834963446253,1.595826932821514,0.012373819527779046,0,5.0,45,0.25,False,False,False,0.5,0.5,0.03,2,0.984141743684962,2.2124020758630096,0.7028581366606655,1.485501465607932,0.2159976703387961,4.054250420260339,11,0.18558411032142041,0.5,0.6,20.0,2.0
optuna_00055,55,-102.88,37,20,17,54.05,0.91,603.64,270,-102.88,-2.78,52.67,-68.02,0.77,17.2,857.0,2.8,6,13,46.2,-208.29,203.93,3,"ABCD,MICRO_PULLBACK",2,13,19,4,1,0,0,True,True,True,True,True,False,True,False,False,30000000,800000000,21.683626016290045,0.15,155000,10000,100000,10.0,4.621662070007142,5.0,5000.0,0.7156778894551366,0.10340823666225402,0.8,0.7,0.8,0.7059393363759451,True,False,True,True,False,True,True,True,False,0.03,1.2,0.7835642097722622,0.8059640708572823,0.9316728501750893,1.844460458332882,0.027603169343035815,0,5.0,45,0.25,False,False,False,0.5,0.5,0.03,2,0.4847630737789713,2.6042073760614293,0.4511016324501819,1.8753804188121734,0.14890613183936163,4.017241104559143,11,0.4157153311509104,0.5,0.6,20.0,2.0
optuna_00046,46,-107.7,5,2,3,40.0,0.04,110.37,270,-107.7,-21.54,2.31,-37.44,0.06,10.2,996.0,5.0,0,1,0.0,-107.7,-107.7,2,BULL_FLAG,1,2,2,1,0,0,0,False,False,True,True,False,False,True,True,False,20000000,500000000,21.160597748792306,0.15,50000,10000,100000,10.0,3.711031542969936,13.60743153262534,5000.0,0.8,0.15,0.8725539964297989,0.8703391718628788,0.6546410745270691,0.65,False,True,False,True,False,False,False,True,False,0.03,1.2,0.6,0.7,0.98,1.5059007366319817,0.020790410676421994,0,5.0,45,0.25,False,False,False,0.5,0.5,0.03,2,0.4337181285374957,2.785539794174309,0.5425350745437035,1.4182932268967223,0.14001885853742435,4.526225515796122,11,0.04493538755982121,0.5,0.6,20.0,2.0
optuna_00004,4,-173.77,62,45,17,72.58,0.89,767.74,270,-173.77,-2.8,31.53,-93.67,0.34,13.3,760.0,31.0,1,2,50.0,-211.87,38.1,3,FLAT_TOP,1,6,22,32,2,0,0,True,True,True,True,True,False,True,True,False,11000000,550000000,17.786464642366113,0.15,55000,10000,100000,10.0,1.2059150049999574,13.807456517566498,5000.0,0.508293914463928,0.2193910904605706,0.8,0.7,0.8,0.65,True,False,False,True,True,False,False,True,False,0.056088375246935294,1.226495775197938,0.6,0.7,0.98,1.6019378538869098,0.06318036488694177,0,5.0,45,0.25,False,False,False,0.5,0.5,0.03,2,0.29077881699247127,2.1549857829407237,0.6145626428614797,2.2903455808189,0.25469413852021494,2.523099287014974,10,0.46836499436836726,0.5,0.6,20.0,2.0
optuna_00060,60,-200.4,49,30,19,61.22,0.87,579.53,270,-200.4,-4.09,45.85,-82.94,0.55,13.3,819.0,24.5,1,2,50.0,-474.53,274.13,5,"ABCD,FLAT_TOP,MICRO_PULLBACK",3,29,14,6,0,0,0,True,True,True,True,True,False,True,True,False,39000000,950000000,21.929586027262996,0.15,115000,10000,100000,10.0,4.433888773193572,13.867970128656644,5000.0,0.8443310818353071,0.11545483579916858,0.8,0.7,0.8,0.6908132670552608,True,False,True,True,True,False,True,True,False,0.07209935985528292,1.066021256538967,0.8747143649538637,0.7346707888239652,0.9083678493257075,1.9378002574927908,0.041432645465392756,0,5.0,45,0.25,False,False,False,0.5,0.5,0.03,2,0.31212245648906317,1.3230742002289406,0.40551509696083793,1.9548919776721412,0.38188862854975447,4.205694638533621,11,0.08292995882107808,0.5,0.6,20.0,2.0
optuna_00063,63,-211.45,72,41,31,56.94,0.92,588.3,270,-211.45,-2.94,59.03,-84.89,0.7,19.8,845.0,36.0,0,2,0.0,-172.71,-38.74,3,"FLAT_TOP,MICRO_PULLBACK",2,32,31,6,1,2,0,True,True,True,True,True,False,True,True,False,32000000,950000000,23.291264690672605,0.15,65000,10000,100000,10.0,1.7449948141298632,7.41997908322491,5000.0,0.6136174782733226,0.23712718109780057,0.8,0.7,0.8,0.65,True,False,False,True,True,True,True,True,False,0.06602973587252134,1.3123924185402396,0.5669187001702434,0.44252430790667563,0.9254236311436467,1.7822022629735923,0.019746719969670895,0,5.0,45,0.25,False,False,False,0.5,0.5,0.03,2,0.3979617608553749,3.5969287764280105,0.6194392254147187,1.0023905636523982,0.23632934376742176,4.095806252852783,11,0.16886922192134463,0.5,0.6,20.0,2.0
optuna_00109,109,-218.65,135,95,40,70.37,0.91,636.23,270,-218.65,-1.62,23.93,-62.31,0.38,5.8,916.0,10.4,5,13,38.5,-387.01,291.83,4,"ABCD,BULL_FLAG",2,18,35,81,1,0,0,False,True,True,True,True,False,True,False,False,13000000,350000000,23.789260097412203,0.15,50000,10000,100000,10.0,3.048809911907124,5.0,5000.0,0.9285589000284783,0.15530651979534793,0.5975335988279977,0.8009089055416071,0.6823001953816068,0.4715825427032104,True,True,True,True,False,True,False,True,False,0.03,1.2,0.6,0.7,0.98,1.8246814364327235,0.017961230380344036,0,5.0,45,0.25,False,False,False,0.5,0.5,0.03,2,0.3105485962087743,2.0952043506007128,0.7160488009972988,1.7979914046909367,0.33934926427088824,4.225152022853635,10,0.12020570947180226,0.5,0.6,20.0,2.0
optuna_00054,54,-240.12,110,57,53,51.82,0.93,950.96,270,-240.12,-2.18,55.19,-63.88,0.86,12.6,937.0,8.5,5,13,38.5,-443.87,350.58,11,"ABCD,MICRO_PULLBACK",2,45,53,8,0,4,0,True,True,True,True,True,False,True,False,False,25000000,300000000,15.457022858191744,0.15,185000,10000,100000,10.0,4.93382724620523,5.0,5000.0,0.6777332759111032,0.06839924739774739,0.8,0.7,0.8,0.8411802732348588,True,False,True,True,False,True,True,True,False,0.03,1.2,0.6665215115106827,0.890600100182587,0.9238615881029922,1.619318452033496,0.018898386711534407,0,5.0,45,0.25,False,False,False,0.5,0.5,0.03,2,0.40035907098303625,2.100761624482409,0.6039210452529942,1.5736679649647014,0.19020068624410763,4.534335865382008,11,0.12834052850914401,0.5,0.6,20.0,2.0
optuna_00052,52,-253.02,37,19,18,51.35,0.8,633.47,270,-253.02,-6.84,54.71,-71.8,0.76,13.8,916.0,3.7,3,10,30.0,-331.72,367.1,4,"ABCD,MICRO_PULLBACK",2,10,20,6,1,0,0,True,True,True,True,True,False,True,False,False,26000000,400000000,22.854415871481066,0.15,165000,10000,100000,10.0,4.076354938222785,5.0,5000.0,0.6244157999484767,0.161895058707182,0.8,0.7,0.8,0.7346327164824756,True,False,True,True,False,True,True,True,False,0.03,1.2,0.8969264066049752,0.8832756322378242,0.9060754035652892,1.7538847918005211,0.010154285416572154,0,5.0,45,0.25,False,False,False,0.5,0.5,0.03,2,0.55810118916754,2.2605888287560694,0.6304912194475805,2.0184102680560168,0.168698372081264,4.11689728042844,11,0.22810814145875805,0.5,0.6,20.0,2.0
optuna_00079,79,-266.86,67,50,17,74.63,0.81,459.48,270,-266.86,-3.98,22.35,-81.44,0.27,10.6,879.0,5.2,4,13,30.8,-145.31,137.65,2,ABCD,1,7,16,44,0,0,0,False,True,True,True,True,False,True,False,False,24000000,200000000,23.52339907599996,0.15,50000,10000,100000,10.0,3.2797442154577823,5.0,5000.0,0.7306245998457452,0.09078605822572605,0.8,0.7,0.8,0.7574498818382984,True,False,True,True,False,True,False,True,False,0.03,1.2,0.6,0.7,0.98,1.9830478138629801,0.02168831687258045,0,5.0,45,0.25,False,False,False,0.5,0.5,0.03,2,0.22518619813089003,1.7832002648876357,0.5854172336836971,1.5243190310461245,0.2724184515990606,2.918732771899416,10,0.09224039994469854,0.5,0.6,20.0,2.0
optuna_00061,61,-274.01,75,45,30,60.0,0.89,643.43,270,-274.01,-3.65,49.44,-83.3,0.59,20.0,833.0,37.5,0,2,0.0,-216.35,-57.66,4,"FLAT_TOP,MICRO_PULLBACK",2,36,28,9,0,1,1,True,True,True,True,True,False,True,True,False,34000000,950000000,22.672480604571106,0.15,85000,10000,100000,10.0,1.5926824955180579,4.662553058067081,5000.0,0.5398176271165689,0.28626617928620696,0.8,0.7,0.8,0.65,True,False,False,True,True,True,True,True,False,0.06201561702471421,1.1437247211151584,0.6680147927199065,0.5250038752348277,0.9293171160048748,1.5488408127294468,0.027365542322032307,0,5.0,45,0.25,False,False,False,0.5,0.5,0.03,2,0.6804137848637771,3.316336244095268,0.44927943443951335,1.1487119644472779,0.10114858292820732,3.844827110131681,11,0.0504082760481945,0.5,0.6,20.0,2.0
optuna_00023,23,-279.6,60,42,18,70.0,0.82,625.05,270,-279.6,-4.66,30.8,-87.41,0.35,11.9,839.0,30.0,0,2,0.0,-186.67,-92.93,2,"FLAT_TOP,MICRO_PULLBACK",2,12,18,30,0,0,0,True,True,True,True,True,False,True,True,False,15000000,900000000,18.743259669166413,0.15,120000,10000,100000,10.0,2.3771473861452077,4.5183164631959105,5000.0,0.6290958593677632,0.23699771992447166,0.8,0.7,0.8,0.65,True,False,False,True,True,True,True,True,False,0.06559522593837981,1.4127615372001945,0.6998940040784641,0.40016579814340725,0.9649029764410206,1.5183164453517042,0.010719445416651867,0,5.0,45,0.25,False,False,False,0.5,0.5,0.03,2,0.3812364301847484,3.9592343311097444,0.5243988487852465,1.9171525915698397,0.3991201763749328,3.5542929096077156,10,0.005019990613049086,0.5,0.6,20.0,2.0
optuna_00075,75,-327.72,62,31,31,50.0,0.83,901.97,270,-327.72,-5.29,51.93,-62.5,0.83,14.4,894.0,4.8,5,13,38.5,-472.29,341.06,5,"ABCD,MICRO_PULLBACK",2,25,28,7,2,0,0,True,True,True,True,True,False,True,False,False,31000000,350000000,22.356650788536548,0.15,135000,10000,100000,10.0,3.3597516970392585,5.0,5000.0,0.7613230082941644,0.12560492526949169,0.8,0.7,0.8,0.7909833923520284,True,False,True,True,False,True,True,True,False,0.03,1.2,0.8546535397601471,0.8847648670336681,0.9058705322435273,1.8444743222224664,0.01748141795547941,0,5.0,45,0.25,False,False,False,0.5,0.5,0.03,2,0.29496418768637944,1.63317997228493,0.7213364645444382,1.3696482728790595,0.309927229330038,4.216208848607856,11,0.16825497203806425,0.5,0.6,20.0,2.0
optuna_00188,188,-331.16,379,213,166,56.2,0.96,1271.72,270,-331.16,-0.87,35.67,-47.76,0.75,16.7,953.0,29.2,7,13,53.8,-705.92,375.28,9,"ABCD,BULL_FLAG",2,149,177,45,1,5,2,False,False,True,True,True,False,True,False,False,20000000,550000000,24.769673948167895,0.15,50000,10000,100000,10.0,1.6638176300784377,5.0,5000.0,0.7516112085297888,0.1046382934733315,0.5773971496118493,0.8538540469211311,0.5878899700783959,0.65,True,True,False,False,False,False,False,True,False,0.03,1.2,0.6,0.7,0.98,1.9297814100793405,0.04277123487811141,0,5.0,45,0.25,False,False,False,0.5,0.5,0.03,2,0.415400949654592,3.011510381636006,0.23637710837513173,1.0378465127597738,0.22276248879113433,4.999072667933493,11,0.1401516971140311,0.5,0.6,20.0,2.0
optuna_00110,110,-347.72,55,26,29,47.27,0.82,757.2,270,-347.72,-6.32,61.01,-66.69,0.91,16.9,774.0,4.2,6,13,46.2,-218.51,245.64,5,ABCD,1,32,19,4,0,0,0,True,False,True,True,True,False,True,False,False,20000000,250000000,23.50853836454095,0.15,125000,10000,100000,10.0,2.930787319609262,5.0,5000.0,0.9760370902775697,0.13135136352129817,0.8,0.7,0.8,0.6199390217531097,True,False,True,True,False,True,False,True,False,0.03,1.2,0.6,0.7,0.98,1.6639651935783337,0.011667375746890776,0,5.0,45,0.25,False,False,False,0.5,0.5,0.03,2,0.38929442907690825,1.6406362423868006,0.7419102997902178,1.8917312718192405,0.11356108167144502,4.129557062742067,11,0.15914915820498166,0.5,0.6,20.0,2.0
optuna_00062,62,-372.84,73,42,31,57.53,0.86,1074.0,270,-372.84,-5.11,55.96,-87.84,0.64,19.5,846.0,36.5,1,2,50.0,-466.85,94.01,4,"FLAT_TOP,MICRO_PULLBACK",2,36,31,4,1,0,1,True,True,True,True,True,False,True,True,False,40000000,850000000,19.35436899575722,0.15,80000,10000,100000,10.0,2.0465869981235936,8.246178104372479,5000.0,0.5913847791466967,0.2967980045726793,0.8,0.7,0.8,0.65,True,False,False,True,True,True,True,True,False,0.07423939775849907,1.1687142806840252,0.6332120315765626,0.6037217278019692,0.936758029061206,1.5293734639845025,0.03081460777743029,0,5.0,45,0.25,False,False,False,0.5,0.5,0.03,2,0.8788522885480985,3.7294132648886142,0.7633530196554956,2.1678341494028923,0.49636504133301984,3.7465327306299128,11,0.019605350722836624,0.5,0.6,20.0,2.0
optuna_00026,26,-381.02,86,47,39,54.65,0.88,873.57,270,-381.02,-4.43,58.0,-79.66,0.73,12.4,957.0,6.6,6,13,46.2,-382.02,220.4,5,BULL_FLAG,1,45,40,0,0,1,0,False,True,True,True,False,True,True,False,False,32000000,500000000,23.105889385760197,0.15,50000,10000,100000,18.939081253408492,1.632116285358796,5.0,5000.0,0.8,0.15,0.6948803740834137,0.896797775859189,0.9092549936668595,0.8840297168777039,False,True,True,False,False,True,False,True,False,0.03,1.2,0.6,0.7,0.98,1.954943728534158,0.06194509557024267,0,5.0,45,0.25,False,False,False,0.5,0.5,0.03,2,0.587440206423432,3.486127597508918,0.4675898043260434,1.2117330546134315,0.3165824694299466,4.243856002307728,13,0.10249668133122523,0.5,0.6,20.0,2.0
optuna_00067,67,-399.61,67,37,30,55.22,0.81,751.25,270,-399.61,-5.96,47.52,-71.93,0.66,20.7,853.0,33.5,1,2,50.0,-413.14,13.53,4,FLAT_TOP,1,23,35,6,0,2,1,True,True,True,True,True,False,True,True,False,26000000,1000000000,15.29801784334964,0.15,90000,10000,100000,10.0,1.572122766908818,3.2006338654639785,5000.0,0.6460813721581575,0.29684599092913866,0.8,0.7,0.8,0.65,True,False,False,True,True,True,False,True,False,0.04960038560575071,1.186034161821831,0.6,0.7,0.98,1.6652067310130423,0.05257742543013928,0,5.0,45,0.25,False,False,False,0.5,0.5,0.03,2,0.35456011920403535,2.3555328394430544,0.46815349594460237,2.282903889851306,0.17949215316519232,4.463095914387392,11,0.2689487306879735,0.5,0.6,20.0,2.0
optuna_00037,37,-421.92,114,60,54,52.63,0.88,809.53,270,-421.92,-3.7,53.35,-67.09,0.8,23.4,874.0,8.8,6,13,46.2,-383.48,428.91,5,ABCD,1,54,55,0,0,5,0,True,True,True,True,False,False,True,False,False,22000000,500000000,15.59445099262209,0.15,35000,10000,100000,10.0,1.0134774047956903,5.0,5000.0,0.7818040625175773,0.08160721895560927,0.8,0.7,0.8,0.5481325165586617,True,False,True,True,False,True,False,True,False,0.03,1.2,0.6,0.7,0.98,1.695902877618892,0.01602593788960753,0,5.0,45,0.25,False,False,False,0.5,0.5,0.03,2,0.416735143115159,3.1261985091313997,0.38297714870703436,1.5471665377845965,0.3001016579879159,4.038501758169177,13,0.14424551050245812,0.5,0.6,20.0,2.0
optuna_00045,45,-469.98,39,21,18,53.85,0.59,781.93,270,-469.98,-12.05,32.87,-64.45,0.51,16.8,866.0,3.5,4,11,36.4,-277.11,253.97,4,"ABCD,MICRO_PULLBACK",2,14,22,0,0,3,0,True,True,True,True,True,False,True,False,False,12000000,350000000,24.48216420493608,0.15,95000,10000,100000,10.0,4.283736441733118,5.0,5000.0,0.9474683149251018,0.20337870141689607,0.8,0.7,0.8,0.7020450264307151,True,False,True,True,False,True,True,True,False,0.03,1.2,0.8485305757336797,0.8457097477676321,0.9449778356574606,1.8669491154362863,0.012627981741706831,0,5.0,45,0.25,False,False,False,0.5,0.5,0.03,2,0.3826178017271758,2.40470868275235,0.4787003905012825,1.1044736946537173,0.16271684371539094,4.000302151555952,12,0.2118291395573654,0.5,0.6,20.0,2.0
optuna_00098,98,-504.79,113,65,48,57.52,0.85,1282.72,270,-504.79,-4.47,43.53,-69.46,0.63,18.4,875.0,8.7,4,13,30.8,-428.17,606.1,5,ABCD,1,62,42,9,0,0,0,False,True,True,True,True,False,True,False,False,23000000,300000000,23.10599109787587,0.15,50000,10000,100000,10.0,3.2275317376198913,5.0,5000.0,0.9984325435524661,0.10142648663505864,0.8,0.7,0.8,0.8789283180239166,True,False,True,True,False,False,False,True,False,0.03,1.2,0.6,0.7,0.98,1.7921461723843986,0.010606933116862848,0,5.0,45,0.25,False,False,False,0.5,0.5,0.03,2,0.3149235761920854,1.8477048539388496,0.7585388396900947,1.68414650075827,0.2407390993850961,4.591436965528063,11,0.20290038283334513,0.5,0.6,20.0,2.0
optuna_00043,43,-511.27,38,17,21,44.74,0.67,855.29,270,-511.27,-13.45,61.38,-74.03,0.83,11.2,945.0,3.5,5,11,45.5,-408.59,243.29,4,"ABCD,MICRO_PULLBACK",2,13,20,5,0,0,0,True,True,True,True,True,False,True,False,False,28000000,300000000,22.127610008579364,0.15,175000,10000,100000,10.0,3.4333638101737725,5.0,5000.0,0.6902900067653308,0.2215546775412951,0.8,0.7,0.8,0.6543544472518039,True,False,True,True,False,True,True,True,False,0.03,1.2,0.8633003237468266,0.8631614163466164,0.9201577550034739,1.7765480079746592,0.017933521520898082,0,5.0,45,0.25,False,False,False,0.5,0.5,0.03,2,0.20595189554554594,2.1627810876665925,0.5956961446929239,2.198278653880781,0.12719261855437292,4.582697328715926,11,0.1265863044849547,0.5,0.6,20.0,2.0
optuna_00056,56,-610.21,46,22,24,47.83,0.66,636.86,270,-610.21,-13.27,53.35,-74.33,0.72,17.4,835.0,23.0,0,2,0.0,-347.12,-263.09,3,"ABCD,FLAT_TOP",2,23,19,3,0,1,0,True,True,True,True,True,False,True,True,False,35000000,600000000,20.62192283982768,0.15,130000,10000,100000,10.0,3.808760639682476,9.99527612147315,5000.0,0.7829930734240359,0.12943584042497144,0.8,0.7,0.8,0.65,True,False,False,True,True,True,False,True,False,0.059150545395790205,1.4784807891657836,0.6,0.7,0.98,1.7188381590626842,0.024060432152559416,0,5.0,45,0.25,False,False,False,0.5,0.5,0.03,2,0.426911404319828,1.707659479446623,0.5826101199301155,2.0773543275454913,0.22679422434439034,4.277566862325274,11,0.2539766495086617,0.5,0.6,20.0,2.0
optuna_00070,70,-675.01,223,109,114,48.88,0.9,1674.52,270,-675.01,-3.03,56.13,-59.59,0.94,11.7,949.0,17.2,6,13,46.2,-678.53,658.42,9,"ABCD,BULL_FLAG,MICRO_PULLBACK",3,116,105,0,1,0,1,True,True,True,True,True,False,True,False,False,7000000,850000000,16.57299584635833,0.15,105000,10000,100000,10.0,1.8705554420276833,5.0,5000.0,0.8958600064394047,0.1477753935403301,0.9813360773886662,0.4073826420053564,0.9750164804188184,0.65,True,True,False,True,False,True,True,True,False,0.03,1.2,0.7319773369901081,0.8979914676717105,0.9213183399242657,1.919888672346776,0.023190948700501562,0,5.0,45,0.25,False,False,False,0.5,0.5,0.03,2,0.4728600038754375,2.548934512774523,0.31766623695058144,1.5786570780021227,0.1979269210796608,4.363398405773463,12,0.028014992661515234,0.5,0.6,20.0,2.0
optuna_00064,64,-681.23,77,53,24,68.83,0.7,823.29,270,-681.23,-8.85,30.08,-94.8,0.32,11.6,846.0,38.5,0,2,0.0,-345.57,-335.66,3,"FLAT_TOP,MICRO_PULLBACK",2,17,23,35,1,0,1,True,True,True,True,True,False,True,True,False,24000000,900000000,20.238968221111165,0.15,95000,10000,100000,10.0,1.45775244477939,6.0385400932776925,5000.0,0.5177937496331109,0.26652037649400734,0.8,0.7,0.8,0.65,True,False,False,True,True,True,True,True,False,0.08677678178021628,1.0065103130017832,0.615255510693858,0.8703364918937812,0.9136377804290121,1.6646845312945067,0.01435019901753564,0,5.0,45,0.25,False,False,False,0.5,0.5,0.03,2,0.7946102232322608,2.1538602440856853,0.5007630182809016,1.314182864321741,0.42380581798064837,3.924994280294963,10,0.10862656151846506,0.5,0.6,20.0,2.0
optuna_00007,7,-722.85,61,30,31,49.18,0.65,781.18,270,-722.85,-11.85,45.54,-67.39,0.68,18.2,901.0,30.5,0,2,0.0,-474.19,-248.66,6,"BULL_FLAG,FLAT_TOP",2,17,32,0,0,7,5,False,False,True,True,True,False,True,True,False,20000000,850000000,21.499639307777652,0.15,50000,10000,100000,10.0,4.193180715867101,11.125569404350143,5000.0,0.8,0.15,0.8114452379095001,0.7849967765493054,0.6079105137484215,0.65,False,True,False,True,True,True,False,True,False,0.01768127184943912,1.0516817211686078,0.6,0.7,0.98,1.817651281629712,0.0570018934049324,0,5.0,45,0.25,False,False,False,0.5,0.5,0.03,2,0.8361489558149631,2.1042781242354884,0.582457940898924,2.0627092631362958,0.3904365334890646,3.6219053648303197,12,0.4879260397312673,0.5,0.6,20.0,2.0
optuna_00022,22,-833.67,58,31,27,53.45,0.64,1059.84,270,-833.67,-14.37,47.2,-85.07,0.55,20.3,776.0,29.0,0,2,0.0,-513.69,-319.98,5,"FLAT_TOP,MICRO_PULLBACK",2,14,34,5,0,5,0,True,True,True,True,True,False,True,True,False,43000000,1000000000,20.726176276766502,0.15,155000,10000,100000,10.0,2.147269338914959,7.936186681178948,5000.0,0.7452929562550727,0.1911076344917418,0.8,0.7,0.8,0.65,True,False,False,True,True,True,True,True,False,0.041443728348912925,1.259049118508106,0.6057750672059053,0.5715696404207012,0.9406475305114825,1.8025328569761805,0.04437644414870457,0,5.0,45,0.25,False,False,False,0.5,0.5,0.03,2,0.891793950091174,3.338995324324018,0.3882587639691472,1.4926886666350152,0.4625099469257377,4.133550010102869,11,0.3100874025607687,0.5,0.6,20.0,2.0
optuna_00034,34,-1007.89,322,178,144,55.28,0.89,1497.07,270,-1007.89,-3.13,45.4,-63.12,0.72,22.4,933.0,24.8,5,13,38.5,-729.01,425.36,8,"ABCD,BULL_FLAG,MICRO_PULLBACK",3,119,172,3,5,20,3,False,False,True,True,False,True,True,False,False,20000000,500000000,17.243511221012554,0.15,50000,10000,100000,16.9190011299657,1.2923864410665997,5.0,5000.0,0.8285929524145106,0.05729971969461754,0.6880636610743355,0.4091485206592282,0.5109950766005075,0.65,True,True,False,False,False,True,True,True,False,0.03,1.2,0.831653949918262,0.8179187459983853,0.9240078416943248,1.7009687511233191,0.0445893983433321,0,5.0,45,0.25,False,False,False,0.5,0.5,0.03,2,0.4566574098284943,2.7065148840196223,0.3221355354352104,1.966470573366606,0.2729415497330727,4.445203945781975,12,0.19983299174307415,0.5,0.6,20.0,2.0
optuna_00065,65,-1442.12,70,34,36,48.57,0.53,1588.4,270,-1442.12,-20.6,47.35,-84.78,0.56,19.6,846.0,35.0,0,2,0.0,-1203.75,-238.37,6,"FLAT_TOP,MICRO_PULLBACK",2,24,37,4,0,2,3,False,True,True,True,True,False,True,True,False,36000000,500000000,16.16818309458843,0.15,50000,10000,100000,10.0,1.1280406564856869,5.327106583928659,5000.0,0.6649669233757296,0.18267548081956153,0.8,0.7,0.8,0.65,True,False,False,True,True,True,True,True,False,0.06854690273914996,1.2708182022120493,0.4498854515784205,0.5158129290634865,0.9298906220143964,1.5115090559603241,0.02852684917146091,0,5.0,45,0.25,False,False,False,0.5,0.5,0.03,2,0.7638133055859423,2.4802737385564333,0.4333007878467675,1.4549503239193393,0.4661236839702638,4.333505429601585,11,0.1402565930700389,0.5,0.6,20.0,2.0
optuna_00000,0,-1489.33,698,364,334,52.15,0.93,3141.87,270,-1489.33,-2.13,58.11,-67.79,0.86,21.3,858.0,53.7,6,13,46.2,-707.31,1276.06,8,"ABCD,FLAT_TOP,MICRO_PULLBACK",3,230,386,4,52,20,6,False,False,True,True,True,True,True,False,False,20000000,750000000,24.24881602630832,0.15,50000,10000,100000,24.43382276559811,3.035658989047272,5.0,5000.0,0.8069403243830571,0.07679735917981205,0.8,0.7,0.8,0.65,True,False,False,True,True,True,True,True,False,0.01729502644702166,1.0027339047634092,0.4107816343788082,0.7392295408774315,0.9315308987423052,1.7980400231556324,0.023841896132975757,0,5.0,45,0.25,False,False,False,0.5,0.5,0.03,2,0.3004356057269694,2.3835527721086534,0.6412247542234245,2.8313647798179447,0.4917073482207825,2.5420232470568482,12,0.4907886859274225,0.5,0.6,20.0,2.0
optuna_00149,149,-1835.3,1054,612,442,58.06,0.92,3524.16,270,-1835.3,-1.74,36.53,-54.74,0.67,16.6,902.0,81.1,5,13,38.5,-1114.76,643.63,12,"ABCD,FLAT_TOP",2,581,360,89,5,18,1,False,True,True,True,True,False,True,False,False,48000000,200000000,24.663025322329794,0.15,50000,10000,100000,10.0,2.6263226495899117,5.0,5000.0,0.7232355883124584,0.15763616275763262,0.8,0.7,0.8,0.7005400710745989,True,False,True,True,True,True,False,True,False,0.02941413354743681,1.8228262663994197,0.6,0.7,0.98,1.7066162911641638,0.015377334369650265,0,5.0,45,0.25,False,False,False,0.5,0.5,0.03,2,0.23618737234762666,1.4315527371635686,0.7636882490779642,1.504171432011181,0.3062049818815261,4.484853042728427,11,0.16109705346884348,0.5,0.6,20.0,2.0
optuna_00158,158,-1862.12,1169,653,516,55.86,0.92,3837.3,270,-1862.12,-1.59,33.02,-45.39,0.73,17.4,927.0,89.9,4,13,30.8,-990.87,1087.12,6,"ABCD,FLAT_TOP,MICRO_PULLBACK",3,645,444,4,8,55,13,False,False,True,True,True,False,True,False,False,20000000,400000000,24.524623500480256,0.15,50000,10000,100000,10.0,2.7732059391313144,5.0,5000.0,0.713149288662871,0.129525094164751,0.8,0.7,0.8,0.762812772818962,True,False,True,False,True,True,True,True,False,0.02985189663243129,1.562982916193169,0.5009517785209077,0.8048797687044797,0.9827210881020527,1.8433350535009894,0.028226412341988076,0,5.0,45,0.25,False,False,False,0.5,0.5,0.03,2,0.32305852119412826,1.3066971783649655,0.2805293295494726,1.1982295276121049,0.14840299404332336,4.826209387484312,12,0.15132525181663098,0.5,0.6,20.0,2.0
optuna_00031,31,-1912.06,813,452,361,55.6,0.92,3583.31,270,-1912.06,-2.35,50.75,-68.84,0.74,22.8,852.0,62.5,5,13,38.5,-818.77,716.6,9,"ABCD,FLAT_TOP,MICRO_PULLBACK",3,425,355,5,6,18,4,False,False,True,True,True,True,True,False,False,20000000,250000000,16.182306501445506,0.15,50000,10000,100000,9.279010460584775,1.775650019106967,5.0,5000.0,0.8708493291415841,0.09119995192735483,0.8,0.7,0.8,0.65,True,False,False,True,True,True,True,True,False,0.08006840341090853,1.3162545698203767,0.8105324050703597,0.8195437147632777,0.9110639030784066,1.697651702827508,0.03406902027958279,0,5.0,45,0.25,False,False,False,0.5,0.5,0.03,2,0.3507371125872241,2.8670435975178665,0.3528624341488634,1.6334714714092742,0.21030945372076226,4.451274580326322,12,0.18092731141914475,0.5,0.6,20.0,2.0
optuna_00162,162,-1975.19,792,428,364,54.04,0.86,2939.07,270,-1975.19,-2.49,29.05,-39.58,0.73,17.3,989.0,60.9,5,13,38.5,-697.82,820.46,7,"ABCD,MICRO_PULLBACK",2,185,441,97,13,50,6,False,False,True,True,True,False,True,False,False,20000000,450000000,23.977238211681694,0.15,50000,10000,100000,10.0,1.1661623727106138,5.0,5000.0,0.7268904151032631,0.15295775030562542,0.8,0.7,0.8,0.65,True,False,False,False,False,False,True,True,False,0.03,1.2,0.6898626289946209,0.7678920123037821,0.9707001134396618,1.8516835953511463,0.034757039069556205,0,5.0,45,0.25,False,False,False,0.5,0.5,0.03,2,0.3797192389349464,2.9362818069111305,0.317206076121668,1.2934059177330208,0.2404428187238703,4.971892892829857,11,0.17261142956413292,0.5,0.6,20.0,2.0
optuna_00033,33,-2425.55,918,494,424,53.81,0.91,3923.59,270,-2425.55,-2.64,52.01,-66.32,0.78,20.6,865.0,70.6,6,13,46.2,-1115.88,1017.02,10,"ABCD,FLAT_TOP,MICRO_PULLBACK",3,457,424,0,11,24,2,False,False,True,True,True,True,True,False,False,20000000,450000000,16.802522393644864,0.15,50000,10000,100000,9.391076417182413,1.0626705342447114,5.0,5000.0,0.870320082109252,0.17315878629140577,0.8,0.7,0.8,0.65,True,False,False,True,True,True,True,True,False,0.09863721223016117,1.3457600653722808,0.7412224924206361,0.7207782686525319,0.9014767846822604,1.8949358736323647,0.016459039128916213,0,5.0,45,0.25,False,False,False,0.5,0.5,0.03,2,0.32047581896397176,3.1392021510436097,0.2664333871675719,1.6327521321425291,0.15603207734885124,4.278780054780726,13,0.1533001435245823,0.5,0.6,20.0,2.0
optuna_00068,68,-2745.56,847,504,343,59.5,0.87,4390.9,270,-2745.56,-3.24,37.96,-63.78,0.6,20.1,869.0,65.2,5,13,38.5,-1240.15,688.18,7,"FLAT_TOP,MICRO_PULLBACK",2,425,354,5,8,43,12,False,True,True,True,False,False,True,False,False,30000000,500000000,17.78777834201576,0.15,50000,10000,100000,10.0,2.7228942050434184,5.0,5000.0,0.8,0.15,0.8,0.7,0.8,0.65,False,False,False,True,True,True,True,True,False,0.0924603759081773,1.9551891292751855,0.6640399892391378,0.6410481084727108,0.9003246173693188,1.745868055436397,0.06140562343073025,0,5.0,45,0.25,False,False,False,0.5,0.5,0.03,2,0.44698775810547586,2.0064073197715526,0.645257253329671,1.1589014905407402,0.38258194440546206,4.737516062841603,12,0.234380122185591,0.5,0.6,20.0,2.0
optuna_00058,58,-2816.04,388,267,121,68.81,0.73,3093.25,270,-2816.04,-7.26,29.2,-86.74,0.34,13.5,794.0,29.8,3,13,23.1,-540.15,194.64,4,"FLAT_TOP,MICRO_PULLBACK",2,76,109,200,3,0,0,True,True,True,True,True,False,True,False,False,21000000,400000000,20.999690759898805,0.15,180000,10000,100000,10.0,3.600796464097828,5.0,5000.0,0.6346618951701499,0.2602098220645409,0.8,0.7,0.8,0.65,True,False,False,True,True,True,True,True,False,0.09328592471885852,1.7169428718186988,0.823239826029285,0.7783653796676506,0.9590059827295699,1.588845262022831,0.03228011345551017,0,5.0,45,0.25,False,False,False,0.5,0.5,0.03,2,0.22504124161126143,2.842682917242015,0.29806713621967784,1.2773837011063618,0.2042638451092415,3.7957078374756965,10,0.3090253418541424,0.5,0.6,20.0,2.0
optuna_00018,18,-3113.0,374,255,119,68.18,0.73,3367.95,270,-3113.0,-8.32,32.73,-96.3,0.34,11.4,719.0,28.8,2,13,15.4,-665.46,294.41,5,FLAT_TOP,1,92,116,163,3,0,0,True,True,True,True,False,True,True,False,False,18000000,500000000,16.20540230305196,0.15,125000,10000,100000,24.94892024044973,3.2138706028271145,5.0,5000.0,0.8,0.15,0.8,0.7,0.8,0.8850245741113417,False,False,True,False,True,True,False,True,False,0.05360553855845643,1.39176593102448,0.6,0.7,0.98,1.9889729308859172,0.08623172533130741,0,5.0,45,0.25,False,False,False,0.5,0.5,0.03,2,0.7073568781231032,1.885616927203313,0.3652644190720657,1.6381013020810666,0.32974407679936085,3.4438974913442832,10,0.23927377285612744,0.5,0.6,20.0,2.0
optuna_00049,49,-3885.51,518,295,223,56.95,0.76,4624.69,270,-3885.51,-7.5,42.18,-73.23,0.58,20.1,808.0,39.8,2,13,15.4,-1131.42,57.33,6,"ABCD,FLAT_TOP",2,298,202,1,3,13,1,True,True,True,True,True,False,True,False,False,30000000,150000000,19.7979810599084,0.15,105000,10000,100000,10.0,4.352053292268541,5.0,5000.0,0.8964903522287615,0.08934982823080123,0.8,0.7,0.8,0.65,True,False,False,True,True,False,False,True,False,0.028882926278375257,1.348642204567357,0.6,0.7,0.98,1.628205730979922,0.08754555393451163,0,5.0,45,0.25,False,False,False,0.5,0.5,0.03,2,0.2421989359433141,1.871229792395905,0.6687104549886018,1.2993853125363646,0.25030957449613944,3.911834760657,12,0.19070213360442456,0.5,0.6,20.0,2.0
optuna_00066,66,-4292.49,823,472,351,57.35,0.84,5904.66,270,-4292.49,-5.22,47.1,-75.56,0.62,20.4,798.0,63.3,3,13,23.1,-1179.67,801.95,7,"ABCD,FLAT_TOP,MICRO_PULLBACK",3,497,314,3,6,3,0,True,False,True,True,True,True,True,False,False,20000000,750000000,18.932110204036867,0.15,140000,10000,100000,12.098782336552404,1.3368766883879917,5.0,5000.0,0.9363570521914587,0.27384250456545667,0.8,0.7,0.8,0.65,True,False,False,True,True,True,True,True,False,0.08203737822833612,1.3666479798603108,0.7021493547925617,0.5536897266855579,0.9468236582486685,1.8296304140932362,0.038720680062957494,0,5.0,45,0.25,False,False,False,0.5,0.5,0.03,2,0.34440115679113836,3.8795398528322282,0.5360052924441182,1.2332507445614422,0.4807256415716695,3.611464412694994,12,0.07114975510734738,0.5,0.6,20.0,2.0
