symbol,event_time_et,event_time_utc,event_type,open,close,pct_move_1m,pct_move_3m,rel_vol_30d,prev_close,price_929,day_gain_pct_929plus,day_gain_pct_event,float_shares,float_lt_20m,pillar_day_gain_10pct,pillar_rel_vol_5x,pillar_score,news_has_catalyst,news_article_count,news_specific_count
AMBO,2025-10-10T09:30:00-04:00,2025-10-10T13:30:00+00:00,gap_3m_3pct,5.29,5.52,4.347826086956519,5.950095969289815,0.2772167770727691,5.75,5.28,-8.173913043478255,-4.0000000000000036,5240000,True,False,False,1,,,
LDI,2025-10-10T09:30:00-04:00,2025-10-10T13:30:00+00:00,gap_3m_3pct,3.09,3.17,2.5889967637540368,4.966887417218535,0.34204202961630653,3.01,3.07,1.9933554817275656,5.315614617940212,333240000,False,False,False,0,,,
QNRX,2025-10-10T09:30:00-04:00,2025-10-10T13:30:00+00:00,gap_1m_10pct,12.05,14.28,18.50622406639002,16.09756097560975,9.77505481030062,8.16,12.1,48.28431372549018,75.0,56570000,False,True,True,2,,,
SWKH,2025-10-10T09:30:00-04:00,2025-10-10T13:30:00+00:00,gap_3m_3pct,16.35,16.87,3.1804281345565677,3.243574051407605,457.78898473788985,14.4,16.39,13.81944444444445,17.15277777777777,12100000,True,True,True,3,,,
BITF,2025-10-10T09:31:00-04:00,2025-10-10T13:31:00+00:00,gap_3m_3pct,4.545,4.5701,0.5522552255225577,4.340182648401836,1.5083666944870828,4.17,4.38,5.035971223021574,9.594724220623508,601580000,False,False,False,0,,,
CHA,2025-10-10T09:31:00-04:00,2025-10-10T13:31:00+00:00,gap_3m_3pct,16.605,17.06,2.740138512496215,3.2687651331719136,3.320413295220876,16.26,16.54,1.7220172201721784,4.920049200491983,183550000,False,False,False,0,,,
CRWG,2025-10-10T09:31:00-04:00,2025-10-10T13:31:00+00:00,gap_3m_3pct,15.3285,15.75,2.749779821900389,4.097818902842021,1.2122835620966455,14.57,15.13,3.8435140700068704,8.098833218943025,,,False,False,0,,,
DRCT,2025-10-10T09:31:00-04:00,2025-10-10T13:31:00+00:00,gap_3m_3pct,0.3374,0.3368,-0.1778304682868992,5.217119650109336,6.561887823780267,0.3555,0.3201,-9.95780590717299,-5.260196905766524,1440000,True,False,True,2,,,
HYAC.WS,2025-10-10T09:31:00-04:00,2025-10-10T13:31:00+00:00,gap_1m_10pct,0.75,0.8603,14.706666666666667,,,0.59,0.8603,45.8135593220339,45.8135593220339,,,True,False,1,,,
KIDS,2025-10-10T09:31:00-04:00,2025-10-10T13:31:00+00:00,gap_3m_3pct,16.42,16.58,0.9744214372715998,3.9498432601880795,7.882806405726609,17.95,15.95,-11.142061281337046,-7.632311977715888,25080000,False,False,True,1,,,
LDI,2025-10-10T09:31:00-04:00,2025-10-10T13:31:00+00:00,gap_3m_3pct,3.1501,3.28,4.123678613377346,6.84039087947883,0.5122171097633912,3.01,3.07,1.9933554817275656,8.97009966777409,333240000,False,False,False,0,,,
LIDR,2025-10-10T09:31:00-04:00,2025-10-10T13:31:00+00:00,gap_3m_3pct,3.47,3.57,2.881844380403442,3.188137699800553,1.508746733454939,3.33,3.4597,3.894894894894896,7.2072072072072,45050000,False,False,False,0,,,
NVTS,2025-10-10T09:31:00-04:00,2025-10-10T13:31:00+00:00,gap_3m_3pct,8.1199,8.3436,2.7549600364536575,4.295000000000004,1.7342405473194722,8.0,8.0,0.0,4.295000000000004,230500000,False,False,False,0,,,
OUST,2025-10-10T09:31:00-04:00,2025-10-10T13:31:00+00:00,gap_3m_3pct,30.665,31.14,1.5489972281102382,3.3521407235313605,0.35768413756695466,30.85,30.5908,-0.8401944894651514,0.9400324149108519,60010000,False,False,False,0,,,
QTTB,2025-10-10T09:31:00-04:00,2025-10-10T13:31:00+00:00,gap_3m_3pct,3.58,3.65,1.9553072625698276,4.285714285714293,1.8087014942085422,3.24,3.5,8.024691358024683,12.65432098765431,12300000,True,False,False,1,,,
SWKH,2025-10-10T09:31:00-04:00,2025-10-10T13:31:00+00:00,gap_3m_3pct,16.805,17.015,1.2496280868789178,3.813300793166574,2387.9908045977013,14.4,16.39,13.81944444444445,18.159722222222218,12100000,True,True,True,3,,,
TCRT,2025-10-10T09:31:00-04:00,2025-10-10T13:31:00+00:00,gap_3m_3pct,3.3842,3.3842,0.0,4.12602689148025,0.018420742045678368,3.99,3.345,-16.16541353383458,-15.18295739348372,2230000,True,False,False,1,,,
VSME,2025-10-10T09:31:00-04:00,2025-10-10T13:31:00+00:00,gap_3m_3pct,1.51,1.6,5.96026490066226,7.38255033557047,5.80357441985793,1.3,1.49,14.615384615384608,23.076923076923084,2750000,True,True,True,3,,,
AAME,2025-10-10T09:32:00-04:00,2025-10-10T13:32:00+00:00,gap_3m_3pct,2.92,2.92,0.0,5.035971223021596,1.5344072164948455,2.9,2.78,-4.137931034482767,0.6896551724137945,20400000,False,False,False,0,,,
AEVA,2025-10-10T09:32:00-04:00,2025-10-10T13:32:00+00:00,gap_3m_3pct,16.6544,17.1,2.675569218945162,4.046242774566489,0.8349259720235552,16.17,16.435,1.638837353123046,5.75139146567718,60080000,False,False,False,0,,,
BJDX,2025-10-10T09:32:00-04:00,2025-10-10T13:32:00+00:00,gap_3m_3pct,3.09,3.13,1.2944983818770295,3.9867109634551534,0.03865377662188916,3.28,3.02,-7.926829268292678,-4.57317073170731,710000,True,False,False,1,,,
BNAI,2025-10-10T09:32:00-04:00,2025-10-10T13:32:00+00:00,gap_3m_3pct,0.5513,0.5644,2.3762017050607653,3.199853720972756,0.029125496374645593,0.5276,0.5469,3.658074298711167,6.974981046247164,5830000,True,False,False,1,,,
BULG,2025-10-10T09:32:00-04:00,2025-10-10T13:32:00+00:00,gap_3m_3pct,9.82,9.83,0.10183299389001643,4.463336875664181,1.663395504543281,9.5458,9.41,-1.4226151815458055,2.9772255861216568,,,False,False,0,,,
BULX,2025-10-10T09:32:00-04:00,2025-10-10T13:32:00+00:00,gap_3m_3pct,21.15,21.2085,0.2765957446808631,3.709046454767728,0.3565984639737351,20.81,20.45,-1.7299375300336317,1.9149447381066942,,,False,False,0,,,
CAF,2025-10-10T09:32:00-04:00,2025-10-10T13:32:00+00:00,gap_3m_3pct,16.682,16.682,0.0,4.131684571257344,3.152640742890308,16.7,16.0201,-4.071257485029944,-0.10778443113772518,17040000,True,False,False,1,,,
CIFR,2025-10-10T09:32:00-04:00,2025-10-10T13:32:00+00:00,gap_3m_3pct,19.0749,19.5,2.2285831118380672,3.338632750397452,1.0856069086010234,17.99,18.79,4.446914952751535,8.393551973318525,395090000,False,False,False,0,,,
FKWL,2025-10-10T09:32:00-04:00,2025-10-10T13:32:00+00:00,gap_3m_3pct,4.83,4.84,0.20703933747412417,6.843267108167761,18.45899470899471,4.58,4.53,-1.091703056768556,5.676855895196509,11780000,True,False,True,2,,,
GERN,2025-10-10T09:32:00-04:00,2025-10-10T13:32:00+00:00,gap_3m_3pct,1.445,1.4487,0.25605536332180545,3.1103202846975098,1.5603108865034798,1.39,1.42,2.158273381294973,4.223021582733821,638360000,False,False,False,0,,,
GYRE,2025-10-10T09:32:00-04:00,2025-10-10T13:32:00+00:00,gap_3m_3pct,8.0819,8.19,1.3375567626424445,4.190519807648263,17.050904278782532,7.15,7.8606,9.93846153846154,14.545454545454529,90890000,False,False,True,1,,,
ISOU,2025-10-10T09:32:00-04:00,2025-10-10T13:32:00+00:00,gap_3m_3pct,10.2,10.3,0.9803921568627638,4.674796747967491,3.219047619047619,10.41,10.1,-2.9779058597502406,-1.056676272814594,60560000,False,False,False,0,,,
JFU,2025-10-10T09:32:00-04:00,2025-10-10T13:32:00+00:00,gap_3m_3pct,4.12,4.29,4.126213592233019,7.250000000000001,9.312097174020822,4.2,4.0,-4.761904761904767,2.1428571428571352,235470000,False,False,True,1,,,
LDI,2025-10-10T09:32:00-04:00,2025-10-10T13:32:00+00:00,gap_3m_3pct,3.28,3.325,1.371951219512213,4.88958990536279,0.8128640843368555,3.01,3.07,1.9933554817275656,10.465116279069786,333240000,False,False,False,0,,,
LWLG,2025-10-10T09:32:00-04:00,2025-10-10T13:32:00+00:00,gap_3m_3pct,5.8654,5.9559,1.5429467725986301,3.490877497827971,3.087690802053042,5.95,5.755,-3.2773109243697474,0.09915966386553343,145430000,False,False,False,0,,,
NKLR,2025-10-10T09:32:00-04:00,2025-10-10T13:32:00+00:00,gap_3m_3pct,16.095,16.21,0.7145076110593562,3.512132822477665,1.8336193961237957,15.52,15.65,0.8376288659793785,4.4458762886598,70300000,False,False,False,0,,,
NVTS,2025-10-10T09:32:00-04:00,2025-10-10T13:32:00+00:00,gap_3m_3pct,8.345,8.375,0.3594967046135267,3.2090306361373333,2.1802059288252855,8.0,8.0,0.0,4.6875,230500000,False,False,False,0,,,
OKLL,2025-10-10T09:32:00-04:00,2025-10-10T13:32:00+00:00,gap_3m_3pct,90.1999,90.845,0.7151892629592815,3.2094978413996778,0.4524873714256411,89.5,88.02,-1.6536312849162016,1.5027932960893775,,,False,False,0,,,
OUST,2025-10-10T09:32:00-04:00,2025-10-10T13:32:00+00:00,gap_3m_3pct,31.19,31.655,1.490862455915365,3.4788236986283527,0.5172688971672109,30.85,30.5908,-0.8401944894651514,2.6094003241491137,60010000,False,False,False,0,,,
QTTB,2025-10-10T09:32:00-04:00,2025-10-10T13:32:00+00:00,gap_3m_3pct,3.65,3.69,1.0958904109588996,4.237288135593209,2.6784061849539103,3.24,3.5,8.024691358024683,13.888888888888884,12300000,True,False,False,1,,,
SRFM,2025-10-10T09:32:00-04:00,2025-10-10T13:32:00+00:00,gap_3m_3pct,5.77,5.8485,1.36048526863084,3.827513359015766,3.1974604847139774,5.39,5.63,4.452690166975892,8.506493506493506,63220000,False,False,False,0,,,
TOYO,2025-10-10T09:32:00-04:00,2025-10-10T13:32:00+00:00,gap_3m_3pct,7.15,7.255,1.4685314685314532,3.0539772727272707,0.8879503633833308,7.09,7.04,-0.7052186177715081,2.3272214386459877,37770000,False,False,False,0,,,
TRON,2025-10-10T09:32:00-04:00,2025-10-10T13:32:00+00:00,gap_3m_3pct,4.2199,4.2783,1.383919050214466,3.498076783511128,2.185608407971121,3.99,4.23,6.015037593984962,7.225563909774424,257120000,False,False,False,0,,,
VSME,2025-10-10T09:32:00-04:00,2025-10-10T13:32:00+00:00,gap_3m_3pct,1.64,1.72,4.878048780487809,13.907284768211925,5.31869349600632,1.3,1.49,14.615384615384608,32.30769230769231,2750000,True,True,True,3,,,
WKEY,2025-10-10T09:32:00-04:00,2025-10-10T13:32:00+00:00,gap_3m_3pct,8.14,8.318,2.1867321867321765,4.235588972431059,6.464326320036188,7.44,7.98,7.258064516129026,11.801075268817197,4090000,True,False,True,2,,,
XBIO,2025-10-10T09:32:00-04:00,2025-10-10T13:32:00+00:00,gap_3m_3pct,8.05,8.38,4.09937888198757,4.2288557213930655,0.040740978793313176,9.46,8.69,-8.139534883720945,-11.416490486257924,2290000,True,False,False,1,,,
ABAT,2025-10-10T09:33:00-04:00,2025-10-10T13:33:00+00:00,gap_3m_3pct,6.6576,6.845,2.8148281663061603,4.823889739663079,1.484370330808363,6.24,6.441,3.221153846153846,9.69551282051282,131710000,False,False,False,0,,,
BAIG,2025-10-10T09:33:00-04:00,2025-10-10T13:33:00+00:00,gap_3m_3pct,25.8399,27.46,6.26976110588664,9.54117168364701,1.4768452194460455,23.9,24.06,0.6694560669456173,14.895397489539764,,,False,False,0,,,
BBAI,2025-10-10T09:33:00-04:00,2025-10-10T13:33:00+00:00,gap_3m_3pct,7.8,8.0399,3.0756410256410183,4.257222885004408,1.216227016733302,7.49,7.55,0.8010680907877044,7.341789052069414,436550000,False,False,False,0,,,
BITF,2025-10-10T09:33:00-04:00,2025-10-10T13:33:00+00:00,gap_3m_3pct,4.6699,4.7355,1.4047410008779515,3.6191768232642696,1.5889093743187004,4.17,4.38,5.035971223021574,13.56115107913669,601580000,False,False,False,0,,,
CIFR,2025-10-10T09:33:00-04:00,2025-10-10T13:33:00+00:00,gap_3m_3pct,19.515,19.93,2.126569305662307,4.5919706113880965,1.189570309123861,17.99,18.79,4.446914952751535,10.783768760422463,395090000,False,False,False,0,,,
CRCA,2025-10-10T09:33:00-04:00,2025-10-10T13:33:00+00:00,gap_3m_3pct,18.94,19.1399,1.055438225976757,3.403025391680159,1.2940006721211408,18.3,18.31,0.054644808743153916,4.589617486338793,,,False,False,0,,,
CRCG,2025-10-10T09:33:00-04:00,2025-10-10T13:33:00+00:00,gap_3m_3pct,12.05,12.1,0.4149377593360981,3.066439522998299,1.4778596156424229,11.62,11.63,0.0860585197934638,4.130808950086062,,,False,False,0,,,
CRML,2025-10-10T09:33:00-04:00,2025-10-10T13:33:00+00:00,gap_3m_3pct,16.834,16.95,0.6890816205298744,4.888613861386126,2.6360571169026645,14.71,16.5303,12.37457511896669,15.227736233854516,117900000,False,True,False,1,,,
DC,2025-10-10T09:33:00-04:00,2025-10-10T13:33:00+00:00,gap_3m_3pct,4.97,5.065,1.9114688128772706,3.0036808817847316,1.147104429643311,4.82,4.9,1.6597510373443924,5.082987551867224,113260000,False,False,False,0,,,
GYRE,2025-10-10T09:33:00-04:00,2025-10-10T13:33:00+00:00,gap_3m_3pct,8.19,8.46,3.296703296703307,3.6764705882353033,12.28413591828226,7.15,7.8606,9.93846153846154,18.321678321678327,90890000,False,False,True,1,,,
HIVE,2025-10-10T09:33:00-04:00,2025-10-10T13:33:00+00:00,gap_3m_3pct,7.4901,7.6205,1.7409647401236183,3.8215258855585743,1.6497615575158608,6.96,7.22,3.735632183908044,9.489942528735629,250920000,False,False,False,0,,,
IDAI,2025-10-10T09:33:00-04:00,2025-10-10T13:33:00+00:00,gap_3m_3pct,3.83,3.83,0.0,4.033681923129162,0.7926653508973242,3.74,3.68,-1.6042780748663166,2.4064171122994527,5250000,True,False,False,1,,,
JFU,2025-10-10T09:33:00-04:00,2025-10-10T13:33:00+00:00,gap_3m_3pct,4.28,4.3,0.4672897196261516,4.3689320388349495,42.3125,4.2,4.0,-4.761904761904767,2.3809523809523725,235470000,False,False,True,1,,,
MRAL,2025-10-10T09:33:00-04:00,2025-10-10T13:33:00+00:00,gap_3m_3pct,29.975,30.635,2.2018348623853212,3.477743925094745,1.4959151148599579,27.9712,29.34,4.893604850703581,9.52336689166,,,False,False,0,,,
MRM,2025-10-10T09:33:00-04:00,2025-10-10T13:33:00+00:00,gap_3m_3pct,2.15,2.17,0.9302325581395321,5.853658536585371,0.0581836699114123,2.1,2.03,-3.3333333333333437,3.3333333333333215,7900000,True,False,False,1,,,
NVA,2025-10-10T09:33:00-04:00,2025-10-10T13:33:00+00:00,gap_3m_3pct,23.835,23.8,-0.1468428781204123,3.5683202785030455,0.47801384884947096,22.11,23.7099,7.236092265943017,7.643600180913612,456150000,False,False,False,0,,,
OKLL,2025-10-10T09:33:00-04:00,2025-10-10T13:33:00+00:00,gap_3m_3pct,91.1,92.345,1.3666300768386375,3.0405009590482646,0.5274494008439924,89.5,88.02,-1.6536312849162016,3.1787709497206773,,,False,False,0,,,
OPTX,2025-10-10T09:33:00-04:00,2025-10-10T13:33:00+00:00,gap_3m_3pct,2.1999,2.2462,2.1046411200509096,4.474418604651165,1.7464633597364163,2.07,2.15,3.864734299516903,8.512077294685994,36920000,False,False,False,0,,,
TRON,2025-10-10T09:33:00-04:00,2025-10-10T13:33:00+00:00,gap_3m_3pct,4.28,4.34,1.4018691588784993,3.1197281820989797,2.2548103140832714,3.99,4.23,6.015037593984962,8.771929824561386,257120000,False,False,False,0,,,
USAR,2025-10-10T09:33:00-04:00,2025-10-10T13:33:00+00:00,gap_3m_3pct,34.18,34.55,1.0825043885313024,3.56714628297361,2.9088775440531616,31.07,34.3,10.39588027035725,11.200514966205333,217940000,False,True,False,1,,,
VSME,2025-10-10T09:33:00-04:00,2025-10-10T13:33:00+00:00,gap_3m_3pct,1.71,1.735,1.4619883040935644,8.437500000000009,4.527160924223269,1.3,1.49,14.615384615384608,33.46153846153845,2750000,True,True,False,2,,,
WKEY,2025-10-10T09:33:00-04:00,2025-10-10T13:33:00+00:00,gap_3m_3pct,8.31,8.4759,1.996389891696726,4.15212582944211,6.071485479759906,7.44,7.98,7.258064516129026,13.923387096774187,4090000,True,False,True,2,,,
ABAT,2025-10-10T09:34:00-04:00,2025-10-10T13:34:00+00:00,gap_3m_3pct,6.88,6.95,1.0174418604651292,4.048146595604529,1.6145460894741943,6.24,6.441,3.221153846153846,11.378205128205131,131710000,False,False,False,0,,,
BAER,2025-10-10T09:34:00-04:00,2025-10-10T13:34:00+00:00,gap_3m_3pct,1.735,1.735,0.0,3.8922155688622784,0.4658171124492368,1.66,1.67,0.6024096385542244,4.518072289156638,55540000,False,False,False,0,,,
BAIG,2025-10-10T09:34:00-04:00,2025-10-10T13:34:00+00:00,gap_3m_3pct,27.2904,27.92,2.3070383724679733,7.996874589016212,1.833374508047941,23.9,24.06,0.6694560669456173,16.82008368200838,,,False,False,0,,,
BBAI,2025-10-10T09:34:00-04:00,2025-10-10T13:34:00+00:00,gap_3m_3pct,8.0389,8.11,0.8844493649628582,4.107830551989733,1.3650075705623914,7.49,7.55,0.8010680907877044,8.277703604806398,436550000,False,False,False,0,,,
CLNN,2025-10-10T09:34:00-04:00,2025-10-10T13:34:00+00:00,gap_3m_3pct,9.5,9.5,0.0,5.959378520360925,0.108774842852544,9.44,9.37,-0.7415254237288171,0.6355932203389925,10850000,True,False,False,1,,,
CPSS,2025-10-10T09:34:00-04:00,2025-10-10T13:34:00+00:00,gap_3m_3pct,7.71,8.0,3.761348897535677,3.761348897535677,,7.87,7.87,0.0,1.6518424396442244,22070000,False,False,False,0,,,
CRML,2025-10-10T09:34:00-04:00,2025-10-10T13:34:00+00:00,gap_3m_3pct,16.925,17.38,2.688330871491873,3.0848344296229513,2.726339728830674,14.71,16.5303,12.37457511896669,18.150917743031947,117900000,False,True,False,1,,,
INDP,2025-10-10T09:34:00-04:00,2025-10-10T13:34:00+00:00,gap_3m_3pct,4.55,4.55,0.0,3.209708517636378,0.055472955130781265,4.31,4.345,0.8120649651972123,5.568445475638062,2240000,True,False,False,1,,,
MOVE,2025-10-10T09:34:00-04:00,2025-10-10T13:34:00+00:00,gap_3m_3pct,6.58,6.58,0.0,6.129032258064515,0.1140835017504046,0.649,6.2,855.3158705701078,913.8674884437597,830000,True,True,False,2,,,
MRAL,2025-10-10T09:34:00-04:00,2025-10-10T13:34:00+00:00,gap_3m_3pct,30.6314,31.1161,1.5823631959361872,3.893489148580964,1.7507668053377619,27.9712,29.34,4.893604850703581,11.243350303168963,,,False,False,0,,,
MRM,2025-10-10T09:34:00-04:00,2025-10-10T13:34:00+00:00,gap_3m_3pct,2.08,2.145,3.125,3.125,0.05589144848966137,2.1,2.03,-3.3333333333333437,2.1428571428571352,7900000,True,False,False,1,,,
QBTZ,2025-10-10T09:34:00-04:00,2025-10-10T13:34:00+00:00,gap_3m_3pct,19.85,20.0,0.7556675062972307,3.145951521402779,1.5513235365675637,19.8264,19.4001,-2.1501634184723506,0.8756002098212479,,,False,False,0,,,
SNES,2025-10-10T09:34:00-04:00,2025-10-10T13:34:00+00:00,gap_3m_3pct,4.33,4.33,0.0,6.650246305418728,0.283912631129323,4.13,4.15,0.4842615012106588,4.842615012106544,5220000,True,False,False,1,,,
STKE,2025-10-10T09:34:00-04:00,2025-10-10T13:34:00+00:00,gap_3m_3pct,4.16,4.184,0.5769230769230749,3.566919973266658,0.9658396227971874,4.17,4.0817,-2.117505995203839,0.3357314148681123,28060000,False,False,False,0,,,
SWKH,2025-10-10T09:34:00-04:00,2025-10-10T13:34:00+00:00,gap_3m_3pct,17.49,17.6399,0.8570611778158987,3.240626938699065,5222.851485148515,14.4,16.39,13.81944444444445,22.499305555555548,12100000,True,True,True,3,,,
TNMG,2025-10-10T09:34:00-04:00,2025-10-10T13:34:00+00:00,gap_3m_3pct,0.487,0.4885,0.30800821355236874,3.2769556025370017,0.4451385520973075,0.5456,0.4643,-14.90102639296187,-10.46554252199413,2560000,True,False,False,1,,,
VG,2025-10-10T09:34:00-04:00,2025-10-10T13:34:00+00:00,gap_3m_3pct,10.075,10.4786,4.005955334987599,5.208939938552981,30.71991691053145,12.58,10.0,-20.5087440381558,-16.70429252782194,2448110000,False,False,True,1,,,
AMBO,2025-10-10T09:35:00-04:00,2025-10-10T13:35:00+00:00,gap_1m_10pct,5.45,6.01,10.275229357798166,7.899461400359065,0.060201117339536474,5.75,5.28,-8.173913043478255,4.521739130434788,5240000,True,False,False,1,,,
ANVS,2025-10-10T09:35:00-04:00,2025-10-10T13:35:00+00:00,gap_3m_3pct,1.64,1.71,4.268292682926833,6.211180124223592,4.062738909841096,2.2,1.61,-26.81818181818182,-22.272727272727277,26500000,False,False,False,0,,,
CRCA,2025-10-10T09:35:00-04:00,2025-10-10T13:35:00+00:00,gap_3m_3pct,19.36,19.75,2.01446280991735,3.1875819622882107,1.4972885591635805,18.3,18.31,0.054644808743153916,7.9234972677595605,,,False,False,0,,,
CRCG,2025-10-10T09:35:00-04:00,2025-10-10T13:35:00+00:00,gap_3m_3pct,12.332,12.55,1.7677586766136955,3.7190082644628086,1.8369873712973983,11.62,11.63,0.0860585197934638,8.003442340791755,,,False,False,0,,,
EPSM,2025-10-10T09:35:00-04:00,2025-10-10T13:35:00+00:00,gap_3m_3pct,40.115,41.7482,4.07129502679795,4.776508972267535,0.258646500408405,37.63,40.0,6.298166356630341,10.94392771724686,13440000,True,False,False,1,,,
MRKR,2025-10-10T09:35:00-04:00,2025-10-10T13:35:00+00:00,gap_3m_3pct,1.094,1.094,0.0,3.207547169811331,0.29661482654539056,1.05,1.06,0.952380952380949,4.190476190476189,16670000,True,False,False,1,,,
QNRX,2025-10-10T09:35:00-04:00,2025-10-10T13:35:00+00:00,gap_3m_3pct,14.95,15.784,5.578595317725754,30.44628099173554,1.7287521369466339,8.16,12.1,48.28431372549018,93.43137254901961,56570000,False,True,False,1,,,
STI,2025-10-10T09:35:00-04:00,2025-10-10T13:35:00+00:00,gap_3m_3pct,5.6005,5.7787,3.181858762610479,3.9353225777442047,0.27241976683411473,5.39,5.49,1.855287569573294,7.211502782931345,7470000,True,False,False,1,,,
XXI,2025-10-10T09:35:00-04:00,2025-10-10T13:35:00+00:00,gap_3m_3pct,21.9597,23.0665,5.040141714140001,5.817399442160887,1.401890678469132,22.75,22.3464,-1.7740659340659382,1.3912087912087978,651390000,False,False,False,0,,,
YSXT,2025-10-10T09:35:00-04:00,2025-10-10T13:35:00+00:00,gap_3m_3pct,2.58,2.58,0.0,4.878048780487809,1.3421055291052821,2.06,2.58,25.242718446601952,25.242718446601952,23440000,False,True,False,1,,,
ANVS,2025-10-10T09:36:00-04:00,2025-10-10T13:36:00+00:00,gap_3m_3pct,1.715,1.7299,0.868804664723033,5.481707317073181,4.9403146170855905,2.2,1.61,-26.81818181818182,-21.36818181818182,26500000,False,False,False,0,,,
BAOS,2025-10-10T09:36:00-04:00,2025-10-10T13:36:00+00:00,gap_3m_3pct,4.07,4.08,0.24570024570023108,3.2075280785186733,0.03250216686962741,4.86,4.0,-17.695473251028815,-16.049382716049386,1530000,True,False,False,1,,,
BEEM,2025-10-10T09:36:00-04:00,2025-10-10T13:36:00+00:00,gap_3m_3pct,3.5149,3.55,0.9986059347349752,4.71976401179941,0.06698342780687555,3.34,3.3531,0.39221556886228637,6.287425149700598,18260000,True,False,False,1,,,
CNVS,2025-10-10T09:36:00-04:00,2025-10-10T13:36:00+00:00,gap_3m_3pct,3.2876,3.3071,0.5931378513201135,3.343645511077775,0.9502054047114706,3.25,3.2001,-1.5353846153846162,1.7569230769230781,19150000,True,False,False,1,,,
FOFO,2025-10-10T09:36:00-04:00,2025-10-10T13:36:00+00:00,gap_3m_3pct,13.0071,13.0071,0.0,7.142504118616144,0.017413993924392107,12.38,12.14,-1.9386106623586419,5.065428109854597,6870000,True,False,False,1,,,
HUIZ,2025-10-10T09:36:00-04:00,2025-10-10T13:36:00+00:00,gap_3m_3pct,4.0957,4.0957,0.0,4.482142857142857,0.0029184830605982924,4.1,3.9,-4.8780487804877986,-0.1048780487804768,201770000,False,False,False,0,,,
JFB,2025-10-10T09:36:00-04:00,2025-10-10T13:36:00+00:00,gap_3m_3pct,14.36,14.55,1.3231197771587766,3.854389721627416,0.0015741709803303798,14.27,14.01,-1.8220042046250828,1.962158374211631,10430000,True,False,False,1,,,
NAK,2025-10-10T09:36:00-04:00,2025-10-10T13:36:00+00:00,gap_3m_3pct,2.025,2.07,2.2222222222222143,4.545454545454541,1.8735700030425213,1.96,1.99,1.5306122448979664,5.612244897959173,558460000,False,False,False,0,,,
NIOBW,2025-10-10T09:36:00-04:00,2025-10-10T13:36:00+00:00,gap_3m_3pct,4.22,4.2299,0.23459715639810863,3.165776444476953,0.8240847718338745,3.71,4.0,7.816711590296488,14.013477088948779,,,False,False,0,,,
RECT,2025-10-10T09:36:00-04:00,2025-10-10T13:36:00+00:00,gap_3m_3pct,3.7,3.7,0.0,8.823529411764719,0.5286458333333334,3.73,3.4,-8.847184986595181,-0.8042895442359144,14500000,True,False,False,1,,,
RNAZ,2025-10-10T09:36:00-04:00,2025-10-10T13:36:00+00:00,gap_3m_3pct,14.64,14.69,0.3415300546448119,3.087719298245606,0.00948163759390749,14.78,14.25,-3.5859269282814576,-0.6089309878213767,920000,True,False,False,1,,,
TRON,2025-10-10T09:36:00-04:00,2025-10-10T13:36:00+00:00,gap_3m_3pct,4.34,4.46,2.764976958525356,3.7209302325581506,2.734796216157565,3.99,4.23,6.015037593984962,11.779448621553868,257120000,False,False,False,0,,,
UXIN,2025-10-10T09:36:00-04:00,2025-10-10T13:36:00+00:00,gap_3m_3pct,3.44,3.49,1.4534883720930258,3.1933767001774083,1.8913243096830707,3.4,3.34,-1.764705882352946,2.6470588235294246,6758900000,False,False,False,0,,,
WOK,2025-10-10T09:36:00-04:00,2025-10-10T13:36:00+00:00,gap_3m_3pct,0.0947,0.0971,2.5343189017951406,4.633620689655182,0.8104647536426582,0.0907,0.0959,5.733186328555684,7.056229327453156,1720000,True,False,False,1,,,
AEI,2025-10-10T09:37:00-04:00,2025-10-10T13:37:00+00:00,gap_3m_3pct,3.035,3.07,1.153212520593061,3.3670033670033517,0.15238935561971378,2.92,2.988,2.328767123287667,5.13698630136985,38910000,False,False,False,0,,,
ALTS,2025-10-10T09:37:00-04:00,2025-10-10T13:37:00+00:00,gap_3m_3pct,3.015,3.07,1.8242122719734466,3.779325265364064,0.7978038046009914,2.89,2.89,0.0,6.22837370242213,126340000,False,False,False,0,,,
BITF,2025-10-10T09:37:00-04:00,2025-10-10T13:37:00+00:00,gap_3m_3pct,4.795,4.875,1.6684045881126153,3.4812141795796947,1.7448075470137754,4.17,4.38,5.035971223021574,16.90647482014389,601580000,False,False,False,0,,,
DRCT,2025-10-10T09:37:00-04:00,2025-10-10T13:37:00+00:00,gap_3m_3pct,0.34,0.3399,-0.029411764705900012,3.0312215822976496,7.927256028831152,0.3555,0.3201,-9.95780590717299,-4.388185654008437,1440000,True,False,True,2,,,
INDP,2025-10-10T09:37:00-04:00,2025-10-10T13:37:00+00:00,gap_3m_3pct,4.65,4.73,1.7204301075268935,6.0538116591928315,0.08652563094611262,4.31,4.345,0.8120649651972123,9.744779582366615,2240000,True,False,False,1,,,
INTS,2025-10-10T09:37:00-04:00,2025-10-10T13:37:00+00:00,gap_3m_3pct,0.3545,0.3608,1.7771509167842092,3.857225100748418,11.098355519658298,,0.3633,,,,,False,True,1,,,
NAK,2025-10-10T09:37:00-04:00,2025-10-10T13:37:00+00:00,gap_3m_3pct,2.0706,2.0977,1.3087993818216903,3.5901234567901286,2.174575293748111,1.96,1.99,1.5306122448979664,7.025510204081642,558460000,False,False,False,0,,,
POLA,2025-10-10T09:37:00-04:00,2025-10-10T13:37:00+00:00,gap_3m_3pct,4.819,4.89,1.4733347167461996,3.595110480266084,0.6960994037595011,4.8,4.7203,-1.6604166666666642,1.8750000000000044,2660000,True,False,False,1,,,
RSSS,2025-10-10T09:37:00-04:00,2025-10-10T13:37:00+00:00,gap_3m_3pct,3.565,3.565,0.0,3.0346820809248554,0.2641616969992015,3.46,3.46,0.0,3.0346820809248554,32869999,False,False,False,0,,,
SIFY,2025-10-10T09:37:00-04:00,2025-10-10T13:37:00+00:00,gap_3m_3pct,15.8499,15.8499,0.0,3.4359215317749436,0.6262362869658668,15.57,15.92,2.247912652536921,1.7976878612716796,72350000,False,False,False,0,,,
SWKH,2025-10-10T09:37:00-04:00,2025-10-10T13:37:00+00:00,gap_3m_3pct,17.9035,17.83,-0.41053425307902014,3.362318840579692,,14.4,16.39,13.81944444444445,23.819444444444436,12100000,True,True,False,2,,,
TAOX,2025-10-10T09:37:00-04:00,2025-10-10T13:37:00+00:00,gap_3m_3pct,7.705,7.85,1.8818948734587782,4.52729693741678,3.2007213621565915,7.09,7.72,8.885754583921024,10.719322990126944,7130000,True,False,False,1,,,
ACET,2025-10-10T09:38:00-04:00,2025-10-10T13:38:00+00:00,gap_3m_3pct,0.92,0.92,0.0,3.0927835051546504,0.17465511808880985,0.9142,0.9193,0.5578647998249808,0.6344344782323263,9580000,True,False,False,1,,,
CPSS,2025-10-10T09:38:00-04:00,2025-10-10T13:38:00+00:00,gap_3m_3pct,8.15,8.36,2.5766871165644023,3.850931677018621,,7.87,7.87,0.0,6.226175349428198,22070000,False,False,False,0,,,
DGXX,2025-10-10T09:38:00-04:00,2025-10-10T13:38:00+00:00,gap_3m_3pct,2.86,2.8826,0.790209790209806,3.318996415770603,2.015873224215855,2.64,2.725,3.2196969696969724,9.18939393939393,69450000,False,False,False,0,,,
DRCT,2025-10-10T09:38:00-04:00,2025-10-10T13:38:00+00:00,gap_3m_3pct,0.3457,0.349,0.954584900202482,5.4380664652567745,8.884018828982843,0.3555,0.3201,-9.95780590717299,-1.828410689170179,1440000,True,False,True,2,,,
MRAL,2025-10-10T09:38:00-04:00,2025-10-10T13:38:00+00:00,gap_3m_3pct,31.9739,32.53,1.7392310603335792,4.430176565008037,2.5918630577682205,27.9712,29.34,4.893604850703581,16.298192426495838,,,False,False,0,,,
NOAH,2025-10-10T09:38:00-04:00,2025-10-10T13:38:00+00:00,gap_3m_3pct,11.9,11.95,0.42016806722688926,3.463203463203457,0.11876923490437985,11.86,11.55,-2.613827993254625,0.7588532883642474,33530000,False,False,False,0,,,
NUAIW,2025-10-10T09:38:00-04:00,2025-10-10T13:38:00+00:00,gap_3m_3pct,0.5975,0.6,0.4184100418409997,7.14285714285714,1.9601074878349916,0.55,0.63,14.545454545454529,9.090909090909083,,,True,False,1,,,
RIOX,2025-10-10T09:38:00-04:00,2025-10-10T13:38:00+00:00,gap_3m_3pct,49.86,50.82,1.9253910950661979,4.2675420599097125,0.7783939035548012,44.93,46.9984,4.603605608724681,13.109281103939452,,,False,False,0,,,
RSSS,2025-10-10T09:38:00-04:00,2025-10-10T13:38:00+00:00,gap_3m_3pct,3.6542,3.6542,0.0,3.518413597733705,0.17214710188614246,3.46,3.46,0.0,5.612716763005787,32869999,False,False,False,0,,,
UGRO,2025-10-10T09:38:00-04:00,2025-10-10T13:38:00+00:00,gap_3m_3pct,0.4018,0.4018,0.0,3.0256410256410238,2.2069878034401897,0.4019,0.39,-2.9609355561084794,-0.024881811395871534,680000,True,False,False,1,,,
VSA,2025-10-10T09:38:00-04:00,2025-10-10T13:38:00+00:00,gap_3m_3pct,3.09,3.25,5.177993527508096,12.068965517241391,0.23164123975571504,2.78,2.9,4.316546762589923,16.90647482014389,11230000,True,False,False,1,,,
AURE,2025-10-10T09:39:00-04:00,2025-10-10T13:39:00+00:00,gap_3m_3pct,1.205,1.2298,2.058091286307051,6.836938580488239,630.542487021111,,1.4,,,,,False,True,1,,,
FLUX,2025-10-10T09:39:00-04:00,2025-10-10T13:39:00+00:00,gap_3m_3pct,6.45,6.615,2.55813953488373,3.3593749999999867,1.6019582962443895,5.94,6.1884,4.181818181818175,11.363636363636353,24900000,False,False,False,0,,,
KLXE,2025-10-10T09:39:00-04:00,2025-10-10T13:39:00+00:00,gap_3m_3pct,1.93,1.93,0.0,3.7634408602150504,0.3837304331426416,1.88,1.86,-1.0638297872340274,2.659574468085113,17840000,True,False,False,1,,,
NEPH,2025-10-10T09:39:00-04:00,2025-10-10T13:39:00+00:00,gap_3m_3pct,5.51,5.7,3.4482758620689724,4.683195592286493,1.9142896537460574,5.4,5.5,1.8518518518518379,5.555555555555558,10630000,True,False,False,1,,,
RCMT,2025-10-10T09:39:00-04:00,2025-10-10T13:39:00+00:00,gap_3m_3pct,24.08,24.08,0.0,3.659061558329735,0.6680667964347915,23.89,23.23,-2.7626622017580593,0.7953118459606445,7410000,True,False,False,1,,,
RIOX,2025-10-10T09:39:00-04:00,2025-10-10T13:39:00+00:00,gap_3m_3pct,50.7,51.1692,0.9254437869822274,3.3443539412642664,0.7873002031412575,44.93,46.9984,4.603605608724681,13.886490095704417,,,False,False,0,,,
SPHL,2025-10-10T09:39:00-04:00,2025-10-10T13:39:00+00:00,gap_3m_3pct,0.598,0.619,3.511705685618738,5.2900153087259705,0.01122175740460099,0.5801,0.5976,3.016721254956045,6.705740389588,1650000,True,False,False,1,,,
ULY,2025-10-10T09:39:00-04:00,2025-10-10T13:39:00+00:00,gap_3m_3pct,3.4295,3.4295,0.0,3.2981927710843406,0.17242722513089007,3.28,3.35,2.1341463414634276,4.5579268292682995,2190000,True,False,False,1,,,
VSA,2025-10-10T09:39:00-04:00,2025-10-10T13:39:00+00:00,gap_3m_3pct,3.31,3.2898,-0.6102719033232673,7.509803921568636,0.23605523364132694,2.78,2.9,4.316546762589923,18.33812949640288,11230000,True,False,False,1,,,
WOLF,2025-10-10T09:39:00-04:00,2025-10-10T13:39:00+00:00,gap_3m_3pct,34.5675,35.19,1.800824473855478,3.1057720480515583,0.05976525137492359,35.42,34.0,-4.009034443817061,-0.6493506493506551,45090000,False,False,False,0,,,
ZSTK,2025-10-10T09:39:00-04:00,2025-10-10T13:39:00+00:00,gap_3m_3pct,19.3925,19.3925,0.0,3.647781934794203,0.004996381297369185,19.02,18.719,-1.5825446898002027,1.958464773922186,2410000,True,False,False,1,,,
CNTX,2025-10-10T09:40:00-04:00,2025-10-10T13:40:00+00:00,gap_3m_3pct,1.495,1.5199,1.665551839464885,3.8537751964468736,2.3104813334385383,1.4,1.4995,7.107142857142867,8.564285714285713,91880000,False,False,False,0,,,
FLUX,2025-10-10T09:40:00-04:00,2025-10-10T13:40:00+00:00,gap_3m_3pct,6.6689,6.665,-0.058480409062955374,3.3333333333333215,1.7489645342556157,5.94,6.1884,4.181818181818175,12.205387205387197,24900000,False,False,False,0,,,
INFQ,2025-10-10T09:40:00-04:00,2025-10-10T13:40:00+00:00,gap_3m_3pct,24.965,25.4,1.7424394151812406,3.1053379338339626,4.075364164580315,21.59,24.38,12.922649374710504,17.647058823529417,,,True,False,1,,,
JFU,2025-10-10T09:40:00-04:00,2025-10-10T13:40:00+00:00,gap_3m_3pct,4.43,4.49,1.3544018058690765,3.0998851894374235,10.959635416666666,4.2,4.0,-4.761904761904767,6.904761904761902,235470000,False,False,True,1,,,
MCRP,2025-10-10T09:40:00-04:00,2025-10-10T13:40:00+00:00,gap_3m_3pct,1.7229,1.7999,4.469208891984433,9.025380095705371,1.1745033282464865,1.81,1.6988,-6.143646408839776,-0.5580110497237611,34890000,False,False,False,0,,,
NPCE,2025-10-10T09:40:00-04:00,2025-10-10T13:40:00+00:00,gap_3m_3pct,11.2499,11.2499,0.0,3.78136531365314,0.21361104383627996,10.79,10.84,0.4633920296571059,4.262279888785914,33080000,False,False,False,0,,,
PMAX,2025-10-10T09:40:00-04:00,2025-10-10T13:40:00+00:00,gap_3m_3pct,2.71,2.75,1.4760147601476037,3.015545982393708,0.5745608755636626,2.84,2.75,-3.169014084507038,-3.169014084507038,2650000,True,False,False,1,,,
TELO,2025-10-10T09:40:00-04:00,2025-10-10T13:40:00+00:00,gap_3m_3pct,1.66,1.7099,3.006024096385551,3.6240227864977825,0.8158022423916085,1.93,1.8,-6.735751295336778,-11.404145077720207,34380000,False,False,False,0,,,
WOK,2025-10-10T09:40:00-04:00,2025-10-10T13:40:00+00:00,gap_3m_3pct,0.0951,0.0968,1.7875920084121866,3.9742212674543476,0.7856175764087595,0.0907,0.0959,5.733186328555684,6.725468577728777,1720000,True,False,False,1,,,
ALZN,2025-10-10T09:41:00-04:00,2025-10-10T13:41:00+00:00,gap_3m_3pct,2.2892,2.3783,3.892189411147995,8.598173515981733,7.6148595725635,2.33,2.305,-1.0729613733905574,2.072961373390547,3800000,True,False,True,2,,,
CNTX,2025-10-10T09:41:00-04:00,2025-10-10T13:41:00+00:00,gap_3m_3pct,1.52,1.55,1.9736842105263275,3.3333333333333437,3.029588976721548,1.4,1.4995,7.107142857142867,10.71428571428572,91880000,False,False,False,0,,,
JFB,2025-10-10T09:41:00-04:00,2025-10-10T13:41:00+00:00,gap_3m_3pct,14.62,14.62,0.0,4.056939501779344,0.001915187433122884,14.27,14.01,-1.8220042046250828,2.4526979677645278,10430000,True,False,False,1,,,
SUPV,2025-10-10T09:41:00-04:00,2025-10-10T13:41:00+00:00,gap_3m_3pct,6.23,6.33,1.6051364365970988,3.515944399018811,1.9318153836591205,6.34,6.0562,-4.476340694006309,-0.1577287066246047,375990000,False,False,False,0,,,
TTRX,2025-10-10T09:41:00-04:00,2025-10-10T13:41:00+00:00,gap_3m_3pct,8.4702,8.6967,2.6740808953743755,3.6468947763595327,0.04652330397888415,9.2,8.2,-10.869565217391308,-5.470652173913038,29450000,False,False,False,0,,,
ABVE,2025-10-10T09:42:00-04:00,2025-10-10T13:42:00+00:00,gap_3m_3pct,4.37,4.485,2.6315789473684292,3.3410138248848087,1.594351451656794,4.76,4.74,-0.42016806722687816,-5.777310924369738,51190000,False,False,False,0,,,
AMBO,2025-10-10T09:42:00-04:00,2025-10-10T13:42:00+00:00,gap_3m_3pct,6.0307,6.125,1.5636659094300676,3.7607995934270777,0.03929900485510364,5.75,5.28,-8.173913043478255,6.521739130434789,5240000,True,False,False,1,,,
BAIG,2025-10-10T09:42:00-04:00,2025-10-10T13:42:00+00:00,gap_3m_3pct,26.896,27.3829,1.8103063652587625,3.059465562664654,2.286711444973379,23.9,24.06,0.6694560669456173,14.572803347280349,,,False,False,0,,,
BRLT,2025-10-10T09:42:00-04:00,2025-10-10T13:42:00+00:00,gap_3m_3pct,2.27,2.27,0.0,5.4342777519739816,1.1700116261317863,2.35,2.25,-4.255319148936176,-3.404255319148941,100110000,False,False,False,0,,,
GREE,2025-10-10T09:42:00-04:00,2025-10-10T13:42:00+00:00,gap_3m_3pct,2.29,2.35,2.6200873362445476,3.070175438596512,1.6744531556141937,2.25,2.32,3.111111111111109,4.444444444444451,15800000,True,False,False,1,,,
JL,2025-10-10T09:42:00-04:00,2025-10-10T13:42:00+00:00,gap_3m_3pct,5.2,5.24,0.7692307692307665,3.149606299212593,1.315658096494669,5.08,5.08,0.0,3.149606299212593,3760000,True,False,False,1,,,
LIDR,2025-10-10T09:42:00-04:00,2025-10-10T13:42:00+00:00,gap_3m_3pct,3.68,3.7463,1.8016304347826084,3.2038567493112957,2.6674588111401323,3.33,3.4597,3.894894894894896,12.501501501501512,45050000,False,False,False,0,,,
MRM,2025-10-10T09:42:00-04:00,2025-10-10T13:42:00+00:00,gap_3m_3pct,2.11,2.1899,3.786729857819915,3.7818112885645183,0.07857371457972726,2.1,2.03,-3.3333333333333437,4.280952380952385,7900000,True,False,False,1,,,
NKLR,2025-10-10T09:42:00-04:00,2025-10-10T13:42:00+00:00,gap_3m_3pct,14.99,15.39,2.6684456304202797,3.8545631225200383,1.889671307814222,15.52,15.65,0.8376288659793785,-0.8376288659793785,70300000,False,False,False,0,,,
NVA,2025-10-10T09:42:00-04:00,2025-10-10T13:42:00+00:00,gap_3m_3pct,24.23,24.73,2.0635575732562916,4.121931708138593,0.5130944558696784,22.11,23.7099,7.236092265943017,11.849841700587982,456150000,False,False,False,0,,,
OKLL,2025-10-10T09:42:00-04:00,2025-10-10T13:42:00+00:00,gap_3m_3pct,97.68,99.34,1.6994266994266871,4.239244491080796,1.0279263234393918,89.5,88.02,-1.6536312849162016,10.994413407821234,,,False,False,0,,,
PRZO,2025-10-10T09:42:00-04:00,2025-10-10T13:42:00+00:00,gap_3m_3pct,1.78,1.81,1.6853932584269593,3.1632943858649343,0.4746341063256901,1.67,1.72,2.9940119760479167,8.383233532934131,21170000,False,False,False,0,,,
SORA,2025-10-10T09:42:00-04:00,2025-10-10T13:42:00+00:00,gap_3m_3pct,5.855,5.795,-1.0247651579846417,4.792043399638324,0.5364104163418058,6.09,5.9,-3.1198686371100126,-4.844006568144499,24860000,False,False,False,0,,,
UTSI,2025-10-10T09:42:00-04:00,2025-10-10T13:42:00+00:00,gap_3m_3pct,2.3,2.3,0.0,6.481481481481466,0.30656620021528525,2.45,2.16,-11.836734693877549,-6.122448979591855,9160000,True,False,False,1,,,
YSXT,2025-10-10T09:42:00-04:00,2025-10-10T13:42:00+00:00,gap_3m_3pct,2.6,2.62,0.7692307692307665,4.800000000000004,0.6318081565346495,2.06,2.58,25.242718446601952,27.184466019417485,23440000,False,True,False,1,,,
ABVE,2025-10-10T09:43:00-04:00,2025-10-10T13:43:00+00:00,gap_3m_3pct,4.5037,4.575,1.58314274929503,4.707847939029142,1.5490563166121554,4.76,4.74,-0.42016806722687816,-3.886554621848737,51190000,False,False,False,0,,,
CD,2025-10-10T09:43:00-04:00,2025-10-10T13:43:00+00:00,gap_3m_3pct,30.855,30.99,0.437530384054452,3.265578140619785,0.351462894924997,31.45,30.54,-2.893481717011126,-1.4626391096979385,69870000,False,False,False,0,,,
MAMK,2025-10-10T09:43:00-04:00,2025-10-10T13:43:00+00:00,gap_3m_3pct,3.12,3.12,0.0,8.976597974153,5.306530723831272,3.13,2.9,-7.348242811501593,-0.31948881789136685,16620000,True,False,True,2,,,
NRIX,2025-10-10T09:43:00-04:00,2025-10-10T13:43:00+00:00,gap_3m_3pct,10.295,10.535,2.3312287518212793,3.18315377081293,6.163551478494309,10.86,10.02,-7.734806629834257,-2.992633517495391,102840000,False,False,True,1,,,
OPTXW,2025-10-10T09:43:00-04:00,2025-10-10T13:43:00+00:00,gap_3m_3pct,0.1,0.1,0.0,10.864745011086473,2.0045045045045047,,0.0902,,,,,False,False,0,,,
RGTX,2025-10-10T09:43:00-04:00,2025-10-10T13:43:00+00:00,gap_3m_3pct,348.635,355.0,1.8256916259124845,3.1452022953439407,1.472229559384691,347.92,359.0,3.184640147160267,2.0349505633478815,,,False,False,0,,,
YHGJ,2025-10-10T09:43:00-04:00,2025-10-10T13:43:00+00:00,gap_3m_3pct,8.345,8.8,5.45236668663871,5.389221556886237,42.890829270659005,6.0,8.09,34.833333333333336,46.66666666666668,2600000,True,True,True,3,,,
AMBO,2025-10-10T09:44:00-04:00,2025-10-10T13:44:00+00:00,gap_3m_3pct,6.198,6.6,6.485963213939971,7.755102040816331,0.11651623226620691,5.75,5.28,-8.173913043478255,14.782608695652177,5240000,True,False,False,1,,,
BEAT,2025-10-10T09:44:00-04:00,2025-10-10T13:44:00+00:00,gap_3m_3pct,1.805,1.805,0.0,3.142857142857136,0.3437070938215103,1.77,1.75,-1.1299435028248594,1.9774011299434902,34440000,False,False,False,0,,,
BNAI,2025-10-10T09:44:00-04:00,2025-10-10T13:44:00+00:00,gap_3m_3pct,0.5951,0.615,3.3439758023861677,4.131391804944129,0.11540796933192933,0.5276,0.5469,3.658074298711167,16.565579984837008,5830000,True,False,False,1,,,
CLIK,2025-10-10T09:44:00-04:00,2025-10-10T13:44:00+00:00,gap_3m_3pct,7.23,7.38,2.0746887966804906,3.2167832167832033,0.010018823449883363,0.2798,7.2,2473.2666190135815,2537.598284488921,3260000,True,True,False,2,,,
COIA,2025-10-10T09:44:00-04:00,2025-10-10T13:44:00+00:00,gap_3m_3pct,41.8067,41.8067,0.0,4.0226424483702505,0.22938313823490727,39.28,40.1,2.0875763747454146,6.432535641547865,,,False,False,0,,,
GWH,2025-10-10T09:44:00-04:00,2025-10-10T13:44:00+00:00,gap_3m_3pct,3.4695,3.52,1.4555411442570998,4.142011834319526,2038.977962131705,1.72,3.63,111.04651162790695,104.65116279069768,23380000,False,True,True,2,,,
LOCL,2025-10-10T09:44:00-04:00,2025-10-10T13:44:00+00:00,gap_3m_3pct,3.01,3.12,3.6544850498339,5.619498984427884,0.41280372993813325,2.99,2.92,-2.341137123745829,4.347826086956519,22270000,False,False,False,0,,,
MPAA,2025-10-10T09:44:00-04:00,2025-10-10T13:44:00+00:00,gap_3m_3pct,15.52,15.41,-0.7087628865979356,3.008021390374327,0.29696406123538427,15.25,15.25,0.0,1.0491803278688483,19560000,True,False,False,1,,,
OPTXW,2025-10-10T09:44:00-04:00,2025-10-10T13:44:00+00:00,gap_3m_3pct,0.1396,0.1396,0.0,40.86781029263371,0.24209447204479143,,0.0902,,,,,False,False,0,,,
SEGG,2025-10-10T09:44:00-04:00,2025-10-10T13:44:00+00:00,gap_3m_3pct,4.14,4.14,0.0,3.2418952618453734,0.34307257304429783,4.0,4.0,0.0,3.499999999999992,11660000,True,False,False,1,,,
YSXT,2025-10-10T09:44:00-04:00,2025-10-10T13:44:00+00:00,gap_3m_3pct,2.6926,2.73,1.38899205229146,4.198473282442738,0.6601076926782106,2.06,2.58,25.242718446601952,32.52427184466018,23440000,False,True,False,1,,,
BENF,2025-10-10T09:45:00-04:00,2025-10-10T13:45:00+00:00,gap_3m_3pct,0.5602,0.5602,0.0,3.6831389968535966,0.012392549260016051,0.5663,0.5532,-2.313261522161403,-1.0771675790217206,13870000,True,False,False,1,,,
CLIK,2025-10-10T09:45:00-04:00,2025-10-10T13:45:00+00:00,gap_3m_3pct,7.5,7.5,0.0,3.796171997176745,0.01383929061960905,0.2798,7.2,2473.2666190135815,2580.4860614724807,3260000,True,True,False,2,,,
LFS,2025-10-10T09:45:00-04:00,2025-10-10T13:45:00+00:00,gap_3m_3pct,4.19,4.31,2.8639618138424527,3.3275795934023744,,3.11,4.62,48.553054662379424,38.585209003215425,26160000,False,True,False,1,,,
LGO,2025-10-10T09:45:00-04:00,2025-10-10T13:45:00+00:00,gap_3m_3pct,1.88,1.91,1.5957446808510634,3.282323041150703,1.0707485623793214,1.85,1.85,0.0,3.2432432432432323,85600000,False,False,False,0,,,
NNAVW,2025-10-10T09:45:00-04:00,2025-10-10T13:45:00+00:00,gap_3m_3pct,5.8,5.8,0.0,5.8394160583941535,1.7767158992180712,5.49,5.48,-0.18214936247722413,5.64663023679417,,,False,False,0,,,
VSA,2025-10-10T09:45:00-04:00,2025-10-10T13:45:00+00:00,gap_3m_3pct,3.2289,3.2289,0.0,4.14462649980647,1.2077490645871944,2.78,2.9,4.316546762589923,16.147482014388494,11230000,True,False,False,1,,,
YSXT,2025-10-10T09:45:00-04:00,2025-10-10T13:45:00+00:00,gap_3m_3pct,2.73,2.7998,2.556776556776552,4.861423220973782,0.6985588824360816,2.06,2.58,25.242718446601952,35.91262135922329,23440000,False,True,False,1,,,
ABAT,2025-10-10T09:46:00-04:00,2025-10-10T13:46:00+00:00,gap_3m_3pct,7.16,7.2549,1.3254189944134076,3.0525568181818175,2.4862749359079714,6.24,6.441,3.221153846153846,16.264423076923084,131710000,False,False,False,0,,,
BNRG,2025-10-10T09:46:00-04:00,2025-10-10T13:46:00+00:00,gap_3m_3pct,1.82,1.83,0.5494505494505475,3.3898305084745894,0.2561785625328647,1.69,1.69,0.0,8.284023668639051,720000,True,False,False,1,,,
CRCA,2025-10-10T09:46:00-04:00,2025-10-10T13:46:00+00:00,gap_3m_3pct,20.0101,20.16,0.749121693544752,3.0674846625766916,1.9966958403742003,18.3,18.31,0.054644808743153916,10.163934426229515,,,False,False,0,,,
CRCG,2025-10-10T09:46:00-04:00,2025-10-10T13:46:00+00:00,gap_3m_3pct,12.725,12.8404,0.9068762278978459,3.401513931389921,1.7688765329013028,11.62,11.63,0.0860585197934638,10.50258175559382,,,False,False,0,,,
KZIA,2025-10-10T09:46:00-04:00,2025-10-10T13:46:00+00:00,gap_3m_3pct,7.11,7.17,0.8438818565400741,3.463203463203457,0.027615331357434363,7.18,7.3,1.671309192200554,-0.139275766016711,53660000,False,False,False,0,,,
LGCL,2025-10-10T09:46:00-04:00,2025-10-10T13:46:00+00:00,gap_3m_3pct,0.1046,0.108,3.2504780114722687,3.6468330134356908,0.9256035065076584,0.116,0.1075,-7.3275862068965525,-6.896551724137934,2790000,True,False,False,1,,,
LGO,2025-10-10T09:46:00-04:00,2025-10-10T13:46:00+00:00,gap_3m_3pct,1.92,1.965,2.34375,5.080213903743314,1.7860931909544269,1.85,1.85,0.0,6.216216216216219,85600000,False,False,False,0,,,
PALI,2025-10-10T09:46:00-04:00,2025-10-10T13:46:00+00:00,gap_3m_3pct,1.9623,1.988,1.30968761147634,3.0051813471502653,0.38107787463226217,2.1,2.07,-1.4285714285714457,-5.333333333333334,149000000,False,False,False,0,,,
PAVM,2025-10-10T09:46:00-04:00,2025-10-10T13:46:00+00:00,gap_3m_3pct,0.5408,0.5408,0.0,3.2061068702289974,8.767312472081278,0.489,0.5285,8.077709611451933,10.593047034764824,1000000,True,False,True,2,,,
SCWO,2025-10-10T09:46:00-04:00,2025-10-10T13:46:00+00:00,gap_3m_3pct,0.6951,0.716,3.0067616170335043,3.4682080924855585,0.8445634363990953,0.599,0.7001,16.878130217028374,19.532554257095146,16920000,True,True,False,2,,,
SES,2025-10-10T09:46:00-04:00,2025-10-10T13:46:00+00:00,gap_3m_3pct,3.0946,3.1797,2.7499515284689524,4.08183306055645,1.2929167502458914,2.98,3.07,3.0201342281879207,6.701342281879197,365070000,False,False,False,0,,,
SLDP,2025-10-10T09:46:00-04:00,2025-10-10T13:46:00+00:00,gap_3m_3pct,6.4197,6.615,3.042198233562332,4.009433962264142,1.1079207102922304,6.03,6.02,-0.16583747927032544,9.701492537313428,207210000,False,False,False,0,,,
SXTC,2025-10-10T09:46:00-04:00,2025-10-10T13:46:00+00:00,gap_3m_3pct,1.59,1.59,0.0,5.298013245033117,0.18823798496154615,1.55,1.51,-2.580645161290329,2.580645161290329,960000,True,False,False,1,,,
TCRT,2025-10-10T09:46:00-04:00,2025-10-10T13:46:00+00:00,gap_3m_3pct,3.3212,3.48,4.781404311694559,4.4417767106842865,0.030272989900045535,3.99,3.345,-16.16541353383458,-12.781954887218049,2230000,True,False,False,1,,,
TKNO,2025-10-10T09:46:00-04:00,2025-10-10T13:46:00+00:00,gap_3m_3pct,5.105,5.13,0.48971596474043366,3.0120481927710774,0.46818389452408815,5.05,5.1,0.990099009900991,1.5841584158415856,53530000,False,False,False,0,,,
ABTS,2025-10-10T09:47:00-04:00,2025-10-10T13:47:00+00:00,gap_3m_3pct,9.0,9.0,0.0,5.633802816901423,0.4135317124309504,8.37,8.5,1.55316606929512,7.526881720430123,2370000,True,False,False,1,,,
AMPX.WS,2025-10-10T09:47:00-04:00,2025-10-10T13:47:00+00:00,gap_3m_3pct,5.43,5.43,0.0,6.0546875,0.04685442235756021,5.03,5.12,1.7892644135188762,7.9522862823061535,130479999,False,False,False,0,,,
CVU,2025-10-10T09:47:00-04:00,2025-10-10T13:47:00+00:00,gap_3m_3pct,2.5828,2.5828,0.0,3.312000000000004,0.19145497492851518,2.47,2.5,1.2145748987854255,4.566801619433192,13190000,True,False,False,1,,,
EBON,2025-10-10T09:47:00-04:00,2025-10-10T13:47:00+00:00,gap_3m_3pct,4.99,5.0,0.2004008016031955,3.0927835051546504,0.36289818863210493,5.0,4.86,-2.7999999999999914,0.0,6280000,True,False,False,1,,,
FLUX,2025-10-10T09:47:00-04:00,2025-10-10T13:47:00+00:00,gap_3m_3pct,6.73,6.8569,1.8855869242199175,4.685496183206106,1.8251705323897414,5.94,6.1884,4.181818181818175,15.436026936026925,24900000,False,False,False,0,,,
JFU,2025-10-10T09:47:00-04:00,2025-10-10T13:47:00+00:00,gap_3m_3pct,4.665,4.7534,1.8949624866023695,5.434300416999371,10.009317296290021,4.2,4.0,-4.761904761904767,13.176190476190474,235470000,False,False,True,1,,,
SCWO,2025-10-10T09:47:00-04:00,2025-10-10T13:47:00+00:00,gap_3m_3pct,0.71,0.73,2.8169014084507005,5.020860307869368,0.8165582962885735,0.599,0.7001,16.878130217028374,21.869782971619365,16920000,True,True,False,2,,,
SES,2025-10-10T09:47:00-04:00,2025-10-10T13:47:00+00:00,gap_3m_3pct,3.18,3.2091,0.9150943396226241,3.519354838709665,1.3186914525022713,2.98,3.07,3.0201342281879207,7.687919463087245,365070000,False,False,False,0,,,
SHMD,2025-10-10T09:47:00-04:00,2025-10-10T13:47:00+00:00,gap_3m_3pct,2.645,2.645,0.0,5.732331307962912,0.982944657152802,2.55,2.5016,-1.8980392156862758,3.7254901960784403,43060000,False,False,False,0,,,
SLDP,2025-10-10T09:47:00-04:00,2025-10-10T13:47:00+00:00,gap_3m_3pct,6.62,6.7412,1.8308157099697908,5.199750312109863,1.1830079635710704,6.03,6.02,-0.16583747927032544,11.794361525704812,207210000,False,False,False,0,,,
VSME,2025-10-10T09:47:00-04:00,2025-10-10T13:47:00+00:00,gap_3m_3pct,1.53,1.58,3.267973856209161,3.606557377049202,2.3253461396537802,1.3,1.49,14.615384615384608,21.53846153846155,2750000,True,True,False,2,,,
BBOT,2025-10-10T09:48:00-04:00,2025-10-10T13:48:00+00:00,gap_3m_3pct,12.3825,12.43,0.38360589541690526,3.3250207813798838,0.42422288740501957,12.37,12.44,0.5658852061438902,0.48504446240906773,79990000,False,False,False,0,,,
BIAF,2025-10-10T09:48:00-04:00,2025-10-10T13:48:00+00:00,gap_3m_3pct,2.855,3.02,5.779334500875666,5.679392518458903,0.018331009169136273,2.9,2.8801,-0.6862068965517221,4.137931034482767,4500000,True,False,False,1,,,
DRTS,2025-10-10T09:48:00-04:00,2025-10-10T13:48:00+00:00,gap_3m_3pct,3.9596,3.9596,0.0,3.926509186351712,0.25575419303141667,3.87,3.86,-0.25839793281654533,2.3152454780361653,85260000,False,False,False,0,,,
SCOR,2025-10-10T09:48:00-04:00,2025-10-10T13:48:00+00:00,gap_3m_3pct,8.15,8.15,0.0,3.2953105196451338,0.00773260025632929,8.05,7.89,-1.9875776397515699,1.2422360248447228,14880000,True,False,False,1,,,
SCWO,2025-10-10T09:48:00-04:00,2025-10-10T13:48:00+00:00,gap_3m_3pct,0.7299,0.7428,1.7673653925195154,3.743016759776552,0.899343171666835,0.599,0.7001,16.878130217028374,24.006677796327214,16920000,True,True,False,2,,,
SLDP,2025-10-10T09:48:00-04:00,2025-10-10T13:48:00+00:00,gap_3m_3pct,6.7412,6.83,1.317272889099863,3.2501889644746873,1.2607868855170172,6.03,6.02,-0.16583747927032544,13.266998341625214,207210000,False,False,False,0,,,
TRON,2025-10-10T09:48:00-04:00,2025-10-10T13:48:00+00:00,gap_3m_3pct,4.47,4.65,4.026845637583909,5.922551252847397,3.1237316030145506,3.99,4.23,6.015037593984962,16.541353383458656,257120000,False,False,False,0,,,
BAIG,2025-10-10T09:49:00-04:00,2025-10-10T13:49:00+00:00,gap_3m_3pct,27.97,28.42,1.608866642831619,5.064695009242137,2.433357438199854,23.9,24.06,0.6694560669456173,18.9121338912134,,,False,False,0,,,
BLBX,2025-10-10T09:49:00-04:00,2025-10-10T13:49:00+00:00,gap_3m_3pct,8.95,8.95,0.0,3.2295271049596286,1.403766662442598,8.93,9.22,3.2474804031355164,0.2239641657334701,4310000,True,False,False,1,,,
CLIK,2025-10-10T09:49:00-04:00,2025-10-10T13:49:00+00:00,gap_3m_3pct,7.9,7.9,0.0,4.0843214756258295,0.010504081464828558,0.2798,7.2,2473.2666190135815,2723.445318084346,3260000,True,True,False,2,,,
EDAP,2025-10-10T09:49:00-04:00,2025-10-10T13:49:00+00:00,gap_3m_3pct,2.253,2.253,0.0,7.285714285714295,70.72,2.17,2.2,1.382488479262678,3.824884792626726,37390000,False,False,True,1,,,
OWNB,2025-10-10T09:49:00-04:00,2025-10-10T13:49:00+00:00,gap_3m_3pct,38.4381,38.439,0.002341426865526408,3.609164420485178,0.31347116989854884,37.0516,37.1,0.13062863682000714,3.7445076595882476,,,False,False,0,,,
QNRX,2025-10-10T09:49:00-04:00,2025-10-10T13:49:00+00:00,gap_3m_3pct,13.2,14.2999,8.332575757575755,20.470935130581292,7.70932492735372,8.16,12.1,48.28431372549018,75.24387254901958,56570000,False,True,True,2,,,
QTTB,2025-10-10T09:49:00-04:00,2025-10-10T13:49:00+00:00,gap_3m_3pct,3.5328,3.67,3.8836050724637694,3.966005665722383,1.8371853761718213,3.24,3.5,8.024691358024683,13.271604938271597,12300000,True,False,False,1,,,
VTAK,2025-10-10T09:49:00-04:00,2025-10-10T13:49:00+00:00,gap_3m_3pct,3.0,3.08,2.6666666666666616,3.0100334448160515,0.7611660025565119,2.86,2.91,1.7482517482517501,7.692307692307709,1670000,True,False,False,1,,,
FGL,2025-10-10T09:50:00-04:00,2025-10-10T13:50:00+00:00,gap_3m_3pct,0.3903,0.4001,2.510889059697674,3.0919866013914055,0.1244559260300793,0.3954,0.395,-0.1011633788568389,1.1886697015680348,19420000,True,False,False,1,,,
FSI,2025-10-10T09:50:00-04:00,2025-10-10T13:50:00+00:00,gap_3m_3pct,9.2945,9.2945,0.0,4.198430493273531,0.1842442789316172,8.9,9.05,1.6853932584269593,4.432584269662909,12690000,True,False,False,1,,,
QNRX,2025-10-10T09:50:00-04:00,2025-10-10T13:50:00+00:00,gap_3m_3pct,14.0701,15.36,9.167667607195407,19.906323185011708,8.091656254391927,8.16,12.1,48.28431372549018,88.23529411764706,56570000,False,True,True,2,,,
AEON,2025-10-10T09:51:00-04:00,2025-10-10T13:51:00+00:00,gap_3m_3pct,1.08,1.14,5.555555555555536,5.555555555555536,9.212071283007415,,1.0868,,,37155500,False,False,True,1,,,
CMCM,2025-10-10T09:51:00-04:00,2025-10-10T13:51:00+00:00,gap_3m_3pct,8.4813,8.4813,0.0,3.2265524208271223,0.5183722592049343,8.34,8.3,-0.47961630695442237,1.6942446043165305,30690000,False,False,False,0,,,
FGL,2025-10-10T09:51:00-04:00,2025-10-10T13:51:00+00:00,gap_3m_3pct,0.4015,0.4002,-0.32378580323786377,3.0646407416945687,0.11072192303183262,0.3954,0.395,-0.1011633788568389,1.2139605462822445,19420000,True,False,False,1,,,
IMSRW,2025-10-10T09:51:00-04:00,2025-10-10T13:51:00+00:00,gap_3m_3pct,8.2,8.42,2.682926829268295,3.9506172839506304,1.0980852350998929,7.3,7.59,3.972602739726039,15.342465753424662,,,False,False,0,,,
SLE,2025-10-10T09:51:00-04:00,2025-10-10T13:51:00+00:00,gap_3m_3pct,4.2,4.2984,2.3428571428571354,3.826086956521757,9.292215665784932,3.56,4.81,35.11235955056178,20.741573033707873,1170000,True,True,True,3,,,
UXIN,2025-10-10T09:51:00-04:00,2025-10-10T13:51:00+00:00,gap_3m_3pct,3.53,3.56,0.8498583569405138,3.488372093023262,0.9765819046072745,3.4,3.34,-1.764705882352946,4.705882352941182,6758900000,False,False,False,0,,,
XXI,2025-10-10T09:51:00-04:00,2025-10-10T13:51:00+00:00,gap_3m_3pct,23.79,23.79,0.0,6.490599820948972,1.1889591581135104,22.75,22.3464,-1.7740659340659382,4.57142857142856,651390000,False,False,False,0,,,
AURE,2025-10-10T09:52:00-04:00,2025-10-10T13:52:00+00:00,gap_3m_3pct,1.109,1.1181,0.820559062218229,3.4320074005550483,1046.7335650323612,,1.4,,,,,False,True,1,,,
CHCI,2025-10-10T09:52:00-04:00,2025-10-10T13:52:00+00:00,gap_3m_3pct,13.783,13.88,0.7037655082347882,3.8922155688622784,1.0355005983246908,13.65,13.36,-2.124542124542128,1.684981684981679,10090000,True,False,False,1,,,
CLIK,2025-10-10T09:52:00-04:00,2025-10-10T13:52:00+00:00,gap_3m_3pct,7.8419,7.8419,0.0,7.7598526905952925,0.00913499155274922,0.2798,7.2,2473.2666190135815,2702.6804860614725,3260000,True,True,False,2,,,
DRCT,2025-10-10T09:52:00-04:00,2025-10-10T13:52:00+00:00,gap_3m_3pct,0.3449,0.3449,0.0,3.6046860919195067,5.65666697293073,0.3555,0.3201,-9.95780590717299,-2.9817158931082943,1440000,True,False,True,2,,,
STEM,2025-10-10T09:52:00-04:00,2025-10-10T13:52:00+00:00,gap_3m_3pct,24.65,25.34,2.7991886409736377,4.065708418891156,0.9904282271183305,22.98,23.26,1.2184508268059169,10.26979982593559,8390000,True,False,False,1,,,
BTTC,2025-10-10T09:53:00-04:00,2025-10-10T13:53:00+00:00,gap_3m_3pct,6.71,6.91,2.980625931445613,3.1343283582089487,0.07857454683072046,6.91,6.37,-7.814761215629518,0.0,7720000,True,False,False,1,,,
CPSS,2025-10-10T09:53:00-04:00,2025-10-10T13:53:00+00:00,gap_3m_3pct,8.2,8.2,0.0,3.535353535353525,29.95309168443497,7.87,7.87,0.0,4.193138500635318,22070000,False,False,True,1,,,
EPSM,2025-10-10T09:53:00-04:00,2025-10-10T13:53:00+00:00,gap_3m_3pct,41.625,41.85,0.540540540540535,3.078817733990147,0.2783466139564588,37.63,40.0,6.298166356630341,11.214456550624497,13440000,True,False,False,1,,,
EXOD,2025-10-10T09:53:00-04:00,2025-10-10T13:53:00+00:00,gap_3m_3pct,30.5,30.5,0.0,4.541559554413022,3.317044781810337,29.67,29.77,0.3370407819346166,2.7974384900572913,29280000,False,False,False,0,,,
JFU,2025-10-10T09:53:00-04:00,2025-10-10T13:53:00+00:00,gap_3m_3pct,4.7983,4.7899,-0.17506200112539227,6.442222222222238,,4.2,4.0,-4.761904761904767,14.0452380952381,235470000,False,False,False,0,,,
SCWO,2025-10-10T09:53:00-04:00,2025-10-10T13:53:00+00:00,gap_3m_3pct,0.7439,0.7681,3.253125420083336,4.788540245566164,1.1746589415276791,0.599,0.7001,16.878130217028374,28.23038397328883,16920000,True,True,False,2,,,
UPC,2025-10-10T09:53:00-04:00,2025-10-10T13:53:00+00:00,gap_3m_3pct,7.2744,7.28,0.07698229407235857,3.409090909090917,0.004342221065748384,7.22,7.04,-2.4930747922437657,0.8310249307479367,560000,True,False,False,1,,,
ZEO,2025-10-10T09:53:00-04:00,2025-10-10T13:53:00+00:00,gap_3m_3pct,1.4699,1.5,2.0477583509082242,3.241792277513933,0.1652511158621207,,1.41,,,,,False,False,0,,,
CLIK,2025-10-10T09:54:00-04:00,2025-10-10T13:54:00+00:00,gap_3m_3pct,7.98,7.98,0.0,5.285378789877826,0.006725905929550269,0.2798,7.2,2473.2666190135815,2752.0371694067194,3260000,True,True,False,2,,,
ORKT,2025-10-10T09:54:00-04:00,2025-10-10T13:54:00+00:00,gap_3m_3pct,2.23,2.23,0.0,3.745056989997675,0.37081299845256516,2.23,2.21,-0.8968609865470878,0.0,5840000,True,False,False,1,,,
WBX,2025-10-10T09:54:00-04:00,2025-10-10T13:54:00+00:00,gap_3m_3pct,6.69,6.7301,0.5994020926756383,3.859567901234562,1.487949461295487,6.64,6.6017,-0.5768072289156545,1.356927710843392,15070000,True,False,False,1,,,
YDDL,2025-10-10T09:54:00-04:00,2025-10-10T13:54:00+00:00,gap_3m_3pct,7.5,7.539,0.5199999999999871,3.986206896551714,,5.42,8.21,51.47601476014763,39.09594095940958,54000000,False,True,False,1,,,
ZEO,2025-10-10T09:54:00-04:00,2025-10-10T13:54:00+00:00,gap_3m_3pct,1.51,1.5199,0.6556291390728441,3.3945578231292517,0.3352883472122166,,1.41,,,,,False,False,0,,,
ZKIN,2025-10-10T09:54:00-04:00,2025-10-10T13:54:00+00:00,gap_3m_3pct,2.66,2.66,0.0,4.313725490196085,0.01049963051153625,2.62,2.55,-2.6717557251908497,1.526717557251911,17270000,True,False,False,1,,,
AEBI,2025-10-10T09:55:00-04:00,2025-10-10T13:55:00+00:00,gap_3m_3pct,12.045,12.045,0.0,3.8362068965517304,0.28263598937195245,11.99,11.6,-3.252710592160135,0.4587155963302836,77340000,False,False,False,0,,,
FTFT,2025-10-10T09:55:00-04:00,2025-10-10T13:55:00+00:00,gap_3m_3pct,2.2923,2.2923,0.0,3.705211726384361,0.044967805614806775,2.24,2.24,0.0,2.334821428571421,5050000,True,False,False,1,,,
GWAV,2025-10-10T09:55:00-04:00,2025-10-10T13:55:00+00:00,gap_3m_3pct,6.61,6.7207,1.6747352496217838,4.035603715170288,3.4250807470860836,6.4219,6.46,0.5932823619178018,4.6528286021271015,830000,True,False,False,1,,,
JFU,2025-10-10T09:55:00-04:00,2025-10-10T13:55:00+00:00,gap_3m_3pct,4.9456,5.0176,1.4558395341313535,4.7537526879475545,,4.2,4.0,-4.761904761904767,19.466666666666654,235470000,False,False,False,0,,,
SPHL,2025-10-10T09:55:00-04:00,2025-10-10T13:55:00+00:00,gap_3m_3pct,0.6422,0.6429,0.10900031142946354,10.825719703499415,0.012034564811815043,0.5801,0.5976,3.016721254956045,10.825719703499415,1650000,True,False,False,1,,,
VIVS,2025-10-10T09:55:00-04:00,2025-10-10T13:55:00+00:00,gap_3m_3pct,3.4089,3.4,-0.26108128721875623,5.919003115264787,0.0851834141676344,3.325,3.32,-0.15037593984963404,2.2556390977443552,2610000,True,False,False,1,,,
ADAG,2025-10-10T09:56:00-04:00,2025-10-10T13:56:00+00:00,gap_3m_3pct,1.98,1.99,0.5050505050504972,4.188481675392675,0.532378459075272,1.95,1.98,1.538461538461533,2.051282051282044,58910000,False,False,False,0,,,
CRGO,2025-10-10T09:56:00-04:00,2025-10-10T13:56:00+00:00,gap_3m_3pct,3.5997,3.5997,0.0,5.254385964912278,0.1117667638483965,3.4,3.41,0.2941176470588225,5.873529411764711,51290000,False,False,False,0,,,
JFU,2025-10-10T09:56:00-04:00,2025-10-10T13:56:00+00:00,gap_3m_3pct,5.14,5.325,3.599221789883278,9.118852459016402,,4.2,4.0,-4.761904761904767,26.785714285714278,235470000,False,False,False,0,,,
ZEO,2025-10-10T09:56:00-04:00,2025-10-10T13:56:00+00:00,gap_3m_3pct,1.5999,1.6026,0.168760547534208,5.4411474439107765,0.4612239975014917,,1.41,,,,,False,False,0,,,
DWSN,2025-10-10T09:57:00-04:00,2025-10-10T13:57:00+00:00,gap_3m_3pct,1.9082,1.9082,0.0,3.6896158235070198,0.6876890985285551,2.03,1.9229,-5.275862068965509,-5.999999999999995,31050000,False,False,False,0,,,
GWAV,2025-10-10T09:57:00-04:00,2025-10-10T13:57:00+00:00,gap_3m_3pct,6.8192,6.83,0.15837634913185017,3.3282904689863724,3.2846925896989005,6.4219,6.46,0.5932823619178018,6.354817110201028,830000,True,False,False,1,,,
NCEW,2025-10-10T09:57:00-04:00,2025-10-10T13:57:00+00:00,gap_3m_3pct,0.637,0.6459,1.3971742543171128,7.007952286282304,0.04377104377104377,0.6026,0.6036,0.16594756057086713,7.1855293727182135,2690000,True,False,False,1,,,
NKLR,2025-10-10T09:57:00-04:00,2025-10-10T13:57:00+00:00,gap_3m_3pct,15.85,16.5,4.100946372239744,5.560815825165699,1.6445656491408212,15.52,15.65,0.8376288659793785,6.314432989690721,70300000,False,False,False,0,,,
NUAIW,2025-10-10T09:57:00-04:00,2025-10-10T13:57:00+00:00,gap_3m_3pct,0.6465,0.6465,0.0,7.74999999999999,1.4576079938694357,0.55,0.63,14.545454545454529,17.545454545454533,,,True,False,1,,,
ZEO,2025-10-10T09:57:00-04:00,2025-10-10T13:57:00+00:00,gap_3m_3pct,1.6037,1.62,1.0163995759805644,5.420706709182022,0.458157855662631,,1.41,,,,,False,False,0,,,
ATHE,2025-10-10T09:58:00-04:00,2025-10-10T13:58:00+00:00,gap_3m_3pct,4.35,4.35,0.0,3.381895097083909,0.027208641823963837,4.5,4.18,-7.1111111111111125,-3.3333333333333437,10875420000,False,False,False,0,,,
BTTC,2025-10-10T09:58:00-04:00,2025-10-10T13:58:00+00:00,gap_3m_3pct,6.8802,7.1124,3.37490189238685,3.6793002915451956,0.11891671046351615,6.91,6.37,-7.814761215629518,2.929088277858183,7720000,True,False,False,1,,,
GANX,2025-10-10T09:58:00-04:00,2025-10-10T13:58:00+00:00,gap_3m_3pct,2.02,2.07,2.4752475247524774,3.2418952618453734,1.3990467303199638,2.08,2.14,2.8846153846153966,-0.48076923076924016,38460000,False,False,False,0,,,
GV,2025-10-10T09:58:00-04:00,2025-10-10T13:58:00+00:00,gap_3m_3pct,1.72,1.765,2.6162790697674465,5.022015946685698,0.02599484260796332,1.71,1.73,1.1695906432748648,3.2163742690058506,5610000,True,False,False,1,,,
GWH,2025-10-10T09:58:00-04:00,2025-10-10T13:58:00+00:00,gap_3m_3pct,3.36,3.475,3.4226190476190466,3.731343283582089,1416.578105277522,1.72,3.63,111.04651162790695,102.03488372093025,23380000,False,True,True,2,,,
LEE,2025-10-10T09:58:00-04:00,2025-10-10T13:58:00+00:00,gap_3m_3pct,4.7872,4.7872,0.0,3.8438177874186463,0.11708814193521264,4.7,4.61,-1.9148936170212738,1.8553191489361742,22240000,False,False,False,0,,,
MGN,2025-10-10T09:58:00-04:00,2025-10-10T13:58:00+00:00,gap_3m_3pct,2.8896,2.8896,0.0,5.076363636363634,0.07469569453793544,2.88,2.88,0.0,0.33333333333334103,16250000,True,False,False,1,,,
NUAIW,2025-10-10T09:58:00-04:00,2025-10-10T13:58:00+00:00,gap_3m_3pct,0.6461,0.685,6.020739823556731,6.482201150318678,1.219439513061121,0.55,0.63,14.545454545454529,24.545454545454536,,,True,False,1,,,
RADX,2025-10-10T09:58:00-04:00,2025-10-10T13:58:00+00:00,gap_3m_3pct,7.6181,7.6181,0.0,3.366350067842605,0.38888092849978506,7.45,7.45,0.0,2.2563758389261723,3544220000,False,False,False,0,,,
SPHL,2025-10-10T09:58:00-04:00,2025-10-10T13:58:00+00:00,gap_3m_3pct,0.637,0.6372,0.031397174254310656,9.862068965517246,0.012647960105218566,0.5801,0.5976,3.016721254956045,9.843130494742303,1650000,True,False,False,1,,,
BTTC,2025-10-10T09:59:00-04:00,2025-10-10T13:59:00+00:00,gap_3m_3pct,7.0973,7.3,2.8560156679300563,6.07689848586126,0.10866798772706251,6.91,6.37,-7.814761215629518,5.643994211287984,7720000,True,False,False,1,,,
GWH,2025-10-10T09:59:00-04:00,2025-10-10T13:59:00+00:00,gap_3m_3pct,3.47,3.54,2.0172910662824117,5.347736809213455,1042.844671501663,1.72,3.63,111.04651162790695,105.8139534883721,23380000,False,True,True,2,,,
JFU,2025-10-10T09:59:00-04:00,2025-10-10T13:59:00+00:00,gap_3m_3pct,5.26,5.3978,2.6197718631178812,12.22037422037423,244.24665391969407,4.2,4.0,-4.761904761904767,28.519047619047623,235470000,False,False,True,1,,,
LEE,2025-10-10T09:59:00-04:00,2025-10-10T13:59:00+00:00,gap_3m_3pct,4.9862,4.9862,0.0,4.972631578947362,0.6697247706422018,4.7,4.61,-1.9148936170212738,6.08936170212766,22240000,False,False,False,0,,,
OKLL,2025-10-10T09:59:00-04:00,2025-10-10T13:59:00+00:00,gap_3m_3pct,101.32,104.0,2.645084879589432,3.8753495805033955,1.2153765391113565,89.5,88.02,-1.6536312849162016,16.201117318435763,,,False,False,0,,,
RGTX,2025-10-10T09:59:00-04:00,2025-10-10T13:59:00+00:00,gap_3m_3pct,351.31,357.9994,1.9041302553300499,3.47999768759395,1.1024758563260475,347.92,359.0,3.184640147160267,2.897045297769596,,,False,False,0,,,
SCWO,2025-10-10T09:59:00-04:00,2025-10-10T13:59:00+00:00,gap_3m_3pct,0.73,0.735,0.6849315068493178,3.04219823356231,1.4211566379145464,0.599,0.7001,16.878130217028374,22.704507512520866,16920000,True,True,False,2,,,
BNKK,2025-10-10T10:00:00-04:00,2025-10-10T14:00:00+00:00,gap_1m_10pct,0.2783,0.3173,14.013654329859882,1.3090676883780406,0.8081287708992531,0.3917,0.39,-0.43400561654326486,-18.99412815930558,5300000,True,False,False,1,,,
CRGO,2025-10-10T10:00:00-04:00,2025-10-10T14:00:00+00:00,gap_3m_3pct,3.6013,3.6013,0.0,4.688953488372105,0.07947547027525242,3.4,3.41,0.2941176470588225,5.920588235294133,51290000,False,False,False,0,,,
GNPX,2025-10-10T10:00:00-04:00,2025-10-10T14:00:00+00:00,gap_3m_3pct,0.2136,0.2156,0.9363295880149725,3.6040365209034197,1.4507659344220853,0.2313,0.2249,-2.766969303934297,-6.78772157371379,2320000,True,False,False,1,,,
MOB,2025-10-10T10:00:00-04:00,2025-10-10T14:00:00+00:00,gap_3m_3pct,8.672,8.89,2.5138376383763816,3.3120278907611933,0.45733466374716303,8.78,9.12,3.8724373576309867,1.252847380410027,3289470000,False,False,False,0,,,
QNRX,2025-10-10T10:00:00-04:00,2025-10-10T14:00:00+00:00,gap_3m_3pct,17.5,19.25,10.000000000000009,34.616325988293625,7.438887597241372,8.16,12.1,48.28431372549018,135.906862745098,56570000,False,True,True,2,,,
SNT,2025-10-10T10:00:00-04:00,2025-10-10T14:00:00+00:00,gap_3m_3pct,4.8,4.8,0.0,4.121475054229928,1.0922528363047002,4.78,4.78,0.0,0.4184100418409997,23330000,False,False,False,0,,,
ZEO,2025-10-10T10:00:00-04:00,2025-10-10T14:00:00+00:00,gap_3m_3pct,1.62,1.66,2.4691358024691246,4.402515723270439,0.6560019144477315,,1.41,,,,,False,False,0,,,
AEON,2025-10-10T10:01:00-04:00,2025-10-10T14:01:00+00:00,gap_3m_3pct,1.149,1.17,1.8276762402088753,3.539823008849563,6.891463678502098,,1.0868,,,37155500,False,False,True,1,,,
BNKK,2025-10-10T10:01:00-04:00,2025-10-10T14:01:00+00:00,gap_3m_3pct,0.3181,0.3267,2.7035523420308127,16.015625,0.8507182767168474,0.3917,0.39,-0.43400561654326486,-16.594332397242784,5300000,True,False,False,1,,,
CPIX,2025-10-10T10:01:00-04:00,2025-10-10T14:01:00+00:00,gap_3m_3pct,3.6884,3.6884,0.0,4.487252124645891,0.5371858785227388,3.552,3.53,-0.6193693693693714,3.840090090090098,14960000,True,False,False,1,,,
NKLR,2025-10-10T10:01:00-04:00,2025-10-10T14:01:00+00:00,gap_3m_3pct,16.69,17.0,1.8573996405032878,3.0927835051546504,1.856604153514406,15.52,15.65,0.8376288659793785,9.536082474226815,70300000,False,False,False,0,,,
RNAZ,2025-10-10T10:01:00-04:00,2025-10-10T14:01:00+00:00,gap_3m_3pct,15.2,15.2,0.0,5.702364394993031,0.00602952092672408,14.78,14.25,-3.5859269282814576,2.841677943166432,920000,True,False,False,1,,,
VWAVW,2025-10-10T10:01:00-04:00,2025-10-10T14:01:00+00:00,gap_3m_3pct,0.4714,0.4714,0.0,4.755555555555557,,0.4202,0.46,9.471680152308416,12.18467396477867,,,False,False,0,,,
AMST,2025-10-10T10:02:00-04:00,2025-10-10T14:02:00+00:00,gap_3m_3pct,3.56,3.56,0.0,4.154476301930954,0.0005723987605893988,3.52,3.418,-2.8977272727272685,1.1363636363636465,4570000,True,False,False,1,,,
ANY,2025-10-10T10:02:00-04:00,2025-10-10T14:02:00+00:00,gap_3m_3pct,1.0001,1.01,0.9899010098990191,3.050709111315175,4.627745478036176,0.92,0.9297,1.0543478260869543,9.782608695652172,33930000,False,False,False,0,,,
ARBK,2025-10-10T10:02:00-04:00,2025-10-10T14:02:00+00:00,gap_3m_3pct,0.632,0.6652,5.253164556962031,6.859437751004016,0.20325942250414378,0.6101,0.627,2.770037698737915,9.031306343222422,720660000,False,False,False,0,,,
BNKK,2025-10-10T10:02:00-04:00,2025-10-10T14:02:00+00:00,gap_3m_3pct,0.3236,0.3339,3.1829419035846573,5.231641979199475,0.8639342320124761,0.3917,0.39,-0.43400561654326486,-14.756190962471283,5300000,True,False,False,1,,,
ELOG,2025-10-10T10:02:00-04:00,2025-10-10T14:02:00+00:00,gap_3m_3pct,2.41,2.48,2.9045643153526868,3.3333333333333437,0.6912759371775765,2.48,2.4,-3.2258064516129115,0.0,12020000,True,False,False,1,,,
NERV,2025-10-10T10:02:00-04:00,2025-10-10T14:02:00+00:00,gap_3m_3pct,2.5,2.55,2.0000000000000018,4.938271604938249,0.026051364934320375,2.57,2.42,-5.836575875486383,-0.7782101167315147,43270000,False,False,False,0,,,
SLE,2025-10-10T10:02:00-04:00,2025-10-10T14:02:00+00:00,gap_3m_3pct,4.035,4.2,4.089219330855021,4.438642297650142,8.782022248344726,3.56,4.81,35.11235955056178,17.97752808988764,1170000,True,True,True,3,,,
SPCE,2025-10-10T10:02:00-04:00,2025-10-10T14:02:00+00:00,gap_3m_3pct,4.575,4.6667,2.004371584699438,3.0176600441500945,3.3289581772870482,4.06,4.075,0.3694581280788256,14.94334975369458,73130000,False,False,False,0,,,
KDKRW,2025-10-10T10:03:00-04:00,2025-10-10T14:03:00+00:00,gap_3m_3pct,1.54,1.5799,2.590909090909088,5.3266666666666795,2.5161479869423284,1.43,1.76,23.076923076923084,10.482517482517494,,,True,False,1,,,
OKLL,2025-10-10T10:03:00-04:00,2025-10-10T14:03:00+00:00,gap_3m_3pct,106.7299,108.55,1.7053328073951102,4.899497487437188,1.3611364313901488,89.5,88.02,-1.6536312849162016,21.28491620111732,,,False,False,0,,,
PAVM,2025-10-10T10:03:00-04:00,2025-10-10T14:03:00+00:00,gap_3m_3pct,0.5446,0.5446,0.0,3.713578366025505,8.182427155852093,0.489,0.5285,8.077709611451933,11.370143149284239,1000000,True,False,True,2,,,
RGTIW,2025-10-10T10:03:00-04:00,2025-10-10T14:03:00+00:00,gap_3m_3pct,36.66,36.66,0.0,3.151378728193577,0.6188741740435398,35.62,36.41,2.2178551375631628,2.9197080291970767,,,False,False,0,,,
RNAZ,2025-10-10T10:03:00-04:00,2025-10-10T14:03:00+00:00,gap_3m_3pct,15.2,15.49,1.9078947368421195,5.2309782608695565,0.01560578319755327,14.78,14.25,-3.5859269282814576,4.803788903924233,920000,True,False,False,1,,,
BEAT,2025-10-10T10:04:00-04:00,2025-10-10T14:04:00+00:00,gap_3m_3pct,1.82,1.82,0.0,3.409090909090917,3.0452804936986504,1.77,1.75,-1.1299435028248594,2.824858757062154,34440000,False,False,False,0,,,
INTS,2025-10-10T10:04:00-04:00,2025-10-10T14:04:00+00:00,gap_3m_3pct,0.3017,0.3043,0.861783228372559,3.8566552901023954,15.038193773802941,,0.3633,,,,,False,True,1,,,
NERV,2025-10-10T10:04:00-04:00,2025-10-10T14:04:00+00:00,gap_3m_3pct,2.535,2.5686,1.32544378698225,3.937199045037021,0.025433248458243504,2.57,2.42,-5.836575875486383,-0.05447470817120381,43270000,False,False,False,0,,,
RNAZ,2025-10-10T10:04:00-04:00,2025-10-10T14:04:00+00:00,gap_3m_3pct,15.79,15.81,0.1266624445851905,4.013157894736841,0.011968995416188703,14.78,14.25,-3.5859269282814576,6.968876860622464,920000,True,False,False,1,,,
RVYL,2025-10-10T10:04:00-04:00,2025-10-10T14:04:00+00:00,gap_3m_3pct,0.3795,0.3895,2.6350461133069825,3.452855245683928,0.07781741927918444,0.3951,0.3851,-2.531004808909143,-1.4173626929891103,1030000,True,False,False,1,,,
VTAK,2025-10-10T10:04:00-04:00,2025-10-10T14:04:00+00:00,gap_3m_3pct,3.13,3.13,0.0,3.638952352571101,1.1523160582593943,2.86,2.91,1.7482517482517501,9.440559440559436,1670000,True,False,False,1,,,
YHGJ,2025-10-10T10:04:00-04:00,2025-10-10T14:04:00+00:00,gap_3m_3pct,8.1879,8.39,2.4682763590175627,3.2412078852164683,56.986050735524884,6.0,8.09,34.833333333333336,39.83333333333334,2600000,True,True,True,3,,,
MOB,2025-10-10T10:05:00-04:00,2025-10-10T14:05:00+00:00,gap_3m_3pct,9.02,9.02,0.0,3.396494606646261,0.44335726531450365,8.78,9.12,3.8724373576309867,2.733485193621865,3289470000,False,False,False,0,,,
AHG,2025-10-10T10:06:00-04:00,2025-10-10T14:06:00+00:00,gap_3m_3pct,1.7,1.72,1.17647058823529,9.554140127388532,,1.7,1.72,1.17647058823529,1.17647058823529,1655580000,False,False,False,0,,,
BENF,2025-10-10T10:06:00-04:00,2025-10-10T14:06:00+00:00,gap_3m_3pct,0.513,0.5261,2.5536062378167745,4.738204260402168,0.02604414587172419,0.5663,0.5532,-2.313261522161403,-7.098710930602159,13870000,True,False,False,1,,,
LOOP,2025-10-10T10:06:00-04:00,2025-10-10T14:06:00+00:00,gap_3m_3pct,1.715,1.74,1.4577259475218707,3.73196613807083,0.9540769020998091,1.7,1.71,0.588235294117645,2.35294117647058,48340000,False,False,False,0,,,
MOVE,2025-10-10T10:06:00-04:00,2025-10-10T14:06:00+00:00,gap_3m_3pct,5.64,5.7925,2.703900709219864,3.069395017793597,0.3880204290091931,0.649,6.2,855.3158705701078,792.526964560863,830000,True,True,False,2,,,
OKYO,2025-10-10T10:06:00-04:00,2025-10-10T14:06:00+00:00,gap_3m_3pct,2.1508,2.1508,0.0,4.40776699029124,0.45152430182370307,2.1,2.12,0.952380952380949,2.4190476190476096,38450000,False,False,False,0,,,
PRHIZ,2025-10-10T10:06:00-04:00,2025-10-10T14:06:00+00:00,gap_3m_3pct,22.41,21.41,-4.462293618920121,4.439024390243906,4.911504424778761,20.1,20.54,2.189054726368145,6.5174129353233745,12220000,True,False,False,1,,,
QNRX,2025-10-10T10:06:00-04:00,2025-10-10T14:06:00+00:00,gap_1m_10pct,20.0,22.0,10.000000000000009,14.28571428571428,4.358323485130563,8.16,12.1,48.28431372549018,169.6078431372549,56570000,False,True,False,1,,,
SNFCA,2025-10-10T10:06:00-04:00,2025-10-10T14:06:00+00:00,gap_3m_3pct,8.545,8.545,0.0,4.84662576687116,0.14388604353393086,8.22,8.15,-0.8515815085158196,3.953771289537711,25990000,False,False,False,0,,,
ZEO,2025-10-10T10:06:00-04:00,2025-10-10T14:06:00+00:00,gap_3m_3pct,1.66,1.66,0.0,3.1632589646386045,0.5272473053996497,,1.41,,,,,False,False,0,,,
AURE,2025-10-10T10:07:00-04:00,2025-10-10T14:07:00+00:00,gap_3m_3pct,1.09,1.13,3.66972477064218,4.542510870570804,519.380971713095,,1.4,,,,,False,True,1,,,
BENF,2025-10-10T10:07:00-04:00,2025-10-10T14:07:00+00:00,gap_3m_3pct,0.5262,0.5398,2.584568605093107,5.843137254901953,0.030494141330004977,0.5663,0.5532,-2.313261522161403,-4.6794984990288,13870000,True,False,False,1,,,
BQ,2025-10-10T10:07:00-04:00,2025-10-10T14:07:00+00:00,gap_3m_3pct,11.91,11.91,0.0,6.960035922766061,0.17431826853088964,12.51,12.53,0.1598721023181371,-4.796163069544357,16100000,True,False,False,1,,,
HYAC.WS,2025-10-10T10:07:00-04:00,2025-10-10T14:07:00+00:00,gap_3m_3pct,0.8794,0.8794,0.0,3.4588235294117586,,0.59,0.8603,45.8135593220339,49.050847457627114,,,True,False,1,,,
LGO,2025-10-10T10:07:00-04:00,2025-10-10T14:07:00+00:00,gap_3m_3pct,1.98,1.995,0.7575757575757569,3.90625,5.431076547727966,1.85,1.85,0.0,7.837837837837847,85600000,False,False,True,1,,,
LIEN,2025-10-10T10:07:00-04:00,2025-10-10T14:07:00+00:00,gap_3m_3pct,10.3,10.565,2.572815533980566,3.578431372549029,2.354996066089693,10.38,10.21,-1.6377649325626242,1.782273603082829,22820000,False,False,False,0,,,
MOVE,2025-10-10T10:07:00-04:00,2025-10-10T14:07:00+00:00,gap_3m_3pct,5.8174,5.875,0.9901330491284721,4.166666666666674,0.5013821160610151,0.649,6.2,855.3158705701078,805.2388289676426,830000,True,True,False,2,,,
NUAI,2025-10-10T10:07:00-04:00,2025-10-10T14:07:00+00:00,gap_3m_3pct,2.58,2.65,2.7131782945736482,3.523712790061717,0.607656767601366,2.83,2.8,-1.0600706713780994,-6.360424028268552,53620000,False,False,False,0,,,
PRHIZ,2025-10-10T10:07:00-04:00,2025-10-10T14:07:00+00:00,gap_3m_3pct,22.41,22.7,1.2940651494868227,6.323185011709587,4.402397260273973,20.1,20.54,2.189054726368145,12.935323383084562,12220000,True,False,False,1,,,
SPHL,2025-10-10T10:07:00-04:00,2025-10-10T14:07:00+00:00,gap_3m_3pct,0.6199,0.6199,0.0,3.7315930388219565,0.019298911478954198,0.5801,0.5976,3.016721254956045,6.860886054128601,1650000,True,False,False,1,,,
ZEO,2025-10-10T10:07:00-04:00,2025-10-10T14:07:00+00:00,gap_3m_3pct,1.66,1.73,4.216867469879526,4.8484848484848575,0.9177440639765293,,1.41,,,,,False,False,0,,,
AURE,2025-10-10T10:08:00-04:00,2025-10-10T14:08:00+00:00,gap_3m_3pct,1.1289,1.14,0.9832580387988177,5.389664417121187,1222.557221281809,,1.4,,,,,False,True,1,,,
CLIK,2025-10-10T10:08:00-04:00,2025-10-10T14:08:00+00:00,gap_3m_3pct,7.5,7.6718,2.290666666666663,4.9493844049247615,0.00502462123967304,0.2798,7.2,2473.2666190135815,2641.8870621872766,3260000,True,True,False,2,,,
MOVE,2025-10-10T10:08:00-04:00,2025-10-10T14:08:00+00:00,gap_3m_3pct,5.95,6.0,0.8403361344537785,3.5822183858437606,0.4791548809318224,0.649,6.2,855.3158705701078,824.4992295839753,830000,True,True,False,2,,,
NKLR,2025-10-10T10:08:00-04:00,2025-10-10T14:08:00+00:00,gap_3m_3pct,16.47,16.6121,0.8627808136004944,4.314599686028253,1.8782076404391432,15.52,15.65,0.8376288659793785,7.036726804123727,70300000,False,False,False,0,,,
NVNO,2025-10-10T10:08:00-04:00,2025-10-10T14:08:00+00:00,gap_3m_3pct,0.8115,0.8279,2.020948860135552,4.664981036662441,1.4754516799387405,0.9174,0.88,-4.076738609112707,-9.755831698277738,660000,True,False,False,1,,,
OKUR,2025-10-10T10:08:00-04:00,2025-10-10T14:08:00+00:00,gap_3m_3pct,3.18,3.15,-0.9433962264151052,3.9192399049881255,0.2626308819466278,3.13,3.15,0.6389776357827559,0.6389776357827559,13550000,True,False,False,1,,,
PAVM,2025-10-10T10:08:00-04:00,2025-10-10T14:08:00+00:00,gap_3m_3pct,0.54,0.54,0.0,3.527607361963203,3.813078570925555,0.489,0.5285,8.077709611451933,10.429447852760742,1000000,True,False,False,1,,,
RAY,2025-10-10T10:08:00-04:00,2025-10-10T14:08:00+00:00,gap_3m_3pct,0.4921,0.4999,1.5850436903068532,4.1458333333333375,0.4145471946211346,0.5,0.51,2.0000000000000018,-0.019999999999997797,2720000,True,False,False,1,,,
SDA,2025-10-10T10:08:00-04:00,2025-10-10T14:08:00+00:00,gap_3m_3pct,2.2258,2.2999,3.3291400844640107,4.5409090909090954,0.5568333216464484,2.33,2.33,0.0,-1.291845493562227,102010000,False,False,False,0,,,
ZEO,2025-10-10T10:08:00-04:00,2025-10-10T14:08:00+00:00,gap_3m_3pct,1.74,1.7365,-0.20114942528736135,4.608433734939754,1.09826990038698,,1.41,,,,,False,False,0,,,
ARBB,2025-10-10T10:09:00-04:00,2025-10-10T14:09:00+00:00,gap_3m_3pct,7.255,7.255,0.0,3.4950071326676158,0.007790339732007379,7.24,7.29,0.6906077348066253,0.2071823204419898,1770000,True,False,False,1,,,
BHST,2025-10-10T10:09:00-04:00,2025-10-10T14:09:00+00:00,gap_3m_3pct,11.305,11.6351,2.9199469261388833,4.117225950782988,0.488231828765394,12.03,12.01,-0.16625103906898753,-3.282626766417285,20180000,False,False,False,0,,,
BQ,2025-10-10T10:09:00-04:00,2025-10-10T14:09:00+00:00,gap_3m_3pct,11.95,11.95,0.0,6.982990152193369,0.1527290574478008,12.51,12.53,0.1598721023181371,-4.476418864908083,16100000,True,False,False,1,,,
HYPD,2025-10-10T10:09:00-04:00,2025-10-10T14:09:00+00:00,gap_3m_3pct,9.3,9.3499,0.5365591397849423,5.987508076674564,0.8796663013455029,8.39,8.99,7.151370679380209,11.441001191895106,8470000,True,False,False,1,,,
LANV,2025-10-10T10:09:00-04:00,2025-10-10T14:09:00+00:00,gap_3m_3pct,2.1399,2.1399,0.0,3.878640776699016,2.9554908485856903,2.16,2.14,-0.92592592592593,-0.9305555555555678,116940000,False,False,False,0,,,
YDDL,2025-10-10T10:09:00-04:00,2025-10-10T14:09:00+00:00,gap_3m_3pct,7.7512,7.93,2.306739601610075,4.342105263157903,,5.42,8.21,51.47601476014763,46.309963099631005,54000000,False,True,False,1,,,
BAOS,2025-10-10T10:10:00-04:00,2025-10-10T14:10:00+00:00,gap_3m_3pct,4.06,4.08,0.49261083743843415,3.5532994923857864,0.02403957158945733,4.86,4.0,-17.695473251028815,-16.049382716049386,1530000,True,False,False,1,,,
BCG,2025-10-10T10:10:00-04:00,2025-10-10T14:10:00+00:00,gap_3m_3pct,1.655,1.655,0.0,7.467532467532467,1.4263583748452302,1.64,1.57,-4.2682926829268215,0.9146341463414753,16600000,True,False,False,1,,,
CNF,2025-10-10T10:11:00-04:00,2025-10-10T14:11:00+00:00,gap_3m_3pct,4.5,4.5,0.0,3.2110091743119185,0.6020207036766874,4.89,4.94,1.0224948875255713,-7.975460122699385,137160000,False,False,False,0,,,
LVWR,2025-10-10T10:11:00-04:00,2025-10-10T14:11:00+00:00,gap_3m_3pct,4.6175,4.84,4.818624796968063,4.422869471413171,0.8938556044057047,4.64,4.61,-0.6465517241379226,4.31034482758621,203990000,False,False,False,0,,,
BNKK,2025-10-10T10:12:00-04:00,2025-10-10T14:12:00+00:00,gap_3m_3pct,0.3296,0.3333,1.1225728155339842,4.156249999999995,0.9672178524016122,0.3917,0.39,-0.43400561654326486,-14.90936941536891,5300000,True,False,False,1,,,
GNPX,2025-10-10T10:12:00-04:00,2025-10-10T14:12:00+00:00,gap_3m_3pct,0.2159,0.2176,0.7874015748031482,3.0303030303030276,1.2497064257365216,0.2313,0.2249,-2.766969303934297,-5.92304366623434,2320000,True,False,False,1,,,
MOVE,2025-10-10T10:12:00-04:00,2025-10-10T14:12:00+00:00,gap_3m_3pct,6.0755,6.3399,4.351905192988226,6.552941176470584,0.5451789670047802,0.649,6.2,855.3158705701078,876.8721109399075,830000,True,True,False,2,,,
IBG,2025-10-10T10:13:00-04:00,2025-10-10T14:13:00+00:00,gap_3m_3pct,3.2877,3.2877,0.0,3.062695924764891,0.003400061594156742,3.01,3.05,1.3289036544850585,9.22591362126246,690000,True,False,False,1,,,
INTS,2025-10-10T10:13:00-04:00,2025-10-10T14:13:00+00:00,gap_3m_3pct,0.3025,0.3062,1.2231404958677805,3.0629417704476802,12.758820425357582,,0.3633,,,,,False,True,1,,,
MLEC,2025-10-10T10:13:00-04:00,2025-10-10T14:13:00+00:00,gap_3m_3pct,0.84,0.84,0.0,4.347826086956519,3.080690489919533,0.82,0.8382,2.219512195121953,2.4390243902439046,730000,True,False,False,1,,,
RDGT,2025-10-10T10:13:00-04:00,2025-10-10T14:13:00+00:00,gap_3m_3pct,1.41,1.41,0.0,5.223880597014907,,1.35,1.34,-0.7407407407407418,4.444444444444429,18290000,True,False,False,1,,,
UUU,2025-10-10T10:13:00-04:00,2025-10-10T14:13:00+00:00,gap_3m_3pct,4.55,4.5541,0.09010989010989068,3.2628905718561585,0.6497965308302684,4.58,4.6,0.4366812227074135,-0.5655021834061191,2720000,True,False,False,1,,,
LFS,2025-10-10T10:14:00-04:00,2025-10-10T14:14:00+00:00,gap_3m_3pct,4.2411,4.3288,2.067859753365875,5.067961165048551,,3.11,4.62,48.553054662379424,39.18971061093248,26160000,False,True,False,1,,,
NXTC,2025-10-10T10:14:00-04:00,2025-10-10T14:14:00+00:00,gap_3m_3pct,6.83,6.88,0.7320644216691097,8.176100628930815,,6.53,6.6138,1.2833078101071926,5.359877488514542,2680000,True,False,False,1,,,
USIO,2025-10-10T10:14:00-04:00,2025-10-10T14:14:00+00:00,gap_3m_3pct,1.463,1.463,0.0,3.028169014084514,0.8208873510861948,1.46,1.42,-2.73972602739726,0.205479452054802,27310000,False,False,False,0,,,
VWAVW,2025-10-10T10:14:00-04:00,2025-10-10T14:14:00+00:00,gap_3m_3pct,0.475,0.48,1.0526315789473717,4.347826086956519,3.5111801242236025,0.4202,0.46,9.471680152308416,14.231318419800076,,,False,False,0,,,
WLACW,2025-10-10T10:14:00-04:00,2025-10-10T14:14:00+00:00,gap_3m_3pct,4.525,4.59,1.4364640883977708,6.7441860465116354,0.23999618997964647,4.0,4.5,12.5,14.749999999999996,,,True,False,1,,,
BLBX,2025-10-10T10:15:00-04:00,2025-10-10T14:15:00+00:00,gap_3m_3pct,8.6,8.77,1.9767441860465196,3.7857540147453683,1.3717017431877232,8.93,9.22,3.2474804031355164,-1.7917133258678608,4310000,True,False,False,1,,,
INDP,2025-10-10T10:15:00-04:00,2025-10-10T14:15:00+00:00,gap_3m_3pct,4.7235,4.7235,0.0,4.271523178807923,0.7224633173997438,4.31,4.345,0.8120649651972123,9.593967517401403,2240000,True,False,False,1,,,
ZEO,2025-10-10T10:15:00-04:00,2025-10-10T14:15:00+00:00,gap_3m_3pct,1.6415,1.69,2.954614681693579,3.6809815950920255,1.821642952423299,,1.41,,,,,False,False,0,,,
BNKK,2025-10-10T10:16:00-04:00,2025-10-10T14:16:00+00:00,gap_3m_3pct,0.3345,0.3467,3.6472346786248,5.188106796116498,0.9349598421082704,0.3917,0.39,-0.43400561654326486,-11.488383967321925,5300000,True,False,False,1,,,
HUHU,2025-10-10T10:16:00-04:00,2025-10-10T14:16:00+00:00,gap_3m_3pct,5.31,5.47,3.0131826741996326,3.207547169811309,1.2987200660611065,5.42,5.4517,0.5848708487084853,0.9225092250922495,24100000,False,False,False,0,,,
JFU,2025-10-10T10:16:00-04:00,2025-10-10T14:16:00+00:00,gap_3m_3pct,5.265,5.32,1.0446343779677125,3.1127650501996396,200.80753564154787,4.2,4.0,-4.761904761904767,26.66666666666666,235470000,False,False,True,1,,,
QNRX,2025-10-10T10:16:00-04:00,2025-10-10T14:16:00+00:00,gap_3m_3pct,23.54,25.89,9.983007646559061,34.49350649350649,8.985403495840659,8.16,12.1,48.28431372549018,217.27941176470588,56570000,False,True,True,2,,,
ZEO,2025-10-10T10:16:00-04:00,2025-10-10T14:16:00+00:00,gap_3m_3pct,1.7,1.7094,0.5529411764706005,4.231707317073186,1.3738932075603847,,1.41,,,,,False,False,0,,,
BMHL,2025-10-10T10:17:00-04:00,2025-10-10T14:17:00+00:00,gap_3m_3pct,3.75,3.75,0.0,9.97067448680351,,3.87,3.45,-10.852713178294572,-3.100775193798455,25520000,False,False,False,0,,,
GMM,2025-10-10T10:17:00-04:00,2025-10-10T14:17:00+00:00,gap_3m_3pct,1.8982,1.9849,4.567484985775994,4.479418886198561,0.013793757846347994,1.97,1.9202,-2.527918781725891,0.7563451776649854,45840000,False,False,False,0,,,
JFU,2025-10-10T10:17:00-04:00,2025-10-10T14:17:00+00:00,gap_3m_3pct,5.34,5.45,2.059925093632975,5.212355212355213,31.224684518313328,4.2,4.0,-4.761904761904767,29.761904761904766,235470000,False,False,True,1,,,
PASG,2025-10-10T10:17:00-04:00,2025-10-10T14:17:00+00:00,gap_3m_3pct,8.975,8.975,0.0,4.200529419960053,7.993979933110368,8.685,8.9709,3.291882556131265,3.3390903857225096,3180000,True,False,True,2,,,
SHMDW,2025-10-10T10:17:00-04:00,2025-10-10T14:17:00+00:00,gap_1m_10pct,0.17,0.19,11.764705882352944,18.75,1.685377358490566,0.17,0.17,0.0,11.764705882352944,,,False,False,0,,,
WBUY,2025-10-10T10:17:00-04:00,2025-10-10T14:17:00+00:00,gap_3m_3pct,3.3448,3.3448,0.0,4.754149702474164,0.46394395078605605,3.23,3.23,0.0,3.5541795665634757,2260000,True,False,False,1,,,
VATE,2025-10-10T10:18:00-04:00,2025-10-10T14:18:00+00:00,gap_3m_3pct,4.31,4.31,0.0,4.866180048661772,0.13127808429554633,4.1,4.15,1.2195121951219745,5.1219512195122,13660000,True,False,False,1,,,
BAIG,2025-10-10T10:20:00-04:00,2025-10-10T14:20:00+00:00,gap_3m_3pct,28.9949,29.761,2.642188798719758,3.8017508981200487,2.0469158881016027,23.9,24.06,0.6694560669456173,24.52301255230125,,,False,False,0,,,
NTRP,2025-10-10T10:20:00-04:00,2025-10-10T14:20:00+00:00,gap_3m_3pct,3.6173,3.69,2.009786304702388,4.532577903682733,,3.67,3.53,-3.8147138964577665,0.5449591280654031,13670000,True,False,False,1,,,
USEA,2025-10-10T10:20:00-04:00,2025-10-10T14:20:00+00:00,gap_3m_3pct,1.7172,1.7172,0.0,3.4457831325301225,6.374009508716323,1.72,1.63,-5.232558139534893,-0.16279069767440868,9110000,True,False,True,2,,,
ZEO,2025-10-10T10:20:00-04:00,2025-10-10T14:20:00+00:00,gap_3m_3pct,1.74,1.855,6.609195402298851,6.609195402298851,3.387815846555979,,1.41,,,,,False,False,0,,,
BAIG,2025-10-10T10:21:00-04:00,2025-10-10T14:21:00+00:00,gap_3m_3pct,29.8,30.0,0.6711409395973034,4.403750182706556,2.2368146518072782,23.9,24.06,0.6694560669456173,25.52301255230127,,,False,False,0,,,
LCDL,2025-10-10T10:21:00-04:00,2025-10-10T14:21:00+00:00,gap_3m_3pct,15.9787,15.9787,0.0,3.1076782107620105,0.4496908902660444,15.5045,15.64,0.8739398239220986,3.0584668967074125,,,False,False,0,,,
CLNN,2025-10-10T10:22:00-04:00,2025-10-10T14:22:00+00:00,gap_3m_3pct,9.325,9.4325,1.1528150134048287,3.5400658616904446,0.8238325107121549,9.44,9.37,-0.7415254237288171,-0.07944915254237683,10850000,True,False,False,1,,,
JFU,2025-10-10T10:22:00-04:00,2025-10-10T14:22:00+00:00,gap_3m_3pct,5.2306,5.4,3.2386341911061933,3.6667306584757364,6.960194144158341,4.2,4.0,-4.761904761904767,28.57142857142858,235470000,False,False,True,1,,,
PMAX,2025-10-10T10:22:00-04:00,2025-10-10T14:22:00+00:00,gap_3m_3pct,2.5,2.5322,1.2880000000000003,3.651248465002044,0.17579107071119024,2.84,2.75,-3.169014084507038,-10.83802816901408,2650000,True,False,False,1,,,
AURE,2025-10-10T10:25:00-04:00,2025-10-10T14:25:00+00:00,gap_3m_3pct,1.1699,1.18,0.8633216514231989,3.056768558951961,332.87829079694274,,1.4,,,,,False,True,1,,,
MOVE,2025-10-10T10:25:00-04:00,2025-10-10T14:25:00+00:00,gap_3m_3pct,6.0501,6.22,2.8082180459827244,4.187604690117253,0.5531311401857592,0.649,6.2,855.3158705701078,858.3975346687212,830000,True,True,False,2,,,
SSM,2025-10-10T10:25:00-04:00,2025-10-10T14:25:00+00:00,gap_3m_3pct,8.85,8.965,1.2994350282485856,3.5219399538106266,0.22794657272860708,8.76,8.66,-1.1415525114155223,2.340182648401834,1420000,True,False,False,1,,,
BDRX,2025-10-10T10:26:00-04:00,2025-10-10T14:26:00+00:00,gap_3m_3pct,10.1,10.05,-0.4950495049504844,3.076923076923088,2.703302261724113,10.9,10.24,-6.0550458715596385,-7.798165137614676,620000,True,False,False,1,,,
MOVE,2025-10-10T10:26:00-04:00,2025-10-10T14:26:00+00:00,gap_3m_3pct,6.4535,6.4535,0.0,5.795081967213123,0.523435653073286,0.649,6.2,855.3158705701078,894.3759630200308,830000,True,True,False,2,,,
PMAX,2025-10-10T10:26:00-04:00,2025-10-10T14:26:00+00:00,gap_3m_3pct,2.53,2.6,2.7667984189723382,3.5856573705179473,0.2034004331360698,2.84,2.75,-3.169014084507038,-8.450704225352101,2650000,True,False,False,1,,,
SCWO,2025-10-10T10:26:00-04:00,2025-10-10T14:26:00+00:00,gap_3m_3pct,0.6991,0.706,0.9869832641968168,3.8235294117646923,1.981195265881173,0.599,0.7001,16.878130217028374,17.863105175292148,16920000,True,True,False,2,,,
CRMLW,2025-10-10T10:27:00-04:00,2025-10-10T14:27:00+00:00,gap_3m_3pct,7.19,7.19,0.0,3.6023054755043304,1.1175076193701319,6.37,7.68,20.5651491365777,12.872841444270012,,,True,False,1,,,
LOOP,2025-10-10T10:27:00-04:00,2025-10-10T14:27:00+00:00,gap_3m_3pct,1.8487,1.8487,0.0,5.640000000000001,0.14043994712931435,1.7,1.71,0.588235294117645,8.747058823529418,48340000,False,False,False,0,,,
TALK,2025-10-10T10:27:00-04:00,2025-10-10T14:27:00+00:00,gap_3m_3pct,3.1198,3.21,2.891210975062508,4.051863857374394,9.037958292851673,2.91,3.19,9.621993127147753,10.309278350515449,165660000,False,False,True,1,,,
BNAI,2025-10-10T10:28:00-04:00,2025-10-10T14:28:00+00:00,gap_3m_3pct,0.6241,0.6285,0.7050152219195471,3.04968027545498,0.19168696300753083,0.5276,0.5469,3.658074298711167,19.124336618650496,5830000,True,False,False,1,,,
NUAIW,2025-10-10T10:28:00-04:00,2025-10-10T14:28:00+00:00,gap_3m_3pct,0.627,0.63,0.4784688995215225,4.7555703358829415,1.828055666687952,0.55,0.63,14.545454545454529,14.545454545454529,,,True,False,1,,,
BNAI,2025-10-10T10:29:00-04:00,2025-10-10T14:29:00+00:00,gap_3m_3pct,0.6284,0.643,2.323360916613626,3.3595884905963658,0.16419069464621447,0.5276,0.5469,3.658074298711167,21.87263078089463,5830000,True,False,False,1,,,
CANF,2025-10-10T10:29:00-04:00,2025-10-10T14:29:00+00:00,gap_3m_3pct,0.5717,0.5717,0.0,3.19494584837543,2.084548601904531,0.5687,0.572,0.5802707930367523,0.5275189027606819,2620000,True,False,False,1,,,
CELZ,2025-10-10T10:29:00-04:00,2025-10-10T14:29:00+00:00,gap_3m_3pct,3.5601,3.5601,0.0,3.431144683323639,0.5241646928387845,3.5228,3.442,-2.2936300669921694,1.0588168502327688,3490000,True,False,False,1,,,
CLIK,2025-10-10T10:29:00-04:00,2025-10-10T14:29:00+00:00,gap_3m_3pct,7.5168,7.5168,0.0,4.3203108736382,0.005639962796269081,0.2798,7.2,2473.2666190135815,2586.4903502501784,3260000,True,True,False,2,,,
QNRX,2025-10-10T10:29:00-04:00,2025-10-10T14:29:00+00:00,gap_1m_10pct,29.25,32.18,10.017094017094008,24.295094631131708,9.146536159828889,8.16,12.1,48.28431372549018,294.36274509803917,56570000,False,True,True,2,,,
AURE,2025-10-10T10:30:00-04:00,2025-10-10T14:30:00+00:00,gap_3m_3pct,1.2099,1.2406,2.537399785106209,5.135593220338985,499.1145501808629,,1.4,,,,,False,True,1,,,
BNAI,2025-10-10T10:30:00-04:00,2025-10-10T14:30:00+00:00,gap_3m_3pct,0.6457,0.6561,1.6106551029889893,4.391408114558493,0.25749749014556167,0.5276,0.5469,3.658074298711167,24.355572403335877,5830000,True,False,False,1,,,
KNRX,2025-10-10T10:30:00-04:00,2025-10-10T14:30:00+00:00,gap_3m_3pct,2.59,2.59,0.0,3.174919332350701,0.27770304133364987,,2.54,,,,,False,False,0,,,
SLDP,2025-10-10T10:30:00-04:00,2025-10-10T14:30:00+00:00,gap_3m_3pct,6.76,6.9,2.071005917159763,3.0773827308037127,2.2978797754645104,6.03,6.02,-0.16583747927032544,14.427860696517424,207210000,False,False,False,0,,,
BAIG,2025-10-10T10:31:00-04:00,2025-10-10T14:31:00+00:00,gap_3m_3pct,31.05,31.58,1.706924315619962,3.4731323722149376,2.277104658871844,23.9,24.06,0.6694560669456173,32.13389121338912,,,False,False,0,,,
CNSP,2025-10-10T10:31:00-04:00,2025-10-10T14:31:00+00:00,gap_3m_3pct,10.1145,10.2253,1.0954570171536115,3.4886545351497045,0.04971710477245847,10.05,9.9999,-0.4985074626865704,1.7442786069651772,620000,True,False,False,1,,,
NIOBW,2025-10-10T10:31:00-04:00,2025-10-10T14:31:00+00:00,gap_3m_3pct,4.11,4.12,0.24330900243307862,3.0000000000000027,2.1762149348083764,3.71,4.0,7.816711590296488,11.051212938005396,,,False,False,0,,,
TAOP,2025-10-10T10:31:00-04:00,2025-10-10T14:31:00+00:00,gap_3m_3pct,3.17,3.17,0.0,3.2573289902280145,0.1718983215810256,3.15,3.05,-3.1746031746031744,0.6349206349206327,9240000,True,False,False,1,,,
VERU,2025-10-10T10:31:00-04:00,2025-10-10T14:31:00+00:00,gap_3m_3pct,4.1,4.13,0.7317073170731714,3.2499999999999973,2.042232277526395,4.28,4.2734,-0.15420560747665402,-3.5046728971962704,16050000,True,False,False,1,,,
BAIG,2025-10-10T10:32:00-04:00,2025-10-10T14:32:00+00:00,gap_3m_3pct,31.5,32.0,1.5873015873015817,3.2591158438205925,2.5267112248265122,23.9,24.06,0.6694560669456173,33.891213389121354,,,False,False,0,,,
GURE,2025-10-10T10:32:00-04:00,2025-10-10T14:32:00+00:00,gap_3m_3pct,0.5378,0.5378,0.0,4.834307992202724,0.29164186718816426,,0.54,,,1380000,True,False,False,1,,,
JG,2025-10-10T10:33:00-04:00,2025-10-10T14:33:00+00:00,gap_3m_3pct,8.96,8.96,0.0,3.4642032332563577,,8.68,8.88,2.3041474654378113,3.2258064516129226,4050000,True,False,False,1,,,
NVNO,2025-10-10T10:33:00-04:00,2025-10-10T14:33:00+00:00,gap_3m_3pct,0.82,0.82,0.0,3.7318153067678717,0.6716007364966091,0.9174,0.88,-4.076738609112707,-10.616960976673207,660000,True,False,False,1,,,
ODYS,2025-10-10T10:33:00-04:00,2025-10-10T14:33:00+00:00,gap_3m_3pct,4.25,4.25,0.0,7.052896725440805,1.0612912013075457,4.3,4.1,-4.651162790697683,-1.1627906976744096,16360000,True,False,False,1,,,
ZEO,2025-10-10T10:33:00-04:00,2025-10-10T14:33:00+00:00,gap_3m_3pct,1.52,1.545,1.6447368421052655,3.3444816053511683,6.777629851640941,,1.41,,,,,False,True,1,,,
CLLS,2025-10-10T10:34:00-04:00,2025-10-10T14:34:00+00:00,gap_3m_3pct,4.2,4.2824,1.9619047619047647,3.6900726392251837,0.23521280942748035,4.17,4.25,1.918465227817756,2.695443645083939,72090000,False,False,False,0,,,
LGO,2025-10-10T10:34:00-04:00,2025-10-10T14:34:00+00:00,gap_3m_3pct,1.97,1.985,0.761421319796951,3.7745713090757027,8.012547455766693,1.85,1.85,0.0,7.297297297297289,85600000,False,False,True,1,,,
ODYS,2025-10-10T10:34:00-04:00,2025-10-10T14:34:00+00:00,gap_3m_3pct,4.25,4.4,3.529411764705892,10.828442608498534,0.5311616332994005,4.3,4.1,-4.651162790697683,2.3255813953488413,16360000,True,False,False,1,,,
WAVE,2025-10-10T10:34:00-04:00,2025-10-10T14:34:00+00:00,gap_3m_3pct,8.63,8.66,0.34762456546928444,4.9696969696969795,1.8760022586109542,8.28,8.4,1.449275362318847,4.589371980676349,5840000,True,False,False,1,,,
PMAX,2025-10-10T10:35:00-04:00,2025-10-10T14:35:00+00:00,gap_3m_3pct,2.65,2.67,0.7547169811320753,4.705882352941182,0.2010228737113402,2.84,2.75,-3.169014084507038,-5.98591549295775,2650000,True,False,False,1,,,
TC,2025-10-10T10:36:00-04:00,2025-10-10T14:36:00+00:00,gap_3m_3pct,15.2599,15.2599,0.0,3.981438578320473,0.19543040804918949,15.03,15.07,0.26613439787093185,1.5296074517631375,27070000,False,False,False,0,,,
YAAS,2025-10-10T10:36:00-04:00,2025-10-10T14:36:00+00:00,gap_3m_3pct,3.14,3.2,1.9108280254777066,3.2891126819663663,0.0014463186096147318,3.12,3.1,-0.6410256410256387,2.564102564102577,11270000,True,False,False,1,,,
MTEN,2025-10-10T10:37:00-04:00,2025-10-10T14:37:00+00:00,gap_3m_3pct,4.07,4.07,0.0,3.037974683544298,0.43008154636061613,4.375,4.24,-3.0857142857142805,-6.971428571428562,1210000,True,False,False,1,,,
NIOBW,2025-10-10T10:37:00-04:00,2025-10-10T14:37:00+00:00,gap_3m_3pct,4.25,4.32,1.6470588235294237,3.349282296650724,1.4369802103669813,3.71,4.0,7.816711590296488,16.442048517520224,,,False,False,0,,,
PSIG,2025-10-10T10:37:00-04:00,2025-10-10T14:37:00+00:00,gap_3m_3pct,0.3923,0.4046,3.135355595207767,3.135355595207767,,0.4401,0.435,-1.1588275391956393,-8.066348557146096,8620000,True,False,False,1,,,
AURE,2025-10-10T10:38:00-04:00,2025-10-10T14:38:00+00:00,gap_3m_3pct,1.2191,1.2497,2.5100483963579556,3.340775655337791,392.9585696604357,,1.4,,,,,False,True,1,,,
BQ,2025-10-10T10:38:00-04:00,2025-10-10T14:38:00+00:00,gap_3m_3pct,10.885,11.2394,3.255856683509406,6.836371932092544,0.05965626895315701,12.51,12.53,0.1598721023181371,-10.156674660271781,16100000,True,False,False,1,,,
PSIG,2025-10-10T10:38:00-04:00,2025-10-10T14:38:00+00:00,gap_3m_3pct,0.4189,0.4199,0.23872045834327782,4.271169605165137,1.174298375184638,0.4401,0.435,-1.1588275391956393,-4.58986593955919,8620000,True,False,False,1,,,
XCH,2025-10-10T10:38:00-04:00,2025-10-10T14:38:00+00:00,gap_3m_3pct,1.195,1.195,0.0,3.9130434782608914,,1.2,1.2166,1.3833333333333364,-0.4166666666666541,2378060000,False,False,False,0,,,
BGL,2025-10-10T10:40:00-04:00,2025-10-10T14:40:00+00:00,gap_3m_3pct,10.0993,10.0993,0.0,3.0540816326530384,0.2764995296409454,10.46,11.0375,5.52103250478011,-3.448374760994277,32920000,False,False,False,0,,,
CNTN,2025-10-10T10:40:00-04:00,2025-10-10T14:40:00+00:00,gap_3m_3pct,3.35,3.39,1.1940298507462588,3.771274641851363,0.4404536952976402,3.16,3.22,1.8987341772152,7.278481012658222,,,False,False,0,,,
SKBL,2025-10-10T10:40:00-04:00,2025-10-10T14:40:00+00:00,gap_3m_3pct,2.95,3.03,2.7118644067796405,3.0612244897959107,0.4157726062828014,2.78,2.7875,0.26978417266187993,8.992805755395693,11820000,True,False,False,1,,,
TROO,2025-10-10T10:42:00-04:00,2025-10-10T14:42:00+00:00,gap_3m_3pct,1.33,1.36,2.2556390977443552,3.8167938931297662,2.497748444442011,1.3,1.32,1.538461538461533,4.615384615384621,126560000,False,False,False,0,,,
GENVR,2025-10-10T10:43:00-04:00,2025-10-10T14:43:00+00:00,gap_3m_3pct,5.762,5.762,0.0,15.00768447735572,0.4522491349480969,5.81,5.63,-3.098106712564541,-0.8261617900172102,605660000,False,False,False,0,,,
PSIG,2025-10-10T10:43:00-04:00,2025-10-10T14:43:00+00:00,gap_3m_3pct,0.42,0.42,0.0,3.806228373702414,10.204646395626922,0.4401,0.435,-1.1588275391956393,-4.567143830947518,8620000,True,False,True,2,,,
RNAZ,2025-10-10T10:43:00-04:00,2025-10-10T14:43:00+00:00,gap_3m_3pct,15.23,15.23,0.0,4.314354011273913,0.012682075785478246,14.78,14.25,-3.5859269282814576,3.0446549391069055,920000,True,False,False,1,,,
YDDL,2025-10-10T10:43:00-04:00,2025-10-10T14:43:00+00:00,gap_3m_3pct,7.145,7.24,1.3296011196641144,3.5025017869907193,,5.42,8.21,51.47601476014763,33.57933579335794,54000000,False,True,False,1,,,
ABTS,2025-10-10T10:44:00-04:00,2025-10-10T14:44:00+00:00,gap_3m_3pct,8.79,8.965,1.9908987485779406,4.244186046511622,2.248163817904891,8.37,8.5,1.55316606929512,7.108721624850656,2370000,True,False,False,1,,,
MGRT,2025-10-10T10:44:00-04:00,2025-10-10T14:44:00+00:00,gap_3m_3pct,5.3399,5.3399,0.0,5.730125730125724,2.2343610764569597,5.86,5.54,-5.460750853242324,-8.87542662116041,13750000,True,False,False,1,,,
QNRX,2025-10-10T10:44:00-04:00,2025-10-10T14:44:00+00:00,gap_3m_3pct,38.0,41.8,9.999999999999986,61.45229818462725,550.9341640706127,8.16,12.1,48.28431372549018,412.25490196078425,56570000,False,True,True,2,,,
AEC,2025-10-10T10:45:00-04:00,2025-10-10T14:45:00+00:00,gap_3m_3pct,11.121,11.121,0.0,3.653648988722158,5.625365813255784,9.02,10.35,14.745011086474502,23.29268292682929,17290000,True,True,True,3,,,
RUBI,2025-10-10T10:45:00-04:00,2025-10-10T14:45:00+00:00,gap_3m_3pct,2.01,2.01,0.0,4.145077720207246,0.17021404679757549,1.98,2.05,3.535353535353525,1.5151515151515138,3980000,True,False,False,1,,,
CODI,2025-10-10T10:46:00-04:00,2025-10-10T14:46:00+00:00,gap_3m_3pct,7.75,7.91,2.0645161290322678,4.635165881792691,13.997873530147723,7.35,8.47,15.238095238095251,7.619047619047636,75240000,False,True,True,2,,,
YJ,2025-10-10T10:46:00-04:00,2025-10-10T14:46:00+00:00,gap_3m_3pct,2.135,2.11,-1.1709601873536313,3.4313725490195957,0.1678832116788321,2.25,2.17,-3.5555555555555562,-6.2222222222222285,492550000,False,False,False,0,,,
BQ,2025-10-10T10:47:00-04:00,2025-10-10T14:47:00+00:00,gap_3m_3pct,10.94,11.1462,1.8848263254113373,5.430330776288539,0.04142031816300291,12.51,12.53,0.1598721023181371,-10.901678657074331,16100000,True,False,False,1,,,
FLNT,2025-10-10T10:51:00-04:00,2025-10-10T14:51:00+00:00,gap_3m_3pct,2.44,2.44,0.0,4.721030042918439,1.012696787405606,2.34,2.3,-1.7094017094017144,4.2735042735042805,29640000,False,False,False,0,,,
RILYL,2025-10-10T10:51:00-04:00,2025-10-10T14:51:00+00:00,gap_3m_3pct,6.5,6.5,0.0,4.8387096774193505,,6.0048,6.2,3.2507327471356318,8.246735944577654,30600000,False,False,False,0,,,
DFSC,2025-10-10T10:52:00-04:00,2025-10-10T14:52:00+00:00,gap_3m_3pct,4.63,4.75,2.591792656587466,4.395604395604402,2.205573505654281,4.54,4.6,1.3215859030836885,4.625550660792954,1990000,True,False,False,1,,,
INTS,2025-10-10T10:52:00-04:00,2025-10-10T14:52:00+00:00,gap_3m_3pct,0.3159,0.323,2.2475466919911424,4.159948403740743,12.515572272279684,,0.3633,,,,,False,True,1,,,
AURE,2025-10-10T10:53:00-04:00,2025-10-10T14:53:00+00:00,gap_3m_3pct,1.2,1.2412,3.433333333333355,5.070684838736983,387.5391313284346,,1.4,,,,,False,True,1,,,
EDBL,2025-10-10T10:53:00-04:00,2025-10-10T14:53:00+00:00,gap_3m_3pct,2.205,2.205,0.0,3.0373831775700966,2.574339382362305,2.22,2.23,0.45045045045044585,-0.6756756756756799,590000,True,False,False,1,,,
EZGO,2025-10-10T10:53:00-04:00,2025-10-10T14:53:00+00:00,gap_3m_3pct,0.1868,0.1868,0.0,3.7201554691837835,0.075830646255662,0.1919,0.1837,-4.273058884835845,-2.6576341844710805,20880000,False,False,False,0,,,
MCRP,2025-10-10T10:53:00-04:00,2025-10-10T14:53:00+00:00,gap_3m_3pct,1.87,1.9711,5.406417112299455,5.406417112299455,0.6523740144849555,1.81,1.6988,-6.143646408839776,8.900552486187841,34890000,False,False,False,0,,,
MOGU,2025-10-10T10:53:00-04:00,2025-10-10T14:53:00+00:00,gap_3m_3pct,3.4,3.4,0.0,5.263157894736836,9.480233332004448e-05,3.42,3.42,0.0,-0.5847953216374324,2452090000,False,False,False,0,,,
CRMLW,2025-10-10T10:54:00-04:00,2025-10-10T14:54:00+00:00,gap_3m_3pct,7.3,7.32,0.273972602739736,3.9772727272727293,1.6034763006124426,6.37,7.68,20.5651491365777,14.913657770800626,,,True,False,1,,,
MCRP,2025-10-10T10:54:00-04:00,2025-10-10T14:54:00+00:00,gap_3m_3pct,1.9656,1.97,0.22385022385023046,4.78723404255319,0.8777896847361225,1.81,1.6988,-6.143646408839776,8.83977900552486,34890000,False,False,False,0,,,
NVA,2025-10-10T10:54:00-04:00,2025-10-10T14:54:00+00:00,gap_3m_3pct,24.43,24.75,1.3098649201801038,3.125,1.3395726640298566,22.11,23.7099,7.236092265943017,11.9402985074627,456150000,False,False,False,0,,,
BNAI,2025-10-10T10:55:00-04:00,2025-10-10T14:55:00+00:00,gap_3m_3pct,0.6571,0.6874,4.611170293714806,4.866514111365383,0.2475995279369757,0.5276,0.5469,3.658074298711167,30.288097043214577,5830000,True,False,False,1,,,
WLACW,2025-10-10T10:55:00-04:00,2025-10-10T14:55:00+00:00,gap_3m_3pct,4.6,4.6,0.0,3.3707865168539186,1.031693302208655,4.0,4.5,12.5,14.999999999999991,,,True,False,1,,,
FLX,2025-10-10T10:56:00-04:00,2025-10-10T14:56:00+00:00,gap_3m_3pct,3.485,3.485,0.0,3.4124629080118707,0.38431152617590403,3.57,3.7,3.6414565826330625,-2.3809523809523836,68470000,False,False,False,0,,,
MSW,2025-10-10T10:56:00-04:00,2025-10-10T14:56:00+00:00,gap_3m_3pct,2.48,2.53,2.0161290322580516,3.2653061224489743,0.22617143325891942,2.69,2.69,0.0,-5.947955390334581,12970000,True,False,False,1,,,
NUAIW,2025-10-10T10:56:00-04:00,2025-10-10T14:56:00+00:00,gap_3m_3pct,0.6286,0.65,3.4043907095131942,5.605199025182772,1.0680762970729902,0.55,0.63,14.545454545454529,18.181818181818166,,,True,False,1,,,
BNRG,2025-10-10T10:57:00-04:00,2025-10-10T14:57:00+00:00,gap_3m_3pct,1.87,1.9344,3.443850267379678,4.562162162162142,0.7174956633192965,1.69,1.69,0.0,14.46153846153846,720000,True,False,False,1,,,
FLX,2025-10-10T10:57:00-04:00,2025-10-10T14:57:00+00:00,gap_3m_3pct,3.53,3.53,0.0,4.592592592592593,0.4467995076165564,3.57,3.7,3.6414565826330625,-1.1204481792717047,68470000,False,False,False,0,,,
INTJ,2025-10-10T10:58:00-04:00,2025-10-10T14:58:00+00:00,gap_3m_3pct,0.4846,0.4936,1.8572018159306758,3.2852061100648644,0.26832123116939416,0.5,0.48,-4.0000000000000036,-1.2800000000000034,30750000,False,False,False,0,,,
PMAX,2025-10-10T10:59:00-04:00,2025-10-10T14:59:00+00:00,gap_3m_3pct,2.88,2.88,0.0,7.663551401869162,0.35532243915546946,2.84,2.75,-3.169014084507038,1.4084507042253502,2650000,True,False,False,1,,,
QBTZ,2025-10-10T10:59:00-04:00,2025-10-10T14:59:00+00:00,gap_3m_3pct,20.98,20.9366,-0.20686367969495745,3.9553128103277047,0.4899144023675584,19.8264,19.4001,-2.1501634184723506,5.599604567647165,,,False,False,0,,,
