file	trade	symbol	FLOAT	GAP%	REL_VOL	PATTERN_TYPE	ENTRY_TRIGGER	ADD_ON_MECHANIC	STOP_CRITERIA	T1_TARGET	TIME_OF_ENTRY	MACD_STATE	HOLD_DURATION
0002	1	NVE	S	-	-	S	S	S	S	S	-	S	S
0003	1	BCDA	-	S	-	S	S	-	-	S	-	-	S
0003	2	XRTX	-	-	-	S	S	-	-	S	-	-	S
0003	3	LUCY	S	-	-	S	S	S	S	S	S	S	S
0004	1	WETG	S	S	S	S	S	S	S	S	-	-	S
0005	1	TWG	S	S	-	S	S	S	S	S	S	-	S
0006	1	GELS	-	S	S	S	S	-	-	-	S	-	S
0006	2	FFEN	-	-	S	S	S	-	-	-	-	-	S
0006	3	CGA	-	-	-	S	S	-	-	-	-	-	S
0006	4	FFHL	-	-	-	S	S	S	S	S	S	-	S
0007	1	SNOA	-	S	S	S	S	S	-	-	-	-	S
0007	2	ENSC	S	-	S	S	S	S	S	S	S	S	S
0008	1	GNC	S	-	-	S	S	-	S	S	-	-	S
0008	2	CNET	-	-	-	S	S	-	S	S	-	-	S
0008	3	FEN	-	-	-	S	S	-	S	S	-	-	S
0008	4	ARCON	-	-	-	S	S	-	S	S	-	-	S
0008	5	LEDS	-	-	-	S	S	-	S	S	-	-	S
0009	1	ZZZZ	-	S	-	S	S	S	-	S	S	-	S
0009	2	ARCA	-	-	-	S	S	-	-	S	-	-	S
0009	3	MNK	-	-	-	S	S	-	N	N	-	-	N
0010	1	FTNW	-	S	-	S	S	S	-	S	-	-	S
0010	2	TL	-	-	-	S	S	-	-	-	-	-	S
0010	3	EV	-	-	-	S	S	-	-	-	-	-	S
0010	4	READ	-	-	-	S	S	-	S	S	-	-	S
0011	1	PEGGY	-	-	-	S	S	S	-	S	-	-	S
0011	2	PEGGY	-	-	-	S	S	S	-	-	-	-	S
0011	3	ATNF	-	-	-	S	S	-	-	S	-	-	S
0011	4	DRUG	S	-	-	S	S	S	-	S	-	-	S
0011	5	DRUG	S	-	-	S	S	S	-	S	-	-	S
0011	6	DRUG	S	-	-	S	S	S	-	S	-	-	S
0011	7	SOBR	-	-	-	S	S	S	-	S	-	-	S
0012	1	HEPA	-	-	-	S	S	-	S	S	-	-	S
0012	2	HEPA	-	-	-	S	S	-	S	S	-	-	S
0012	3	HEPA	S	-	-	S	S	-	-	S	-	-	S
0012	4	BIMMI	-	-	-	S	S	-	-	S	-	-	S
0012	5	SCS	-	-	-	S	S	S	-	S	-	-	S
0012	6	SCS	-	-	-	S	S	S	-	S	-	-	S
0013	1	PETZ	-	-	-	S	S	S	-	S	-	-	S
0013	2	HBT	-	-	S	S	S	S	S	S	-	-	S
0013	3	GUM	-	-	-	S	S	-	S	-	-	-	S
0013	4	NCT	-	-	-	S	S	-	S	-	-	-	S
0013	5	FFHL	-	-	-	S	S	-	S	S	-	-	S
0014	1	GLBS	-	-	-	S	S	-	-	S	-	-	S
0015	1	ATOS	-	-	-	S	S	-	-	S	-	-	S
0015	2	MYND	-	-	-	S	S	-	S	S	-	-	S
0016	1	UAVS	-	S	-	S	S	-	-	S	-	-	S
0016	2	UAVS	-	S	-	S	S	-	S	S	-	-	S
0016	3	AYY	-	-	-	S	S	S	-	S	-	-	S
0016	4	ASNS	-	-	-	S	S	S	S	S	-	-	S
0016	5	DT	-	-	-	S	S	S	-	S	-	-	S
0017	1	IMTE	-	-	-	S	S	-	S	S	-	-	S
0017	2	BOXL	S	-	S	S	S	S	S	S	S	S	S
0017	3	VVPR	S	-	S	S	S	-	S	S	-	-	S
0017	4	IMGK	-	-	-	S	S	-	S	S	-	-	S
0017	5	CHFS	-	-	-	S	S	-	S	S	-	-	S
0018	1	CETX	-	-	-	S	S	S	S	S	-	-	S
0018	2	CODA	-	S	-	S	S	S	-	S	-	-	S
0019	1	DPW	-	-	-	S	S	-	-	S	S	-	S
0019	2	DPW	-	-	-	S	S	-	S	S	-	-	S
0019	3	IMRN	-	-	-	S	S	S	S	S	-	-	S
0019	4	IMRN	-	-	-	S	S	-	S	S	-	-	S
0019	5	RMBL	-	-	-	S	S	-	-	S	-	-	S
0019	6	CAPR	-	-	-	S	S	-	-	-	-	-	S
0019	7	LGHL	-	-	-	S	S	-	-	-	-	-	S
0019	8	SRNE	-	-	-	S	S	-	S	-	-	-	S
0019	9	CODA	-	-	-	S	S	-	S	-	-	-	S
0019	10	PDSB	-	-	-	S	S	-	S	S	-	-	S
0019	11	XBIO	-	-	-	S	S	-	-	-	-	-	S
0019	12	IBIO	-	-	-	S	S	-	S	S	-	-	S
0021	1	CANF	-	S	-	S	S	S	S	S	S	-	S
0023	1	LITM	-	-	-	S	S	-	-	S	-	-	S
0024	1	ALVR	-	-	-	S	S	-	S	S	-	-	S
0024	2	LLAP	-	-	-	S	S	-	S	S	-	-	S
0024	3	SEVE	-	-	-	S	S	-	S	-	-	-	S
0025	1	MOB	-	S	-	S	S	-	S	S	-	-	S
0025	2	ATLX	-	-	-	S	S	-	S	S	-	-	S
0025	3	AMAM	-	-	-	S	S	S	-	S	-	-	S
0026	1	GCT	S	-	-	S	S	S	-	S	S	-	S
0026	2	SVRE	-	-	-	S	S	S	-	S	-	-	S
0026	3	APE	S	-	-	S	S	S	-	S	-	-	S
0027	1	ASLN	-	-	-	S	S	S	-	S	-	-	S
0027	2	HEPA	-	-	-	S	S	S	-	S	-	-	S
0027	3	CGIX	-	-	-	S	S	-	S	-	-	-	S
0028	1	ATXI	-	-	-	S	S	-	-	S	S	-	S
0029	1	AUVI	-	S	-	S	S	-	S	S	-	-	S
0029	2	TCBP	-	-	-	S	S	-	-	S	-	-	S
0030	1	BAER	S	-	-	S	S	S	S	S	S	-	S
0031	1	BBAI	-	S	S	S	S	S	-	S	S	-	S
0031	2	BBAI	-	S	S	S	S	-	S	S	-	-	S
0031	3	BBAI	-	S	S	S	S	-	S	S	-	-	S
0031	4	BBAI	-	S	S	S	S	-	S	S	-	-	S
0031	5	BBAI	-	S	S	S	S	-	S	S	-	-	S
0032	1	BCAN	S	S	S	S	S	S	-	S	S	-	S
0032	2	BCAN	S	S	S	S	S	S	-	S	-	-	S
0032	3	BCAN	S	S	S	S	S	S	-	S	-	-	S
0032	4	BCAN	S	S	S	S	S	S	-	S	-	-	S
0032	5	BCAN	S	S	S	S	S	S	-	S	-	-	S
0032	6	HOLO	-	-	-	S	S	-	-	S	-	-	S
0033	1	BEAT	-	S	S	S	S	-	-	S	S	-	S
0033	2	BEAT	-	S	S	S	S	S	-	S	-	-	S
0033	3	BEAT	-	S	S	S	S	S	-	S	-	-	S
0033	4	BEAT	-	S	S	S	S	-	S	S	-	-	S
0034	1	BFRG	S	S	S	S	S	-	S	S	-	-	S
0034	2	BFRG	S	S	S	S	S	-	S	S	-	-	S
0034	3	BFRG	S	S	S	S	S	-	-	S	-	-	S
0035	1	ABOS	-	-	-	S	S	-	-	-	-	-	S
0035	2	BIAF	S	S	S	S	S	-	-	S	-	-	S
0035	3	TOPS	-	-	-	S	S	-	-	-	-	-	S
0035	4	SOBR	-	-	-	S	S	-	S	S	-	-	S
0035	5	BIAF	-	-	-	S	S	S	-	S	-	-	S
0036	1	BLPH	-	S	-	S	S	S	S	-	-	-	S
0036	2	ABVC	-	-	-	S	S	-	S	S	-	-	S
0036	3	HKD	-	-	-	S	S	S	-	S	-	-	S
0036	4	BLPH	-	-	-	S	S	-	-	S	-	-	S
0036	5	HKD	-	-	-	S	S	-	S	S	-	-	S
0037	1	BMR	-	-	-	S	S	-	-	S	-	-	S
0037	2	BMR	-	-	-	S	S	-	-	S	-	-	S
0037	3	BMR	-	-	-	S	S	-	-	S	-	-	S
0037	4	BMR	-	-	-	S	S	-	-	S	-	-	S
0037	5	BMR	-	-	-	S	S	-	S	-	-	-	S
0037	6	BMR	-	-	-	S	S	-	S	S	-	-	S
0037	7	BMR	-	-	-	S	S	-	S	S	-	-	S
0037	8	BMR	-	-	-	S	S	-	S	-	-	-	S
0037	9	BMR	-	-	-	S	S	-	-	-	-	-	S
0037	10	MGI	-	-	-	S	S	S	-	S	-	-	S
0037	11	MGI	-	-	-	S	S	-	S	S	-	-	S
0037	12	MGI	-	-	-	S	S	S	-	S	-	-	S
0037	13	MGI	-	-	-	S	S	-	S	S	-	-	S
0037	14	PRSO	-	-	-	S	S	-	S	S	-	-	S
0038	1	MEGL	-	-	-	S	S	-	-	S	-	-	S
0038	2	MEGL	-	-	-	S	S	-	-	S	-	-	S
0039	1	GROM	-	-	S	S	S	-	S	S	-	-	S
0039	2	GROM	-	-	S	S	S	-	-	S	-	-	S
0039	3	GROM	-	-	S	S	S	-	-	S	-	-	S
0039	4	PYPD	-	-	-	S	S	-	-	S	-	-	S
0039	5	PYPD	-	-	-	S	S	-	-	S	-	-	S
0039	6	BXRX	-	-	-	S	S	-	-	-	-	-	S
0039	7	BXRX	-	-	-	S	S	-	S	S	-	-	S
0039	8	BXRX	-	-	-	S	S	-	-	S	-	-	S
0039	9	BXRX	-	-	-	S	S	-	-	S	-	-	S
0040	1	CELZ	-	S	-	S	S	S	-	S	-	-	S
0040	2	CELZ	-	S	-	S	S	S	-	S	-	-	S
0040	3	CELZ	-	S	-	S	S	-	-	S	-	-	S
0040	4	CELZ	-	S	-	S	S	S	-	S	-	-	S
0040	5	CELZ	-	S	-	S	S	S	-	S	-	-	S
0041	1	CFRX	-	-	-	S	S	S	-	S	S	-	S
0043	1	CTRV	S	S	-	S	S	S	-	S	-	-	S
0043	2	INSY	-	-	-	S	S	S	S	S	-	-	S
0045	1	CYN	-	-	S	S	S	S	-	S	-	-	S
0046	1	DCFC	-	-	-	S	S	S	-	S	-	-	S
0047	1	AGRI	-	-	-	S	S	-	-	S	-	-	S
0047	2	VIRU	-	-	-	S	S	-	-	S	-	-	S
0047	3	PIK	-	-	-	S	S	-	-	S	-	-	S
0047	4	DPSI	-	-	-	S	S	-	-	S	-	-	S
0048	1	BNZI	S	S	S	S	S	S	-	S	-	-	S
0048	2	SGD	-	-	S	S	S	S	-	S	-	-	S
0049	1	ENSC	-	-	-	S	S	-	-	S	-	-	S
0051	1	EVAX	-	S	-	S	S	S	-	S	S	-	S
0052	1	FULC	-	-	-	S	S	-	-	-	-	-	S
0052	2	ZEV	-	-	-	S	S	-	-	-	-	-	S
0052	3	AHPI	-	-	-	S	S	-	-	-	-	-	S
0053	1	SNOA	-	S	-	S	S	-	S	S	-	-	S
0053	2	ATNF	-	-	-	S	S	-	-	S	-	-	S
0053	3	FWBI	-	S	-	S	S	-	-	S	-	-	S
0054	1	GFAI	-	-	-	S	S	S	-	S	-	-	S
0054	2	CYTO	-	-	-	S	S	-	S	S	-	-	S
0054	3	MDGS	-	-	-	S	S	-	S	S	-	-	S
0055	1	GFAI	-	-	-	S	S	-	-	S	-	-	S
0055	2	MWG	-	-	-	S	S	-	S	S	-	-	S
0056	1	GNS	-	S	S	S	S	S	-	S	S	-	S
0056	2	COSM	-	-	S	S	S	-	-	-	-	-	S
0057	1	GNS	-	S	-	S	S	-	-	S	-	-	S
0057	2	GMVD	-	-	-	S	S	-	-	S	-	-	S
0057	3	WISSA	-	-	-	S	S	-	S	S	-	-	S
0057	4	HSCS	-	-	-	N	S	-	S	S	-	-	S
0058	1	KALA	-	-	-	S	S	-	S	S	-	-	S
0058	2	NUWE	-	-	-	S	S	-	S	S	-	-	S
0058	3	HOTH	-	-	-	S	S	-	-	S	-	-	S
0059	1	HPX	-	-	S	S	S	S	-	-	-	-	S
0060	1	HTGM	-	-	S	S	S	-	-	S	-	-	S
0061	1	IFBD	-	S	S	S	S	-	-	S	-	-	S
0061	2	VKTX	-	-	-	S	S	S	-	S	-	-	S
0061	3	SPRC	-	-	S	S	S	-	-	S	-	-	S
0061	4	PHUN	-	-	-	S	S	-	S	S	-	-	S
0061	5	WTH	-	-	-	S	S	-	S	S	-	-	S
0062	1	ADM	-	-	-	S	S	-	S	S	-	-	S
0062	2	ILAG	-	S	-	S	S	-	-	S	-	-	S
0063	1	MDXH	-	S	-	S	S	-	-	S	-	-	S
0063	2	IMMX	-	-	-	S	S	-	-	S	-	-	S
0063	3	TXMD	-	-	-	S	S	-	-	S	-	-	S
0064	1	HUSA	-	-	-	S	S	-	S	S	-	-	S
0064	2	NERVE	-	-	-	S	S	-	-	S	-	-	S
0065	1	GBR	-	-	-	S	S	S	-	S	S	-	S
0065	2	INDO	-	S	S	S	S	-	S	S	-	-	S
0066	1	JAN	-	S	-	S	S	S	S	S	-	-	S
0066	2	PECK	-	-	-	S	S	-	S	S	-	-	S
0067	1	JSPR	-	S	-	S	S	-	-	S	-	-	S
0067	2	ZVSA	-	-	-	S	S	-	S	S	-	-	S
0067	3	HTGM	-	-	-	S	S	-	S	S	-	-	S
0068	1	KALA	-	S	-	S	S	S	-	S	-	-	S
0068	2	LUCY	-	-	-	S	S	-	-	S	-	-	S
0068	3	RAYA	-	-	-	S	S	-	S	S	-	-	S
0069	1	KITT	-	S	S	S	S	S	-	S	S	-	S
0069	2	INDO	-	-	S	S	S	S	-	S	-	-	S
0069	3	HUSA	-	-	-	S	S	-	-	-	-	-	S
0070	1	LIXT	-	S	S	S	S	S	-	S	-	-	S
0070	2	VERU	-	-	-	S	S	-	-	S	-	-	S
0070	3	INDO	-	-	-	S	S	-	-	S	-	-	S
0070	4	UUU	-	-	-	S	S	-	-	-	-	-	S
0071	1	PALI	-	-	-	S	S	-	-	S	-	-	S
0071	2	DPRO	-	-	-	S	S	-	-	S	-	-	S
0071	3	RAIL	-	-	-	S	S	-	S	-	-	-	S
0071	4	LLL	-	-	-	S	S	-	-	S	-	-	S
0071	5	FRGE	-	-	-	S	S	S	-	S	-	-	S
0072	1	LUCY	-	S	S	S	S	S	-	S	-	-	S
0072	2	LUCY	-	S	S	S	S	-	S	S	-	-	S
0072	3	LUCY	-	S	S	S	S	S	-	S	-	-	S
0072	4	LUCY	-	S	S	S	S	-	-	S	-	-	S
0072	5	MWG	-	-	-	S	S	-	-	-	-	-	S
0072	6	ELOX	-	-	-	S	S	-	-	-	-	-	S
0073	1	ADTX	-	-	-	S	S	S	-	S	S	-	S
0073	2	ADTX	-	-	-	S	S	-	-	S	-	-	S
0073	3	LUCY	-	-	-	S	S	S	-	S	-	-	S
0073	4	NVIV	-	-	-	S	S	-	S	-	-	-	S
0074	1	LVTX	-	S	-	S	S	-	S	S	-	-	S
0074	2	ADTX	-	S	-	S	S	S	-	S	-	-	S
0075	1	MGAM	-	-	-	S	S	-	-	S	-	-	S
0075	2	MGAM	-	-	-	S	S	-	-	S	-	-	S
0076	1	ASTS	-	-	-	S	S	-	-	S	-	-	S
0076	2	GFAI	-	-	-	S	S	-	S	S	-	-	S
0076	3	MGLD	-	S	S	S	S	S	-	S	-	-	S
0077	1	NRBO	-	S	-	S	S	-	-	S	-	-	S
0077	2	MINM	-	-	-	S	S	S	-	S	-	-	S
0078	1	JFAB	S	-	-	S	S	S	S	-	S	N	S
0078	2	OMGA	-	-	-	S	S	-	S	-	-	N	S
0078	3	MINM	S	S	S	S	S	S	S	S	-	N	S
0079	1	MLGO	S	S	S	S	S	-	-	S	-	N	S
0079	2	MLGO	S	S	S	S	S	-	-	S	-	N	S
0079	3	MLGO	S	S	S	S	S	-	-	S	-	N	S
0079	4	MLGO	S	S	S	S	S	-	S	-	-	N	S
0080	1	MOTS	-	S	S	S	S	S	S	S	S	N	S
0081	1	MSGM	-	S	-	S	S	-	-	S	S	N	S
0081	2	MSGM	-	S	-	S	S	-	-	S	-	N	S
0081	3	MSGM	-	S	-	S	S	-	-	S	S	N	S
0081	4	MSGM	-	S	-	S	S	-	S	-	-	N	S
0081	5	WISA	-	-	-	S	S	-	S	-	-	N	S
0082	1	BAOS	-	-	-	S	S	S	-	S	-	N	S
0083	1	BTBD	-	-	-	S	S	-	S	-	-	N	S
0083	2	BTBD	-	-	-	S	S	-	-	S	-	N	S
0084	1	SASI	-	-	-	S	S	-	-	S	-	N	S
0084	2	NEXI	-	-	S	S	S	-	-	S	-	N	S
0084	3	NEXI	-	-	S	S	S	-	S	-	-	N	S
0084	4	SIDU	-	-	-	S	S	S	S	S	-	N	S
0084	5	NEXI	-	-	S	S	S	-	S	-	-	N	S
0085	1	EVOK	-	S	-	S	S	S	S	-	-	N	S
0085	2	SKYH	-	-	-	S	S	-	S	-	-	N	S
0085	3	SKYH	-	-	-	S	S	-	-	S	-	N	S
0085	4	SKYH	-	-	-	S	S	-	S	-	-	N	S
0085	5	FRGE	-	-	-	S	S	-	-	S	-	N	S
0085	6	NUTX	-	-	S	S	S	S	-	S	S	N	S
0086	1	RMCO	-	-	-	S	S	-	-	-	-	N	S
0086	2	RMCO	-	-	-	S	S	-	S	-	-	N	S
0086	3	RMCO	-	-	-	S	S	-	S	-	-	N	S
0086	4	RMCO	-	-	-	S	S	-	S	-	-	N	S
0086	5	NXTP	S	-	S	S	S	S	-	S	-	N	S
0086	6	GMBL	-	-	-	S	S	S	-	-	-	N	S
0087	1	OCEA	-	S	S	S	S	S	S	S	S	N	S
0088	1	OLB	-	-	-	S	S	-	-	S	-	N	S
0088	2	STBX	-	-	-	S	S	-	S	-	-	N	S
0088	3	STBX	-	-	-	S	S	S	S	-	-	N	S
0089	1	SXTC	-	-	-	S	S	-	S	-	-	N	S
0089	2	SXTC	-	-	-	S	S	-	-	-	-	N	S
0089	3	PCSA	S	S	S	S	S	-	S	S	-	N	S
0090	1	SMIT	-	-	-	S	S	-	-	S	-	N	S
0090	2	TBLT	-	-	-	S	S	-	-	-	-	N	S
0090	3	DRCT	-	S	-	S	S	S	-	S	-	N	S
0091	1	ADTX	-	-	-	S	S	-	-	S	-	N	S
0091	2	PGY	-	-	-	S	S	S	-	S	-	N	S
0092	1	SIGA	-	-	-	S	S	-	-	S	-	N	S
0092	2	KAVL	-	-	-	S	S	-	-	S	S	N	S
0092	3	TBLT	-	-	-	S	S	-	S	-	-	N	S
0092	4	FAZE	-	-	-	S	S	-	-	-	-	N	S
0092	5	PGY	-	-	-	S	S	S	S	-	-	N	S
0092	6	REVB	-	-	-	S	S	-	S	-	-	N	S
0093	1	PGY	-	-	-	S	S	S	S	S	-	N	S
0093	2	AERC	-	-	-	S	S	-	-	-	S	N	S
0093	3	BWV	-	-	-	S	S	-	-	S	-	N	S
0094	1	PIK	-	S	-	S	S	S	S	S	S	N	S
0095	1	ALG	-	-	-	S	S	-	-	S	-	N	S
0095	2	IXHL	-	-	-	S	S	S	-	S	-	N	S
0095	3	AKA	-	-	-	S	S	-	-	S	-	N	S
0095	4	PIK	-	-	-	S	S	S	-	S	-	N	S
0096	1	PIXY	-	S	-	S	S	S	S	S	S	N	S
0096	2	INM	-	-	-	S	S	-	-	-	-	N	S
0096	3	IFBD	-	-	-	S	S	-	-	-	-	N	S
0097	1	PIXY	-	S	-	S	S	S	S	S	S	N	S
0098	1	SPRC	-	-	-	S	S	-	S	S	S	N	S
0098	2	RDBX	-	-	-	S	S	S	-	-	-	N	S
0099	1	REVB	-	S	S	S	S	S	-	S	-	N	S
0099	2	RVSN	-	-	S	S	S	S	-	S	-	N	S
0100	1	SBET	-	-	S	S	S	-	S	S	-	-	S
0101	1	SBFM	-	S	S	S	S	S	S	-	S	-	S
0102	1	HSCS	-	-	-	S	S	-	-	S	S	-	S
0102	2	SECO	-	-	-	S	S	-	-	S	S	-	S
0102	3	GDC	-	-	S	S	S	-	-	S	S	-	S
0103	1	RVSN	-	S	-	S	S	-	-	-	S	-	-
0103	2	SGMT	-	-	-	S	S	-	-	S	S	-	S
0103	3	BFRG	-	-	-	S	S	-	S	S	S	-	S
0104	1	SIDU	-	-	-	S	S	-	-	S	S	-	S
0104	2	CMRA	-	-	-	S	S	-	-	S	S	-	S
0104	3	AERC	-	-	-	S	S	-	-	S	S	-	S
0104	4	VIKK	-	-	-	S	S	-	-	S	S	-	S
0104	5	HTCR	-	-	-	S	S	-	S	S	S	-	S
0105	1	DTSS	-	-	-	S	S	-	-	S	S	-	S
0105	2	SIDU	-	-	-	S	S	-	-	S	S	-	S
0106	1	SIDU	-	-	S	S	S	S	-	S	S	-	S
0106	2	TLF	-	-	-	S	S	-	S	S	S	-	S
0107	1	SINT	-	S	S	S	S	-	-	S	S	-	S
0107	2	SINT	-	-	S	S	S	-	-	S	S	-	S
0107	3	SINT	-	-	S	S	S	-	S	S	S	-	S
0108	1	SNGX	-	S	S	S	S	S	-	S	S	-	S
0109	1	APM	-	S	-	S	S	-	-	S	S	-	S
0109	2	SNTG	-	-	-	S	S	-	-	S	S	-	S
0109	3	KRBP	-	-	-	S	S	-	S	-	S	-	S
0110	1	SPRB	-	S	-	S	S	-	-	S	S	-	S
0110	2	SPRB	-	-	-	S	S	-	-	S	S	-	S
0110	3	MGAM	-	-	S	S	S	-	S	-	S	-	S
0110	4	AIMX	-	-	-	S	S	-	S	-	S	-	S
0111	1	AMPX	-	-	-	S	S	-	-	S	S	-	S
0111	2	PRST	-	-	-	S	S	-	S	S	S	-	S
0111	3	SPRO	-	-	-	S	S	-	S	S	S	-	S
0111	4	NYAX	-	-	-	S	S	-	-	S	S	-	S
0111	5	PIXIE	-	-	-	S	S	-	S	-	S	-	S
0112	1	PRST	-	-	-	S	S	S	-	S	S	-	S
0112	2	SPRO	-	S	-	S	S	-	-	S	S	-	S
0113	1	KPRX	-	-	-	S	S	S	-	S	S	-	S
0113	2	SQL	-	S	S	S	S	S	-	S	S	-	S
0113	3	LUCY	-	-	-	S	S	S	-	-	S	-	S
0114	1	HOLO	-	S	S	S	S	-	S	-	S	-	S
0114	2	HOLO	-	-	S	S	S	-	-	S	S	-	S
0114	3	HOLO	-	-	S	S	S	-	-	-	S	-	S
0114	4	HKIT	-	-	S	S	S	-	-	S	S	-	S
0114	5	HKIT	-	-	S	S	S	-	S	S	S	-	S
0114	6	SYRA	-	-	S	S	S	S	-	S	S	-	S
0114	7	SYRA	-	-	S	S	S	S	S	-	S	-	S
0114	8	HOLO	-	-	S	S	S	-	S	-	S	-	S
0114	9	SYRA	-	-	S	S	S	-	S	-	S	-	S
0114	10	ZJYL	-	-	S	S	S	-	S	-	S	-	S
0115	1	TCBP	-	-	-	S	S	S	-	-	S	-	S
0115	2	OTRK	-	-	-	S	S	-	-	S	S	-	S
0115	3	TCBP	-	-	-	S	S	-	S	-	S	-	S
0115	4	TCBP	-	-	-	S	S	-	-	S	S	-	S
0115	5	TCBP	-	-	S	S	S	S	-	S	S	-	S
0116	1	UNCY	-	S	-	S	S	-	-	S	S	-	S
0117	1	MINM	-	-	-	S	S	-	-	S	S	-	S
0117	2	MINM	-	-	-	S	S	-	-	S	S	-	S
0117	3	ARBB	-	-	-	S	S	-	-	S	S	-	S
0117	4	VCIG	-	-	S	S	S	-	-	S	S	-	S
0117	5	VCIG	-	-	-	S	S	-	S	S	S	-	S
0117	6	SFWL	-	-	-	S	S	S	S	-	S	-	S
0118	1	IVDA	-	-	-	S	S	-	-	S	S	-	S
0118	2	WBD	-	-	-	S	S	-	S	-	S	-	S
0118	3	VERU	-	-	S	S	S	S	-	S	S	-	S
0118	4	VERU	-	-	-	S	S	S	S	-	S	-	S
0118	5	VERU	-	-	-	S	S	-	-	S	S	-	S
0118	6	VERU	-	-	-	S	S	-	-	S	S	-	S
0119	1	WLDS	-	-	-	S	S	S	-	-	S	-	S
0119	2	ICU	-	-	S	S	S	S	-	S	S	-	S
0119	3	ICU	-	-	-	S	S	-	S	-	S	-	S
0119	4	KPRX	-	-	-	S	S	-	S	S	S	-	S
0120	1	WORX	-	-	-	S	S	S	-	S	S	-	S
0120	2	WORX	-	-	-	S	S	-	-	S	S	-	S
0120	3	WORX	-	-	-	S	S	-	S	-	S	-	S
0120	4	WORX	-	-	-	S	S	S	-	S	S	-	S
0120	5	BRQS	-	-	-	S	S	-	-	S	S	-	S
0120	6	BRQS	-	-	-	S	S	S	-	S	S	-	S
0120	7	BRQS	-	-	S	S	S	S	-	S	S	-	S
0120	8	ICD	-	-	-	S	S	-	-	S	S	-	S
0121	1	TBTX	-	-	-	S	S	-	-	S	S	-	S
0121	2	FLGC	-	-	S	S	S	S	-	S	S	-	S
0121	3	FLGC	-	-	-	S	S	S	-	S	S	-	S
0121	4	FLGC	-	-	-	S	S	-	S	-	S	-	S
0122	1	MEDS	-	-	-	S	S	-	-	S	S	-	S
0122	2	GLTO	-	-	S	S	S	S	-	S	S	-	S
0123	1	VRPX	-	-	S	S	S	S	-	S	S	-	S
0123	2	VRPX	-	-	-	S	S	-	S	-	S	-	S
0124	1	WORX	S	S	-	S	S	-	-	S	S	-	S
0124	2	WORX	-	-	-	S	S	-	S	S	S	-	S
0125	1	HOTH	-	S	-	S	S	-	-	S	S	-	S
0125	2	HOTH	-	-	-	S	S	-	S	S	S	-	S
0125	3	IMAM	-	S	S	S	S	-	-	S	S	-	S
0125	4	REXN	-	-	-	S	S	-	-	S	S	-	S
0126	1	ALQA	-	S	-	S	S	S	-	S	S	-	S
0126	2	ADIL	-	-	-	S	S	S	-	S	S	-	S
0126	3	BTAI	-	S	-	S	S	-	-	S	S	-	S
0126	4	ALQA	-	S	-	S	S	-	S	-	S	-	S
0127	1	SNGX	-	-	S	S	S	S	S	S	S	-	S
0128	1	APOP	-	-	S	S	S	-	-	S	S	-	S
0128	2	APOP	-	-	-	S	S	-	S	-	S	-	S
0128	3	RCAT	-	-	-	S	S	-	S	S	S	-	S
0128	4	APOP	-	-	-	S	S	-	S	-	S	-	S
0129	1	DVGI	-	-	high	S	S	S	-	S	S	-	S
0129	2	GBR	-	-	-	S	S	-	S	S	S	-	S
0130	1	SININT	sub-1M	-	S	S	S	S	-	S	S	-	S
0130	2	THAR	-	-	-	S	S	-	-	S	S	-	S
0130	3	UAVS	-	-	S	S	S	S	-	S	S	-	S
0130	4	VIOV	-	-	-	S	S	-	-	S	S	-	S
0130	5	JTA	-	-	-	S	S	-	-	S	S	-	S
0131	1	CMCT	-	-	-	S	S	S	-	S	S	-	S
0133	1	ACY	-	-	-	S	S	-	S	-	S	-	S
0133	2	XCLB	-	-	-	S	S	-	S	-	S	-	S
0133	3	CEMI	-	-	-	S	S	-	S	-	S	-	S
0133	4	MDLY	-	-	-	S	S	-	S	-	S	-	S
0133	5	DMYD	-	-	-	S	S	-	-	S	S	-	S
0133	6	BPTH	-	-	-	S	S	-	-	S	S	-	S
0134	1	MOB	-	-	-	S	S	S	-	S	S	-	S
0134	2	FAZE	-	-	S	S	S	-	-	S	S	-	S
0134	3	???	-	-	S	S	S	-	S	S	S	-	S
0135	1	CVM	-	-	-	S	S	S	-	S	S	-	S
0135	2	TCAT	-	-	-	S	S	-	-	S	S	-	S
0135	3	BTX	-	-	-	S	S	-	-	S	S	-	S
0135	4	AENZ	-	-	-	S	S	-	-	S	S	-	S
0136	1	CLOV	-	-	-	S	S	S	-	S	S	-	S
0136	2	GME	-	-	-	S	S	-	S	S	S	-	S
0137	1	RHE	-	-	S	S	S	S	-	S	S	-	S
0137	2	VERU	-	-	-	S	S	-	-	S	S	-	S
0137	3	THYT	-	-	-	S	S	S	-	S	S	-	S
0137	4	BTX	-	-	-	S	S	-	-	S	S	-	S
0138	1	TAOP	-	-	-	S	S	-	-	-	S	-	S
0138	2	DCTA	-	-	-	S	S	-	S	-	S	-	S
0138	3	YVR	-	-	-	S	S	-	S	-	S	-	S
0138	4	CLRO	-	-	-	S	S	-	S	-	S	-	S
0138	5	WAFU	-	S	S	S	S	S	-	S	S	-	S
0139	1	TN	7M	-	25M	S	S	S	-	S	S	-	S
0139	2	BO	-	-	S	S	S	-	-	S	S	-	S
0139	3	SYTA	-	-	-	S	S	-	S	-	S	-	S
0139	4	MNPR	-	-	-	S	S	-	S	-	S	-	S
0139	5	GRRR	-	-	-	S	S	-	S	-	S	-	S
0139	6	OBG	-	-	S	S	S	-	-	S	S	-	S
0139	7	HSCS	-	-	-	S	S	-	S	-	S	-	S
0139	8	GV	-	-	S	S	S	-	-	S	S	-	S
0140	1	WKHS	-	S	-	S	S	-	-	S	S	-	S
0140	2	HGSH	-	-	S	S	S	S	-	S	S	-	S
0140	3	LEDS	-	-	-	S	S	-	S	S	S	-	S
0140	4	PXTS	-	-	-	S	S	-	S	-	S	-	S
0141	1	PRPO	-	-	S	S	S	S	-	S	S	-	S
0141	2	TYHT	-	-	-	S	S	-	-	S	S	-	S
0141	3	PRPO	-	-	-	S	S	-	S	-	S	-	S
0141	4	BLRX	-	-	-	S	S	-	S	-	S	-	N
0142	1	INNO	-	-	S	S	S	-	-	S	S	-	S
0142	2	PRPH	-	-	-	S	S	-	S	S	S	-	S
0142	3	JAN	-	-	-	S	S	-	-	S	S	-	S
0142	4	OXBR	-	-	-	S	S	-	-	S	S	-	S
0142	5	TRVI	-	-	-	S	S	-	-	S	S	-	S
0142	6	YTEN	-	-	-	S	S	-	-	S	S	-	S
0142	7	TSLA	-	-	-	S	S	-	-	S	S	-	S
0143	1	SPRC	-	S	-	S	S	S	-	S	S	-	S
0143	2	SPRC	-	-	-	S	S	-	S	-	S	-	S
0143	3	STSS	-	S	-	S	S	-	S	S	S	-	S
0144	1	GLSI	-	-	-	S	S	S	-	S	S	-	S
0144	2	UTME	-	-	-	S	S	-	S	S	S	-	S
0144	3	CMMB	-	-	-	S	S	-	-	S	S	-	S
0145	1	EFTR	-	-	-	S	S	S	-	S	S	-	S
0145	2	EFTR	-	-	-	S	S	-	S	S	S	-	S
0145	3	ISEE	-	-	-	S	S	S	S	-	S	-	S
0146	1	SPRT	-	-	S	S	S	S	-	S	S	-	S
0147	1	TSLA	-	-	-	S	S	-	-	S	S	-	S
0147	2	MYO	-	S	S	S	S	S	-	S	S	-	S
0148	1	STRM	-	-	-	S	S	S	-	S	S	-	S
0148	2	ARGS	-	-	S	S	S	S	-	S	S	-	S
0149	1	SPRT	-	S	S	S	S	-	S	S	S	-	S
0149	2	SPRT	-	-	-	S	S	-	S	S	S	-	S
0149	3	SPRT	-	-	-	S	S	-	-	S	S	-	S
=== FILE 0150 ===
TRADE_MECHANICS:
| # | FLOAT | GAP% | REL_VOL | PATTERN_TYPE | ENTRY_TRIGGER | ADD_ON_MECHANIC | STOP_CRITERIA | T1_TARGET | TIME_OF_ENTRY | MACD_STATE | HOLD_DURATION |
|---|-------|------|---------|--------------|---------------|-----------------|---------------|-----------|---------------|------------|---------------|
| 1 | - | - | - | gap-and-go | break $11.50 support | added on dips | failed-breakout | - | - | - | short |
| 2 | - | - | - | gap-and-go | breakout momentum | re-entry attempts | reversal consolidation | - | - | - | short |
| 3 | - | - | - | dip-buy | dip re-entry | added on pullbacks | reversal flushed | - | - | - | short |
| 4 | - | - | - | micro-pullback | third entry | added on pullbacks | reversal continued | - | - | - | short |
=== FILE 0151 ===
TRADE_MECHANICS:
| # | FLOAT | GAP% | REL_VOL | PATTERN_TYPE | ENTRY_TRIGGER | ADD_ON_MECHANIC | STOP_CRITERIA | T1_TARGET | TIME_OF_ENTRY | MACD_STATE | HOLD_DURATION |
|---|-------|------|---------|--------------|---------------|-----------------|---------------|-----------|---------------|------------|---------------|
| 1 | - | - | - | dip-buy | bounce off support | scaled at resistance | - | $29.90+ | - | - | short |
| 2 | - | - | - | whole-dollar-break | breakout attempt | added entries | failed-breakout flushed | - | - | - | short |
| 3 | - | - | - | dip-buy | break of key level | dip and rip momentum | - | - | - | - | short |
| 4 | - | - | - | halt-resume | halt resume continuation | scaled into strength | - | - | - | - | short |
| 5 | - | - | - | whole-dollar-break | break of whole-dollar | scaled $5.10-$5.18 | - | - | - | - | short |
| 6 | - | - | - | top-entry | peak of move | - | reversal weakness | - | - | - | scalp |
=== FILE 0152 ===
TRADE_MECHANICS:
| # | FLOAT | GAP% | REL_VOL | PATTERN_TYPE | ENTRY_TRIGGER | ADD_ON_MECHANIC | STOP_CRITERIA | T1_TARGET | TIME_OF_ENTRY | MACD_STATE | HOLD_DURATION |
|---|-------|------|---------|--------------|---------------|-----------------|---------------|-----------|---------------|------------|---------------|
| 1 | - | - | high | dip-buy | break of VWAP | added on pullbacks | - | - | - | - | extended |
| 2 | - | - | - | afternoon-breakout | consolidation breakout | scaled at key level | - | - | afternoon | - | short |
| 3 | - | - | - | momentum-squeeze | momentum squeeze | scaled out of move | - | - | - | - | short |
| 4 | - | - | - | dip-buy | support level | - | reversal market weakness | - | - | - | short |
| 5 | - | - | - | momentum-spike | trending up | - | failed-breakout | - | - | - | short |
=== FILE 0153 ===
TRADE_MECHANICS:
| # | FLOAT | GAP% | REL_VOL | PATTERN_TYPE | ENTRY_TRIGGER | ADD_ON_MECHANIC | STOP_CRITERIA | T1_TARGET | TIME_OF_ENTRY | MACD_STATE | HOLD_DURATION |
|---|-------|------|---------|--------------|---------------|-----------------|---------------|-----------|---------------|------------|---------------|
| 1 | - | - | - | gap-and-go | continuation high | - | failed-breakout choppy | - | - | - | short |
| 2 | - | - | - | dip-buy | pullback setup | scaled at momentum | - | - | - | - | short |
| 3 | - | - | - | breakout | daily chart setup | break of resistance | - | - | - | - | short |
=== FILE 0154 ===
TRADE_MECHANICS:
| # | FLOAT | GAP% | REL_VOL | PATTERN_TYPE | ENTRY_TRIGGER | ADD_ON_MECHANIC | STOP_CRITERIA | T1_TARGET | TIME_OF_ENTRY | MACD_STATE | HOLD_DURATION |
|---|-------|------|---------|--------------|---------------|-----------------|---------------|-----------|---------------|------------|---------------|
| 1 | sub-1M | - | high | dip-buy | break $21.50 momentum | added on dips | - | $25-26.50+ | - | - | extended |
| 2 | - | - | high | dip-and-rip | halt resume | - | - | key level break | - | - | short |
=== FILE 0155 ===
TRADE_MECHANICS:
| # | FLOAT | GAP% | REL_VOL | PATTERN_TYPE | ENTRY_TRIGGER | ADD_ON_MECHANIC | STOP_CRITERIA | T1_TARGET | TIME_OF_ENTRY | MACD_STATE | HOLD_DURATION |
|---|-------|------|---------|--------------|---------------|-----------------|---------------|-----------|---------------|------------|---------------|
| 1 | - | - | - | gap-and-go | break premarket high | added into strength | - | $25+ | - | - | extended |
=== FILE 0156 ===
TRADE_MECHANICS:
| # | FLOAT | GAP% | REL_VOL | PATTERN_TYPE | ENTRY_TRIGGER | ADD_ON_MECHANIC | STOP_CRITERIA | T1_TARGET | TIME_OF_ENTRY | MACD_STATE | HOLD_DURATION |
|---|-------|------|---------|--------------|---------------|-----------------|---------------|-----------|---------------|------------|---------------|
| 1 | - | - | - | gap-and-go | breakout momentum | - | reversal double-top | - | - | - | short |
| 2 | - | - | - | dip-buy | bounce off support | - | - | - | - | - | scalp |
| 3 | - | - | - | whole-dollar-break | break premarket high | - | failed-breakout | - | - | - | short |
| 4 | - | - | - | whole-dollar-break | break whole-dollar | - | failed-breakout weak | - | - | - | scalp |
=== FILE 0158 ===
TRADE_MECHANICS:
| # | FLOAT | GAP% | REL_VOL | PATTERN_TYPE | ENTRY_TRIGGER | ADD_ON_MECHANIC | STOP_CRITERIA | T1_TARGET | TIME_OF_ENTRY | MACD_STATE | HOLD_DURATION |
|---|-------|------|---------|--------------|---------------|-----------------|---------------|-----------|---------------|------------|---------------|
| 1 | - | - | high | momentum-squeeze | breakout momentum | scaled on momentum | - | - | - | - | extended |
| 2 | - | - | - | dip-buy | pullback entry | - | - | - | - | - | scalp |
| 3 | - | - | - | multiple-breaks | multiple break attempts | scaled on bounces | - | - | - | - | extended |
=== FILE 0159 ===
TRADE_MECHANICS:
| # | FLOAT | GAP% | REL_VOL | PATTERN_TYPE | ENTRY_TRIGGER | ADD_ON_MECHANIC | STOP_CRITERIA | T1_TARGET | TIME_OF_ENTRY | MACD_STATE | HOLD_DURATION |
|---|-------|------|---------|--------------|---------------|-----------------|---------------|-----------|---------------|------------|---------------|
| 1 | - | - | high | breakout | momentum surge | scaled at key resistance | - | - | - | - | extended |
| 2 | - | - | - | dip-buy | daily breakout | scaled on bounces | - | - | - | - | extended |
=== FILE 0160 ===
TRADE_MECHANICS:
| # | FLOAT | GAP% | REL_VOL | PATTERN_TYPE | ENTRY_TRIGGER | ADD_ON_MECHANIC | STOP_CRITERIA | T1_TARGET | TIME_OF_ENTRY | MACD_STATE | HOLD_DURATION |
|---|-------|------|---------|--------------|---------------|-----------------|---------------|-----------|---------------|------------|---------------|
| 1 | - | - | - | unknown | unknown | - | - | - | - | - | extended |
| 2 | - | - | - | unknown | unknown | - | - | - | - | - | short |
| 3 | - | - | - | short-break | short below support | - | reversal | - | - | - | short |
=== FILE 0161 ===
TRADE_MECHANICS:
| # | FLOAT | GAP% | REL_VOL | PATTERN_TYPE | ENTRY_TRIGGER | ADD_ON_MECHANIC | STOP_CRITERIA | T1_TARGET | TIME_OF_ENTRY | MACD_STATE | HOLD_DURATION |
|---|-------|------|---------|--------------|---------------|-----------------|---------------|-----------|---------------|------------|---------------|
| 1 | - | 75% | high | gap-and-go | break premarket high / micro pullback dips | added through micro pullbacks | - | $19-20.50 | 9:00-9:30am | - | short |
=== FILE 0162 ===
TRADE_MECHANICS:
| # | FLOAT | GAP% | REL_VOL | PATTERN_TYPE | ENTRY_TRIGGER | ADD_ON_MECHANIC | STOP_CRITERIA | T1_TARGET | TIME_OF_ENTRY | MACD_STATE | HOLD_DURATION |
|---|-------|------|---------|--------------|---------------|-----------------|---------------|-----------|---------------|------------|---------------|
| 1 | - | - | - | dip-buy | dip entry | - | reversal | - | - | - | short |
| 2 | - | - | - | whole-dollar-break | break premarket high | scaled at resistance | - | - | - | - | short |
| 3 | - | - | - | dip-buy | support level | - | reversal | - | - | - | short |
| 4 | - | - | - | micro-pullback | micro pullback | scaled after halt | - | - | - | - | short |
| 5 | - | - | - | halt-resume | halt resumption | - | reversal | - | - | - | short |
| 6 | - | - | - | unknown | first candle new high | scaled exits | - | - | - | - | short |
=== FILE 0163 ===
TRADE_MECHANICS:
| # | FLOAT | GAP% | REL_VOL | PATTERN_TYPE | ENTRY_TRIGGER | ADD_ON_MECHANIC | STOP_CRITERIA | T1_TARGET | TIME_OF_ENTRY | MACD_STATE | HOLD_DURATION |
|---|-------|------|---------|--------------|---------------|-----------------|---------------|-----------|---------------|------------|---------------|
| 1 | - | - | - | whole-dollar-break | break premarket high | - | - | - | - | - | scalp |
| 2 | - | - | - | dip-buy | add on pullbacks | scaled throughout | - | - | - | - | extended |
| 3 | - | - | - | whole-dollar-break | break premarket high | - | - | - | - | - | scalp |
| 4 | - | - | - | unknown | unknown | - | - | - | - | - | n/a |
=== FILE 0164 ===
TRADE_MECHANICS:
| # | FLOAT | GAP% | REL_VOL | PATTERN_TYPE | ENTRY_TRIGGER | ADD_ON_MECHANIC | STOP_CRITERIA | T1_TARGET | TIME_OF_ENTRY | MACD_STATE | HOLD_DURATION |
|---|-------|------|---------|--------------|---------------|-----------------|---------------|-----------|---------------|------------|---------------|
| 1 | - | - | - | unknown | unknown | - | - | - | - | - | extended |
=== FILE 0165 ===
TRADE_MECHANICS:
| # | FLOAT | GAP% | REL_VOL | PATTERN_TYPE | ENTRY_TRIGGER | ADD_ON_MECHANIC | STOP_CRITERIA | T1_TARGET | TIME_OF_ENTRY | MACD_STATE | HOLD_DURATION |
|---|-------|------|---------|--------------|---------------|-----------------|---------------|-----------|---------------|------------|---------------|
| 1 | - | - | - | red-to-green | break above support | scaled exits | - | - | - | - | extended |
| 2 | - | - | - | dip-buy | dip anticipating breakout | - | reversal | - | - | - | short |
=== FILE 0166 ===
TRADE_MECHANICS:
| # | FLOAT | GAP% | REL_VOL | PATTERN_TYPE | ENTRY_TRIGGER | ADD_ON_MECHANIC | STOP_CRITERIA | T1_TARGET | TIME_OF_ENTRY | MACD_STATE | HOLD_DURATION |
|---|-------|------|---------|--------------|---------------|-----------------|---------------|-----------|---------------|------------|---------------|
| 1 | - | - | - | dip-buy | break above premarket high | scaled at resistance | - | - | - | - | extended |
| 2 | - | - | - | dip-buy | add positions | - | false-breakouts | - | - | - | short |
| 3 | - | - | - | breakout | breakout trade | - | reversal | - | - | - | short |
| 4 | - | - | - | continuation | continuation from yesterday | scalp | - | - | - | - | scalp |
=== FILE 0167 ===
TRADE_MECHANICS:
| # | FLOAT | GAP% | REL_VOL | PATTERN_TYPE | ENTRY_TRIGGER | ADD_ON_MECHANIC | STOP_CRITERIA | T1_TARGET | TIME_OF_ENTRY | MACD_STATE | HOLD_DURATION |
|---|-------|------|---------|--------------|---------------|-----------------|---------------|-----------|---------------|------------|---------------|
| 1 | - | - | - | dip-buy | dip entry $14.00 | scaled exits | - | - | - | - | short |
| 2 | - | - | - | vwap-reclaim | break of VWAP | scaled exits | - | - | - | - | short |
| 3 | - | - | - | dip-buy | dip entry | scaled exits | - | - | - | - | short |
| 4 | - | - | - | halt-resume | bounce off support | halt resumption break | - | - | - | - | short |
| 5 | - | - | - | vwap-reclaim | bounce off VWAP | - | reversal | - | - | - | short |
| 6 | - | - | - | dip-buy | double bottom | break of resistance | - | - | - | - | short |
=== FILE 0168 ===
TRADE_MECHANICS:
| # | FLOAT | GAP% | REL_VOL | PATTERN_TYPE | ENTRY_TRIGGER | ADD_ON_MECHANIC | STOP_CRITERIA | T1_TARGET | TIME_OF_ENTRY | MACD_STATE | HOLD_DURATION |
|---|-------|------|---------|--------------|---------------|-----------------|---------------|-----------|---------------|------------|---------------|
| 1 | - | - | high | gap-and-go | first candle new high | - | - | - | - | - | short |
| 2 | - | - | - | dip-buy | dip entry | - | - | - | - | - | scalp |
| 3 | - | - | - | whole-dollar-break | break premarket high | - | reversal | - | - | - | short |
| 4 | - | - | - | halt-resume | bounce after halt | - | reversal | - | - | - | short |
=== FILE 0169 ===
TRADE_MECHANICS:
| # | FLOAT | GAP% | REL_VOL | PATTERN_TYPE | ENTRY_TRIGGER | ADD_ON_MECHANIC | STOP_CRITERIA | T1_TARGET | TIME_OF_ENTRY | MACD_STATE | HOLD_DURATION |
|---|-------|------|---------|--------------|---------------|-----------------|---------------|-----------|---------------|------------|---------------|
| 1 | - | - | low | gap-and-go | break opening range | - | reversal | - | - | - | short |
| 2 | - | - | low | unknown | first candle new high / micro pullback | scaled exits | - | - | - | - | short |
=== FILE 0170 ===
TRADE_MECHANICS:
| # | FLOAT | GAP% | REL_VOL | PATTERN_TYPE | ENTRY_TRIGGER | ADD_ON_MECHANIC | STOP_CRITERIA | T1_TARGET | TIME_OF_ENTRY | MACD_STATE | HOLD_DURATION |
|---|-------|------|---------|--------------|---------------|-----------------|---------------|-----------|---------------|------------|---------------|
| 1 | - | 18% | high | red-to-green | red to green momentum | scaled $2.55 and $2.50 | - | - | - | - | extended |
=== FILE 0171 ===
TRADE_MECHANICS:
| # | FLOAT | GAP% | REL_VOL | PATTERN_TYPE | ENTRY_TRIGGER | ADD_ON_MECHANIC | STOP_CRITERIA | T1_TARGET | TIME_OF_ENTRY | MACD_STATE | HOLD_DURATION |
|---|-------|------|---------|--------------|---------------|-----------------|---------------|-----------|---------------|------------|---------------|
| 1 | - | - | - | whole-dollar-break | break $4.00 level | - | - | $4.13 | - | - | short |
| 2 | - | - | - | whole-dollar-break | break through resistance | - | - | $4.30 | - | - | short |
| 3 | - | - | - | whole-dollar-break | curl for $4.20 breakthrough | - | - | - | - | - | short |
| 4 | - | - | - | dip-buy | long entry | - | - | $5.25 | - | - | short |
| 5 | - | - | - | dip-buy | add on move up | - | reversal stopped | $5.15 | - | - | short |
=== FILE 0172 ===
TRADE_MECHANICS:
| # | FLOAT | GAP% | REL_VOL | PATTERN_TYPE | ENTRY_TRIGGER | ADD_ON_MECHANIC | STOP_CRITERIA | T1_TARGET | TIME_OF_ENTRY | MACD_STATE | HOLD_DURATION |
|---|-------|------|---------|--------------|---------------|-----------------|---------------|-----------|---------------|------------|---------------|
| 1 | - | - | high | flat-top | first pullback / reverse split | scaled $3.37-$4.41 | - | - | - | - | extended |
| 2 | - | - | high | unknown | second entry on strength | - | reversal | - | - | - | short |
| 3 | - | - | - | whole-dollar-break | entry at $2.65 | - | - | - | - | - | short |
=== FILE 0173 ===
TRADE_MECHANICS:
| # | FLOAT | GAP% | REL_VOL | PATTERN_TYPE | ENTRY_TRIGGER | ADD_ON_MECHANIC | STOP_CRITERIA | T1_TARGET | TIME_OF_ENTRY | MACD_STATE | HOLD_DURATION |
|---|-------|------|---------|--------------|---------------|-----------------|---------------|-----------|---------------|------------|---------------|
| 1 | - | high | high | whole-dollar-break | break $2.00 whole dollar | scaled $2.31-$2.61 | - | - | - | - | extended |
| 2 | - | - | high | doji-breakout | doji reversal / short squeeze | dip trades | - | $23 | - | - | extended |
| 3 | - | - | high | unknown | unknown | - | halted | - | - | - | unknown |
| 4 | - | - | high | halt-resume | unknown | - | halted / reversal | - | - | unknown |
| 5 | - | - | high | unknown | unknown | - | halted | - | - | - | unknown |
| 6 | - | - | high | unknown | unknown | - | unknown | - | - | - | unknown |
=== FILE 0174 ===
TRADE_MECHANICS:
| # | FLOAT | GAP% | REL_VOL | PATTERN_TYPE | ENTRY_TRIGGER | ADD_ON_MECHANIC | STOP_CRITERIA | T1_TARGET | TIME_OF_ENTRY | MACD_STATE | HOLD_DURATION |
|---|-------|------|---------|--------------|---------------|-----------------|---------------|-----------|---------------|------------|---------------|
| 1 | - | 100% | high | gap-and-go | break $10.50 / pop at open | scaled $11.50-$13.50 | - | - | - | - | extended |
| 2 | - | - | - | whole-dollar-break | single scalp trade | - | - | - | - | - | scalp |
| 3 | - | - | - | earnings-continuation | earnings continuation | - | - | - | - | - | short |
| 4 | - | - | - | premarket-squeeze | premarket squeeze | - | - | - | - | - | unknown |
=== FILE 0175 ===
TRADE_MECHANICS:
| # | FLOAT | GAP% | REL_VOL | PATTERN_TYPE | ENTRY_TRIGGER | ADD_ON_MECHANIC | STOP_CRITERIA | T1_TARGET | TIME_OF_ENTRY | MACD_STATE | HOLD_DURATION |
|---|-------|------|---------|--------------|---------------|-----------------|---------------|-----------|---------------|------------|---------------|
| 1 | - | - | high | unknown | VWAP dip / open gap | scaled $5.90-$7.10 | - | - | - | - | extended |
| 2 | - | - | - | unknown | VWAP dip / first five-minute | scaled $13.50-$13.70 | - | - | - | - | extended |
=== FILE 0176 ===
TRADE_MECHANICS:
| # | FLOAT | GAP% | REL_VOL | PATTERN_TYPE | ENTRY_TRIGGER | ADD_ON_MECHANIC | STOP_CRITERIA | T1_TARGET | TIME_OF_ENTRY | MACD_STATE | HOLD_DURATION |
|---|-------|------|---------|--------------|---------------|-----------------|---------------|-----------|---------------|------------|---------------|
| 1 | - | - | high | head-shoulders | head and shoulders breakout | - | - | $13+ | - | - | extended |
| 2 | - | - | - | gap-and-go | bell pop attempt | - | reversal | - | - | - | short |
| 3 | - | - | - | momentum-scalp | momentum scalp | - | - | - | - | - | scalp |
| 4 | - | - | high | halt-resume | halt resume / squeeze | added on resumption | - | $8.41 | - | - | extended |
=== FILE 0177 ===
TRADE_MECHANICS:
| # | FLOAT | GAP% | REL_VOL | PATTERN_TYPE | ENTRY_TRIGGER | ADD_ON_MECHANIC | STOP_CRITERIA | T1_TARGET | TIME_OF_ENTRY | MACD_STATE | HOLD_DURATION |
|---|-------|------|---------|--------------|---------------|-----------------|---------------|-----------|---------------|------------|---------------|
| 1 | - | - | - | gap-and-go | break premarket high | - | - | - | - | - | short |
| 2 | - | - | - | gap-and-go | leading gapper | scaled exits | - | - | - | - | extended |
| 3 | - | - | high | dip-buy | dip / whole-dollar | scaled out $10.15 | - | - | - | - | extended |
=== FILE 0178 ===
TRADE_MECHANICS:
| # | FLOAT | GAP% | REL_VOL | PATTERN_TYPE | ENTRY_TRIGGER | ADD_ON_MECHANIC | STOP_CRITERIA | T1_TARGET | TIME_OF_ENTRY | MACD_STATE | HOLD_DURATION |
|---|-------|------|---------|--------------|---------------|-----------------|---------------|-----------|---------------|------------|---------------|
| 1 | - | - | high | vwap-reclaim | dip off VWAP | added every 10 cents | - | - | - | - | extended |
| 2 | - | - | high | dip-buy | second entry on strength | - | - | - | - | - | short |
| 3 | - | - | - | micro-pullback | micro-pullback | - | failed breakout | - | - | - | short |
| 4 | - | - | - | dip-buy | dip trade attempt | - | - | - | - | - | short |
=== FILE 0179 ===
TRADE_MECHANICS:
| # | FLOAT | GAP% | REL_VOL | PATTERN_TYPE | ENTRY_TRIGGER | ADD_ON_MECHANIC | STOP_CRITERIA | T1_TARGET | TIME_OF_ENTRY | MACD_STATE | HOLD_DURATION |
|---|-------|------|---------|--------------|---------------|-----------------|---------------|-----------|---------------|------------|---------------|
| 1 | - | - | - | micro-pullback | one-minute micro-pullback | - | false breakout | - | - | - | short |
| 2 | - | - | high | red-to-green | red to green move | added on pullbacks | - | $8.41 | - | - | extended |
| 3 | - | - | high | unknown | VWAP break re-entry | - | failed breakout | - | - | - | short |
| 4 | - | - | high | dip-buy | re-entry dips | - | - | - | - | - | short |
| 5 | - | - | high | unknown | final re-entry / squeeze | - | - | - | - | - | short |
| 6 | - | - | - | whole-dollar-break | break premarket high | - | - | $9.68 | - | - | scalp |
=== FILE 0180 ===
TRADE_MECHANICS:
| # | FLOAT | GAP% | REL_VOL | PATTERN_TYPE | ENTRY_TRIGGER | ADD_ON_MECHANIC | STOP_CRITERIA | T1_TARGET | TIME_OF_ENTRY | MACD_STATE | HOLD_DURATION |
|---|-------|------|---------|--------------|---------------|-----------------|---------------|-----------|---------------|------------|---------------|
| 1 | - | - | - | gap-and-go | break premarket high | added on strength | - | $19.57 | - | - | extended |
=== FILE 0181 ===
TRADE_MECHANICS:
| # | FLOAT | GAP% | REL_VOL | PATTERN_TYPE | ENTRY_TRIGGER | ADD_ON_MECHANIC | STOP_CRITERIA | T1_TARGET | TIME_OF_ENTRY | MACD_STATE | HOLD_DURATION |
|---|-------|------|---------|--------------|---------------|-----------------|---------------|-----------|---------------|------------|---------------|
| 1 | - | - | high | unknown | break of $38 squeeze | added 1500-share increments | panic-exit at halt | - | - | - | short |
| 2 | - | - | - | gap-and-go | break of $11.50 | - | failed-breakout | - | - | - | short |
| 3 | - | - | - | unknown | false breakout / dip buy | - | - | - | - | - | scalp |
| 4 | - | - | - | unknown | bounce off support | - | - | $57+ | - | - | short |
=== FILE 0182 ===
TRADE_MECHANICS:
| # | FLOAT | GAP% | REL_VOL | PATTERN_TYPE | ENTRY_TRIGGER | ADD_ON_MECHANIC | STOP_CRITERIA | T1_TARGET | TIME_OF_ENTRY | MACD_STATE | HOLD_DURATION |
|---|-------|------|---------|--------------|---------------|-----------------|---------------|-----------|---------------|------------|---------------|
| 1 | - | - | high | gap-and-go | break descending resistance | scaled on momentum | - | $16.41+ | - | - | extended |
| 2 | - | - | - | dip-buy | five-minute pullback | - | reversal | - | - | - | short |
=== FILE 0183 ===
TRADE_MECHANICS:
| # | FLOAT | GAP% | REL_VOL | PATTERN_TYPE | ENTRY_TRIGGER | ADD_ON_MECHANIC | STOP_CRITERIA | T1_TARGET | TIME_OF_ENTRY | MACD_STATE | HOLD_DURATION |
|---|-------|------|---------|--------------|---------------|-----------------|---------------|-----------|---------------|------------|---------------|
| 1 | - | - | high | vwap-reclaim | VWAP bounce before 7am | - | - | $4.10 | - | - | short |
| 2 | - | - | high | vwap-reclaim | break VWAP 7am open | - | reversal flushed | - | - | - | short |
| 3 | - | - | high | abcd | ABCD pattern / $5.00 pivot | added multiple times | - | $6.60 | - | - | extended |
=== FILE 0184 ===
TRADE_MECHANICS:
| # | FLOAT | GAP% | REL_VOL | PATTERN_TYPE | ENTRY_TRIGGER | ADD_ON_MECHANIC | STOP_CRITERIA | T1_TARGET | TIME_OF_ENTRY | MACD_STATE | HOLD_DURATION |
|---|-------|------|---------|--------------|---------------|-----------------|---------------|-----------|---------------|------------|---------------|
| 1 | - | 126% | high | gap-and-go | break premarket high | - | - | $9.72 | - | - | extended |
| 2 | - | - | - | false-breakout | false breakout $4.10 | - | reversal | - | - | - | short |
| 3 | - | - | - | dip-buy | pullback setup | - | reversal flushed | - | - | - | short |
=== FILE 0185 ===
TRADE_MECHANICS:
| # | FLOAT | GAP% | REL_VOL | PATTERN_TYPE | ENTRY_TRIGGER | ADD_ON_MECHANIC | STOP_CRITERIA | T1_TARGET | TIME_OF_ENTRY | MACD_STATE | HOLD_DURATION |
|---|-------|------|---------|--------------|---------------|-----------------|---------------|-----------|---------------|------------|---------------|
| 1 | - | - | - | vwap-reclaim | break VWAP | - | - | $14.40 | - | - | extended |
| 2 | - | - | - | red-to-green | red to green / chase | scaled $4.20 | - | - | - | - | short |
| 3 | - | - | - | halt-resume | break $7.50 / halt resume | - | - | $8.70 | - | - | short |
| 4 | - | - | - | momentum-setup | momentum setup | - | - | - | - | - | scalp |
=== FILE 0186 ===
TRADE_MECHANICS:
| # | FLOAT | GAP% | REL_VOL | PATTERN_TYPE | ENTRY_TRIGGER | ADD_ON_MECHANIC | STOP_CRITERIA | T1_TARGET | TIME_OF_ENTRY | MACD_STATE | HOLD_DURATION |
|---|-------|------|---------|--------------|---------------|-----------------|---------------|-----------|---------------|------------|---------------|
| 1 | - | - | high | consolidation-breakout | breakout / dip buy | - | reversal flushed | - | - | - | short |
| 2 | - | - | high | gap-and-go | break daily high | scaled on pullbacks | - | all-time highs | - | - | extended |
| 3 | - | - | - | halt-resume | halt resume breakout | - | failed to hold | - | - | - | short |
=== FILE 0187 ===
TRADE_MECHANICS:
| # | FLOAT | GAP% | REL_VOL | PATTERN_TYPE | ENTRY_TRIGGER | ADD_ON_MECHANIC | STOP_CRITERIA | T1_TARGET | TIME_OF_ENTRY | MACD_STATE | HOLD_DURATION |
|---|-------|------|---------|--------------|---------------|-----------------|---------------|-----------|---------------|------------|---------------|
| 1 | - | - | high | red-to-green | first candle dip | - | - | - | - | - | short |
| 2 | - | - | high | halt-resume | halt resume / all-time high | scaled $9.15-$9.30 | - | - | - | - | extended |
| 3 | - | - | high | halt-resume | break $7.00 / halt resume | dip trade at halt | - | - | - | - | extended |
| 4 | - | - | - | whole-dollar-break | break $10.00 | - | reversal chop | - | - | - | short |
=== FILE 0188 ===
TRADE_MECHANICS:
| # | FLOAT | GAP% | REL_VOL | PATTERN_TYPE | ENTRY_TRIGGER | ADD_ON_MECHANIC | STOP_CRITERIA | T1_TARGET | TIME_OF_ENTRY | MACD_STATE | HOLD_DURATION |
|---|-------|------|---------|--------------|---------------|-----------------|---------------|-----------|---------------|------------|---------------|
| 1 | - | - | high | consolidation-squeeze | consolidation / squeeze | added at $27.50-$28.00 | - | $28.60-$28.90 | - | - | extended |
| 2 | - | - | high | gap-and-go | VWAP break / missed open | - | - | - | - | - | short |
| 3 | - | - | - | breakout | breakout attempt | - | reversal | - | - | - | short |
=== FILE 0189 ===
TRADE_MECHANICS:
| # | FLOAT | GAP% | REL_VOL | PATTERN_TYPE | ENTRY_TRIGGER | ADD_ON_MECHANIC | STOP_CRITERIA | T1_TARGET | TIME_OF_ENTRY | MACD_STATE | HOLD_DURATION |
|---|-------|------|---------|--------------|---------------|-----------------|---------------|-----------|---------------|------------|---------------|
| 1 | - | - | high | parabolic-squeeze | parabolic squeeze | multiple dips | reversal / dip trades gave back | $55.00 | - | - | extended |
| 2 | - | - | - | micro-pullback | micro-pullback | - | reversal flushed | - | - | - | short |
| 3 | - | - | - | unknown | unknown | - | - | - | - | - | unknown |
=== FILE 0190 ===
TRADE_MECHANICS:
| # | FLOAT | GAP% | REL_VOL | PATTERN_TYPE | ENTRY_TRIGGER | ADD_ON_MECHANIC | STOP_CRITERIA | T1_TARGET | TIME_OF_ENTRY | MACD_STATE | HOLD_DURATION |
|---|-------|------|---------|--------------|---------------|-----------------|---------------|-----------|---------------|------------|---------------|
| 1 | - | - | - | gap-and-go | break premarket high | - | reversal held | - | - | - | short |
| 2 | - | - | high | gap-and-go | break $40 support | scaled 42-50+ resistance | - | - | - | - | extended |
| 3 | - | - | - | unknown | breakout re-entry | - | reversal | - | - | - | short |
=== FILE 0191 ===
TRADE_MECHANICS:
| # | FLOAT | GAP% | REL_VOL | PATTERN_TYPE | ENTRY_TRIGGER | ADD_ON_MECHANIC | STOP_CRITERIA | T1_TARGET | TIME_OF_ENTRY | MACD_STATE | HOLD_DURATION |
|---|-------|------|---------|--------------|---------------|-----------------|---------------|-----------|---------------|------------|---------------|
| 1 | - | - | - | gap-and-go | gap and go / breakout | - | - | $23-24 | - | - | extended |
| 2 | - | - | - | five-minute-breakout | five-minute candle new high | - | reversal | - | - | - | short |
| 3 | - | - | - | unknown | micro-pullback / squeeze | - | - | - | - | - | short |
| 4 | - | - | - | unknown | false breakout dip | - | reversal | - | - | - | short |
| 5 | - | - | - | dip-buy | dip trade re-entry | - | failed-dip | - | - | - | short |
| 6 | - | - | - | micro-pullback | aggressive micro-pullback | - | - | - | - | - | short |
| 7 | - | - | - | unknown | premarket trade | - | - | - | - | - | short |
=== FILE 0192 ===
TRADE_MECHANICS:
| # | FLOAT | GAP% | REL_VOL | PATTERN_TYPE | ENTRY_TRIGGER | ADD_ON_MECHANIC | STOP_CRITERIA | T1_TARGET | TIME_OF_ENTRY | MACD_STATE | HOLD_DURATION |
|---|-------|------|---------|--------------|---------------|-----------------|---------------|-----------|---------------|------------|---------------|
| 1 | - | 54% | - | gap-and-go | daily breakout / new high | - | - | - | - | - | short |
| 2 | - | - | - | red-to-green | red to green break | - | reversal | - | - | - | short |
| 3 | - | - | - | consolidation | one-minute consolidation | - | - | - | - | - | short |
| 4 | - | - | - | whole-dollar-break | prior resistance | - | - | - | - | - | short |
| 5 | - | - | - | continuation | continuation / breakout | - | reversal | - | - | - | short |
| 6 | - | 54% | - | gap-and-go | gap and go early | - | - | - | - | - | short |
| 7 | - | - | - | halt-resume | halt resume breakout | - | reversal | - | - | - | short |
=== FILE 0193 ===
TRADE_MECHANICS:
| # | FLOAT | GAP% | REL_VOL | PATTERN_TYPE | ENTRY_TRIGGER | ADD_ON_MECHANIC | STOP_CRITERIA | T1_TARGET | TIME_OF_ENTRY | MACD_STATE | HOLD_DURATION |
|---|-------|------|---------|--------------|---------------|-----------------|---------------|-----------|---------------|------------|---------------|
| 1 | - | 37% | high | halt-resume | halt resume / break over | - | - | $2.98 | - | - | short |
| 2 | - | 37% | high | whole-dollar-break | break over $3.00 | - | - | $3.04-$3.05 | - | - | short |
=== FILE 0194 ===
TRADE_MECHANICS:
| # | FLOAT | GAP% | REL_VOL | PATTERN_TYPE | ENTRY_TRIGGER | ADD_ON_MECHANIC | STOP_CRITERIA | T1_TARGET | TIME_OF_ENTRY | MACD_STATE | HOLD_DURATION |
|---|-------|------|---------|--------------|---------------|-----------------|---------------|-----------|---------------|------------|---------------|
| 1 | - | - | - | whole-dollar-break | breakover 0.80 on volume | - | - | $0.81-$0.82 | - | - | short |
| 2 | - | - | - | dip-buy | one-minute pullback | - | - | - | - | - | short |
| 3 | - | - | - | flag | one-minute flag consolidation | - | - | - | - | - | short |
| 4 | - | - | - | reverse-split-squeeze | reverse-split squeeze | scaled exits at halt | - | - | - | - | extended |
=== FILE 0195 ===
TRADE_MECHANICS:
| # | FLOAT | GAP% | REL_VOL | PATTERN_TYPE | ENTRY_TRIGGER | ADD_ON_MECHANIC | STOP_CRITERIA | T1_TARGET | TIME_OF_ENTRY | MACD_STATE | HOLD_DURATION |
|---|-------|------|---------|--------------|---------------|-----------------|---------------|-----------|---------------|------------|---------------|
| 1 | - | 40% | - | gap-and-go | first candle breakout | - | - | $19.20 | - | - | short |
| 2 | - | 40% | - | dip-buy | pullback dip | - | - | - | - | - | short |
| 3 | - | 80% | - | one-minute-breakout | one-minute breakout | added at $2.37 | - | $2.50 | - | - | short |
| 4 | - | - | high | momentum-squeeze | squeeze on rate | - | - | $1.37 | - | - | short |
| 5 | - | - | - | false-breakout | false breakout dip | - | - | - | - | - | short |
| 6 | - | - | - | red-to-green | red to green | - | - | $4.09 | - | - | short |
| 7 | - | - | - | five-minute-breakout | five-minute breakout | - | - | $5.65 | - | - | short |
=== FILE 0196 ===
TRADE_MECHANICS:
| # | FLOAT | GAP% | REL_VOL | PATTERN_TYPE | ENTRY_TRIGGER | ADD_ON_MECHANIC | STOP_CRITERIA | T1_TARGET | TIME_OF_ENTRY | MACD_STATE | HOLD_DURATION |
|---|-------|------|---------|--------------|---------------|-----------------|---------------|-----------|---------------|------------|---------------|
| 1 | - | 225% | high | gap-and-go | break premarket high | - | - | - | - | - | short |
| 2 | - | 225% | high | breakout-attempt | multiple breakout attempts | - | - | - | - | - | extended |
| 3 | - | 225% | high | halt-resume | halt resume / break over | - | - | - | - | - | extended |
| 4 | - | 225% | high | false-breakout | false breakout / micro | - | failed-breakout | - | - | - | short |
| 5 | - | 225% | high | breakout-re-entry | breakout re-entry | - | reversal | - | - | - | short |
| 6 | - | - | - | minor-scalp | minor scalp | - | - | - | - | - | short |
| 7 | - | - | - | unknown | unknown | - | - | - | - | - | unknown |
=== FILE 0197 ===
TRADE_MECHANICS:
| # | FLOAT | GAP% | REL_VOL | PATTERN_TYPE | ENTRY_TRIGGER | ADD_ON_MECHANIC | STOP_CRITERIA | T1_TARGET | TIME_OF_ENTRY | MACD_STATE | HOLD_DURATION |
|---|-------|------|---------|--------------|---------------|-----------------|---------------|-----------|---------------|------------|---------------|
| 1 | - | - | - | dip-buy | dip on continuation | - | reversal | - | - | - | short |
| 2 | - | - | - | whole-dollar-break | break $3.00 / added | - | - | $3.04 | - | - | short |
| 3 | - | - | - | vwap-bounce | VWAP bounce / dip trade | added at $20.00 | - | $20.04+ | premarket/open | - | short |
| 4 | - | - | high | continuation | continuation / breakout | sized up to 9000 | - | $27 | - | - | extended |
=== FILE 0198 ===
TRADE_MECHANICS:
| # | FLOAT | GAP% | REL_VOL | PATTERN_TYPE | ENTRY_TRIGGER | ADD_ON_MECHANIC | STOP_CRITERIA | T1_TARGET | TIME_OF_ENTRY | MACD_STATE | HOLD_DURATION |
|---|-------|------|---------|--------------|---------------|-----------------|---------------|-----------|---------------|------------|---------------|
| 1 | - | 100% | high | gap-and-go | break VWAP / rip breakout | added for $5.00+ break | - | $5.00-$5.10 | - | - | short |
| 2 | - | 100% | high | dip-buy | dip buying / active scalping | scaled in/out dips | - | $6.80 | - | - | extended |
=== FILE 0199 ===
TRADE_MECHANICS:
| # | FLOAT | GAP% | REL_VOL | PATTERN_TYPE | ENTRY_TRIGGER | ADD_ON_MECHANIC | STOP_CRITERIA | T1_TARGET | TIME_OF_ENTRY | MACD_STATE | HOLD_DURATION |
|---|-------|------|---------|--------------|---------------|-----------------|---------------|-----------|---------------|------------|---------------|
| 1 | - | - | - | whole-dollar-break | break $3.00 whole dollar | - | - | $3.17 / halt | - | - | short |
| 2 | - | - | - | whole-dollar-break | break $30 whole dollar | - | - | $31.35 | - | - | short |
| 3 | - | - | - | halt-resume | breakout / halt resume | initial scalp then loss | - | - | - | - | short |
| 4 | - | - | - | red-to-green | red to green move | - | reversal | - | - | - | short |
| 5 | - | - | high | halt-resume | halt resume squeeze | scaled through move | - | $11.64 | - | - | extended |
| 6 | - | - | high | sympathy-momentum | sympathy momentum | scaled as moved | - | $6.73 | - | - | extended |
=== TSV_AUDIT ===
0150	1	CRSR	-	-	-	gap-and-go	S	-	S	-	-	-	S
0150	2	ENOB	-	-	-	gap-and-go	S	S	S	-	-	-	S
0150	3	ENOB	-	-	-	dip-buy	S	S	S	-	-	-	S
0150	4	ENOB	-	-	-	micro-pullback	S	S	S	-	-	-	S
0151	1	ATXG	-	-	-	dip-buy	S	S	-	S	-	-	S
0151	2	ATXG	-	-	-	whole-dollar-break	S	S	S	-	-	-	S
0151	3	ATXG	-	-	-	dip-buy	S	S	-	-	-	-	S
0151	4	BIAF	-	-	-	halt-resume	S	S	-	-	-	-	S
0151	5	PXMD	-	-	-	whole-dollar-break	S	S	-	-	-	-	S
0151	6	CMCM	-	-	-	top-entry	S	-	S	-	-	-	S
0152	1	SES	-	-	S	dip-buy	S	S	-	-	-	-	S
0152	2	SES	-	-	-	afternoon-breakout	S	S	-	-	S	-	S
0152	3	BIMI	-	-	-	momentum-squeeze	S	S	-	-	-	-	S
0152	4	YUMA	-	-	-	dip-buy	S	-	S	-	-	-	S
0152	5	EPIX	-	-	-	momentum-spike	S	-	S	-	-	-	S
0153	1	TKAT	-	-	-	gap-and-go	S	-	S	-	-	-	S
0153	2	TKAT	-	-	-	dip-buy	S	S	-	-	-	-	S
0153	3	BTX	-	-	-	breakout	S	S	-	-	-	-	S
0154	1	ESHA	-	-	S	dip-buy	S	S	-	S	-	-	S
0154	2	INBS	-	-	S	dip-and-rip	S	-	-	S	-	-	S
0155	1	FULC	-	-	-	gap-and-go	S	S	-	S	-	-	S
0156	1	RHE	-	-	-	gap-and-go	S	-	S	-	-	-	S
0156	2	RHE	-	-	-	dip-buy	S	-	-	-	-	-	S
0156	3	RHE	-	-	-	whole-dollar-break	S	-	S	-	-	-	S
0156	4	RBZ	-	-	-	whole-dollar-break	S	-	S	-	-	-	S
0158	1	SSNT	-	-	S	momentum-squeeze	S	S	-	-	-	-	S
0158	2	ARCI	-	-	-	dip-buy	S	-	-	-	-	-	S
0158	3	OSN	-	-	-	multiple-breaks	S	S	-	-	-	-	S
0159	1	GPMT	-	-	S	breakout	S	S	-	-	-	-	S
0159	2	MITT	-	-	-	dip-buy	S	S	-	-	-	-	S
0160	1	KCAC	-	-	-	unknown	-	-	-	-	-	-	S
0160	2	IGC	-	-	-	unknown	-	-	-	-	-	-	S
0160	3	TSLA	-	-	-	short-break	S	-	S	-	-	-	S
0161	1	WETG	-	S	S	gap-and-go	S	S	-	S	S	-	S
0162	1	SEAL	-	-	-	dip-buy	S	-	S	-	-	-	S
0162	2	TNXP	-	-	-	whole-dollar-break	S	S	-	-	-	-	S
0162	3	TNXP	-	-	-	dip-buy	S	-	S	-	-	-	S
0162	4	SBOT	-	-	-	micro-pullback	S	S	-	-	-	-	S
0162	5	SBOT	-	-	-	halt-resume	S	-	S	-	-	-	S
0162	6	SBOT	-	-	-	unknown	S	S	-	-	-	-	S
0163	1	JZ	-	-	-	whole-dollar-break	S	-	-	-	-	-	S
0163	2	SHPH	-	-	-	dip-buy	S	S	-	S	-	-	S
0163	3	GCT	-	-	-	whole-dollar-break	S	-	-	-	-	-	S
0163	4	HPCO	-	-	-	unknown	-	-	-	-	-	-	N
0164	1	GME	-	-	-	unknown	-	-	-	-	-	-	S
0165	1	GME	-	-	-	red-to-green	S	S	-	-	-	-	S
0165	2	GME	-	-	-	dip-buy	S	-	S	-	-	-	S
0166	1	PALT	-	-	-	dip-buy	S	S	-	-	-	-	S
0166	2	PALT	-	-	-	dip-buy	S	S	S	-	-	-	S
0166	3	RGC	-	-	-	breakout	S	-	S	-	-	-	S
0166	4	GROM	-	-	-	continuation	S	S	-	-	-	-	S
0167	1	ORPH	-	-	-	dip-buy	S	S	-	-	-	-	S
0167	2	ORPH	-	-	-	vwap-reclaim	S	S	-	-	-	-	S
0167	3	ORPH	-	-	-	dip-buy	S	S	-	-	-	-	S
0167	4	ARKON	-	-	-	halt-resume	S	-	-	-	-	-	S
0167	5	CLOVE	-	-	-	vwap-reclaim	S	-	S	-	-	-	S
0167	6	UONE	-	-	-	dip-buy	S	-	-	-	-	-	S
0168	1	SFET	-	-	S	gap-and-go	S	-	-	-	-	-	S
0168	2	MEDS	-	-	-	dip-buy	S	-	-	-	-	-	S
0168	3	NVIV	-	-	-	whole-dollar-break	S	-	S	-	-	-	S
0168	4	GTECH	-	-	-	halt-resume	S	-	S	-	-	-	S
0169	1	MYO	-	-	-	gap-and-go	S	-	S	-	-	-	S
0169	2	NOOV	-	S	S	unknown	S	S	-	-	-	-	S
0170	1	MYND	-	S	S	red-to-green	S	S	-	-	-	-	S
0171	1	BFRI	-	-	-	whole-dollar-break	S	-	-	S	-	-	S
0171	2	BFRI	-	-	-	whole-dollar-break	-	-	-	S	-	-	S
0171	3	BFRI	-	-	-	whole-dollar-break	-	-	-	-	-	-	S
0171	4	SGLY	-	-	-	dip-buy	S	-	-	S	-	-	S
0171	5	SGLY	-	-	-	dip-buy	-	S	S	-	-	-	S
0172	1	SPIN	-	-	S	flat-top	S	S	-	-	-	-	S
0172	2	SPIN	-	-	S	unknown	S	-	S	-	-	-	S
0172	3	CLRO	-	-	-	whole-dollar-break	S	-	-	-	-	-	S
0173	1	AIHS	-	S	S	whole-dollar-break	S	S	-	-	-	-	S
0173	2	ALT	-	-	S	doji-breakout	S	S	-	S	-	-	S
0173	3	EMJI	-	-	S	unknown	-	-	S	-	-	-	-
0173	4	SEELS	-	-	S	halt-resume	-	-	S	-	-	-	S
0173	5	SKI	-	-	S	unknown	-	-	S	-	-	-	-
0173	6	VIAX	-	-	S	unknown	-	-	S	-	-	-	S
0174	1	PRTG	-	-	S	gap-and-go	S	S	-	-	-	-	S
0174	2	MLGO	-	-	-	whole-dollar-break	S	-	-	-	-	-	S
0174	3	QEM	-	-	-	earnings-continuation	S	-	-	-	-	-	S
0174	4	DBVT	-	-	-	premarket-squeeze	S	-	-	-	-	-	-
0175	1	APOP	-	-	S	unknown	S	S	-	-	-	-	S
0175	2	CYTH	-	-	-	unknown	S	S	-	-	-	-	S
0176	1	AUVI	-	-	-	head-shoulders	S	-	-	S	-	-	S
0176	2	APRE	-	-	-	gap-and-go	S	-	S	-	-	-	S
0176	3	ORPH	-	-	-	momentum-scalp	S	-	-	-	-	-	S
0176	4	ALF	-	-	S	halt-resume	S	S	-	S	-	-	S
0177	1	ALF	-	-	-	gap-and-go	S	-	-	-	-	-	S
0177	2	NMRD	-	-	-	gap-and-go	S	S	-	-	-	-	S
0177	3	LEDS	-	-	S	dip-buy	S	S	-	-	-	-	S
0178	1	MEDS	-	-	S	vwap-reclaim	S	S	-	-	-	-	S
0178	2	MEDS	-	-	S	dip-buy	S	-	-	-	-	-	S
0178	3	MDLY	-	-	-	micro-pullback	S	-	S	-	-	-	S
0178	4	ZEVO	-	-	-	dip-buy	S	-	-	-	-	-	S
0179	1	AIH	-	-	-	micro-pullback	S	-	S	-	-	-	S
0179	2	BTX	-	-	S	red-to-green	S	S	-	S	-	-	S
0179	3	BTX	-	-	S	unknown	S	-	S	-	-	-	S
0179	4	BTX	-	-	S	dip-buy	S	-	-	-	-	-	S
0179	5	BTX	-	-	S	unknown	S	-	-	-	-	-	S
0179	6	RHE	-	-	-	whole-dollar-break	S	-	-	S	-	-	S
0180	1	SGOC	-	-	-	gap-and-go	S	S	-	S	-	-	S
0181	1	NEGG	-	-	S	unknown	S	S	S	-	-	-	S
0181	2	BON	-	-	-	gap-and-go	S	-	S	-	-	-	S
0181	3	VRPX	-	-	-	unknown	S	-	-	-	-	-	S
0181	4	NEGG	-	-	S	unknown	S	-	-	S	-	-	S
0182	1	AHPI	-	-	S	gap-and-go	S	S	-	S	-	-	S
0182	2	ACY	-	-	-	dip-buy	S	-	S	-	-	-	S
0183	1	UPC	-	-	S	vwap-reclaim	S	-	-	S	-	-	S
0183	2	ZBA	-	-	S	vwap-reclaim	S	-	S	-	-	-	S
0183	3	ALBT	-	-	S	abcd	S	S	-	S	-	-	S
0184	1	TWMC	-	S	S	gap-and-go	S	-	-	S	-	-	S
0184	2	NBC	-	-	-	false-breakout	S	-	S	-	-	-	S
0184	3	KLD	-	-	-	dip-buy	S	-	S	-	-	-	S
0185	1	MXC	-	-	-	vwap-reclaim	S	-	-	S	-	-	S
0185	2	SND	-	-	-	red-to-green	S	S	-	-	-	-	S
0185	3	USCG	-	-	-	halt-resume	S	-	-	S	-	-	S
0185	4	BLNK	-	-	-	momentum-setup	S	-	-	-	-	-	S
0186	1	IKNX	-	-	S	consolidation-breakout	S	-	S	-	-	-	S
0186	2	ALF	-	-	S	gap-and-go	S	S	-	S	-	-	S
0186	3	GRVI	-	-	-	halt-resume	S	-	S	-	-	-	S
0187	1	CERE	-	-	-	red-to-green	S	-	-	-	-	-	S
0187	2	AUUD	-	-	S	halt-resume	S	S	-	-	-	-	S
0187	3	DBGI	-	-	S	halt-resume	S	S	-	-	-	-	S
0187	4	MRIN	-	-	-	whole-dollar-break	S	-	S	-	-	-	S
0188	1	CLOV	-	-	S	consolidation-squeeze	S	S	-	S	-	-	S
0188	2	AEMD	-	-	S	gap-and-go	S	-	-	-	-	-	S
0188	3	RHE	-	-	-	breakout	S	-	S	-	-	-	S
0189	1	SPRT	-	-	S	parabolic-squeeze	S	S	S	S	-	-	S
0189	2	RNXT	-	-	-	micro-pullback	S	-	S	-	-	-	S
0189	3	SGOC	-	-	-	unknown	-	-	-	-	-	-	-
0190	1	ZXN	-	-	-	gap-and-go	S	-	S	-	-	-	S
0190	2	ANVS	-	-	S	gap-and-go	S	S	-	-	-	-	S
0190	3	ZXN	-	-	-	unknown	S	-	S	-	-	-	S
0191	1	RHE	-	-	-	gap-and-go	S	-	-	S	-	-	S
0191	2	RHE	-	-	-	five-minute-breakout	S	-	S	-	-	-	S
0191	3	RHE	-	-	-	unknown	S	-	-	-	-	-	S
0191	4	RHE	-	-	-	unknown	S	-	S	-	-	-	S
0191	5	RHE	-	-	-	dip-buy	S	-	S	-	-	-	S
0191	6	RHE	-	-	-	micro-pullback	S	-	-	-	-	-	S
0191	7	LEDS	-	-	-	unknown	S	-	-	-	-	-	S
0192	1	ANTE	-	S	-	gap-and-go	S	-	-	-	-	-	S
0192	2	AGTC	-	-	-	red-to-green	S	-	S	-	-	-	S
0192	3	SEED	-	-	-	consolidation	S	-	-	-	-	-	S
0192	4	NVEC	-	-	-	whole-dollar-break	S	-	-	-	-	-	S
0192	5	GENE	-	-	-	continuation	S	-	S	-	-	-	S
0192	6	CPAH	-	S	-	gap-and-go	S	S	-	-	-	-	S
0192	7	PHAS	-	-	-	halt-resume	S	-	S	-	-	-	S
0193	1	OLTK	-	S	-	halt-resume	S	-	-	S	-	-	S
0193	2	OLTK	-	S	-	whole-dollar-break	S	-	-	S	-	-	S
0194	1	MBRX	-	-	-	whole-dollar-break	S	-	-	S	-	-	S
0194	2	FINL	-	-	-	dip-buy	S	-	-	-	-	-	S
0194	3	JUNO	-	-	-	flag	S	-	-	-	-	-	S
0194	4	LIAU	-	-	-	reverse-split-squeeze	S	S	-	-	-	-	S
0195	1	NNBC	-	S	-	gap-and-go	S	-	-	S	-	-	S
0195	2	NNBC	-	S	-	dip-buy	S	-	-	-	-	-	S
0195	3	CPSH	-	S	-	one-minute-breakout	S	S	-	S	-	-	S
0195	4	DYNT	-	-	S	momentum-squeeze	S	-	-	S	-	-	S
0195	5	DYNX	-	-	-	false-breakout	S	-	S	-	-	-	S
0195	6	MYNX	-	-	-	red-to-green	S	-	-	S	-	-	S
0195	7	CBL	-	-	-	five-minute-breakout	S	-	-	S	-	-	S
0196	1	ASTC	-	S	S	gap-and-go	S	-	-	-	-	-	S
0196	2	ASTC	-	S	S	breakout-attempt	S	S	-	S	-	-	S
0196	3	ASTC	-	S	S	halt-resume	S	S	-	S	-	-	S
0196	4	ASTC	-	S	S	false-breakout	S	-	S	-	-	-	S
0196	5	ASTC	-	S	S	breakout-re-entry	S	-	S	-	-	-	S
0196	6	SGLB	-	-	-	minor-scalp	S	-	-	-	-	-	S
0196	7	IMAC	-	-	-	unknown	-	-	-	-	-	-	-
0197	1	MRIN	-	-	-	dip-buy	S	-	S	-	-	-	S
0197	2	ADIL	-	-	-	whole-dollar-break	S	S	-	S	-	-	S
0197	3	ALF	-	-	-	vwap-bounce	S	S	-	S	S	-	S
0197	4	IKNX	-	-	S	continuation	S	S	-	S	-	-	S
0198	1	ALF	-	S	S	gap-and-go	S	S	-	S	-	-	S
0198	2	ALF	-	S	S	dip-buy	S	S	-	S	-	-	S
0199	1	JZXN	-	-	-	whole-dollar-break	S	-	-	S	-	-	S
0199	2	GREE	-	-	-	whole-dollar-break	S	-	-	S	-	-	S
0199	3	NEON	-	-	-	halt-resume	S	S	-	-	-	-	S
0199	4	DATS	-	-	-	red-to-green	S	-	S	-	-	-	S
0199	5	PALT	-	-	S	halt-resume	S	S	-	S	-	-	S
0199	6	GROM	-	-	S	sympathy-momentum	S	S	-	S	-	-	S
0200	1	GRAPH	S	S	S	gap-and-go	S	S	S	S	S	-	S
0200	2	LO	-	-	-	dip-buy	S	-	S	-	S	-	S
0200	3	BLUE	-	-	-	dip-buy	S	-	S	-	S	-	S
0200	4	AYRO	S	S	S	gap-and-go	S	S	-	S	S	-	S
0201	1	PMCB	-	-	S	gap-and-go	S	S	-	S	S	-	S
0201	2	VRPX	-	-	S	red-to-green	S	S	-	S	S	-	S
0202	1	STFF	-	-	S	squeeze	S	-	S	S	S	-	S
0202	2	STFF	-	-	S	breakout	S	-	S	-	S	-	S
0202	3	NXX	-	-	-	dip-buy	S	-	S	-	S	-	S
0202	4	CVSA	-	-	S	news	S	-	S	S	S	-	S
0202	5	PIXIE	-	-	S	dip-buy	S	S	S	S	S	-	S
0203	1	SNOA	-	-	S	gap-and-go	S	S	-	S	S	-	S
0203	2	BCTX	-	-	-	whole-dollar	S	-	-	S	S	-	S
0204	1	VERU	-	S	S	dip-buy	S	S	-	-	S	-	S
0204	2	FMTO	-	S	S	dip-buy	S	-	S	-	S	-	S
0204	3	80X	-	-	-	unknown	S	-	S	-	S	-	S
0205	1	SCKT	-	-	S	gap-and-go	S	-	S	-	S	-	S
0205	2	WHLM	-	-	S	vwap-reclaim	S	S	-	S	S	-	S
0205	3	MNOV	-	-	S	whole-dollar	S	-	S	-	S	-	S
0206	1	ENTX	-	S	S	red-to-green	S	S	-	S	S	-	S
0206	2	MOXC	-	-	-	breakout	S	-	S	-	S	-	S
0207	1	VIVII	-	S	S	dip-buy	S	S	S	-	S	-	S
0207	2	DTSS	-	S	S	dip-buy	S	S	-	-	S	-	S
0207	3	NGOA	-	-	S	squeeze	S	-	S	-	S	-	S
0207	4	AMIA	-	-	-	unknown	S	-	S	-	-	-	S
0207	5	IPWR	-	-	-	unknown	S	-	S	-	-	-	S
0207	6	PSB	-	-	-	unknown	S	-	S	-	S	-	S
0208	1	MEDS	-	-	S	news	S	S	-	S	S	-	S
0208	2	MEDS	-	-	S	continuation	S	-	S	-	S	-	S
0209	1	SPEX	-	S	S	red-to-green	S	-	S	-	S	-	S
0209	2	AYNNF	-	-	-	squeeze	S	-	S	-	S	-	S
0210	1	CNET	-	-	S	gap-and-go	S	-	-	S	S	-	S
0210	2	GBR	-	-	S	gap-and-go	S	-	-	S	S	-	S
0210	3	FORD	-	-	S	dip-buy	S	-	S	-	S	-	S
0211	1	TIRX	-	-	-	dip-buy	S	S	-	S	S	-	S
0211	2	WNW	-	-	-	breakout	S	-	S	-	S	-	S
0211	3	KNBE	-	-	-	flat-top	S	-	S	-	S	-	S
0212	1	NBY	S	S	S	gap-and-go	S	S	-	S	S	-	S
0212	2	AVCT	S	S	S	red-to-green	S	S	S	-	S	-	S
0212	3	CYCC	-	-	S	micro-pulls	S	S	S	S	S	-	S
0213	1	AHPI	S	S	S	gap-and-go	S	S	-	S	S	-	S
0213	2	WRKS	-	-	S	micro-pull	S	-	S	S	S	-	S
0213	3	OSAT	-	-	S	gap-and-go	S	-	S	-	S	-	S
0213	4	BLIND	-	-	-	micro-pull	S	-	S	-	S	-	S
0213	5	CLNN	-	-	S	news	S	S	-	S	S	-	S
0213	6	MDIA	-	-	-	momentum	S	-	S	-	S	-	S
0214	1	EKI	-	-	S	gap-and-go	S	S	-	S	S	-	S
0214	2	INO	-	-	S	breakout	S	-	-	-	S	-	S
0214	3	APBO	-	-	S	vwap-break	S	S	-	S	S	-	S
0215	1	ABIO	-	S	S	dip-buy	S	S	-	S	S	-	S
0216	1	CARV	-	-	S	cup-handle	S	S	-	S	S	-	S
0216	2	GALT	-	-	S	vwap-break	S	-	-	-	S	-	S
0216	3	NEWEGG	-	-	-	breakout	S	-	-	-	S	-	S
0216	4	NEWEGG	-	-	-	unknown	S	-	S	-	S	-	S
0216	5	COHN	-	-	-	sympathy	S	-	S	-	S	-	S
0217	1	DTSS	-	S	S	dip-buy	S	S	-	S	S	-	S
0217	2	MDIA	-	-	-	halt-resume	S	-	S	-	S	-	S
0217	3	AHPI	-	-	S	dip-buy	S	-	S	-	S	-	S
0218	1	HUSN	-	-	-	short	S	-	S	-	S	-	S
0218	2	HUSN	-	-	-	short	S	-	S	-	S	-	S
0219	1	GDEV	S	-	S	news	S	S	S	-	S	-	S
0219	2	HLBZ	-	-	S	dip-buy	S	S	-	S	S	-	S
0219	3	BROS	-	-	-	unknown	-	-	-	-	-	-	-
0219	4	ARQQQ	-	-	-	unknown	-	-	-	-	-	-	-
0220	1	SLS	-	-	S	news	S	-	S	-	S	-	S
0220	2	CUEN	S	S	S	gap-and-go	S	S	S	S	S	-	S
0221	1	GME	-	-	S	squeeze	S	S	-	S	S	-	S
0221	2	GME	-	-	S	dip-entry	S	S	-	S	S	-	S
0221	3	GME	-	-	S	flag-break	S	S	-	S	S	-	S
0222	1	BBIG	-	S	S	squeeze	S	S	-	S	S	-	S
0222	2	BBIG	-	-	S	dip-entry	S	S	-	S	S	-	S
0222	3	ADTX	-	-	S	news	S	S	-	S	S	-	S
0222	4	GENE	-	-	-	gap-and-go	S	-	S	-	S	-	S
0223	1	MRIN	-	-	S	dip-buy	S	S	-	S	S	-	S
0223	2	WAVE	-	-	-	halt-resume	S	S	-	S	S	-	S
0223	3	ALEC	-	-	-	momentum	S	-	S	-	S	-	S
0225	1	KODK	-	S	S	gap-and-go	S	S	-	S	S	-	S
0225	2	FRAN	-	S	S	dip-buy	S	S	-	S	S	-	S
0226	1	LEDS	-	-	S	squeeze	S	-	S	-	S	-	S
0226	2	RHE	-	-	-	pop-reverse	S	-	S	-	S	-	S
0226	3	RHE	-	-	-	pop-reverse	S	-	S	-	S	-	S
0226	4	PTIX	-	-	-	halt-resume	S	-	S	-	S	-	S
0227	1	SURG	-	-	S	gap-and-go	S	-	S	-	S	-	S
0227	2	UAVS	-	-	-	momentum	S	-	S	-	S	-	S
0227	3	BDRX	-	-	-	pop-reverse	S	-	S	-	S	-	S
0228	1	SUP	-	-	S	gap-and-go	S	S	-	S	S	-	S
0228	2	ENVB	-	-	-	pop-reverse	S	-	S	-	S	-	S
0228	3	BDRX	-	-	-	pop-reverse	S	-	S	-	S	-	S
0228	4	UAVS	-	-	-	pop-reverse	S	-	S	-	S	-	S
0228	5	CBLI	-	-	-	pop-spike	S	-	S	-	S	-	S
0229	1	RTNB	-	-	S	dip-buy	S	S	-	S	S	-	S
0230	1	SRAX	-	-	-	continuation	S	-	S	-	S	-	S
0230	2	OPTT	-	-	-	dip-buy	S	-	S	-	S	-	S
0230	3	DRIO	-	-	S	news	S	S	-	S	S	-	S
0231	1	LBCC	-	-	-	opening-range	S	-	S	-	S	-	S
0231	2	CHFS	-	-	-	opening-range	S	-	S	-	S	-	S
0231	3	ASIT	-	-	-	scanner	S	-	S	-	S	-	S
0231	4	DXR	-	-	-	consolidation	S	S	S	S	S	-	S
0231	5	AXII	-	-	-	pullback	S	S	-	S	S	-	S
0231	6	AIRX	-	-	-	whole-dollar	S	-	S	-	S	-	S
0231	7	ADAP	-	-	-	mid-day	S	-	S	-	S	-	S
0232	1	F	-	-	S	gap-and-go	S	-	S	S	S	-	S
0232	2	F	-	-	S	dip-buy	S	-	S	-	S	-	S
0232	3	CHFS	-	-	S	gap-continue	S	S	-	S	S	-	S
0232	4	RCG	-	-	S	momentum	S	S	-	S	S	-	S
0232	5	ORPN	-	-	-	dip-buy	S	-	S	-	S	-	S
0232	6	F	-	-	S	halt-resume	S	S	-	-	S	-	S
0233	1	NEURO	-	S	S	gap-and-go	S	-	S	-	S	-	S
0233	2	ONTX	-	-	S	momentum	S	S	-	S	S	-	S
0233	3	ORPN	-	-	-	halt-resume	S	S	-	S	S	-	S
0233	4	MYOS	-	-	-	dip-buy	S	-	S	-	S	-	S
0234	1	OHGI	-	-	-	gap-and-go	S	-	-	-	S	-	S
0234	2	ACHV	-	-	S	gap-continue	S	S	-	S	S	-	S
0234	3	YECO	-	-	S	halt-resume	S	S	-	-	S	-	S
0234	4	ACHV	-	-	-	vwap-break	S	-	S	-	S	-	S
0235	1	CCTI	-	-	S	gap-and-go	S	S	-	-	S	-	S
0235	2	HHT	-	-	S	gap-continue	S	-	-	S	S	-	S
0235	3	INO	-	-	-	whole-dollar	S	S	-	-	S	-	S
0235	4	SINT	-	-	-	breakout	S	-	S	-	S	-	S
0235	5	DUO	-	-	-	halt-resume	S	S	S	-	S	-	S
0236	1	ASTC	-	-	-	breakout	S	S	-	S	S	-	S
0236	2	WRKS	-	-	S	dip-buy	S	-	-	-	S	-	S
0236	3	BMRA	-	-	-	daily-new-high	S	-	-	S	S	-	S
0236	4	TCRD	-	-	-	whole-dollar	S	-	-	S	S	-	S
0236	5	BKYI	-	-	-	vwap-break	S	-	S	-	S	-	S
0237	1	CF	-	-	S	micro-pull	S	S	-	S	S	-	S
0237	2	VCIG	-	-	S	squeeze	S	S	-	S	S	-	S
0237	3	ADVB	-	-	-	biotech	S	-	S	-	S	-	S
0238	1	VRPX	-	-	S	halt-resume	S	-	S	-	S	-	S
0238	2	RGC	-	-	-	open-recovery	S	-	S	-	S	-	S
0238	3	BLUEW	-	-	S	gap-and-go	S	S	-	S	S	-	S
0238	4	BLUEW	-	-	S	dip-buy	S	S	-	-	S	-	S
0238	5	BLUEW	-	-	S	aggressive	S	-	S	-	S	-	S
0240	1	BINGO	-	-	-	opening-range	S	-	S	-	S	-	S
0240	2	BINGO	-	-	-	unknown	S	-	S	-	S	-	S
0240	3	OPGN	-	-	S	halt-resume	S	S	-	S	S	-	S
0241	1	HLBZ	-	-	S	gap-and-go	S	S	S	S	S	-	S
0243	1	LEDS	-	-	S	gap-and-go	S	S	-	S	S	-	S
0243	2	AMC	-	-	S	red-to-green	S	S	-	-	S	-	S
0243	3	BB	-	-	-	opening-range	S	-	-	S	S	-	S
0244	1	WAFU	-	S	S	gap-and-go	S	S	-	S	S	-	S
0244	2	HHT	-	-	S	gap-continue	S	-	-	-	S	-	S
0245	1	BTX	-	S	-	dip-buy	S	S	-	S	S	-	S
0246	1	LBPH	-	-	S	news	S	S	-	S	S	-	S
0246	2	DOGZ	-	-	-	halt-resume	S	-	-	-	S	-	S
0246	3	P	-	-	-	unknown	-	-	-	-	-	-	-
0247	1	ORPH	-	-	-	gap-attempt	S	-	S	-	S	-	S
0247	2	LEDS	-	-	-	dip-buy	S	-	S	-	S	-	S
0247	3	DBGI	-	-	S	halt-resume	S	S	-	S	S	-	S
0247	4	BON	-	-	-	IPO-halt	S	S	-	S	S	-	S
0248	1	PIXIE	-	-	S	vwap-break	S	-	-	-	S	-	S
0248	2	WAFU	-	-	S	gap-continue	S	S	-	S	S	-	S
0248	3	CEI	-	-	S	dip-buy	S	-	S	S	S	-	S
0248	4	ABIO	-	-	-	short	S	-	S	-	S	-	S
0248	5	LMNL	-	-	-	halt-resume	S	-	S	-	S	-	S
0248	6	SAVA	-	-	-	unknown	S	-	S	-	S	-	S
0248	7	DYNT	-	-	-	dip-buy	S	-	S	-	S	-	S
0249	1	KSCP	-	-	S	squeeze	S	-	S	S	S	-	S
0249	2	TEAD	-	-	-	false-break	S	-	S	-	S	-	S
0249	3	DRCT	-	-	-	IPO	S	-	S	-	S	-	S
0249	4	TCBP	-	-	-	IPO	S	-	S	-	S	-	S
0249	5	VIVK	-	-	-	dip-buy	S	-	S	-	S	-	S
0249	6	NVCT	-	-	-	dip-buy	S	-	S	-	S	-	S
=== FILE 0250 ===
TRADE_MECHANICS:
| # | FLOAT | GAP% | REL_VOL | PATTERN_TYPE | ENTRY_TRIGGER | ADD_ON_MECHANIC | STOP_CRITERIA | T1_TARGET | TIME_OF_ENTRY | MACD_STATE | HOLD_DURATION |
| 1 | - | - | - | unknown | premarket pivot / opening | - | PROF: break through level | - | - | unknown | unknown |
| 2 | - | - | - | dip-buy | dip trade / VWAP break an | - | STOP: failed-breakout | - | - | unknown | unknown |
| 3 | - | - | - | dip-buy | VWAP break / first pullba | - | PROF: multiple dip trades | - | - | unknown | unknown |
| 4 | - | - | - | halt-resume | halt resume / opening mom | - | STOP: failed-breakout rev | - | - | unknown | unknown |
=== FILE 0251 ===
TRADE_MECHANICS:
| # | FLOAT | GAP% | REL_VOL | PATTERN_TYPE | ENTRY_TRIGGER | ADD_ON_MECHANIC | STOP_CRITERIA | T1_TARGET | TIME_OF_ENTRY | MACD_STATE | HOLD_DURATION |
| 1 | - | - | - | micro-pullback | opening squeeze momentum | - | PROF: scaled $3.12-$3.16 | - | - | unknown | unknown |
| 2 | - | - | - | unknown | premarket scan / high-day | - | PROF: scaled $6.44-$6.58 | - | - | unknown | unknown |
| 3 | - | - | - | unknown | scanner pop / momentum en | - | PROF: exit on weakness $3 | - | - | unknown | unknown |
| 4 | - | - | - | dip-buy | pullback dip entry / seco | - | PROF: scaled $3.74-$3.77 | - | - | unknown | unknown |
| 5 | - | - | - | unknown | scanner momentum / quick  | - | PROF: quick exit $2.22-$2 | - | - | unknown | scalp |
=== FILE 0252 ===
TRADE_MECHANICS:
| # | FLOAT | GAP% | REL_VOL | PATTERN_TYPE | ENTRY_TRIGGER | ADD_ON_MECHANIC | STOP_CRITERIA | T1_TARGET | TIME_OF_ENTRY | MACD_STATE | HOLD_DURATION |
| 1 | - | - | - | micro-pullback | IPO breakout / scanner al | - | PROF: micro-scalp exits | - | - | unknown | scalp |
| 2 | - | - | - | micro-pullback | half-dollar breakout / sq | - | PROF: next whole-dollar | - | - | unknown | unknown |
| 3 | - | - | - | whole-dollar-break | whole-dollar breakout | - | PROF: next resistance | - | - | unknown | unknown |
| 4 | - | - | - | dip-buy | pullback dip / micro-entr | - | PROF: re-entry squeeze | - | - | unknown | unknown |
| 5 | - | - | - | dip-buy | continuation from dip | - | PROF: half-dollar target | - | - | unknown | unknown |
| 6 | - | - | - | unknown | momentum push continuatio | - | PROF: scaled at resistanc | - | - | unknown | unknown |
| 7 | - | - | - | bull-flag | bull flag breakout | - | PROF: next level entry | - | - | unknown | unknown |
| 8 | - | - | - | bull-flag | flag pattern continuation | - | PROF: scaled higher | - | - | unknown | unknown |
| 9 | - | - | - | micro-pullback | multi-pullback continuati | - | PROF: cup-and-handle brea | - | - | unknown | unknown |
| 10 | - | - | - | dip-buy | halt resume / dip-and-rip | - | PROF: small size exit | - | - | unknown | unknown |
| 11 | - | - | - | micro-pullback | failed pullback / small t | - | STOP: reversal loss | - | - | unknown | unknown |
=== FILE 0253 ===
TRADE_MECHANICS:
| # | FLOAT | GAP% | REL_VOL | PATTERN_TYPE | ENTRY_TRIGGER | ADD_ON_MECHANIC | STOP_CRITERIA | T1_TARGET | TIME_OF_ENTRY | MACD_STATE | HOLD_DURATION |
| 1 | - | - | - | halt-resume | halt resume / breakout en | - | PROF: break of 11.50 | - | - | unknown | unknown |
| 2 | - | - | - | dip-buy | dip re-entry / failed rec | - | STOP: reversal - failed | - | - | unknown | unknown |
| 3 | - | - | - | gap-and-go | premarket leading gapper | - | PROF: resistance at 8.20 | - | - | unknown | unknown |
| 4 | - | - | - | unknown | IPO open / initial moment | - | PROF: partial exit at 35 | - | - | unknown | unknown |
| 5 | - | - | - | dip-buy | dip accumulation position | - | unknown - still holding | - | - | unknown | unknown |
=== FILE 0254 ===
TRADE_MECHANICS:
| # | FLOAT | GAP% | REL_VOL | PATTERN_TYPE | ENTRY_TRIGGER | ADD_ON_MECHANIC | STOP_CRITERIA | T1_TARGET | TIME_OF_ENTRY | MACD_STATE | HOLD_DURATION |
| 1 | - | - | - | red-to-green | red-to-green break antici | - | STOP: failed pattern | - | - | unknown | unknown |
| 2 | - | - | - | unknown | chase break of half-dolla | - | STOP: failed-breakout | - | - | unknown | unknown |
| 3 | - | - | - | unknown | bounce off support | - | STOP: quick exit reversal | - | - | unknown | scalp |
| 4 | - | - | - | dip-buy | second-day continuation d | - | PROF: scaled exits $31-$3 | - | - | unknown | unknown |
| 5 | - | - | - | dip-buy | multi-dip accumulation tr | - | PROF: VWAP break / scalin | - | - | unknown | unknown |
=== FILE 0255 ===
TRADE_MECHANICS:
| # | FLOAT | GAP% | REL_VOL | PATTERN_TYPE | ENTRY_TRIGGER | ADD_ON_MECHANIC | STOP_CRITERIA | T1_TARGET | TIME_OF_ENTRY | MACD_STATE | HOLD_DURATION |
| 1 | - | - | - | dip-buy | premarket pop / micro-dip | - | PROF: scaled at 5.99-6.00 | - | - | unknown | unknown |
| 2 | - | - | - | dip-buy | ascending support / dip t | - | PROF: scaled out on toppi | - | - | unknown | unknown |
=== FILE 0256 ===
TRADE_MECHANICS:
| # | FLOAT | GAP% | REL_VOL | PATTERN_TYPE | ENTRY_TRIGGER | ADD_ON_MECHANIC | STOP_CRITERIA | T1_TARGET | TIME_OF_ENTRY | MACD_STATE | HOLD_DURATION |
| 1 | - | - | - | gap-and-go | first 5-min high / gap-an | - | PROF: scaled $1.98-$2.10 | - | - | unknown | unknown |
| 2 | - | - | - | dip-buy | first 5-min high / micro  | - | PROF: quick scalp levels | - | - | unknown | scalp |
| 3 | - | - | - | halt-resume | halt resume / breakout en | - | PROF: scaled on move to 2 | - | - | unknown | unknown |
| 4 | - | - | - | halt-resume | red-to-green / halt resum | - | PROF: scaled $8-$10.49 | - | - | unknown | unknown |
=== FILE 0257 ===
TRADE_MECHANICS:
| # | FLOAT | GAP% | REL_VOL | PATTERN_TYPE | ENTRY_TRIGGER | ADD_ON_MECHANIC | STOP_CRITERIA | T1_TARGET | TIME_OF_ENTRY | MACD_STATE | HOLD_DURATION |
| 1 | - | - | - | dip-buy | dip buy / red-to-green mo | - | PROF: break of 14.50 targ | - | - | unknown | unknown |
| 2 | - | - | - | dip-buy | break of resistance / dip | - | PROF: scaled on halt spik | - | - | unknown | unknown |
| 3 | - | - | - | gap-and-go | gap-fill breakout attempt | - | PROF: stopped out at brea | - | - | unknown | unknown |
=== FILE 0258 ===
TRADE_MECHANICS:
| # | FLOAT | GAP% | REL_VOL | PATTERN_TYPE | ENTRY_TRIGGER | ADD_ON_MECHANIC | STOP_CRITERIA | T1_TARGET | TIME_OF_ENTRY | MACD_STATE | HOLD_DURATION |
| 1 | - | - | - | unknown | morning scanner pop | - | STOP: reversal | - | - | unknown | unknown |
| 2 | - | - | - | dip-buy | VWAP break / halt resume  | - | PROF: scaled at $35.47 | - | - | unknown | unknown |
| 3 | - | - | - | micro-pullback | squeeze break for second  | - | STOP: loss on breakout at | - | - | unknown | unknown |
=== FILE 0260 ===
TRADE_MECHANICS:
| # | FLOAT | GAP% | REL_VOL | PATTERN_TYPE | ENTRY_TRIGGER | ADD_ON_MECHANIC | STOP_CRITERIA | T1_TARGET | TIME_OF_ENTRY | MACD_STATE | HOLD_DURATION |
| 1 | - | - | - | unknown | news pop / opening moment | - | STOP: failed to hold resi | - | - | unknown | unknown |
| 2 | - | - | - | gap-and-go | premarket gap / gap-and-g | - | PROF: quick exit at 15.20 | - | - | unknown | scalp |
| 3 | - | - | - | unknown | break of 15.50 / opening  | - | STOP: reversal flush | - | - | unknown | unknown |
| 4 | - | - | - | dip-buy | halt resume dip trade | - | PROF: quick exit on rally | - | - | unknown | scalp |
| 5 | - | - | - | unknown | another add for break of  | - | STOP: reversal in final t | - | - | unknown | unknown |
| 6 | - | - | - | micro-pullback | breakout / ascending supp | - | PROF: scaled at 41.00 | - | - | unknown | unknown |
=== FILE 0261 ===
TRADE_MECHANICS:
| # | FLOAT | GAP% | REL_VOL | PATTERN_TYPE | ENTRY_TRIGGER | ADD_ON_MECHANIC | STOP_CRITERIA | T1_TARGET | TIME_OF_ENTRY | MACD_STATE | HOLD_DURATION |
| 1 | - | - | - | unknown | break of premarket high / | - | PROF: scaled at resistanc | - | - | unknown | unknown |
| 2 | - | - | - | unknown | short off 200 moving aver | - | PROF: momentum fade / pro | - | - | unknown | unknown |
=== FILE 0262 ===
TRADE_MECHANICS:
| # | FLOAT | GAP% | REL_VOL | PATTERN_TYPE | ENTRY_TRIGGER | ADD_ON_MECHANIC | STOP_CRITERIA | T1_TARGET | TIME_OF_ENTRY | MACD_STATE | HOLD_DURATION |
| 1 | - | - | - | unknown | first 5-min candle high / | - | PROF: scaled on squeeze t | - | - | unknown | unknown |
| 2 | - | - | - | dip-buy | dip trade off red candle | - | PROF: break double bottom | - | - | unknown | unknown |
| 3 | - | - | - | dip-buy | first pullback dip buy | - | PROF: quick scalp exit | - | - | unknown | scalp |
| 4 | - | - | - | dip-buy | dip off VWAP | - | PROF: stopped near breake | - | - | unknown | unknown |
| 5 | - | - | - | micro-pullback | breakout entry above sell | - | STOP: reversal - failed b | - | - | unknown | unknown |
=== FILE 0263 ===
TRADE_MECHANICS:
| # | FLOAT | GAP% | REL_VOL | PATTERN_TYPE | ENTRY_TRIGGER | ADD_ON_MECHANIC | STOP_CRITERIA | T1_TARGET | TIME_OF_ENTRY | MACD_STATE | HOLD_DURATION |
| 1 | - | - | - | dip-buy | dip on news pop / depress | - | STOP: reversal - hidden s | - | - | unknown | unknown |
| 2 | - | - | - | micro-pullback | micro-pullback / paraboli | - | PROF: scaled into spike t | - | - | unknown | unknown |
=== FILE 0264 ===
TRADE_MECHANICS:
| # | FLOAT | GAP% | REL_VOL | PATTERN_TYPE | ENTRY_TRIGGER | ADD_ON_MECHANIC | STOP_CRITERIA | T1_TARGET | TIME_OF_ENTRY | MACD_STATE | HOLD_DURATION |
| 1 | - | - | - | dip-buy | dip on halt resume / high | - | PROF: scaled out / re-ent | - | - | unknown | unknown |
| 2 | - | - | - | micro-pullback | micro-pullback / squeeze  | - | PROF: break of resistance | - | - | unknown | unknown |
| 3 | - | - | - | dip-buy | break through high / dip  | - | PROF: scaled at $12 and $ | - | - | unknown | unknown |
=== FILE 0265 ===
TRADE_MECHANICS:
| # | FLOAT | GAP% | REL_VOL | PATTERN_TYPE | ENTRY_TRIGGER | ADD_ON_MECHANIC | STOP_CRITERIA | T1_TARGET | TIME_OF_ENTRY | MACD_STATE | HOLD_DURATION |
| 1 | - | - | - | unknown | break of premarket high / | - | PROF: scaled out on break | - | - | unknown | unknown |
| 2 | - | - | - | micro-pullback | patent news pop / squeeze | - | PROF: scaled at halt resu | - | - | unknown | unknown |
| 3 | - | - | - | unknown | news catalyst / real esta | - | PROF: scaled on squeeze t | - | - | unknown | unknown |
=== FILE 0266 ===
TRADE_MECHANICS:
| # | FLOAT | GAP% | REL_VOL | PATTERN_TYPE | ENTRY_TRIGGER | ADD_ON_MECHANIC | STOP_CRITERIA | T1_TARGET | TIME_OF_ENTRY | MACD_STATE | HOLD_DURATION |
| 1 | - | - | - | dip-buy | dip buy off support level | - | PROF: breakout attempt $4 | - | - | unknown | unknown |
| 2 | - | - | - | unknown | unknown entry | - | PROF: choppy scalp | - | - | unknown | scalp |
| 3 | - | - | - | unknown | unknown entry | - | PROF: small scalp | - | - | unknown | scalp |
=== FILE 0267 ===
TRADE_MECHANICS:
| # | FLOAT | GAP% | REL_VOL | PATTERN_TYPE | ENTRY_TRIGGER | ADD_ON_MECHANIC | STOP_CRITERIA | T1_TARGET | TIME_OF_ENTRY | MACD_STATE | HOLD_DURATION |
| 1 | - | - | - | micro-pullback | break of premarket high / | - | PROF: scaled at $19.29 an | - | - | unknown | unknown |
| 2 | - | - | - | dip-buy | micro-pullback dip / brea | - | PROF: scaled on squeeze | - | - | unknown | unknown |
| 3 | - | - | - | halt-resume | halt resume / squeeze up  | - | PROF: scaled on move to $ | - | - | unknown | unknown |
| 4 | - | - | - | halt-resume | halt resume / breakout at | - | PROF: breakout scalps / n | - | - | unknown | scalp |
| 5 | - | - | - | micro-pullback | breakout over resistance  | - | PROF: spike to $7.35 | - | - | unknown | unknown |
=== FILE 0268 ===
TRADE_MECHANICS:
| # | FLOAT | GAP% | REL_VOL | PATTERN_TYPE | ENTRY_TRIGGER | ADD_ON_MECHANIC | STOP_CRITERIA | T1_TARGET | TIME_OF_ENTRY | MACD_STATE | HOLD_DURATION |
| 1 | - | - | - | vwap-reclaim | false VWAP break / high r | - | PROF: re-test of highs on | - | - | unknown | unknown |
| 2 | - | - | - | unknown | first daily candle high b | - | PROF: pullback dip buys | - | - | unknown | unknown |
| 3 | - | - | - | dip-buy | dip buy on pullback / bre | - | PROF: spike to $6.93 | - | - | unknown | unknown |
=== FILE 0269 ===
TRADE_MECHANICS:
| # | FLOAT | GAP% | REL_VOL | PATTERN_TYPE | ENTRY_TRIGGER | ADD_ON_MECHANIC | STOP_CRITERIA | T1_TARGET | TIME_OF_ENTRY | MACD_STATE | HOLD_DURATION |
| 1 | - | - | - | unknown | break of premarket high / | - | PROF: scaled at $10.18-$1 | - | - | unknown | unknown |
| 2 | - | - | - | dip-buy | micro-pullback dip / stro | - | PROF: scaled on squeeze t | - | - | unknown | unknown |
| 3 | - | - | - | micro-pullback | one-min pullback / breako | - | PROF: spike to $3.75 | - | - | unknown | unknown |
| 4 | - | - | - | unknown | scanner spike / aggressiv | - | PROF: scaled on move to $ | - | - | unknown | unknown |
| 5 | - | - | - | bull-flag | high-day-momo / flag brea | - | PROF: scaled at $6.60 and | - | - | unknown | unknown |
=== FILE 0270 ===
TRADE_MECHANICS:
| # | FLOAT | GAP% | REL_VOL | PATTERN_TYPE | ENTRY_TRIGGER | ADD_ON_MECHANIC | STOP_CRITERIA | T1_TARGET | TIME_OF_ENTRY | MACD_STATE | HOLD_DURATION |
| 1 | - | - | - | unknown | blockchain news / consoli | - | PROF: scaled breakout to  | - | - | unknown | unknown |
| 2 | - | - | - | unknown | scanner spike | - | PROF: resistance at $2.30 | - | - | unknown | unknown |
| 3 | - | - | - | unknown | daily chart curl / former | - | PROF: choppy exit range $ | - | - | unknown | unknown |
=== FILE 0271 ===
TRADE_MECHANICS:
| # | FLOAT | GAP% | REL_VOL | PATTERN_TYPE | ENTRY_TRIGGER | ADD_ON_MECHANIC | STOP_CRITERIA | T1_TARGET | TIME_OF_ENTRY | MACD_STATE | HOLD_DURATION |
| 1 | - | - | - | red-to-green | break of $6.20 / red-to-g | - | PROF: scaled $13.84-$14.1 | - | - | unknown | unknown |
| 2 | - | - | - | dip-buy | dip buy / consolidation b | - | PROF: scaled $9.60-$10.00 | - | - | unknown | unknown |
| 3 | - | - | - | gap-and-go | gap-and-go / premarket pi | - | PROF: resistance at $3.75 | - | - | unknown | unknown |
| 4 | - | - | - | unknown | scanner hit / momentum sp | - | STOP: reversal - dip fail | - | - | unknown | unknown |
=== FILE 0272 ===
TRADE_MECHANICS:
| # | FLOAT | GAP% | REL_VOL | PATTERN_TYPE | ENTRY_TRIGGER | ADD_ON_MECHANIC | STOP_CRITERIA | T1_TARGET | TIME_OF_ENTRY | MACD_STATE | HOLD_DURATION |
| 1 | - | - | - | gap-and-go | break of gap / early entr | - | PROF: scaled at resistanc | - | - | unknown | unknown |
| 2 | - | - | - | unknown | reentering / consolidatio | - | STOP: reversal - pullback | - | - | unknown | unknown |
| 3 | - | - | - | unknown | break of premarket high | - | PROF: quick scalp at $4.3 | - | - | unknown | scalp |
| 4 | - | - | - | dip-buy | dip buy / halt resumption | - | PROF: scaled $7.95-$7.60 | - | - | unknown | unknown |
| 5 | - | - | - | unknown | second entry / bounce off | - | PROF: break of premarket  | - | - | unknown | unknown |
=== FILE 0273 ===
TRADE_MECHANICS:
| # | FLOAT | GAP% | REL_VOL | PATTERN_TYPE | ENTRY_TRIGGER | ADD_ON_MECHANIC | STOP_CRITERIA | T1_TARGET | TIME_OF_ENTRY | MACD_STATE | HOLD_DURATION |
| 1 | - | - | - | vwap-reclaim | break of VWAP / red-to-gr | - | PROF: false breakout / di | - | - | unknown | unknown |
| 2 | - | - | - | bull-flag | 5-minute bull flag / vola | - | STOP: failed-breakout - r | - | - | unknown | unknown |
| 3 | - | - | - | micro-pullback | breakout / continuation s | - | PROF: resistance level br | - | - | unknown | unknown |
=== FILE 0274 ===
TRADE_MECHANICS:
| # | FLOAT | GAP% | REL_VOL | PATTERN_TYPE | ENTRY_TRIGGER | ADD_ON_MECHANIC | STOP_CRITERIA | T1_TARGET | TIME_OF_ENTRY | MACD_STATE | HOLD_DURATION |
| 1 | - | - | - | micro-pullback | strong squeeze / early mo | - | PROF: resistance level | - | - | unknown | unknown |
| 2 | - | - | - | unknown | break of key level / bear | - | PROF: quick scalp | - | - | unknown | scalp |
| 3 | - | - | - | vwap-reclaim | break of VWAP / red-to-gr | - | PROF: scaled at resistanc | - | - | unknown | unknown |
| 4 | - | - | - | halt-resume | halt resumption / continu | - | PROF: spike to $6.25 | - | - | unknown | unknown |
=== FILE 0275 ===
TRADE_MECHANICS:
| # | FLOAT | GAP% | REL_VOL | PATTERN_TYPE | ENTRY_TRIGGER | ADD_ON_MECHANIC | STOP_CRITERIA | T1_TARGET | TIME_OF_ENTRY | MACD_STATE | HOLD_DURATION |
| 1 | - | - | - | gap-and-go | break of half-dollar / ea | - | PROF: quick scalp $2.55 | - | - | unknown | scalp |
| 2 | - | - | - | unknown | first candle high / momen | - | PROF: scaled at $2.59-$2. | - | - | unknown | unknown |
| 3 | - | - | - | unknown | break of premarket high / | - | PROF: resistance at $10.0 | - | - | unknown | unknown |
| 4 | - | - | - | dip-buy | dip buy / continuation bo | - | PROF: squeeze to $11.12 | - | - | unknown | unknown |
| 5 | - | - | - | dip-buy | dip buy / halt resumption | - | PROF: scaled $6.25-$6.80 | - | - | unknown | unknown |
| 6 | - | - | - | unknown | second entry / consolidat | - | PROF: scaled $7.97-$8.00 | - | - | unknown | unknown |
=== FILE 0276 ===
TRADE_MECHANICS:
| # | FLOAT | GAP% | REL_VOL | PATTERN_TYPE | ENTRY_TRIGGER | ADD_ON_MECHANIC | STOP_CRITERIA | T1_TARGET | TIME_OF_ENTRY | MACD_STATE | HOLD_DURATION |
| 1 | - | - | - | red-to-green | red-to-green break / earl | - | STOP: reversal - quick lo | - | - | unknown | scalp |
| 2 | - | - | - | dip-buy | dip buy / second attempt | - | STOP: dip failed - revers | - | - | unknown | unknown |
| 3 | - | - | - | unknown | third entry / consolidati | - | PROF: break of $14.77 / s | - | - | unknown | unknown |
| 4 | - | - | - | unknown | break of key level / mome | - | PROF: scaled at $15-$17.6 | - | - | unknown | unknown |
| 5 | - | - | - | micro-pullback | break of resistance / bre | - | PROF: halt resumption mov | - | - | unknown | unknown |
| 6 | - | - | - | unknown | consolidation break / rip | - | STOP: max-loss - lighter  | - | - | unknown | unknown |
=== FILE 0277 ===
TRADE_MECHANICS:
| # | FLOAT | GAP% | REL_VOL | PATTERN_TYPE | ENTRY_TRIGGER | ADD_ON_MECHANIC | STOP_CRITERIA | T1_TARGET | TIME_OF_ENTRY | MACD_STATE | HOLD_DURATION |
| 1 | - | - | - | micro-pullback | false breakout / volatili | - | STOP: false-breakout - fl | - | - | unknown | unknown |
| 2 | - | - | - | unknown | continuation / prior day  | - | PROF: consolidation break | - | - | unknown | unknown |
| 3 | - | - | - | unknown | quick scalp / momentum | - | PROF: quick exit | - | - | unknown | scalp |
| 4 | - | - | - | dip-buy | halt resumption / dip buy | - | STOP: reversal - poor res | - | - | unknown | unknown |
| 5 | - | - | - | halt-resume | halt resumption / continu | - | STOP: reversal - quick fl | - | - | unknown | scalp |
=== FILE 0278 ===
TRADE_MECHANICS:
| # | FLOAT | GAP% | REL_VOL | PATTERN_TYPE | ENTRY_TRIGGER | ADD_ON_MECHANIC | STOP_CRITERIA | T1_TARGET | TIME_OF_ENTRY | MACD_STATE | HOLD_DURATION |
| 1 | - | - | - | dip-buy | dip buy / halt resumption | - | PROF: scaled at $30-$32.0 | - | - | unknown | unknown |
=== FILE 0279 ===
TRADE_MECHANICS:
| # | FLOAT | GAP% | REL_VOL | PATTERN_TYPE | ENTRY_TRIGGER | ADD_ON_MECHANIC | STOP_CRITERIA | T1_TARGET | TIME_OF_ENTRY | MACD_STATE | HOLD_DURATION |
| 1 | - | - | - | red-to-green | red-to-green move / early | - | STOP: reversal - false br | - | - | unknown | unknown |
| 2 | - | - | - | dip-buy | break of pullback / dip b | - | PROF: micro-pullback scal | - | - | unknown | scalp |
| 3 | - | - | - | unknown | first candle high / momen | - | PROF: scalp of $7.71 | - | - | unknown | scalp |
| 4 | - | - | - | dip-buy | support level bounce / di | - | PROF: consolidation break | - | - | unknown | unknown |
| 5 | - | - | - | unknown | break of resistance / con | - | PROF: halt resumption sur | - | - | unknown | unknown |
| 6 | - | - | - | halt-resume | halt resumption / second  | - | PROF: consolidation scalp | - | - | unknown | scalp |
=== FILE 0280 ===
TRADE_MECHANICS:
| # | FLOAT | GAP% | REL_VOL | PATTERN_TYPE | ENTRY_TRIGGER | ADD_ON_MECHANIC | STOP_CRITERIA | T1_TARGET | TIME_OF_ENTRY | MACD_STATE | HOLD_DURATION |
| 1 | - | - | - | gap-and-go | break of gap / premarket  | - | PROF: scaled at resistanc | - | - | unknown | unknown |
| 2 | - | - | - | dip-buy | dip buy / VWAP reclaim | - | STOP: dip failed - revers | - | - | unknown | unknown |
| 3 | - | - | - | micro-pullback | topping tail / false brea | - | none | - | - | unknown | unknown |
=== FILE 0281 ===
TRADE_MECHANICS:
| # | FLOAT | GAP% | REL_VOL | PATTERN_TYPE | ENTRY_TRIGGER | ADD_ON_MECHANIC | STOP_CRITERIA | T1_TARGET | TIME_OF_ENTRY | MACD_STATE | HOLD_DURATION |
| 1 | - | - | - | gap-and-go | gap-and-go / break of pre | - | PROF: scaled at whole dol | - | - | unknown | unknown |
=== FILE 0282 ===
TRADE_MECHANICS:
| # | FLOAT | GAP% | REL_VOL | PATTERN_TYPE | ENTRY_TRIGGER | ADD_ON_MECHANIC | STOP_CRITERIA | T1_TARGET | TIME_OF_ENTRY | MACD_STATE | HOLD_DURATION |
| 1 | - | - | - | gap-and-go | gap-and-go / early mornin | - | PROF: scaled at resistanc | - | - | unknown | unknown |
| 2 | - | - | - | unknown | break of whole dollar / s | - | PROF: scaled multiple exi | - | - | unknown | unknown |
| 3 | - | - | - | dip-buy | dip buying / VWAP reclaim | - | PROF: quick scalp $4.25 | - | - | unknown | scalp |
| 4 | - | - | - | vwap-reclaim | break of VWAP / continuat | - | PROF: scaled exits $9.25+ | - | - | unknown | unknown |
| 5 | - | - | - | micro-pullback | pullback after initial mo | - | PROF: momentum scalp | - | - | unknown | scalp |
=== FILE 0283 ===
TRADE_MECHANICS:
| # | FLOAT | GAP% | REL_VOL | PATTERN_TYPE | ENTRY_TRIGGER | ADD_ON_MECHANIC | STOP_CRITERIA | T1_TARGET | TIME_OF_ENTRY | MACD_STATE | HOLD_DURATION |
| 1 | - | - | - | unknown | news pop on contract rene | - | STOP: failed-breakout - q | - | - | unknown | scalp |
| 2 | - | - | - | gap-and-go | gap-and-go / continuation | - | PROF: scaled exits on mul | - | - | unknown | unknown |
=== FILE 0284 ===
TRADE_MECHANICS:
| # | FLOAT | GAP% | REL_VOL | PATTERN_TYPE | ENTRY_TRIGGER | ADD_ON_MECHANIC | STOP_CRITERIA | T1_TARGET | TIME_OF_ENTRY | MACD_STATE | HOLD_DURATION |
| 1 | - | - | - | dip-buy | micro-pullback / VWAP dip | - | PROF: scaled exits on squ | - | - | unknown | unknown |
| 2 | - | - | - | gap-and-go | gap-and-go / micro-pullba | - | PROF: scaled on stairstep | - | - | unknown | unknown |
=== FILE 0285 ===
TRADE_MECHANICS:
| # | FLOAT | GAP% | REL_VOL | PATTERN_TYPE | ENTRY_TRIGGER | ADD_ON_MECHANIC | STOP_CRITERIA | T1_TARGET | TIME_OF_ENTRY | MACD_STATE | HOLD_DURATION |
| 1 | - | - | - | unknown | continuation / momentum m | - | PROF: scaling on multiple | - | - | unknown | unknown |
| 2 | - | - | - | micro-pullback | pre-market squeeze | - | STOP: reversal - rejectio | - | - | unknown | unknown |
| 3 | - | - | - | unknown | late entry on extension | - | STOP: reversal | - | - | unknown | unknown |
| 4 | - | - | - | dip-buy | higher price stock dip | - | STOP: no size / sizing is | - | - | unknown | unknown |
=== FILE 0286 ===
TRADE_MECHANICS:
| # | FLOAT | GAP% | REL_VOL | PATTERN_TYPE | ENTRY_TRIGGER | ADD_ON_MECHANIC | STOP_CRITERIA | T1_TARGET | TIME_OF_ENTRY | MACD_STATE | HOLD_DURATION |
| 1 | - | - | - | gap-and-go | gap-scanner pop / news ca | - | PROF: scaled out on initi | - | - | unknown | unknown |
=== FILE 0287 ===
TRADE_MECHANICS:
| # | FLOAT | GAP% | REL_VOL | PATTERN_TYPE | ENTRY_TRIGGER | ADD_ON_MECHANIC | STOP_CRITERIA | T1_TARGET | TIME_OF_ENTRY | MACD_STATE | HOLD_DURATION |
| 1 | - | - | - | halt-resume | halt resume / continuatio | - | PROF: scaled on pop to $5 | - | - | unknown | unknown |
| 2 | - | - | - | micro-pullback | break of $5.40 / squeeze  | - | PROF: exit on halt resist | - | - | unknown | unknown |
| 3 | - | - | - | dip-buy | dip to VWAP / add on dips | - | PROF: scaled exits on ral | - | - | unknown | unknown |
| 4 | - | - | - | unknown | break of $9.00 / full siz | - | STOP: reversal / halt res | - | - | unknown | unknown |
=== FILE 0288 ===
TRADE_MECHANICS:
| # | FLOAT | GAP% | REL_VOL | PATTERN_TYPE | ENTRY_TRIGGER | ADD_ON_MECHANIC | STOP_CRITERIA | T1_TARGET | TIME_OF_ENTRY | MACD_STATE | HOLD_DURATION |
| 1 | - | - | - | gap-and-go | gap-and-go / break of who | - | PROF: early morning pop e | - | - | unknown | unknown |
| 2 | - | - | - | micro-pullback | ABCD pattern / pullback e | - | PROF: scaled exits / reje | - | - | unknown | unknown |
| 3 | - | - | - | vwap-reclaim | break of VWAP / continuat | - | PROF: scaled exits on squ | - | - | unknown | unknown |
| 4 | - | - | - | unknown | news pop / early move ent | - | PROF: scaled on strength | - | - | unknown | unknown |
| 5 | - | - | - | micro-pullback | micro-pullbacks / momentu | - | PROF: scaled exits / mult | - | - | unknown | unknown |
=== FILE 0291 ===
TRADE_MECHANICS:
| # | FLOAT | GAP% | REL_VOL | PATTERN_TYPE | ENTRY_TRIGGER | ADD_ON_MECHANIC | STOP_CRITERIA | T1_TARGET | TIME_OF_ENTRY | MACD_STATE | HOLD_DURATION |
| 1 | - | - | - | gap-and-go | gap-and-go / break of pre | - | PROF: scaled at resistanc | - | - | unknown | unknown |
| 2 | - | - | - | unknown | news pop / momentum | - | PROF: halt resumption sca | - | - | unknown | scalp |
=== FILE 0292 ===
TRADE_MECHANICS:
| # | FLOAT | GAP% | REL_VOL | PATTERN_TYPE | ENTRY_TRIGGER | ADD_ON_MECHANIC | STOP_CRITERIA | T1_TARGET | TIME_OF_ENTRY | MACD_STATE | HOLD_DURATION |
| 1 | - | - | - | micro-pullback | news pop / premarket sque | - | PROF: scaled $25-$26 resi | - | - | unknown | unknown |
| 2 | - | - | - | dip-buy | dip re-entry / bounce | - | PROF: break-even exit | - | - | unknown | unknown |
| 3 | - | - | - | dip-buy | halt resumption / dip buy | - | PROF: squeeze to $48 | - | - | unknown | unknown |
| 4 | - | - | - | unknown | pop and drop momentum | - | PROF: dip re-entry gain | - | - | unknown | unknown |
| 5 | - | - | - | gap-and-go | gap-and-go / morning sque | - | PROF: early morning high  | - | - | unknown | scalp |
| 6 | - | - | - | micro-pullback | breakout attempt | - | STOP: reversal - failed b | - | - | unknown | unknown |
=== FILE 0293 ===
TRADE_MECHANICS:
| # | FLOAT | GAP% | REL_VOL | PATTERN_TYPE | ENTRY_TRIGGER | ADD_ON_MECHANIC | STOP_CRITERIA | T1_TARGET | TIME_OF_ENTRY | MACD_STATE | HOLD_DURATION |
| 1 | - | - | - | gap-and-go | gap bounce / support leve | - | STOP: reversal - failed | - | - | unknown | unknown |
| 2 | - | - | - | halt-resume | halt resumption / continu | - | PROF: squeeze to $2.06 | - | - | unknown | unknown |
| 3 | - | - | - | halt-resume | halt resumption / momentu | - | PROF: squeeze to $2.39 | - | - | unknown | unknown |
| 4 | - | - | - | unknown | break of $4 whole dollar | - | PROF: quick scalp | - | - | unknown | scalp |
| 5 | - | - | - | dip-buy | halt resumption / dip buy | - | PROF: bounce trade | - | - | unknown | unknown |
| 6 | - | - | - | micro-pullback | breakout attempt | - | PROF: pullback scalp | - | - | unknown | scalp |
| 7 | - | - | - | micro-pullback | momentum squeeze | - | PROF: quick scalp | - | - | unknown | scalp |
| 8 | - | - | - | gap-and-go | gap-and-go / momentum | - | PROF: bounce scalp | - | - | unknown | scalp |
| 9 | - | - | - | halt-resume | halt resumption / squeeze | - | PROF: scalp at resistance | - | - | unknown | scalp |
=== FILE 0294 ===
TRADE_MECHANICS:
| # | FLOAT | GAP% | REL_VOL | PATTERN_TYPE | ENTRY_TRIGGER | ADD_ON_MECHANIC | STOP_CRITERIA | T1_TARGET | TIME_OF_ENTRY | MACD_STATE | HOLD_DURATION |
| 1 | - | - | - | unknown | break of premarket high | - | PROF: early exit | - | - | unknown | unknown |
| 2 | - | - | - | micro-pullback | continuation breakout | - | PROF: break of $5.50 | - | - | unknown | unknown |
| 3 | - | - | - | dip-buy | dip buy / momentum resume | - | STOP: reversal - afternoo | - | - | unknown | unknown |
| 4 | - | - | - | unknown | break of whole dollar / a | - | STOP: flushed / failed | - | - | unknown | unknown |
| 5 | - | - | - | dip-buy | dip re-entry attempt | - | STOP: reversal - downside | - | - | unknown | unknown |
| 6 | - | - | - | unknown | hit scanner / pop-and-dro | - | STOP: nasty drop / impuls | - | - | unknown | unknown |
| 7 | - | - | - | unknown | trendline bounce / suppor | - | PROF: squeeze higher | - | - | unknown | unknown |
| 8 | - | - | - | dip-buy | trendline bounce / dip bu | - | PROF: quick momentum sque | - | - | unknown | scalp |
| 9 | - | - | - | vwap-reclaim | break of VWAP attempt | - | STOP: false breakout / wh | - | - | unknown | unknown |
| 10 | - | - | - | micro-pullback | flat-top breakout | - | STOP: false breakout / re | - | - | unknown | unknown |
| 11 | - | - | - | unknown | one-minute new high | - | STOP: reversal - stop out | - | - | unknown | unknown |
| 12 | - | - | - | unknown | airline momentum play | - | PROF: quick scalp | - | - | unknown | scalp |
| 13 | - | - | - | micro-pullback | micro pullback breakout | - | STOP: big rejection | - | - | unknown | unknown |
| 14 | - | - | - | unknown | break of headline high | - | PROF: resistance scalp | - | - | unknown | scalp |
| 15 | - | - | - | unknown | break of $13 whole dollar | - | STOP: reversal / reversal | - | - | unknown | unknown |
| 16 | - | - | - | micro-pullback | trendline bounce / short  | - | PROF: trendline reversal | - | - | unknown | unknown |
=== FILE 0295 ===
TRADE_MECHANICS:
| # | FLOAT | GAP% | REL_VOL | PATTERN_TYPE | ENTRY_TRIGGER | ADD_ON_MECHANIC | STOP_CRITERIA | T1_TARGET | TIME_OF_ENTRY | MACD_STATE | HOLD_DURATION |
| 1 | - | - | - | unknown | first one-minute high att | - | STOP: reversal - failed b | - | - | unknown | unknown |
| 2 | - | - | - | vwap-reclaim | bounce off daily VWAP | - | PROF: micro pullback dip | - | - | unknown | unknown |
| 3 | - | - | - | unknown | first candle new high att | - | STOP: bull trap / consoli | - | - | unknown | unknown |
=== FILE 0296 ===
TRADE_MECHANICS:
| # | FLOAT | GAP% | REL_VOL | PATTERN_TYPE | ENTRY_TRIGGER | ADD_ON_MECHANIC | STOP_CRITERIA | T1_TARGET | TIME_OF_ENTRY | MACD_STATE | HOLD_DURATION |
| 1 | - | - | - | unknown | first candle new high att | - | STOP: failed breakout | - | - | unknown | unknown |
| 2 | - | - | - | micro-pullback | second breakout attempt | - | STOP: false breakout / re | - | - | unknown | unknown |
| 3 | - | - | - | gap-and-go | morning squeeze / gap con | - | STOP: reversal / sold off | - | - | unknown | unknown |
=== FILE 0297 ===
TRADE_MECHANICS:
| # | FLOAT | GAP% | REL_VOL | PATTERN_TYPE | ENTRY_TRIGGER | ADD_ON_MECHANIC | STOP_CRITERIA | T1_TARGET | TIME_OF_ENTRY | MACD_STATE | HOLD_DURATION |
| 1 | - | - | - | red-to-green | red-to-green move / prema | - | STOP: halt-down / trapped | - | - | unknown | unknown |
| 2 | - | - | - | dip-buy | dip on long / breakout at | - | STOP: halt-down / failed | - | - | unknown | unknown |
=== FILE 0298 ===
TRADE_MECHANICS:
| # | FLOAT | GAP% | REL_VOL | PATTERN_TYPE | ENTRY_TRIGGER | ADD_ON_MECHANIC | STOP_CRITERIA | T1_TARGET | TIME_OF_ENTRY | MACD_STATE | HOLD_DURATION |
| 1 | - | - | - | dip-buy | dip trade / bounce attemp | - | STOP: reversal / flushed  | - | - | unknown | unknown |
| 2 | - | - | - | micro-pullback | momentum squeeze | - | PROF: scalp | - | - | unknown | scalp |
| 3 | - | - | - | dip-buy | dip on halt resumption | - | STOP: reversal / averaged | - | - | unknown | unknown |
=== FILE 0299 ===
TRADE_MECHANICS:
| # | FLOAT | GAP% | REL_VOL | PATTERN_TYPE | ENTRY_TRIGGER | ADD_ON_MECHANIC | STOP_CRITERIA | T1_TARGET | TIME_OF_ENTRY | MACD_STATE | HOLD_DURATION |
| 1 | - | - | - | red-to-green | red-to-green move / open  | - | PROF: scalp higher | - | - | unknown | scalp |
| 2 | - | - | - | red-to-green | bounce off lows / red-to- | - | STOP: reversal / early en | - | - | unknown | unknown |
| 3 | - | - | - | halt-resume | halt resumption / micro p | - | STOP: false breakout / tr | - | - | unknown | unknown |
| 4 | - | - | - | unknown | break over resistance | - | PROF: scalp / gave back h | - | - | unknown | scalp |
| 5 | - | - | - | unknown | break / desperation trade | - | STOP: reversal / doubled  | - | - | unknown | unknown |
=== TSV_AUDIT ===
0250	1	DLPN	S	-	-	unknown	S	-	S	-	-	unknown	unknown
0250	2	DLPN	S	-	-	dip-buy	S	-	S	-	-	unknown	unknown
0250	3	EVK	S	-	-	dip-buy	S	-	S	-	-	unknown	unknown
0250	4	AHPI	S	-	-	halt-resume	S	-	S	-	-	unknown	unknown
0251	1	CNET	S	-	-	micro-pullback	S	-	S	-	-	unknown	unknown
0251	2	FTFT	S	-	-	unknown	S	-	S	-	-	unknown	unknown
0251	3	COOL	S	-	-	unknown	S	-	S	-	-	unknown	unknown
0251	4	CNET	S	-	-	dip-buy	S	-	S	-	-	unknown	unknown
0251	5	GBR	S	-	-	unknown	S	-	S	-	-	unknown	scalp
0252	1	VFS	S	-	-	micro-pullback	S	-	S	-	-	unknown	scalp
0252	2	VFS	S	-	-	micro-pullback	S	-	S	-	-	unknown	unknown
0252	3	VFS	S	-	-	whole-dollar-break	S	-	S	-	-	unknown	unknown
0252	4	VFS	S	-	-	dip-buy	S	-	S	-	-	unknown	unknown
0252	5	VFS	S	-	-	dip-buy	S	-	S	-	-	unknown	unknown
0252	6	VFS	S	-	-	unknown	S	-	S	-	-	unknown	unknown
0252	7	VFS	S	-	-	bull-flag	S	-	S	-	-	unknown	unknown
0252	8	VFS	S	-	-	bull-flag	S	-	S	-	-	unknown	unknown
0252	9	VFS	S	-	-	micro-pullback	S	-	S	-	-	unknown	unknown
0252	10	VFS	S	-	-	dip-buy	S	-	S	-	-	unknown	unknown
0252	11	VFS	S	-	-	micro-pullback	S	-	S	-	-	unknown	unknown
0253	1	WHLM	S	-	-	halt-resume	S	-	S	-	-	unknown	unknown
0253	2	WHLM	S	-	-	dip-buy	S	-	S	-	-	unknown	unknown
0253	3	TAOP	S	-	-	gap-and-go	S	-	S	-	-	unknown	unknown
0253	4	EBET	S	-	-	unknown	S	-	S	-	-	unknown	unknown
0253	5	EBET	S	-	-	dip-buy	S	-	S	-	-	unknown	unknown
0254	1	CLEU	S	-	-	red-to-green	S	-	S	-	-	unknown	unknown
0254	2	SPRT	S	-	-	unknown	S	-	S	-	-	unknown	unknown
0254	3	SPRT	S	-	-	unknown	S	-	S	-	-	unknown	scalp
0254	4	EFTR	S	-	-	dip-buy	S	-	S	-	-	unknown	unknown
0254	5	EFTR	S	-	-	dip-buy	S	-	S	-	-	unknown	unknown
0255	1	GELS	S	-	-	dip-buy	S	-	S	-	-	unknown	unknown
0255	2	TIVC	S	-	-	dip-buy	S	-	S	-	-	unknown	unknown
0256	1	BRN	S	-	-	gap-and-go	S	-	S	-	-	unknown	unknown
0256	2	XRF	S	-	-	dip-buy	S	-	S	-	-	unknown	scalp
0256	3	UONE	S	-	-	halt-resume	S	-	S	-	-	unknown	unknown
0256	4	FFHL	S	-	-	halt-resume	S	-	S	-	-	unknown	unknown
0257	1	YTEN	S	-	-	dip-buy	S	-	S	-	-	unknown	unknown
0257	2	BNTC	S	-	-	dip-buy	S	-	S	-	-	unknown	unknown
0257	3	AKER	S	-	-	gap-and-go	S	-	S	-	-	unknown	unknown
0258	1	ACBA	S	-	-	unknown	S	-	S	-	-	unknown	unknown
0258	2	RGC	S	-	-	dip-buy	S	-	S	-	-	unknown	unknown
0258	3	RGC	S	-	-	micro-pullback	S	-	S	-	-	unknown	unknown
0260	1	HLBZ	S	-	-	unknown	S	-	S	-	-	unknown	unknown
0260	2	MRM	S	-	-	gap-and-go	S	-	S	-	-	unknown	scalp
0260	3	MRM	S	-	-	unknown	S	-	S	-	-	unknown	unknown
0260	4	MRM	S	-	-	dip-buy	S	-	S	-	-	unknown	scalp
0260	5	MRM	S	-	-	unknown	S	-	S	-	-	unknown	unknown
0260	6	ARQQ	S	-	-	micro-pullback	S	-	S	-	-	unknown	unknown
0261	1	TLC	S	-	-	unknown	S	-	S	-	-	unknown	unknown
0261	2	PRVB	S	-	-	unknown	S	-	S	-	-	unknown	unknown
0262	1	AIHS	S	-	-	unknown	S	-	S	-	-	unknown	unknown
0262	2	NBC	S	-	-	dip-buy	S	-	S	-	-	unknown	unknown
0262	3	AYRO	S	-	-	dip-buy	S	-	S	-	-	unknown	scalp
0262	4	JRJ	S	-	-	dip-buy	S	-	S	-	-	unknown	unknown
0262	5	KLA	S	-	-	micro-pullback	S	-	S	-	-	unknown	unknown
0263	1	SILO	S	-	-	dip-buy	S	-	S	-	-	unknown	unknown
0263	2	GTBP	S	-	-	micro-pullback	S	-	S	-	-	unknown	unknown
0264	1	ALM	S	-	-	dip-buy	S	-	S	-	-	unknown	unknown
0264	2	OPTX	S	-	-	micro-pullback	S	-	S	-	-	unknown	unknown
0264	3	ELAB	S	-	-	dip-buy	S	-	S	-	-	unknown	unknown
0265	1	RBZ	S	-	-	unknown	S	-	S	-	-	unknown	unknown
0265	2	BPTH	S	-	-	micro-pullback	S	-	S	-	-	unknown	unknown
0265	3	MDJH	S	-	-	unknown	S	-	S	-	-	unknown	unknown
0266	1	BTX	S	-	-	dip-buy	S	-	S	-	-	unknown	unknown
0266	2	EEIQ	S	-	-	unknown	S	-	S	-	-	unknown	scalp
0266	3	WVVI	S	-	-	unknown	S	-	S	-	-	unknown	scalp
0267	1	ABIO	S	-	-	micro-pullback	S	-	S	-	-	unknown	unknown
0267	2	NSPR	S	-	-	dip-buy	S	-	S	-	-	unknown	unknown
0267	3	EARS	S	-	-	halt-resume	S	-	S	-	-	unknown	unknown
0267	4	DFFN	S	-	-	halt-resume	S	-	S	-	-	unknown	scalp
0267	5	TATE	S	-	-	micro-pullback	S	-	S	-	-	unknown	unknown
0268	1	PSPS	S	-	-	vwap-reclaim	S	-	S	-	-	unknown	unknown
0268	2	RHE	S	-	-	unknown	S	-	S	-	-	unknown	unknown
0268	3	MTR	S	-	-	dip-buy	S	-	S	-	-	unknown	unknown
0269	1	AKTX	S	-	-	unknown	S	-	S	-	-	unknown	unknown
0269	2	ARDM	S	-	-	dip-buy	S	-	S	-	-	unknown	unknown
0269	3	CSEIA	S	-	-	micro-pullback	S	-	S	-	-	unknown	unknown
0269	4	SRAX	S	-	-	unknown	S	-	S	-	-	unknown	unknown
0269	5	HMNY	S	-	-	bull-flag	S	-	S	-	-	unknown	unknown
0270	1	ARCHON	S	-	-	unknown	S	-	S	-	-	unknown	unknown
0270	2	LBIX	S	-	-	unknown	S	-	S	-	-	unknown	unknown
0270	3	ALTK	S	-	-	unknown	S	-	S	-	-	unknown	unknown
0271	1	ELTK	S	-	-	red-to-green	S	-	S	-	-	unknown	unknown
0271	2	ELTK	S	-	-	dip-buy	S	-	S	-	-	unknown	unknown
0271	3	RBZ	S	-	-	gap-and-go	S	-	S	-	-	unknown	unknown
0271	4	AEY	S	-	-	unknown	S	-	S	-	-	unknown	unknown
0272	1	CHFS	S	-	-	gap-and-go	S	-	S	-	-	unknown	unknown
0272	2	CHFS	S	-	-	unknown	S	-	S	-	-	unknown	unknown
0272	3	MTBC	S	-	-	unknown	S	-	S	-	-	unknown	scalp
0272	4	OSN	S	-	-	dip-buy	S	-	S	-	-	unknown	unknown
0272	5	OSN	S	-	-	unknown	S	-	S	-	-	unknown	unknown
0273	1	WHLM	S	-	-	vwap-reclaim	S	-	S	-	-	unknown	unknown
0273	2	PBTS	S	-	-	bull-flag	S	-	S	-	-	unknown	unknown
0273	3	ACY	S	-	-	micro-pullback	S	-	S	-	-	unknown	unknown
0274	1	KSCP	S	-	-	micro-pullback	S	-	S	-	-	unknown	unknown
0274	2	IINN	S	-	-	unknown	S	-	S	-	-	unknown	scalp
0274	3	FGI	S	-	-	vwap-reclaim	S	-	S	-	-	unknown	unknown
0274	4	FGI	S	-	-	halt-resume	S	-	S	-	-	unknown	unknown
0275	1	SPOT	S	-	-	gap-and-go	S	-	S	-	-	unknown	scalp
0275	2	SPOT	S	-	-	unknown	S	-	S	-	-	unknown	unknown
0275	3	ELTK	S	-	-	unknown	S	-	S	-	-	unknown	unknown
0275	4	ELTK	S	-	-	dip-buy	S	-	S	-	-	unknown	unknown
0275	5	GNCA	S	-	-	dip-buy	S	-	S	-	-	unknown	unknown
0275	6	GNCA	S	-	-	unknown	S	-	S	-	-	unknown	unknown
0276	1	INDP	S	-	-	red-to-green	S	-	S	-	-	unknown	scalp
0276	2	INDP	S	-	-	dip-buy	S	-	S	-	-	unknown	unknown
0276	3	INDP	S	-	-	unknown	S	-	S	-	-	unknown	unknown
0276	4	INDP	S	-	-	unknown	S	-	S	-	-	unknown	unknown
0276	5	INDP	S	-	-	micro-pullback	S	-	S	-	-	unknown	unknown
0276	6	INDP	S	-	-	unknown	S	-	S	-	-	unknown	unknown
0277	1	LHDX	S	-	-	micro-pullback	S	-	S	-	-	unknown	unknown
0277	2	IHT	S	-	-	unknown	S	-	S	-	-	unknown	unknown
0277	3	SQBG	S	-	-	unknown	S	-	S	-	-	unknown	scalp
0277	4	APDN	S	-	-	dip-buy	S	-	S	-	-	unknown	unknown
0277	5	RMED	S	-	-	halt-resume	S	-	S	-	-	unknown	scalp
0278	1	SNSE	S	-	-	dip-buy	S	-	S	-	-	unknown	unknown
0279	1	SNCR	S	-	-	red-to-green	S	-	S	-	-	unknown	unknown
0279	2	APDN	S	-	-	dip-buy	S	-	S	-	-	unknown	scalp
0279	3	APDN	S	-	-	unknown	S	-	S	-	-	unknown	scalp
0279	4	APDN	S	-	-	dip-buy	S	-	S	-	-	unknown	unknown
0279	5	APDN	S	-	-	unknown	S	-	S	-	-	unknown	unknown
0279	6	APDN	S	-	-	halt-resume	S	-	S	-	-	unknown	scalp
0280	1	EFTR	S	-	-	gap-and-go	S	-	S	-	-	unknown	unknown
0280	2	EFTR	S	-	-	dip-buy	S	-	S	-	-	unknown	unknown
0280	3	OLB	S	-	-	micro-pullback	S	-	S	-	-	unknown	unknown
0281	1	VVPR	S	-	-	gap-and-go	S	-	S	-	-	unknown	unknown
0282	1	SCV	S	-	-	gap-and-go	S	-	S	-	-	unknown	unknown
0282	2	SILO	S	-	-	unknown	S	-	S	-	-	unknown	unknown
0282	3	SILO	S	-	-	dip-buy	S	-	S	-	-	unknown	scalp
0282	4	NAAS	S	-	-	vwap-reclaim	S	-	S	-	-	unknown	unknown
0282	5	VPX	S	-	-	micro-pullback	S	-	S	-	-	unknown	scalp
0283	1	NIRA	S	-	-	unknown	S	-	S	-	-	unknown	scalp
0283	2	BURU	S	-	-	gap-and-go	S	-	S	-	-	unknown	unknown
0284	1	BLNE	S	-	-	dip-buy	S	-	S	-	-	unknown	unknown
0284	2	OSR	S	-	-	gap-and-go	S	-	S	-	-	unknown	unknown
0285	1	OBLN	S	-	-	unknown	S	-	S	-	-	unknown	unknown
0285	2	CLPS	S	-	-	micro-pullback	S	-	S	-	-	unknown	unknown
0285	3	BBIG	S	-	-	unknown	S	-	S	-	-	unknown	unknown
0285	4	CLI	S	-	-	dip-buy	S	-	S	-	-	unknown	unknown
0286	1	DNPI	S	-	-	gap-and-go	S	-	S	-	-	unknown	unknown
0287	1	INDO	S	-	-	halt-resume	S	-	S	-	-	unknown	unknown
0287	2	INDO	S	-	-	micro-pullback	S	-	S	-	-	unknown	unknown
0287	3	INDO	S	-	-	dip-buy	S	-	S	-	-	unknown	unknown
0287	4	INDO	S	-	-	unknown	S	-	S	-	-	unknown	unknown
0288	1	BROG	S	-	-	gap-and-go	S	-	S	-	-	unknown	unknown
0288	2	SPRO	S	-	-	micro-pullback	S	-	S	-	-	unknown	unknown
0288	3	LVWR	S	-	-	vwap-reclaim	S	-	S	-	-	unknown	unknown
0288	4	AMOD	S	-	-	unknown	S	-	S	-	-	unknown	unknown
0288	5	SGN	S	-	-	micro-pullback	S	-	S	-	-	unknown	unknown
0291	1	ANVS	S	-	-	gap-and-go	S	-	S	-	-	unknown	unknown
0291	2	SCPS	S	-	-	unknown	S	-	S	-	-	unknown	scalp
0292	1	INKT	S	-	-	micro-pullback	S	-	S	-	-	unknown	unknown
0292	2	INKT	S	-	-	dip-buy	S	-	S	-	-	unknown	unknown
0292	3	INKT	S	-	-	dip-buy	S	-	S	-	-	unknown	unknown
0292	4	HOL	S	-	-	unknown	S	-	S	-	-	unknown	unknown
0292	5	SGN	S	-	-	gap-and-go	S	-	S	-	-	unknown	scalp
0292	6	CVM	S	-	-	micro-pullback	S	-	S	-	-	unknown	unknown
0293	1	IMAC	S	-	-	gap-and-go	S	-	S	-	-	unknown	unknown
0293	2	IMAC	S	-	-	halt-resume	S	-	S	-	-	unknown	unknown
0293	3	IMAC	S	-	-	halt-resume	S	-	S	-	-	unknown	unknown
0293	4	THEM	S	-	-	unknown	S	-	S	-	-	unknown	scalp
0293	5	THEM	S	-	-	dip-buy	S	-	S	-	-	unknown	unknown
0293	6	CAPR	S	-	-	micro-pullback	S	-	S	-	-	unknown	scalp
0293	7	GFI	S	-	-	micro-pullback	S	-	S	-	-	unknown	scalp
0293	8	YU	S	-	-	gap-and-go	S	-	S	-	-	unknown	scalp
0293	9	NPIX	S	-	-	halt-resume	S	-	S	-	-	unknown	scalp
0294	1	FLGT	S	-	-	unknown	S	-	S	-	-	unknown	unknown
0294	2	APRN	S	-	-	micro-pullback	S	-	S	-	-	unknown	unknown
0294	3	APRN	S	-	-	dip-buy	S	-	S	-	-	unknown	unknown
0294	4	BNTX	S	-	-	unknown	S	-	S	-	-	unknown	unknown
0294	5	BNTX	S	-	-	dip-buy	S	-	S	-	-	unknown	unknown
0294	6	GRIL	S	-	-	unknown	S	-	S	-	-	unknown	unknown
0294	7	VIX	S	-	-	unknown	S	-	S	-	-	unknown	unknown
0294	8	SPXL	S	-	-	dip-buy	S	-	S	-	-	unknown	scalp
0294	9	PGNI	S	-	-	vwap-reclaim	S	-	S	-	-	unknown	unknown
0294	10	MRNA	S	-	-	micro-pullback	S	-	S	-	-	unknown	unknown
0294	11	TDOC	S	-	-	unknown	S	-	S	-	-	unknown	unknown
0294	12	LUV	S	-	-	unknown	S	-	S	-	-	unknown	scalp
0294	13	BKX	S	-	-	micro-pullback	S	-	S	-	-	unknown	unknown
0294	14	HAPP	S	-	-	unknown	S	-	S	-	-	unknown	scalp
0294	15	JNUG	S	-	-	unknown	S	-	S	-	-	unknown	unknown
0294	16	SPXS	S	-	-	micro-pullback	S	-	S	-	-	unknown	unknown
0295	1	SES	S	-	-	unknown	S	-	S	-	-	unknown	unknown
0295	2	SES	S	-	-	vwap-reclaim	S	-	S	-	-	unknown	unknown
0295	3	SES	S	-	-	unknown	S	-	S	-	-	unknown	unknown
0296	1	GSX	S	-	-	unknown	S	-	S	-	-	unknown	unknown
0296	2	GSX	S	-	-	micro-pullback	S	-	S	-	-	unknown	unknown
0296	3	TKAT	S	-	-	gap-and-go	S	-	S	-	-	unknown	unknown
0297	1	ORPH	S	-	-	red-to-green	S	-	S	-	-	unknown	unknown
0297	2	GLTO	S	-	-	dip-buy	S	-	S	-	-	unknown	unknown
0298	1	SGOC	S	-	-	dip-buy	S	-	S	-	-	unknown	unknown
0298	2	AHPI	S	-	-	micro-pullback	S	-	S	-	-	unknown	scalp
0298	3	CRTD	S	-	-	dip-buy	S	-	S	-	-	unknown	unknown
0299	1	ORPH	S	-	-	red-to-green	S	-	S	-	-	unknown	scalp
0299	2	UTME	S	-	-	red-to-green	S	-	S	-	-	unknown	unknown
0299	3	ALF	S	-	-	halt-resume	S	-	S	-	-	unknown	unknown
0299	4	WAFFU	S	-	-	unknown	S	-	S	-	-	unknown	scalp
0299	5	AMC	S	-	-	unknown	S	-	S	-	-	unknown	unknown
0300	1	IRNT	S	S	-	S	S	S	S	S	S	S	S
0300	2	IRNT	S	S	-	S	S	S	S	S	S	S	S
0300	3	IRNT	S	S	-	S	S	S	S	S	S	S	S
0300	4	PMCB	S	S	-	S	S	S	S	S	S	S	S
0300	5	EFTR	S	S	-	S	S	S	S	S	S	S	S
0309	1	AUD	S	S	-	S	S	S	S	S	S	S	S
0309	2	BCFC	S	S	-	S	S	S	S	S	S	S	S
0309	3	EV	S	S	-	S	S	S	S	S	S	S	S
0309	4	TTNP	S	S	-	S	S	S	S	S	S	S	S
0309	5	PFRX	S	S	-	S	S	S	S	S	S	S	S
0309	6	TCCV	S	S	-	S	S	S	S	S	S	S	S
0310	1	PBM	S	S	-	S	S	S	S	S	S	S	S
0310	2	APM	S	S	-	S	S	S	S	S	S	S	S
0310	3	GNPX	S	S	-	S	S	S	S	S	S	S	S
0310	4	LASC	S	S	-	S	S	S	S	S	S	S	S
0310	5	EWS	S	S	-	S	S	S	S	S	S	S	S
0311	1	TBL	S	S	-	S	S	S	S	S	S	S	S
0311	2	SAE	S	S	-	S	S	S	S	S	S	S	S
0311	3	WINR	S	S	-	S	S	S	S	S	S	S	S
0312	1	KIDZ	S	S	-	S	S	S	S	S	S	S	S
0312	2	KIDZ	S	S	-	S	S	S	S	S	S	S	S
0312	3	KIDZ	S	S	-	S	S	S	S	S	S	S	S
0312	4	KIDZ	S	S	-	S	S	S	S	S	S	S	S
0312	5	AGBA	S	S	-	S	S	S	S	S	S	S	S
0312	6	DCFC	S	S	-	S	S	S	S	S	S	S	S
0313	1	SHFS	S	S	-	S	S	S	S	S	S	S	S
0313	2	ADN	S	S	-	S	S	S	S	S	S	S	S
0314	1	XPN	S	S	-	S	S	S	S	S	S	S	S
0314	2	IVA	S	S	-	S	S	S	S	S	S	S	S
0314	3	VERB	S	S	-	S	S	S	S	S	S	S	S
0315	1	BPTH	S	S	-	S	S	S	S	S	S	S	S
0315	2	BPTH	S	S	-	S	S	S	S	S	S	S	S
0315	3	BPTH	S	S	-	S	S	S	S	S	S	S	S
0315	4	BPTH	S	S	-	S	S	S	S	S	S	S	S
0315	5	AGBA	S	S	-	S	S	S	S	S	S	S	S
0315	6	DCFC	S	S	-	S	S	S	S	S	S	S	S
0316	1	UAVS	S	S	-	S	S	S	S	S	S	S	S
0316	2	PIXIE	S	S	-	S	S	S	S	S	S	S	S
0316	3	CHCI	S	S	-	S	S	S	S	S	S	S	S
0316	4	APDN	S	S	-	S	S	S	S	S	S	S	S
0316	5	NEURO	S	S	-	S	S	S	S	S	S	S	S
0316	6	GRILL	S	S	-	S	S	S	S	S	S	S	S
0317	1	MICR	S	S	-	S	S	S	S	S	S	S	S
0317	2	MDJH	S	S	-	S	S	S	S	S	S	S	S
0318	1	CBIO	S	S	-	S	S	S	S	S	S	S	S
0318	2	CBIO	S	S	-	S	S	S	S	S	S	S	S
0318	3	CBIO	S	S	-	S	S	S	S	S	S	S	S
0319	1	IENT	S	S	-	S	S	S	S	S	S	S	S
0319	2	THMO	S	S	-	S	S	S	S	S	S	S	S
0319	3	PDSB	S	S	-	S	S	S	S	S	S	S	S
0319	4	BMRA	S	S	-	S	S	S	S	S	S	S	S
0319	5	YTAN	S	S	-	S	S	S	S	S	S	S	S
0319	6	BLIN	S	S	-	S	S	S	S	S	S	S	S
0319	7	ADIL	S	S	-	S	S	S	S	S	S	S	S
0320	1	GTXI	S	S	-	S	S	S	S	S	S	S	S
0320	2	VTVT	S	S	-	S	S	S	S	S	S	S	S
0320	3	VXRT	S	S	-	S	S	S	S	S	S	S	S
0320	4	ASNS	S	S	-	S	S	S	S	S	S	S	S
0321	1	SYTA	S	S	-	S	S	S	S	S	S	S	S
0321	2	NLSP	S	S	-	S	S	S	S	S	S	S	S
0321	3	STAFF	S	S	-	S	S	S	S	S	S	S	S
0321	4	ADN	S	S	-	S	S	S	S	S	S	S	S
0321	5	CONE	S	S	-	S	S	S	S	S	S	S	S
0322	1	DNJR	S	S	-	S	S	S	S	S	S	S	S
0322	2	INSCR	S	S	-	S	S	S	S	S	S	S	S
0322	3	LOVE	S	S	-	S	S	S	S	S	S	S	S
0322	4	RCUS	S	S	-	S	S	S	S	S	S	S	S
0322	5	GENE	S	S	-	S	S	S	S	S	S	S	S
0323	1	CLDC	S	S	-	S	S	S	S	S	S	S	S
0323	2	UYTU	S	S	-	S	S	S	S	S	S	S	S
0323	3	GEVO	S	S	-	S	S	S	S	S	S	S	S
0324	1	ADIL	S	S	-	S	S	S	S	S	S	S	S
0325	1	WAPT	S	S	-	S	S	S	S	S	S	S	S
0325	2	BMTC	S	S	-	S	S	S	S	S	S	S	S
0325	3	PECK	S	S	-	S	S	S	S	S	S	S	S
0326	1	MBOT	S	S	-	S	S	S	S	S	S	S	S
0326	2	MBOT	S	S	-	S	S	S	S	S	S	S	S
0326	3	BIOC	S	S	-	S	S	S	S	S	S	S	S
0326	4	SFET	S	S	-	S	S	S	S	S	S	S	S
0326	5	BSQR	S	S	-	S	S	S	S	S	S	S	S
0326	6	ADIL	S	S	-	S	S	S	S	S	S	S	S
0327	1	SAEX	S	S	-	S	S	S	S	S	S	S	S
0327	2	ATIF	S	S	-	S	S	S	S	S	S	S	S
0327	3	PECK	S	S	-	S	S	S	S	S	S	S	S
0328	1	QMCO	S	S	-	S	S	S	S	S	S	S	S
0328	2	NMHI	S	S	-	S	S	S	S	S	S	S	S
0328	3	VSTV	S	S	-	S	S	S	S	S	S	S	S
0329	1	MESO	S	S	-	S	S	S	S	S	S	S	S
0329	2	MBOT	S	S	-	S	S	S	S	S	S	S	S
0329	3	MBOT	S	S	-	S	S	S	S	S	S	S	S
0329	4	THMO	S	S	-	S	S	S	S	S	S	S	S
0329	5	MDGS	S	S	-	S	S	S	S	S	S	S	S
0329	6	MDGS	S	S	-	S	S	S	S	S	S	S	S
0329	7	MDGS	S	S	-	S	S	S	S	S	S	S	S
0330	1	NAKD	S	S	-	S	S	S	S	S	S	S	S
0330	2	YTN	S	S	-	S	S	S	S	S	S	S	S
0330	3	YTN	S	S	-	S	S	S	S	S	S	S	S
0330	4	YTN	S	S	-	S	S	S	S	S	S	S	S
0330	5	YTN	S	S	-	S	S	S	S	S	S	S	S
0330	6	VXRT	S	S	-	S	S	S	S	S	S	S	S
0330	7	MEDS	S	S	-	S	S	S	S	S	S	S	S
0331	1	FUVO	S	S	-	S	S	S	S	S	S	S	S
0331	2	SNX	S	S	-	S	S	S	S	S	S	S	S
0331	3	CREX	S	S	-	S	S	S	S	S	S	S	S
0331	4	TROV	S	S	-	S	S	S	S	S	S	S	S
0331	5	NEON	S	S	-	S	S	S	S	S	S	S	S
0331	6	SNDX	S	S	-	S	S	S	S	S	S	S	S
0331	7	INO	S	S	-	S	S	S	S	S	S	S	S
0332	1	FRDY	S	S	-	S	S	S	S	S	S	S	S
0332	2	FTEK	S	S	-	S	S	S	S	S	S	S	S
0332	3	CVM	S	S	-	S	S	S	S	S	S	S	S
0333	1	BFRG	S	S	-	S	S	S	S	S	S	S	S
0333	2	ZVA	S	S	-	S	S	S	S	S	S	S	S
0333	3	ROMA	S	S	-	S	S	S	S	S	S	S	S
0333	4	DWAC	S	S	-	S	S	S	S	S	S	S	S
0333	5	DWAC	S	S	-	S	S	S	S	S	S	S	S
0334	1	CHRT	S	S	-	S	S	S	S	S	S	S	S
0334	2	GEVO	S	S	-	S	S	S	S	S	S	S	S
0335	1	MTM	S	S	-	S	S	S	S	S	S	S	S
0335	2	VVOS	S	S	-	S	S	S	S	S	S	S	S
0335	3	LASC	S	S	-	S	S	S	S	S	S	S	S
0336	1	TBIO	S	S	-	S	S	S	S	S	S	S	S
0336	2	KTTA	S	S	-	S	S	S	S	S	S	S	S
0336	3	SPAI	S	S	-	S	S	S	S	S	S	S	S
0337	1	ATLX	S	S	-	S	S	S	S	S	S	S	S
0337	2	TGL	S	S	-	S	S	S	S	S	S	S	S
0338	1	BMRA	S	S	-	S	S	S	S	S	S	S	S
0338	2	various	S	S	-	S	S	S	S	S	S	S	S
0340	1	BOXL	S	S	-	S	S	S	S	S	S	S	S
0340	2	RSLS	S	S	-	S	S	S	S	S	S	S	S
0340	3	INPX	S	S	-	S	S	S	S	S	S	S	S
0341	1	CAPR	S	S	-	S	S	S	S	S	S	S	S
0342	1	UAVS	S	S	-	S	S	S	S	S	S	S	S
0343	1	MBOT	S	S	-	S	S	S	S	S	S	S	S
0343	2	BIOSC	S	S	-	S	S	S	S	S	S	S	S
0343	3	TBLT	S	S	-	S	S	S	S	S	S	S	S
0344	1	MDGS	S	S	-	S	S	S	S	S	S	S	S
0344	2	CAPR	S	S	-	S	S	S	S	S	S	S	S
0345	1	ABCO	S	S	-	S	S	S	S	S	S	S	S
0345	2	CHEK	S	S	-	S	S	S	S	S	S	S	S
0345	3	AWSM	S	S	-	S	S	S	S	S	S	S	S
0345	4	DGLR	S	S	-	S	S	S	S	S	S	S	S
0345	5	ABCO	S	S	-	S	S	S	S	S	S	S	S
0347	1	GTBP	S	S	-	S	S	S	S	S	S	S	S
0347	2	DATS	S	S	-	S	S	S	S	S	S	S	S
0347	3	XXI	S	S	-	S	S	S	S	S	S	S	S
0347	4	SLRX	S	S	-	S	S	S	S	S	S	S	S
0347	5	PHIO	S	S	-	S	S	S	S	S	S	S	S
0347	6	ATPC	S	S	-	S	S	S	S	S	S	S	S
0348	1	MYAO	S	S	-	S	S	S	S	S	S	S	S
0348	2	PBYI	S	S	-	S	S	S	S	S	S	S	S
0348	3	PHIO	S	S	-	S	S	S	S	S	S	S	S
0349	1	CEI	S	S	-	S	S	S	S	S	S	S	S
0349	2	CEI	S	S	-	S	S	S	S	S	S	S	S
0349	3	CEI	S	S	-	S	S	S	S	S	S	S	S
0349	4	ENLV	S	S	-	S	S	S	S	S	S	S	S
0350	1	OBLN	S	S	-	S	S	S	S	S	S	S	S
0350	2	CLBS	S	S	-	S	S	S	S	S	S	S	S
0351	1	ONC	S	S	-	S	S	S	S	S	S	S	S
0351	2	ONC	S	S	-	S	S	S	S	S	S	S	S
0352	1	SXTC	S	S	-	S	S	S	S	S	S	S	S
0352	2	EMOT	S	S	-	S	S	S	S	S	S	S	S
0352	3	unknown	S	S	-	S	S	S	S	S	S	S	S
0353	1	ATIL	S	S	-	S	S	S	S	S	S	S	S
0353	2	MYOS	S	S	-	S	S	S	S	S	S	S	S
0353	3	CHEK	S	S	-	S	S	S	S	S	S	S	S
0354	1	ABIL	S	S	-	S	S	S	S	S	S	S	S
0354	2	VTBT	S	S	-	S	S	S	S	S	S	S	S
0354	3	NYA	S	S	-	S	S	S	S	S	S	S	S
0355	1	NBBC	S	S	-	S	S	S	S	S	S	S	S
0355	2	OBLN	S	S	-	S	S	S	S	S	S	S	S
0355	3	PDSB	S	S	-	S	S	S	S	S	S	S	S
0355	4	CBIO	S	S	-	S	S	S	S	S	S	S	S
0356	1	IS_NS	S	S	-	S	S	S	S	S	S	S	S
0356	2	BTX	S	S	-	S	S	S	S	S	S	S	S
0357	1	IVF	S	S	-	S	S	S	S	S	S	S	S
0357	2	GVH	S	S	-	S	S	S	S	S	S	S	S
0357	3	IPDN	S	S	-	S	S	S	S	S	S	S	S
0357	4	HTO	S	S	-	S	S	S	S	S	S	S	S
0357	5	KOHLS	S	S	-	S	S	S	S	S	S	S	S
=== FILE 0358 ===
TRADE_MECHANICS:
| # | FLOAT | GAP% | REL_VOL | PATTERN_TYPE | ENTRY_TRIGGER | ADD_ON_MECHANIC | STOP_CRITERIA | T1_TARGET | TIME_OF_ENTRY | MACD_STATE | HOLD_DURATION |
|---|-------|------|---------|--------------|---------------|-----------------|---------------|-----------|---------------|------------|---------------|
| 1 | - | - | - | dip-buy | ascending support pullback | consolidation breakout | reversal | $15.80 | - | - | short |
| 2 | - | - | - | micro-pullback | double-bottom bounce | - | reversal / failed at $5.50 | $5.50 | - | - | short |
| 3 | - | - | - | flat-top | 200-MA breakout | - | halt-resume | $3.80 | - | - | scalp |
| 4 | - | - | - | dip-buy | dip-rip resumption | - | reversal / conviction loss | - | - | - | short |
=== FILE 0359 ===
TRADE_MECHANICS:
| # | FLOAT | GAP% | REL_VOL | PATTERN_TYPE | ENTRY_TRIGGER | ADD_ON_MECHANIC | STOP_CRITERIA | T1_TARGET | TIME_OF_ENTRY | MACD_STATE | HOLD_DURATION |
|---|-------|------|---------|--------------|---------------|-----------------|---------------|-----------|---------------|------------|---------------|
| 1 | - | - | - | micro-pullback | premarket high reclaim pullback | - | whole-dollar target | $7.00 | - | - | short |
| 2 | - | - | - | micro-pullback | first 1-minute new high | - | halt break | $7.48 | - | - | scalp |
| 3 | - | - | - | dip-buy | post-halt pullback dip | - | whole-dollar $8.00+ break | $8.00 | - | - | short |
=== FILE 0360 ===
TRADE_MECHANICS:
| # | FLOAT | GAP% | REL_VOL | PATTERN_TYPE | ENTRY_TRIGGER | ADD_ON_MECHANIC | STOP_CRITERIA | T1_TARGET | TIME_OF_ENTRY | MACD_STATE | HOLD_DURATION |
|---|-------|------|---------|--------------|---------------|-----------------|---------------|-----------|---------------|------------|---------------|
| 1 | - | - | - | abcd | ABCD micro-pullback / inverted H-S | - | VWAP breakout recovery | $11.00 | - | - | short |
| 2 | - | - | - | micro-pullback | micro-pullback dips and rips | scaling | momentum | $9.00 | - | - | extended |
| 3 | - | - | - | vwap-reclaim | second news spike / VWAP retest | - | momentum | - | - | - | short |
| 4 | - | - | - | halt-resume | halt-resume consolidation break | - | momentum | - | - | - | short |
=== FILE 0361 ===
TRADE_MECHANICS:
| # | FLOAT | GAP% | REL_VOL | PATTERN_TYPE | ENTRY_TRIGGER | ADD_ON_MECHANIC | STOP_CRITERIA | T1_TARGET | TIME_OF_ENTRY | MACD_STATE | HOLD_DURATION |
|---|-------|------|---------|--------------|---------------|-----------------|---------------|-----------|---------------|------------|---------------|
| 1 | - | - | - | dip-buy | VWAP reclaim dip-buy / breakout | scaling add | hold to $0.47 | $0.35 | - | - | short |
| 2 | - | - | - | dip-buy | dead-cat bounce dip entry | - | quick scalp | - | - | - | scalp |
=== FILE 0362 ===
TRADE_MECHANICS:
| # | FLOAT | GAP% | REL_VOL | PATTERN_TYPE | ENTRY_TRIGGER | ADD_ON_MECHANIC | STOP_CRITERIA | T1_TARGET | TIME_OF_ENTRY | MACD_STATE | HOLD_DURATION |
|---|-------|------|---------|--------------|---------------|-----------------|---------------|-----------|---------------|------------|---------------|
| 1 | - | 43% | - | gap-and-go | first 1-min candle new high within 4s | - | VWAP breakout | $28.86 | 0-4s | - | short |
| 2 | - | - | - | unknown | sympathy momentum play | - | trend continuation | - | - | - | short |
=== FILE 0363 ===
TRADE_MECHANICS:
| # | FLOAT | GAP% | REL_VOL | PATTERN_TYPE | ENTRY_TRIGGER | ADD_ON_MECHANIC | STOP_CRITERIA | T1_TARGET | TIME_OF_ENTRY | MACD_STATE | HOLD_DURATION |
|---|-------|------|---------|--------------|---------------|-----------------|---------------|-----------|---------------|------------|---------------|
| 1 | - | 80% | - | gap-and-go | first 1-min candle new high | - | $10.70 scalp / $11.18 retest | $11.18 | 22s | - | scalp |
| 2 | - | - | - | micro-pullback | wedge breakout attempt | - | quick scalp | - | - | - | scalp |
| 3 | - | - | - | dip-buy | whole-dollar retest dip-buy | - | unknown | - | - | - | short |
=== FILE 0364 ===
TRADE_MECHANICS:
| # | FLOAT | GAP% | REL_VOL | PATTERN_TYPE | ENTRY_TRIGGER | ADD_ON_MECHANIC | STOP_CRITERIA | T1_TARGET | TIME_OF_ENTRY | MACD_STATE | HOLD_DURATION |
|---|-------|------|---------|--------------|---------------|-----------------|---------------|-----------|---------------|------------|---------------|
| 1 | - | - | - | gap-and-go | gap-and-go / break of premarket high | - | whole-dollar break | $8.10 | - | - | short |
| 2 | - | - | - | unknown | first 1-min new high attempt | - | failed breakout / halt down | - | - | - | short |
| 3 | - | - | - | unknown | second entry on halt resumption | - | failed breakout / reversal | - | - | - | short |
| 4 | - | - | - | dip-buy | dip buy / VWAP support | - | base hit trades | - | - | - | short |
=== FILE 0365 ===
TRADE_MECHANICS:
| # | FLOAT | GAP% | REL_VOL | PATTERN_TYPE | ENTRY_TRIGGER | ADD_ON_MECHANIC | STOP_CRITERIA | T1_TARGET | TIME_OF_ENTRY | MACD_STATE | HOLD_DURATION |
|---|-------|------|---------|--------------|---------------|-----------------|---------------|-----------|---------------|------------|---------------|
| 1 | - | - | - | unknown | news pop / early entry on news | - | failed breakout / pop/drop | - | - | - | short |
| 2 | - | - | - | red-to-green | VWAP break / red-to-green move | scaling | scaled first 30k at $6.77 | $6.77 | - | - | short |
| 3 | - | - | - | unknown | consolidation add-on | - | failed breakout / rejection | - | - | - | short |
| 4 | - | - | - | dip-buy | pullback dip buy | - | reversal / daily target miss | - | - | - | short |
=== FILE 0366 ===
TRADE_MECHANICS:
| # | FLOAT | GAP% | REL_VOL | PATTERN_TYPE | ENTRY_TRIGGER | ADD_ON_MECHANIC | STOP_CRITERIA | T1_TARGET | TIME_OF_ENTRY | MACD_STATE | HOLD_DURATION |
|---|-------|------|---------|--------------|---------------|-----------------|---------------|-----------|---------------|------------|---------------|
| 1 | - | - | - | unknown | afterhours squeeze continuation | - | scalp exit | $7.27 | - | - | scalp |
| 2 | - | - | - | dip-buy | dip buy for whole-dollar break | - | took profit at $4.00 | $4.00 | - | - | short |
| 3 | - | - | - | unknown | half-dollar entry / momentum add | - | parabolic move failed | - | - | - | short |
| 4 | - | - | - | unknown | news catalyst entry | - | took profit on dips | - | - | - | short |
| 5 | - | - | - | unknown | break of resistance | scaling | scaled at 30k shares | - | - | - | short |
| 6 | - | - | - | unknown | chase attempt | - | exit on rejection | - | - | - | short |
=== FILE 0367 ===
TRADE_MECHANICS:
| # | FLOAT | GAP% | REL_VOL | PATTERN_TYPE | ENTRY_TRIGGER | ADD_ON_MECHANIC | STOP_CRITERIA | T1_TARGET | TIME_OF_ENTRY | MACD_STATE | HOLD_DURATION |
|---|-------|------|---------|--------------|---------------|-----------------|---------------|-----------|---------------|------------|---------------|
| 1 | - | - | - | unknown | break of high of day / momentum | - | took half at $8.15 exit | $8.15 | - | - | short |
| 2 | - | - | - | unknown | VWAP break and added on halt resume | - | head-and-shoulders rejection | - | - | - | short |
| 3 | - | - | - | unknown | initial entry skipped | - | skipped | - | - | - | n/a |
| 4 | - | - | - | unknown | momentum move | - | small base hit | - | - | - | short |
=== FILE 0368 ===
TRADE_MECHANICS:
| # | FLOAT | GAP% | REL_VOL | PATTERN_TYPE | ENTRY_TRIGGER | ADD_ON_MECHANIC | STOP_CRITERIA | T1_TARGET | TIME_OF_ENTRY | MACD_STATE | HOLD_DURATION |
|---|-------|------|---------|--------------|---------------|-----------------|---------------|-----------|---------------|------------|---------------|
| 1 | - | - | - | micro-pullback | dip-buy micro-pullback | - | quick scalp | - | - | - | scalp |
| 2 | - | - | - | unknown | news algo spike / second entry | scaling | scaled at $3.50 | $3.50 | - | - | short |
=== FILE 0369 ===
TRADE_MECHANICS:
| # | FLOAT | GAP% | REL_VOL | PATTERN_TYPE | ENTRY_TRIGGER | ADD_ON_MECHANIC | STOP_CRITERIA | T1_TARGET | TIME_OF_ENTRY | MACD_STATE | HOLD_DURATION |
|---|-------|------|---------|--------------|---------------|-----------------|---------------|-----------|---------------|------------|---------------|
| 1 | - | 60% | - | gap-and-go | break premarket high / re-entries | add-on | scale at $5.24-$5.33 | $5.33 | - | - | short |
| 2 | - | - | - | red-to-green | red-to-green first candle pop | - | dip to low $5.24 | $5.24 | - | - | short |
=== FILE 0370 ===
TRADE_MECHANICS:
| # | FLOAT | GAP% | REL_VOL | PATTERN_TYPE | ENTRY_TRIGGER | ADD_ON_MECHANIC | STOP_CRITERIA | T1_TARGET | TIME_OF_ENTRY | MACD_STATE | HOLD_DURATION |
|---|-------|------|---------|--------------|---------------|-----------------|---------------|-----------|---------------|------------|---------------|
| 1 | - | - | - | gap-and-go | gap-and-go / break of premarket high | - | scalp at $8.10 | $8.10 | - | - | scalp |
| 2 | - | - | - | unknown | second entry / chase attempt | - | reversal / failed follow-through | - | - | - | short |
| 3 | - | 44% | - | unknown | first 1-min new high attempt | - | avoided early / choppy | - | - | - | short |
| 4 | - | - | - | gap-and-go | first 1-min new high targeting $3.50 | - | halt-down / poor fill | - | - | - | short |
=== FILE 0371 ===
(NO TRADES - EDUCATIONAL)
=== FILE 0372 ===
(NO TRADES - EDUCATIONAL)
=== FILE 0373 ===
(NO TRADES - EDUCATIONAL)
=== FILE 0374 ===
TRADE_MECHANICS:
| # | FLOAT | GAP% | REL_VOL | PATTERN_TYPE | ENTRY_TRIGGER | ADD_ON_MECHANIC | STOP_CRITERIA | T1_TARGET | TIME_OF_ENTRY | MACD_STATE | HOLD_DURATION |
|---|-------|------|---------|--------------|---------------|-----------------|---------------|-----------|---------------|------------|---------------|
| 1 | - | - | - | unknown | break of pre-market high | scaling | reversal - rejection | $3.00 | - | - | short |
| 2 | - | - | - | unknown | break of pre-market high | - | reversal at $3.40 | $3.40 | - | - | short |
| 3 | - | - | - | unknown | break on pullback | scaling | momentum | - | - | - | short |
| 4 | - | - | - | micro-pullback | break of vwap / micro-pullback | - | reversal - rejection | - | - | - | short |
| 5 | - | - | - | unknown | break of vwap | - | reversal - red candle | - | - | - | short |
=== FILE 0375 ===
TRADE_MECHANICS:
| # | FLOAT | GAP% | REL_VOL | PATTERN_TYPE | ENTRY_TRIGGER | ADD_ON_MECHANIC | STOP_CRITERIA | T1_TARGET | TIME_OF_ENTRY | MACD_STATE | HOLD_DURATION |
|---|-------|------|---------|--------------|---------------|-----------------|---------------|-----------|---------------|------------|---------------|
| 1 | - | - | - | micro-pullback | micro-pullback / break | - | momentum peak | - | - | - | scalp |
| 2 | - | - | - | unknown | break of premarket high | - | micro-pullback exit | - | - | - | scalp |
| 3 | - | - | - | micro-pullback | micro-pullback pattern | - | momentum peak | - | - | - | scalp |
| 4 | - | - | - | unknown | break and dip pattern | - | small profit exit | - | - | - | scalp |
=== FILE 0376 ===
TRADE_MECHANICS:
| # | FLOAT | GAP% | REL_VOL | PATTERN_TYPE | ENTRY_TRIGGER | ADD_ON_MECHANIC | STOP_CRITERIA | T1_TARGET | TIME_OF_ENTRY | MACD_STATE | HOLD_DURATION |
|---|-------|------|---------|--------------|---------------|-----------------|---------------|-----------|---------------|------------|---------------|
| 1 | - | - | - | unknown | break of support / pullback | - | first leg target $10.72 | $10.72 | - | - | short |
| 2 | - | - | - | dip-buy | dip trade / break | - | reversal - lack of follow | - | - | - | short |
| 3 | - | - | - | unknown | pullback re-entry | - | halt down | - | - | - | short |
| 4 | - | - | - | halt-resume | break of halt resumption | scaling | breakout | $4.62 | - | - | short |
| 5 | - | - | - | dip-buy | dip trade on halt resume | - | pullback exit | $6.17 | - | - | short |
| 6 | - | - | - | unknown | flag breakout | - | momentum peak | - | - | - | short |
=== FILE 0377 ===
TRADE_MECHANICS:
| # | FLOAT | GAP% | REL_VOL | PATTERN_TYPE | ENTRY_TRIGGER | ADD_ON_MECHANIC | STOP_CRITERIA | T1_TARGET | TIME_OF_ENTRY | MACD_STATE | HOLD_DURATION |
|---|-------|------|---------|--------------|---------------|-----------------|---------------|-----------|---------------|------------|---------------|
| 1 | - | - | - | unknown | break of premarket high | - | first micro-pullback exit | - | - | - | short |
| 2 | - | - | - | unknown | break attempt / halt dip | - | reversal - failure to hold | - | - | - | short |
| 3 | - | - | - | unknown | hidden buyer level / break | - | breakout to $15.80 | $15.80 | - | - | short |
| 4 | - | - | - | whole-dollar-break | break of $16 whole-dollar | scaling | scaled near peak | $17.00 | - | - | short |
=== FILE 0378 ===
TRADE_MECHANICS:
| # | FLOAT | GAP% | REL_VOL | PATTERN_TYPE | ENTRY_TRIGGER | ADD_ON_MECHANIC | STOP_CRITERIA | T1_TARGET | TIME_OF_ENTRY | MACD_STATE | HOLD_DURATION |
|---|-------|------|---------|--------------|---------------|-----------------|---------------|-----------|---------------|------------|---------------|
| 1 | - | - | - | unknown | momentum breakout | - | reversal / lack of follow | - | - | - | scalp |
| 2 | - | - | - | dip-buy | dip buy setup | - | small profit | - | - | - | scalp |
| 3 | - | - | - | micro-pullback | micro-pullback pattern | - | false breakout | - | - | - | scalp |
| 4 | - | - | - | dip-buy | second entry / dip | - | momentum | - | - | - | scalp |
| 5 | - | - | - | gap-and-go | gap breakout | - | rejection at resistance | - | - | - | scalp |
| 6 | - | - | - | micro-pullback | micro-pullback pattern | - | stall | - | - | - | scalp |
| 7 | - | - | - | dip-buy | dip buy | - | momentum failure | - | - | - | scalp |
| 8 | - | - | - | unknown | second entry | - | breakdown | - | - | - | scalp |
| 9 | - | - | - | unknown | breakout attempt | - | momentum | - | - | - | scalp |
| 10 | - | - | - | dip-buy | dip buy | - | failed reversal | - | - | - | scalp |
| 11 | - | - | - | gap-and-go | gap breakout | - | peak | - | - | - | scalp |
| 12 | - | - | - | dip-buy | pullback buy | - | base hit | - | - | - | scalp |
| 13 | - | - | - | dip-buy | dip trade | - | false breakout | - | - | - | scalp |
| 14 | - | - | - | unknown | momentum breakout | - | reversal | - | - | - | scalp |
| 15 | - | - | - | gap-and-go | gap breakout | - | momentum | - | - | - | scalp |
=== FILE 0379 ===
TRADE_MECHANICS:
| # | FLOAT | GAP% | REL_VOL | PATTERN_TYPE | ENTRY_TRIGGER | ADD_ON_MECHANIC | STOP_CRITERIA | T1_TARGET | TIME_OF_ENTRY | MACD_STATE | HOLD_DURATION |
|---|-------|------|---------|--------------|---------------|-----------------|---------------|-----------|---------------|------------|---------------|
| 1 | - | 180% | - | halt-resume | break of premarket high | - | halt resume / scale out | $2.75 | - | - | scalp |
| 2 | - | - | - | micro-pullback | micro-pullback pattern | - | momentum peak | - | - | - | scalp |
| 3 | - | - | - | whole-dollar-break | break of $9.00 level | - | base hit | - | - | - | scalp |
| 4 | - | - | - | dip-buy | dip buy setup | - | momentum | - | - | - | scalp |
| 5 | - | - | - | dip-buy | dip buy / second entry | - | halt down | - | - | - | short |
| 6 | - | - | - | micro-pullback | micro-pullback buy | - | momentum peak | - | - | - | scalp |
| 7 | - | - | - | whole-dollar-break | break of $10.00 level | - | failure to hold | - | - | - | scalp |
| 8 | - | - | - | dip-buy | second entry / dip | - | false breakout | - | - | - | scalp |
=== FILE 0380 ===
TRADE_MECHANICS:
| # | FLOAT | GAP% | REL_VOL | PATTERN_TYPE | ENTRY_TRIGGER | ADD_ON_MECHANIC | STOP_CRITERIA | T1_TARGET | TIME_OF_ENTRY | MACD_STATE | HOLD_DURATION |
|---|-------|------|---------|--------------|---------------|-----------------|---------------|-----------|---------------|------------|---------------|
| 1 | - | - | - | gap-and-go | gap and go / break premarket high | - | failed-breakout - no hold | - | - | - | scalp |
| 2 | - | - | - | unknown | first 1-min candle new high | - | reversal - sellers at $5.00 | - | - | - | scalp |
| 3 | - | - | - | unknown | short / break under resistance | - | reversal - broke 6.00 | - | - | - | short |
| 4 | - | - | - | gap-and-go | gap and go / halt resume bounce | scaling | resistance $4.90 | $4.90 | - | - | short |
=== FILE 0381 ===
TRADE_MECHANICS:
| # | FLOAT | GAP% | REL_VOL | PATTERN_TYPE | ENTRY_TRIGGER | ADD_ON_MECHANIC | STOP_CRITERIA | T1_TARGET | TIME_OF_ENTRY | MACD_STATE | HOLD_DURATION |
|---|-------|------|---------|--------------|---------------|-----------------|---------------|-----------|---------------|------------|---------------|
| 1 | - | - | - | gap-and-go | pullback dip / gap and go | - | resistance | - | - | - | short |
| 2 | - | - | - | unknown | break out / first 5-min candle | - | momentum exit | - | - | - | scalp |
| 3 | - | - | - | unknown | consolidation break / cup pattern | - | quick scalp | - | - | - | scalp |
=== FILE 0382 ===
TRADE_MECHANICS:
| # | FLOAT | GAP% | REL_VOL | PATTERN_TYPE | ENTRY_TRIGGER | ADD_ON_MECHANIC | STOP_CRITERIA | T1_TARGET | TIME_OF_ENTRY | MACD_STATE | HOLD_DURATION |
|---|-------|------|---------|--------------|---------------|-----------------|---------------|-----------|---------------|------------|---------------|
| 1 | - | - | - | gap-and-go | gap and go / break premarket high | scaling | breakout $4.15 | $4.15 | - | - | short |
| 2 | - | - | - | unknown | dip re-entry / VWAP bounce | - | failed-breakout - reversed | - | - | - | short |
| 3 | - | - | - | gap-and-go | gap and go / break premarket high | - | quick scalp into halt | - | - | - | scalp |
=== FILE 0383 ===
TRADE_MECHANICS:
| # | FLOAT | GAP% | REL_VOL | PATTERN_TYPE | ENTRY_TRIGGER | ADD_ON_MECHANIC | STOP_CRITERIA | T1_TARGET | TIME_OF_ENTRY | MACD_STATE | HOLD_DURATION |
|---|-------|------|---------|--------------|---------------|-----------------|---------------|-----------|---------------|------------|---------------|
| 1 | - | - | - | gap-and-go | gap and go / halt resume bounce | scaling | breakout $5.84 | $5.84 | - | - | short |
| 2 | - | - | - | gap-and-go | gap and go / continuation high | scaling | $7.37 | $7.37 | - | - | short |
| 3 | - | - | - | unknown | dip re-entry / 5-min new high | - | momentum exit | - | - | - | short |
=== FILE 0384 ===
TRADE_MECHANICS:
| # | FLOAT | GAP% | REL_VOL | PATTERN_TYPE | ENTRY_TRIGGER | ADD_ON_MECHANIC | STOP_CRITERIA | T1_TARGET | TIME_OF_ENTRY | MACD_STATE | HOLD_DURATION |
|---|-------|------|---------|--------------|---------------|-----------------|---------------|-----------|---------------|------------|---------------|
| 1 | - | - | - | gap-and-go | gap and go / break of premarket h | scaling | resistance $5.40 | $5.40 | - | - | short |
| 2 | - | - | - | unknown | momentum spike / first 1-min high | scaling | move $6.00 | $6.00 | - | - | short |
| 3 | - | - | - | gap-and-go | gap and go / breakout over $6 | - | reversal - no follow-through | - | - | - | short |
| 4 | - | - | - | halt-resume | halt squeeze / momentum trading | - | quick exit on halt | - | - | - | short |
=== FILE 0385 ===
TRADE_MECHANICS:
| # | FLOAT | GAP% | REL_VOL | PATTERN_TYPE | ENTRY_TRIGGER | ADD_ON_MECHANIC | STOP_CRITERIA | T1_TARGET | TIME_OF_ENTRY | MACD_STATE | HOLD_DURATION |
|---|-------|------|---------|--------------|---------------|-----------------|---------------|-----------|---------------|------------|---------------|
| 1 | - | - | - | gap-and-go | gap and go / first pullback dip | scaling | resistance $6.40 | $6.40 | - | - | short |
=== FILE 0386 ===
TRADE_MECHANICS:
| # | FLOAT | GAP% | REL_VOL | PATTERN_TYPE | ENTRY_TRIGGER | ADD_ON_MECHANIC | STOP_CRITERIA | T1_TARGET | TIME_OF_ENTRY | MACD_STATE | HOLD_DURATION |
|---|-------|------|---------|--------------|---------------|-----------------|---------------|-----------|---------------|------------|---------------|
| 1 | - | - | - | unknown | momentum squeeze / light volume | scaling | strength $3.60 | $3.60 | - | - | short |
| 2 | - | - | - | dip-buy | dip buy / momentum continuation | scaling | resistance $5.09 | $5.09 | - | - | short |
| 3 | - | - | - | unknown | momentum scanner hit | - | quick exit / risk aversion | - | - | - | short |
=== FILE 0387 ===
TRADE_MECHANICS:
| # | FLOAT | GAP% | REL_VOL | PATTERN_TYPE | ENTRY_TRIGGER | ADD_ON_MECHANIC | STOP_CRITERIA | T1_TARGET | TIME_OF_ENTRY | MACD_STATE | HOLD_DURATION |
|---|-------|------|---------|--------------|---------------|-----------------|---------------|-----------|---------------|------------|---------------|
| 1 | - | 206% | - | gap-and-go | gap and go / break premarket high | scaling | halt resistance | $2.60 | - | - | short |
| 2 | - | - | - | unknown | dip bounce / support re-entry | - | quick exit on bounce | $2.35 | - | - | scalp |
| 3 | - | 97% | - | gap-and-go | gap and go / halt resume bounce | scaling | volatility | $14.00 | - | - | short |
=== FILE 0388 ===
TRADE_MECHANICS:
| # | FLOAT | GAP% | REL_VOL | PATTERN_TYPE | ENTRY_TRIGGER | ADD_ON_MECHANIC | STOP_CRITERIA | T1_TARGET | TIME_OF_ENTRY | MACD_STATE | HOLD_DURATION |
|---|-------|------|---------|--------------|---------------|-----------------|---------------|-----------|---------------|------------|---------------|
| 1 | - | - | - | unknown | first 1-min new high / break | scaling | $7.70-$7.48 | $7.70 | - | - | short |
| 2 | - | - | - | unknown | false breakout / dip-buy | - | failed-breakout | - | - | - | short |
| 3 | - | - | - | micro-pullback | micro-pullback dip / breakout | - | reversal | - | - | - | short |
| 4 | - | - | - | unknown | first 1-min new high / break | scaling | $11.50-$12.50 | $12.50 | - | - | short |
| 5 | - | - | - | micro-pullback | micro-pullback / break 3 level | scaling | $3.00 | $3.00 | - | - | short |
| 6 | - | - | - | dip-buy | pullback dip-buy / 5-min setup | scaling | $8.37-$8.40 | $8.40 | - | - | short |
=== FILE 0389 ===
TRADE_MECHANICS:
| # | FLOAT | GAP% | REL_VOL | PATTERN_TYPE | ENTRY_TRIGGER | ADD_ON_MECHANIC | STOP_CRITERIA | T1_TARGET | TIME_OF_ENTRY | MACD_STATE | HOLD_DURATION |
|---|-------|------|---------|--------------|---------------|-----------------|---------------|-----------|---------------|------------|---------------|
| 1 | - | - | - | unknown | break of premarket high | - | failed-breakout | - | - | - | scalp |
| 2 | - | - | - | gap-and-go | morning gapper / break | - | quick scalp exit $1.61 | $1.61 | - | - | scalp |
| 3 | - | - | - | unknown | pre-market anticipation | - | failed-breakout / reversal | - | - | - | scalp |
| 4 | - | - | - | unknown | daily chart breakout price | - | failed-breakout / reversal | - | - | - | short |
=== FILE 0390 ===
TRADE_MECHANICS:
| # | FLOAT | GAP% | REL_VOL | PATTERN_TYPE | ENTRY_TRIGGER | ADD_ON_MECHANIC | STOP_CRITERIA | T1_TARGET | TIME_OF_ENTRY | MACD_STATE | HOLD_DURATION |
|---|-------|------|---------|--------------|---------------|-----------------|---------------|-----------|---------------|------------|---------------|
| 1 | - | - | - | micro-pullback | micro-pullback dip-buy | - | quick scalp at $10.97 | $10.97 | - | - | scalp |
| 2 | - | - | - | unknown | break of pre-market high | - | secondary offering / short-squeeze | - | - | - | short |
| 3 | - | - | - | unknown | micro-pullback / MACD positive | scaling | scaled at $8.50-$9.00 | $9.00 | - | - | short |
| 4 | - | - | - | unknown | VWAP breakout / surge rip | scaling | scaled at $4.05-$5.80 | $5.80 | - | - | short |
=== FILE 0391 ===
TRADE_MECHANICS:
| # | FLOAT | GAP% | REL_VOL | PATTERN_TYPE | ENTRY_TRIGGER | ADD_ON_MECHANIC | STOP_CRITERIA | T1_TARGET | TIME_OF_ENTRY | MACD_STATE | HOLD_DURATION |
|---|-------|------|---------|--------------|---------------|-----------------|---------------|-----------|---------------|------------|---------------|
| 1 | - | - | - | unknown | early morning pop / momentum | scaling | $42.00 | $42.00 | - | - | short |
| 2 | - | - | - | halt-resume | halt-resume dip-buy | scaling | $13.00 | $13.00 | - | - | short |
=== FILE 0392 ===
TRADE_MECHANICS:
| # | FLOAT | GAP% | REL_VOL | PATTERN_TYPE | ENTRY_TRIGGER | ADD_ON_MECHANIC | STOP_CRITERIA | T1_TARGET | TIME_OF_ENTRY | MACD_STATE | HOLD_DURATION |
|---|-------|------|---------|--------------|---------------|-----------------|---------------|-----------|---------------|------------|---------------|
| 1 | - | - | - | unknown | early morning pop / breakout | - | quick scalp at $42.00 | $42.00 | - | - | scalp |
| 2 | - | - | - | halt-resume | halt-resume dip-buy / squeeze | scaling | $13.00-$15.00 | $15.00 | - | - | short |
| 3 | - | - | - | unknown | news pop / breaking news entry | - | quick dip trades | - | - | - | short |
=== FILE 0393 ===
TRADE_MECHANICS:
| # | FLOAT | GAP% | REL_VOL | PATTERN_TYPE | ENTRY_TRIGGER | ADD_ON_MECHANIC | STOP_CRITERIA | T1_TARGET | TIME_OF_ENTRY | MACD_STATE | HOLD_DURATION |
|---|-------|------|---------|--------------|---------------|-----------------|---------------|-----------|---------------|------------|---------------|
| 1 | - | - | - | gap-and-go | morning gapper anticipation | - | false breakout / reversal | - | - | - | scalp |
| 2 | - | - | - | unknown | reverse-split momentum break | - | failed-breakout / reversal | - | - | - | scalp |
| 3 | - | - | - | flat-top | flat-top double-top break | scaling | $6.50-$6.70 | $6.70 | - | - | short |
| 4 | - | - | - | unknown | news-driven pop at open | - | reversal after initial pop | - | - | - | scalp |
| 5 | - | - | - | halt-resume | halt-resume dip-buy / squeeze | scaling | $15.00 | $15.00 | - | - | short |
=== FILE 0394 ===
TRADE_MECHANICS:
| # | FLOAT | GAP% | REL_VOL | PATTERN_TYPE | ENTRY_TRIGGER | ADD_ON_MECHANIC | STOP_CRITERIA | T1_TARGET | TIME_OF_ENTRY | MACD_STATE | HOLD_DURATION |
|---|-------|------|---------|--------------|---------------|-----------------|---------------|-----------|---------------|------------|---------------|
| 1 | - | - | - | unknown | 10-sec micro-pullback break | - | failed-breakout / reversal | - | - | - | scalp |
| 2 | - | - | - | whole-dollar-break | whole-dollar break continuation | scaling | $3.00-$7.93 | $7.93 | - | - | short |
=== FILE 0395 ===
TRADE_MECHANICS:
| # | FLOAT | GAP% | REL_VOL | PATTERN_TYPE | ENTRY_TRIGGER | ADD_ON_MECHANIC | STOP_CRITERIA | T1_TARGET | TIME_OF_ENTRY | MACD_STATE | HOLD_DURATION |
|---|-------|------|---------|--------------|---------------|-----------------|---------------|-----------|---------------|------------|---------------|
| 1 | - | 50% | - | dip-buy | rejection hold pattern / dip-buy | - | scalp at $3.95-$4.25 | $4.25 | - | - | scalp |
=== FILE 0396 ===
TRADE_MECHANICS:
| # | FLOAT | GAP% | REL_VOL | PATTERN_TYPE | ENTRY_TRIGGER | ADD_ON_MECHANIC | STOP_CRITERIA | T1_TARGET | TIME_OF_ENTRY | MACD_STATE | HOLD_DURATION |
|---|-------|------|---------|--------------|---------------|-----------------|---------------|-----------|---------------|------------|---------------|
| 1 | - | 400% | - | unknown | ascending trendline dip / VWAP | scaling | $7.55 | $7.55 | - | - | short |
| 2 | - | - | - | whole-dollar-break | hold-dollar break anticipation | scaling | $7.78-$7.75 | $7.78 | - | - | short |
| 3 | - | - | - | unknown | aggressive scaling / momentum | scaling | $8.38-$8.50 | $8.50 | - | - | short |
| 4 | - | - | - | unknown | dip re-entry / momentum | scaling | $9.00-$9.08 | $9.08 | - | - | short |
| 5 | - | - | - | unknown | microtrend dip / small position | - | breakeven / small profit | - | - | - | scalp |
| 6 | - | - | - | unknown | high-momentum add / aggressive | - | failed breakout / reversal | - | - | - | short |
| 7 | - | - | - | unknown | recovery attempt / added on dips | - | reversal / forced liquidation | - | - | - | short |
| 8 | - | - | - | unknown | recovery dip / curling pattern | scaling | $11.00+ | $11.00 | - | - | short |
| 9 | - | - | - | unknown | opening range breakout | scaling | exit | - | - | - | short |
| 10 | - | - | - | unknown | dip re-entry / added 4,000 shares | - | open dump / max-loss hit | - | - | - | short |
=== FILE 0397 ===
TRADE_MECHANICS:
| # | FLOAT | GAP% | REL_VOL | PATTERN_TYPE | ENTRY_TRIGGER | ADD_ON_MECHANIC | STOP_CRITERIA | T1_TARGET | TIME_OF_ENTRY | MACD_STATE | HOLD_DURATION |
|---|-------|------|---------|--------------|---------------|-----------------|---------------|-----------|---------------|------------|---------------|
| 1 | - | - | - | unknown | VWAP break / dip support | - | quick scalp / breakout | - | - | - | scalp |
=== FILE 0398 ===
TRADE_MECHANICS:
| # | FLOAT | GAP% | REL_VOL | PATTERN_TYPE | ENTRY_TRIGGER | ADD_ON_MECHANIC | STOP_CRITERIA | T1_TARGET | TIME_OF_ENTRY | MACD_STATE | HOLD_DURATION |
|---|-------|------|---------|--------------|---------------|-----------------|---------------|-----------|---------------|------------|---------------|
| 1 | - | - | - | gap-and-go | premarket high break / gap-and-go | - | failed breakout / no follow | - | - | - | scalp |
| 2 | - | 400% | - | unknown | first daily candle new high | scaling | halt targets / 50% scale | $6.14 | - | - | short |
| 3 | - | - | - | unknown | consolidation breakout / VWAP | - | quick scalp | - | - | - | scalp |
| 4 | - | - | - | unknown | momentum dip / 6K shares | - | failed breakout / resistance | - | - | - | short |
=== FILE 0399 ===
TRADE_MECHANICS:
| # | FLOAT | GAP% | REL_VOL | PATTERN_TYPE | ENTRY_TRIGGER | ADD_ON_MECHANIC | STOP_CRITERIA | T1_TARGET | TIME_OF_ENTRY | MACD_STATE | HOLD_DURATION |
|---|-------|------|---------|--------------|---------------|-----------------|---------------|-----------|---------------|------------|---------------|
| 1 | - | - | - | unknown | low-float squeezes / 600 shares | - | reversal / minor loss | - | - | - | scalp |
| 2 | - | - | - | unknown | bounce from lows / reverse split | - | rejection / added then stopped | - | - | - | scalp |
| 3 | - | - | - | unknown | breakout dip / volatility play | - | reversal / failed breakout | - | - | - | scalp |
| 4 | - | - | - | unknown | premarket high break / entry | - | first pop / early exit | $70.00 | - | - | scalp |
| 5 | - | - | - | whole-dollar-break | break of $72 whole-dollar level | - | rally into open / $78 high | $78.00 | - | - | short |
| 6 | - | - | - | unknown | dip add / aggressive 3K shares | - | flush to halt / forced exit | - | - | - | short |
| 7 | - | - | - | unknown | recovery attempt / 500-1K add | - | rally back up / $79 recovery | $79.00 | - | - | short |
| 8 | - | - | - | unknown | momentum continuation / 3K shares | - | quick scalp / halt dynamics | - | - | - | scalp |
=== TSV_AUDIT ===
0358	1	AIF	-	-	-	dip-buy	S	S	-	-	-	-	S
0358	2	TCBP	-	-	-	micro-pullback	S	-	S	S	-	-	S
0358	3	EDSA	-	-	-	flat-top	S	-	S	S	-	-	S
0358	4	AMOD	-	-	-	dip-buy	S	-	S	-	-	-	S
0359	1	DRAD	-	-	-	micro-pullback	S	-	S	S	-	-	S
0359	2	DRAD	-	-	-	micro-pullback	S	-	S	S	-	-	S
0359	3	DRAD	-	-	-	dip-buy	S	-	S	S	-	-	S
0360	1	LSSE	-	-	-	abcd	S	-	S	S	-	-	S
0360	2	APVO	-	-	-	micro-pullback	S	S	S	S	-	-	S
0360	3	LGHL	-	-	-	vwap-reclaim	S	-	S	-	-	-	S
0360	4	KWE	-	-	-	halt-resume	S	-	S	-	-	-	S
0361	1	HYRE	-	-	-	dip-buy	S	S	S	S	-	-	S
0361	2	ATXG	-	-	-	dip-buy	S	-	S	-	-	-	S
0362	1	BPTH	-	S	-	gap-and-go	S	-	S	S	S	-	S
0362	2	ALT	-	-	-	unknown	S	-	S	-	-	-	S
0363	1	TENX	-	S	-	gap-and-go	S	-	S	S	S	-	S
0363	2	BDR	-	-	-	micro-pullback	S	-	S	-	-	-	S
0363	3	OUR XII	-	-	-	dip-buy	S	-	S	-	-	-	S
0364	1	YT EN	-	-	-	gap-and-go	S	-	S	S	-	-	S
0364	2	AYT EU	-	-	-	unknown	S	-	S	-	-	-	S
0364	3	AYT EU	-	-	-	unknown	S	-	S	-	-	-	S
0364	4	SAPT	-	-	-	dip-buy	S	-	S	-	-	-	S
0365	1	ASXC	-	-	-	unknown	S	-	S	-	-	-	S
0365	2	GRVI	-	-	-	red-to-green	S	S	S	S	-	-	S
0365	3	GRVI	-	-	-	unknown	S	-	S	-	-	-	S
0365	4	NEURO	-	-	-	dip-buy	S	-	S	-	-	-	S
0366	1	VERU	-	-	-	unknown	S	-	S	S	-	-	S
0366	2	TNMG	-	-	-	dip-buy	S	-	S	S	-	-	S
0366	3	G-WAVE	-	-	-	unknown	S	-	S	-	-	-	S
0366	4	LCFY	-	-	-	unknown	S	-	S	-	-	-	S
0366	5	LCFY	-	-	-	unknown	S	S	S	-	-	-	S
0366	6	LCFY	-	-	-	unknown	S	-	S	-	-	-	S
0367	1	VTAQ	-	-	-	unknown	S	-	S	S	-	-	S
0367	2	BCAN	-	-	-	unknown	S	-	S	-	-	-	S
0367	3	NRBO	-	-	-	unknown	-	-	-	-	-	-	N
0367	4	AMPX	-	-	-	unknown	S	-	S	-	-	-	S
0368	1	SYRS	-	-	-	micro-pullback	S	-	S	-	-	-	S
0368	2	EVACS	-	-	-	unknown	S	S	S	S	-	-	S
0369	1	AWX	-	S	-	gap-and-go	S	S	S	S	-	-	S
0369	2	CARV	-	-	-	red-to-green	S	-	S	S	-	-	S
0370	1	CMS P	-	-	-	gap-and-go	S	-	S	S	-	-	S
0370	2	CMS P	-	-	-	unknown	S	-	S	-	-	-	S
0370	3	MIT IO	-	S	-	unknown	S	-	S	-	-	-	S
0370	4	MTP	-	-	-	gap-and-go	S	-	S	-	-	-	S
0374	1	AD	-	-	-	unknown	S	S	S	S	-	-	S
0374	2	NMHI	-	-	-	unknown	S	-	S	S	-	-	S
0374	3	OST	-	-	-	unknown	S	S	S	-	-	-	S
0374	4	AIF	-	-	-	micro-pullback	S	-	S	-	-	-	S
0374	5	VRME	-	-	-	unknown	S	-	S	-	-	-	S
0375	1	CEI	-	-	-	micro-pullback	S	-	S	-	-	-	S
0375	2	YUMA	-	-	-	unknown	S	-	S	-	-	-	S
0375	3	GBR	-	-	-	micro-pullback	S	-	S	-	-	-	S
0375	4	JOYF	-	-	-	unknown	S	-	S	-	-	-	S
0376	1	SFET	-	-	-	unknown	S	-	S	S	-	-	S
0376	2	HEPA	-	-	-	dip-buy	S	-	S	-	-	-	S
0376	3	HEPA	-	-	-	unknown	S	-	S	-	-	-	S
0376	4	PNRL	-	-	-	halt-resume	S	S	S	S	-	-	S
0376	5	PNRL	-	-	-	dip-buy	S	-	S	S	-	-	S
0376	6	SLN	-	-	-	unknown	S	-	S	-	-	-	S
0377	1	MYOV	-	-	-	unknown	S	-	S	-	-	-	S
0377	2	MYOV	-	-	-	unknown	S	-	S	-	-	-	S
0377	3	MYOV	-	-	-	unknown	S	-	S	S	-	-	S
0377	4	MYOV	-	-	-	whole-dollar-break	S	S	S	S	-	-	S
0378	1	INO	-	-	-	unknown	S	-	S	-	-	-	S
0378	2	RNOW	-	-	-	dip-buy	S	-	S	-	-	-	S
0378	3	CVLB	-	-	-	micro-pullback	S	-	S	-	-	-	S
0378	4	INO	-	-	-	dip-buy	S	-	S	-	-	-	S
0378	5	ARK	-	-	-	gap-and-go	S	-	S	-	-	-	S
0378	6	RNOW	-	-	-	micro-pullback	S	-	S	-	-	-	S
0378	7	PYG	-	-	-	dip-buy	S	-	S	-	-	-	S
0378	8	CVLB	-	-	-	unknown	S	-	S	-	-	-	S
0378	9	SMXT	-	-	-	unknown	S	-	S	-	-	-	S
0378	10	CPUH	-	-	-	dip-buy	S	-	S	-	-	-	S
0378	11	GETY	-	-	-	gap-and-go	S	-	S	-	-	-	S
0378	12	DAR	-	-	-	dip-buy	S	-	S	-	-	-	S
0378	13	RNOW	-	-	-	dip-buy	S	-	S	-	-	-	S
0378	14	POCI	-	-	-	unknown	S	-	S	-	-	-	S
0378	15	SPCX	-	-	-	gap-and-go	S	-	S	-	-	-	S
0379	1	MBRX	-	S	-	halt-resume	S	-	S	S	-	-	S
0379	2	YOYO	-	-	-	micro-pullback	S	-	S	-	-	-	S
0379	3	EFC	-	-	-	whole-dollar-break	S	-	S	-	-	-	S
0379	4	YGY	-	-	-	dip-buy	S	-	S	-	-	-	S
0379	5	MOXC	-	-	-	dip-buy	S	-	S	-	-	-	S
0379	6	MRSN	-	-	-	micro-pullback	S	-	S	-	-	-	S
0379	7	MRSN	-	-	-	whole-dollar-break	S	-	S	-	-	-	S
0379	8	EFC	-	-	-	dip-buy	S	-	S	-	-	-	S
0380	1	EGA	-	-	-	gap-and-go	S	-	S	-	-	-	S
0380	2	PHIIK	-	-	-	unknown	S	-	S	-	-	-	S
0380	3	MRS	-	-	-	unknown	S	-	S	-	-	-	S
0380	4	WRTC	-	-	-	gap-and-go	S	S	S	S	-	-	S
0381	1	ISEE	-	-	-	gap-and-go	S	-	S	-	-	-	S
0381	2	SES	-	-	-	unknown	S	-	S	-	-	-	S
0381	3	XNET	-	-	-	unknown	S	-	S	-	-	-	S
0382	1	CLSK	-	-	-	gap-and-go	S	S	S	S	-	-	S
0382	2	CLSK	-	-	-	unknown	S	-	S	-	-	-	S
0382	3	CMSP	-	-	-	gap-and-go	S	-	S	-	-	-	S
0383	1	ARCI	-	-	-	gap-and-go	S	S	S	S	-	-	S
0383	2	FFHL	-	-	-	gap-and-go	S	S	S	S	-	-	S
0383	3	RKDA	-	-	-	unknown	S	-	S	-	-	-	S
0384	1	ALBT	-	-	-	gap-and-go	S	S	S	S	-	-	S
0384	2	AGFY	-	-	-	unknown	S	S	S	S	-	-	S
0384	3	ISPC	-	-	-	gap-and-go	S	-	S	-	-	-	S
0384	4	ZARD	-	-	-	halt-resume	S	-	S	-	-	-	S
0385	1	ONCO	-	-	-	gap-and-go	S	S	S	S	-	-	S
0386	1	OOCO	-	-	-	unknown	S	S	S	S	-	-	S
0386	2	NLSP	-	-	-	dip-buy	S	S	S	S	-	-	S
0386	3	AMIX	-	-	-	unknown	S	-	S	-	-	-	S
0387	1	AIKI	-	S	-	gap-and-go	S	S	S	S	-	-	S
0387	2	AIKI	-	-	-	unknown	S	-	S	S	-	-	S
0387	3	SONN	-	S	-	gap-and-go	S	S	S	S	-	-	S
0388	1	TLSA	-	-	-	unknown	S	S	S	S	-	-	S
0388	2	AIM	-	-	-	unknown	S	-	S	-	-	-	S
0388	3	AHPI	-	-	-	micro-pullback	S	-	S	-	-	-	S
0388	4	CODX	-	-	-	unknown	S	S	S	S	-	-	S
0388	5	KBSF	-	-	-	micro-pullback	S	S	S	S	-	-	S
0388	6	INO	-	-	-	dip-buy	S	S	S	S	-	-	S
0389	1	GNPX	-	-	-	unknown	S	-	S	-	-	-	S
0389	2	FCRE	-	-	-	gap-and-go	S	-	S	-	-	-	S
0389	3	KBSF	-	-	-	unknown	S	-	S	-	-	-	S
0389	4	HEA R	-	-	-	unknown	S	-	S	-	-	-	S
0390	1	CYN	-	-	-	micro-pullback	S	-	S	S	-	-	S
0390	2	CYN	-	-	-	unknown	S	-	S	-	-	-	S
0390	3	BBLG	-	-	-	unknown	S	S	S	S	-	-	S
0390	4	LCFY	-	-	-	unknown	S	S	S	S	-	-	S
0391	1	ASPC	-	-	-	unknown	S	S	S	S	-	-	S
0391	2	BBGI	-	-	-	halt-resume	S	S	S	S	-	-	S
0392	1	ASPC	-	-	-	unknown	S	-	S	S	-	-	S
0392	2	BBGI	-	-	-	halt-resume	S	S	S	S	-	-	S
0392	3	XCUR	-	-	-	unknown	S	-	S	-	-	-	S
0393	1	HTO H2	-	-	-	gap-and-go	S	-	S	-	-	-	S
0393	2	NWE	-	-	-	unknown	S	-	S	-	-	-	S
0393	3	XAGXH	-	-	-	flat-top	S	S	S	S	-	-	S
0393	4	LRHC	-	-	-	unknown	S	-	S	-	-	-	S
0393	5	CYC	-	-	-	halt-resume	S	S	S	S	-	-	S
0394	1	LGB	-	-	-	unknown	S	-	S	-	-	-	S
0394	2	KAVL	-	-	-	whole-dollar-break	S	S	S	S	-	-	S
0395	1	AISP	-	S	-	dip-buy	S	-	S	S	-	-	S
0396	1	WIA	-	S	-	unknown	S	S	S	S	-	-	S
0396	2	WIA	-	-	-	whole-dollar-break	S	S	S	S	-	-	S
0396	3	WIA	-	-	-	unknown	S	S	S	S	-	-	S
0396	4	WIA	-	-	-	unknown	S	S	S	S	-	-	S
0396	5	WIA	-	-	-	unknown	S	-	S	-	-	-	S
0396	6	WIA	-	-	-	unknown	S	-	S	-	-	-	S
0396	7	WIA	-	-	-	unknown	S	-	S	-	-	-	S
0396	8	WIA	-	-	-	unknown	S	S	S	S	-	-	S
0396	9	WIA	-	-	-	unknown	S	S	S	-	-	-	S
0396	10	WIA	-	-	-	unknown	S	-	S	-	-	-	S
0397	1	DUO	-	-	-	unknown	S	-	S	-	-	-	S
0398	1	RNTI	-	-	-	gap-and-go	S	-	S	-	-	-	S
0398	2	AVCO	-	S	-	unknown	S	S	S	S	-	-	S
0398	3	WDHN	-	-	-	unknown	S	-	S	-	-	-	S
0398	4	SPI	-	-	-	unknown	S	-	S	-	-	-	S
0399	1	PIX	-	-	-	unknown	S	-	S	-	-	-	S
0399	2	BCAN	-	-	-	unknown	S	-	S	-	-	-	S
0399	3	ABVC	-	-	-	unknown	S	-	S	-	-	-	S
0399	4	DJT	-	-	-	unknown	S	-	S	S	-	-	S
0399	5	DJT	-	-	-	whole-dollar-break	S	-	S	S	-	-	S
0399	6	DJT	-	-	-	unknown	S	-	S	-	-	-	S
0399	7	DJT	-	-	-	unknown	S	-	S	S	-	-	S
0399	8	CZU	-	-	-	unknown	S	-	S	-	-	-	S
0400	1	AKTX	-	-	-	S	S	-	S	-	-	-	S
0400	2	ALRN	-	-	-	-	S	-	S	S	-	-	S
0400	3	DFFN	-	-	-	S	S	-	S	-	-	-	-
0400	4	LNS	-	-	-	-	S	-	S	-	-	-	S
0401	1	DARE	-	-	-	S	S	-	S	S	-	S	S
0401	2	DARE	-	-	-	S	S	-	S	S	-	S	-
0401	3	ADMA	-	-	-	-	S	-	S	S	-	S	-
0401	4	DARE	-	-	-	-	S	-	S	S	-	S	-
0402	1	AUD	-	-	-	S	S	-	S	S	-	S	S
0404	1	NEON	S	S	-	-	S	-	S	S	-	S	S
0404	2	LEVB	S	S	-	S	S	-	S	S	-	S	S
0405	1	BRN	-	-	-	S	S	-	S	S	-	-	-
0405	2	CHFS	-	-	-	-	S	-	S	-	-	-	S
0405	3	DDE	-	-	-	S	S	-	S	-	-	-	S
0405	4	LBIX	-	-	-	-	S	-	S	-	-	-	S
0405	5	CTRV	-	-	-	-	S	-	S	-	-	-	S
0405	6	CETX	-	-	-	-	S	-	S	-	-	-	S
0405	7	FAMI	-	-	-	-	S	-	S	S	-	-	S
0406	1	PTPI	-	-	-	S	S	-	S	-	-	S	-
0406	2	BTTX	-	-	-	-	S	-	S	-	-	S	S
0406	3	TBLT	-	-	-	-	S	-	S	-	-	S	S
0406	4	PGY	-	-	-	S	S	-	S	-	-	S	S
0407	1	IG	-	-	-	S	S	-	S	S	-	S	-
0407	2	CCRC	-	-	-	S	S	-	S	S	-	S	S
0407	3	NES	-	-	-	-	S	-	S	-	-	S	-
0407	4	ELYS	-	-	-	-	S	-	S	-	-	S	S
0407	5	LMNL	-	-	-	S	S	-	S	-	-	S	S
0407	6	WBAI	-	-	-	S	S	-	S	S	-	S	-
0408	1	GNCA	-	-	-	S	S	-	S	S	-	-	-
0408	2	GNCA	-	-	-	S	S	-	S	S	-	-	S
0408	3	ATXI	-	-	-	S	S	-	S	S	-	-	-
0409	1	CCCL	-	S	-	S	S	-	S	-	-	-	S
0409	2	RHE	-	S	-	S	S	-	S	S	-	-	S
0409	3	RHE	-	S	-	S	S	-	S	S	-	-	S
0409	4	MRIN	-	S	-	-	S	-	S	S	-	-	S
0410	1	BOSC	-	-	-	-	S	-	S	S	-	S	S
0410	2	BLYIN	-	-	-	-	S	-	S	-	-	S	S
0410	3	OTK	-	-	-	S	S	-	S	-	-	S	-
0411	1	MYOS	-	-	-	S	S	-	S	-	-	S	-
0411	2	QLGN	-	-	-	S	S	-	S	S	-	S	-
0411	3	BIENTX	-	-	-	S	S	-	S	-	-	S	-
0411	4	QLGN	-	-	-	S	S	-	S	-	-	S	-
0411	5	LGHRL	-	-	-	S	S	-	S	-	-	S	S
0412	1	ARCI	-	-	-	S	S	-	S	S	-	-	S
0412	2	SGLBE	-	-	-	-	S	-	S	-	-	-	-
0412	3	MYND	-	-	-	-	S	-	S	-	-	-	-
0412	4	BRN	-	-	-	-	S	-	S	-	-	-	-
0412	5	IPAS	-	-	-	-	S	-	S	-	-	-	-
0412	6	FOSLI	-	-	-	-	S	-	S	-	-	-	S
0413	1	NVCN	-	-	-	S	S	-	S	-	-	S	S
0413	2	NVCN	-	-	-	S	S	-	S	-	-	S	S
0413	3	TIK	-	-	-	S	S	-	S	-	-	S	-
0413	4	ACST	-	-	-	-	S	-	S	-	-	S	S
0413	5	IDT	-	-	-	-	S	-	S	-	-	S	-
0413	6	VTV	-	-	-	S	S	-	S	-	-	S	S
0413	7	IPCI	-	-	-	-	S	-	S	-	-	S	S
0414	1	ENVB	-	-	-	S	S	-	S	S	-	-	S
0415	1	LRHC	-	S	-	S	S	-	S	-	-	S	S
0416	1	LYT	-	-	-	S	S	-	S	S	-	S	S
0416	2	VSC	-	-	-	-	S	-	S	S	-	S	S
0416	3	TENX	-	-	-	-	S	-	S	-	-	S	S
0416	4	FORD	-	-	-	-	S	-	S	-	-	S	-
0416	5	SMX	-	-	-	-	S	-	S	-	-	S	S
0417	1	NBC	-	-	-	S	S	-	S	-	-	S	-
0417	2	TWMC	-	-	-	S	S	-	S	S	-	S	S
0417	3	SNOA	-	-	-	-	S	-	S	-	-	S	-
0418	1	UPXI	-	-	-	S	S	-	S	S	-	-	S
0419	1	KTTA	-	-	-	S	S	-	S	-	-	-	S
0419	2	CPIX	-	-	-	S	S	-	S	-	-	-	S
0419	3	ARNAZ	-	-	-	S	S	-	S	-	-	-	S
0419	4	QNM	-	-	-	-	S	-	S	S	-	-	-
0420	1	W	-	-	-	-	S	-	S	S	-	S	-
0420	2	W	-	-	-	S	S	-	S	-	-	S	-
0420	3	W	-	-	-	S	S	-	S	-	-	S	-
0420	4	W	-	-	-	-	S	-	S	S	-	S	-
0421	1	OBC	-	-	-	S	S	-	S	S	-	-	-
0421	2	ARMP	-	-	-	S	S	-	S	S	-	-	S
0421	3	ARMP	-	-	-	-	S	-	S	-	-	-	-
0421	4	OBC	-	-	-	S	S	-	S	-	-	-	-
0423	1	DCX	-	-	-	S	S	-	S	S	-	-	-
0424	1	TRPX	-	-	-	-	S	-	S	-	-	S	S
0424	2	SSC	-	-	-	S	S	-	S	S	-	S	S
0424	3	TIS	-	-	-	S	S	-	S	-	-	S	-
0424	4	OBLN	-	-	-	S	S	-	S	-	-	S	S
0424	5	GM	-	-	-	-	S	-	S	-	-	S	S
0424	6	ATA	-	-	-	S	S	-	S	-	-	S	S
0425	1	CMCT	-	-	-	S	S	-	S	-	-	-	-
0427	1	AMST	-	-	-	S	S	-	S	-	-	-	S
0427	2	CZ	-	-	-	S	S	-	S	-	-	-	S
0428	1	MLEC	-	-	-	S	S	-	S	S	-	-	S
0429	1	KX	-	-	-	S	S	-	S	-	-	-	S
0429	2	CYCN	-	-	-	-	S	-	S	-	-	-	S
0429	3	TRNR	-	-	-	S	S	-	S	-	-	-	S
0429	4	GRRR	-	-	-	-	S	-	S	-	-	-	-
0429	5	JFB	-	-	-	-	S	-	S	-	-	-	-
0429	6	UMAC	-	-	-	-	S	-	S	-	-	-	S
0430	1	???	-	-	-	S	S	-	S	-	-	-	-
0430	2	PMI	-	-	-	S	S	-	S	-	-	-	-
0431	1	UTME	-	-	-	-	S	-	S	-	-	-	-
0431	2	ALKT	-	-	-	-	S	-	S	-	-	-	-
0431	3	COIN	-	-	-	S	S	-	S	-	-	-	-
0432	1	MYZS	-	-	-	-	S	-	S	S	-	S	S
0432	2	NURO	-	-	-	S	S	-	S	-	-	S	-
0432	3	DELT	-	-	-	-	S	-	S	-	-	S	S
0432	4	CNET	-	-	-	-	S	-	S	-	-	S	S
0432	5	MYZS	-	-	-	-	S	-	S	-	-	S	S
0434	1	DARE	-	-	-	S	S	-	S	-	-	S	S
0434	2	DARE	-	-	-	-	S	-	S	-	-	S	S
0434	3	PHAS	-	-	-	S	S	-	S	-	-	S	S
0434	4	INTC	-	-	-	-	S	-	S	-	-	S	-
0434	5	ATOS	-	-	-	-	S	-	S	-	-	S	S
0434	6	SLNG	-	-	-	-	S	-	S	-	-	S	S
0435	1	NVCN	-	-	-	-	S	-	S	S	-	S	S
0435	2	VT	-	-	-	S	S	-	S	-	-	S	S
0435	3	RGSN	-	-	-	-	S	-	S	-	-	S	S
0436	1	IBG	-	-	-	-	S	-	S	-	-	S	-
0436	2	SLXN	-	-	-	S	S	-	S	-	-	S	-
0437	1	AKER	-	-	-	S	S	-	S	S	-	-	-
0437	2	AKER	-	-	-	-	S	-	S	-	-	-	-
0437	3	AKER	-	-	-	S	S	-	S	-	-	-	S
0437	4	SLGG	-	-	-	-	S	-	S	-	-	-	S
0437	5	???	-	-	-	-	S	-	S	-	-	-	-
0437	6	???	-	-	-	-	S	-	S	-	-	-	-
0437	7	???	-	-	-	-	S	-	S	-	-	-	-
0437	8	???	-	-	-	-	S	-	S	-	-	-	-
0438	1	AKER	-	-	-	S	S	-	S	S	-	-	-
0438	2	YGYI	-	-	-	-	S	-	S	-	-	-	-
0438	3	DPW	-	-	-	-	S	-	S	-	-	-	-
0439	1	???	-	-	-	S	S	-	S	-	-	-	S
0439	2	WNW	-	-	-	-	S	-	S	S	-	-	-
0439	3	ADIL	-	-	-	-	S	-	S	-	-	-	S
0439	4	SUN	-	-	-	-	S	-	S	-	-	-	-
0440	1	RDHL	-	-	-	-	S	-	S	S	-	S	S
0440	2	ADTX	-	-	-	S	S	-	S	S	-	S	-
0441	1	MLGO	-	-	-	S	S	-	S	-	-	S	-
0441	2	REI	-	-	-	S	S	-	S	-	-	S	-
0441	3	NUWE	-	-	-	-	S	-	S	-	-	S	S
0441	4	MBIO	-	-	-	S	S	-	S	-	-	S	-
0441	5	CMTL	-	-	-	S	S	-	S	-	-	S	S
0441	6	REI	-	-	-	S	S	-	S	-	-	S	S
0441	7	MEDS	-	-	-	-	S	-	S	-	-	S	-
0441	8	LRHC	-	-	-	S	S	-	S	-	-	S	S
0442	1	PAI	-	-	-	S	S	-	S	S	-	-	-
0442	2	PAI	-	-	-	S	S	-	S	-	-	-	-
0443	1	APOP	-	S	-	-	S	-	S	S	-	S	-
0443	2	LK	-	S	-	S	S	-	S	-	-	S	S
0444	1	SGBX	-	-	-	-	S	-	S	-	-	-	S
0444	2	MLGO	-	-	-	S	S	-	S	-	-	-	S
0444	3	MLGO	-	-	-	S	S	-	S	-	-	-	-
0445	1	KTTA	-	-	-	-	S	-	S	-	-	S	-
0445	2	GLMD	-	-	-	-	S	-	S	-	-	S	-
0445	3	FOXO	-	-	-	-	S	-	S	-	-	S	-
0445	4	ARB	-	-	-	S	S	-	S	-	-	S	-
0446	1	BLIM	-	-	-	S	S	-	S	S	-	S	S
0446	2	RSLS	-	-	-	-	S	-	S	-	-	S	S
0446	3	DCDR	-	-	-	-	S	-	S	-	-	S	S
0446	4	SAEX	-	-	-	S	S	-	S	-	-	S	-
0446	5	GBR	-	-	-	-	S	-	S	-	-	S	S
0446	6	CLWT	-	-	-	-	S	-	S	-	-	S	-
0446	7	MTSL	-	-	-	-	S	-	S	-	-	S	-
0447	1	MTP	-	-	-	S	S	-	S	-	-	S	S
0447	2	RBZ	-	-	-	S	S	-	S	S	-	S	S
0447	3	CTRM	-	-	-	-	S	-	S	-	-	S	S
0447	4	BIMI	-	-	-	S	S	-	S	-	-	S	S
0447	5	ARCI	-	-	-	S	S	-	S	-	-	S	S
0448	1	GLBS	-	-	-	-	S	-	S	-	-	-	S
0448	2	SNSS	-	-	-	-	S	-	S	-	-	-	S
0449	1	PRVB	-	-	-	S	S	-	S	-	-	-	-
0449	2	PRVB	-	-	-	-	S	-	S	-	-	-	-
0449	3	JAG	-	-	-	-	S	-	S	-	-	-	-
0449	4	ACCN	-	-	-	-	S	-	S	-	-	-	-
0449	5	LTK	-	-	-	-	S	-	S	-	-	-	-=== FILE 0450 ===
TRADE_MECHANICS:
| 1  | SSNT   | general | $2.87-$3.12 | gap-scanner    | yes  | gap-and-go / break of highs    | PROF: scaled on rallies           | +$1,600  | WIN     |
| 2  | VBNT   | biotech | $20.70-$22.00 | watching       | yes  | breakthrough VWAP             | PROF: scaled on momentum         | +$1,600  | WIN     |
| 3  | DTSS   | general | $2.60-$4.92 | high-day-momo  | no   | pull back dip / aggressive adds | PROF: multi-leg scaling          | +$6,840  | WIN     |
=== FILE 0451 ===
TRADE_MECHANICS:
| 1  | FTFT   | general | $2.45  | gap-scanner    | no   | gap-and-go / half-dollar break | PROF: scaled at $2.50            | +$600  | WIN |
| 2  | GLG    | chinese | $3.17  | gap-scanner    | no   | breakout / half-dollar scalp   | STOP: failed-breakout - reversal | -$39   | LOSS |
| 3  | PN     | biotech | $6.43  | gap-scanner    | no   | halt resume / first new high    | PROF: taken at halt resumption   | +$700  | WIN |
=== FILE 0452 ===
TRADE_MECHANICS:
| 1  | BYSI   | general | $26.00 | premarket-scan | no   | dip trade / ascending support  | STOP: failed-breakout - flush     | -$9,000 | LOSS |
| 2  | BYSI   | general | $25.50 | premarket-scan | no   | re-entry / second attempt      | STOP: reversal - double top      | -$12,000 | LOSS |
| 3  | AGFY   | general | $2.20  | high-day-momo  | no   | fomo-entry / extended break    | STOP: failed-breakout - flush    | -$4,500 | LOSS |
| 4  | HOOD   | tech    | $67.00 | high-day-momo  | yes  | halt resume / breakout         | PROF: scaled from $67 to $94     | +$27,000 | WIN |
| 5  | HOOD   | tech    | $83.00 | high-day-momo  | yes  | vwap bounce / retest           | PROF: partial exit at resistance | +$2,000 | WIN |
| 6  | MOSY   | general | $4.50  | unknown        | no   | breakout attempt               | STOP: reversal - no follow       | -$1,500 | LOSS |
| 7  | ACY    | general | $8.20  | unknown        | no   | momentum scalp                 | STOP: failed-breakout           | -$2,000 | LOSS |
| 8  | HOOD   | tech    | $88.00 | high-day-momo  | yes  | chop scalp / micro pullback    | STOP: volatility / reversal      | -$8,000 | LOSS |
| 9  | HOOD   | tech    | $85.50 | high-day-momo  | yes  | vwap curl / late recovery      | PROF: breakeven exit            | $0 | BE |
=== FILE 0453 ===
TRADE_MECHANICS:
| 1  | PTIX   | biotech | $9.50  | premarket-scan | no   | gap-and-go / early entry       | PROF: scaled at resistance       | +$2,600 | WIN |
| 2  | IHT    | biotech | $8.00  | premarket-scan | no   | breakout attempt               | STOP: failed-breakout           | -$1,300 | LOSS |
| 3  | SQBG   | biotech | $17.00 | high-day-momo  | no   | dip trade / bounce off support | STOP: failed-retest - reversal   | -$4,900 | LOSS |
=== FILE 0454 ===
TRADE_MECHANICS:
| 1  | CTRV   | biotech | $10.00-$10.66 | premarket-scan | yes  | gap-and-go / red-to-green move | PROF: scaled from $10.40-$10.70  | +$1,200 | WIN |
| 2  | BENG   | biotech | $3.50-$4.68  | high-day-momo  | yes  | halt resume / squeeze pattern  | PROF: sold on halt / scaled      | +$485 | WIN |
| 3  | AMPE   | biotech | $1.19-$1.31  | high-day-momo  | yes  | half-dollar break / false halt | PROF: quick exit at $1.24       | +$75 | WIN |
=== FILE 0455 ===
TRADE_MECHANICS:
| 1  | CPOP   | general | $2.98-$3.00 | gap-scanner    | yes  | news pop / break of resistance | PROF: scaled from $3.20-$3.40   | +$1,387 | WIN |
| 2  | TGL    | general | $2.55-$2.60 | gap-scanner    | yes  | news pop / early entry         | PROF: quick scalp                | +$294 | WIN |
| 3  | TAOP   | general | $1.44-$1.45 | gap-scanner    | yes  | supporter on bid / strength buy | STOP: failed-breakout            | -$24 | LOSS |
=== FILE 0456 ===
TRADE_MECHANICS:
| 1  | AXIL   | general | $10.50-$12.00 | gap-scanner   | yes  | vwap break / added into move   | STOP: reversal - headline letdown | -$9,000 | LOSS |
| 2  | CRBP   | biotech | $13.00        | gap-scanner   | yes  | knee-jerk reversal / squeeze   | PROF: scaled at $14.50          | +$7,136 | WIN |
| 3  | MIGI   | biotech | $9.00-$11.00  | high-day-momo | no   | continuation / multi-day pop   | PROF: scalped pullbacks          | +$3,369 | WIN |
| 4  | BTTC   | general | $4.80-$12.50  | gap-scanner   | yes  | halt resume / low-float pop    | PROF: scaled from $5.50 to $13   | +$41,000 | WIN |
=== FILE 0457 ===
TRADE_MECHANICS:
| 1  | PIK    | general | $4.96  | high-day-momo  | no   | pullback / micro-pullback      | PROF: scaled from $5.80-$6.20    | +$3,587 | WIN |
| 2  | TRW    | general | $6.00-$6.80 | gap-scanner   | yes  | news pop / halt resume         | PROF: quick scalp at $7.50       | +$1,200 | WIN |
| 3  | GTBP   | biotech | $4.50-$6.00 | high-day-momo | yes  | vwap curl / continuation play  | PROF: scaled through $6.00       | +$2,000 | WIN |
=== FILE 0458 ===
TRADE_MECHANICS:
| 1  | NFEC   | tech    | $1.47-$1.59 | high-day-momo  | no   | momentum scalp / adds on pull  | PROF: scaled from $1.76 to $2.82 | +$9,268 | WIN |
| 2  | NFEC   | tech    | $2.36-$2.50 | high-day-momo  | no   | halt resume / retest of highs  | PROF: scaled at $2.80-$3.07      | +$1,815 | WIN |
=== FILE 0459 ===
TRADE_MECHANICS:
| 1  | AXIL   | general | $11.50-$12.00 | gap-scanner   | yes  | vwap break / added aggressively | STOP: reversal - rejection       | -$9,000 | LOSS |
| 2  | CRBP   | biotech | $13.00        | gap-scanner   | yes  | knee-jerk reversal / squeeze   | PROF: break through highs        | +$7,136 | WIN |
| 3  | MIGI   | biotech | $9.00-$9.50  | high-day-momo | no   | re-test of prior-day failure   | PROF: scalped pullbacks          | +$3,369 | WIN |
| 4  | BTTC   | general | $4.80-$12.50 | gap-scanner   | yes  | halt resume / low-float squeeze| PROF: scaled from $5.50 to $13   | +$41,000 | WIN |
=== FILE 0460 ===
TRADE_MECHANICS:
| AXIL | Long | ~$11.50-$12.00 | ~$11.00 | ~25,000 | -$9,000 | Walmart retail news; false breakout rejection after initial win of +$5,600 |
| CRBP | Long | ~$13.00 | ~$14.50 | N/A | +$7,137 | Breaking news knee-jerk reversal squeeze trade |
| MIGI | Long | N/A | N/A | N/A | +$3,369 | Former runner with reverse split; traded curls off low |
| BTTC | Long | ~$4.75-$7.00+ | ~$12.00 area | N/A | +$41,000 | Crypto/digital asset stock; low float; big squeeze parabolic move; main winner of day |
=== FILE 0461 ===
TRADE_MECHANICS:
| CYN | Long | ~$16.00 | ~$16.00 | N/A | -$140 | First trade; broke $16, came right back; nearly break-even exit |
| VCIG | Long | ~$2.95 | ~$3.30 | N/A | +$4,183 | Breaking news at 7:30 a.m.; break of $3 setup |
| MOGC (MOG) | Long | ~$2.55 | ~$4.00+ | N/A | ~+$11,000 net | Bitcoin strategic shift headline; up 250%; peaked at +$15,000 then gave back ~$4,000 on re-add |
| LIXT | Long | N/A | N/A | N/A | N/A | Watched; halted up twice then halted down; chose not to push luck |
=== FILE 0462 ===
TRADE_MECHANICS:
| HEAR | Long | ~$11.50 | ~$12.00 | 2,000 (partial fill of 7,500) | +$665 | Gap-and-go at open; only partial fill |
| VTVT | Long | ~$2.50 | ~$2.55-$2.60 | 5,000 | +$250 | Break of pre-market high; two trades; second was near break-even |
| AWX | Long | ~$2.75 | N/A | 10,000 | +$1,300 | Squeezed to $3.64; halted circuit breaker; rolled over; gave back most gains |
| PTIE | Long | ~$8.90-$9.02 | ~$8.73 | ~7,500 | +$140 | Momentum scanner; added aggressively; stopped out; essentially break-even |
| KOSS | Long | N/A | N/A | N/A | -$347 | Popped and dropped |
| FAMI | Long | ~$8.83 | ~$7.65 | N/A | -$2,600 | Recent IPO breakout setup; bought high-of-day; immediate fail |
=== FILE 0463 ===
TRADE_MECHANICS:
| NVUS | Long | N/A | N/A | N/A | +$1,300 | Small green; pre-market high break |
| IPOB | Long | ~$15.90 | ~$16.00 | N/A | +$275 | Break over $16; big seller at that level; three trades total; net small positive |
| EQ | Long | ~$7.00 | ~$6.70 | Large | -$large | Broke $7, hit $7.01, then flushed; sized too aggressively |
| MRNS | Long | ~$4.00 | N/A | Large | -$large | Impulsive revenge trade after EQ loss; high float; poor setup |
| INO | Long | ~$14.10 | ~$13.XX | N/A | -$large | Grasping-for-straws trade; extended 5-min; took large loss |
=== FILE 0464 ===
TRADE_MECHANICS:
| KALI | Long | ~$5.00-$5.65 | ~$7.00-$8.45 | ~8,500 | +$14,826 | No news; technical daily chart breakout; multiple circuit breaker halts going up; scaled in and out through halts |
=== FILE 0465 ===
TRADE_MECHANICS:
| SXTC | Long | ~$8.50 | ~$7.50 | ~9,000 | -~$9,000-$10,000 | Gap-and-go; former runner; big rejection from open; stopped out quickly |
| CTRM | Long | ~$16.50 | ~$18.50 | 1,500 | +$2,000 | Scalp coming out of a halt; made over $1/share |
| SHIP | Long | ~$6.40 | ~$6.70 | 5,000-9,000 | -~$4,000 | Initial +$4,000 winner turned to loser by adding after first halt; cost basis reset to $6.70; flushed |
=== FILE 0466 ===
TRADE_MECHANICS:
| BLNK | Long | ~$4.10 | ~$3.80 | 6,000 | -$300 | Momentum scanner; poor entry; false breakout at $4.12 |
| SRAX | Long | ~$8.50 | ~$8.30 | 9,000 | -$1,800 | Intended 6,000 shares max but got 9,000 due to unsaved settings; false breakout; tight stop taken |
=== FILE 0467 ===
TRADE_MECHANICS:
| ABTC | Long | ~$12.78 | ~$14.20+ | N/A | +$21,000 | Pre-market squeeze to $13; break of pre-market high; gave back ~$6,000 on dip trade at $10 |
| ADTX | Long | ~$7.00-$8.50 | N/A | N/A | +$37,000 | Break-VWAP setups; two trades; halted multiple times going up and down; strong follow-through |
| KODAK | Long | ~$16.00 | ~$17.50 | N/A | +$1,000 | First daily candle to make new high; modest win |
| DNLI | Long | N/A | N/A | N/A | N/A | First trade winner, second trade loser; net slightly negative |
=== FILE 0468 ===
TRADE_MECHANICS:
| XBIO | Long | ~$9.28-$10.50 | ~$8.70 | Large | -$14,000 | No pre-market watchlist stock; popped up at open on scanner; two halts up; added aggressively near high; failed to continue; reversed hard |
=== FILE 0469 ===
TRADE_MECHANICS:
| CETX | Long | ~$33.30 | ~$30.20 | 15,000 | -$4,500 | Retirement account; gap-and-go news play; immediate flush; hit max loss for that account |
| LMPX | Long | ~$42.00-$46.00 | ~$49.00 | 1,500 | +$4,470 | Technical daily chart breakout; no news; scaled in through rally; nice win |
| RELV | Long | ~$5.50-$6.70 | ~$7.75 | N/A | +$large | Hit scanner squeezing up; halted at $5.67; resumed to $6.38; flat-top breakout over $6.70 to $7.75 |
| AEMD | Long | ~$2.35 | ~$3.40-$3.72 | N/A | +~$3,000 | Multiple one-minute pullback breakouts; squeezed from $2.40 to $3.72 |
| NKE (NK) | Long | ~$7.50-$8.30 | ~$9.71 | N/A | +$2,000 | Very volatile; faked out once (losing first win), then re-entered and rode to $9.71 |
| MNI | Long | N/A | ~$2.59 | N/A | +$1,000 | Break of flat-top at $2; halted; scalp trade |
| APX | Long | N/A | ~$1.25 | N/A | small | Quick scanner trade; not very exciting |
| YTN | Long | ~$6.80 | ~$7.20 | N/A | +$120 | Pullback entry; false breakout; small win |
| RBZ | Long | ~$30-$38 | N/A | N/A | -$63 | Quick breakout at open; false breakout; small loss |
| TCON | Long | ~$4.20-$4.66 | ~$4.35 | ~8,000 | -$1,000 | Afternoon trade; added on micro-pullback; dropped to $4.35; gave back gains |
| JAN | Long | ~$4.60-$4.86 | ~$4.40 | N/A | -$2,000 | Afternoon trade; added at $4.87 for break of $5; reversed hard to $3.80; sized up poorly |
=== FILE 0471 ===
TRADE_MECHANICS:
| 1  | PLRZ   | general | $4.40-$5.20 | high-day-momo  | yes  | news pop / micro-pullback dips | PROF: scaled from $5.20-$6.80    | +$45,373 | WIN |
=== FILE 0472 ===
TRADE_MECHANICS:
| 1  | RGC    | chinese | $12.20-$13.30 | watching    | no   | continuation / buyer support   | STOP: reversal - flush down       | -$6,638 | LOSS |
| 2  | BOS    | chinese | $2.70-$2.80   | high-day-momo  | no   | bounce off lows / squeeze play  | PROF: quick exit at $3.00        | +$1,300 | WIN |
| 3  | NAOV   | general | $3.10-$3.60   | high-day-momo  | no   | break of prior high             | STOP: reversal - failed breakout | -$3,400 | LOSS |
| 4  | GV     | biotech | $6.20-$7.00   | news-scanner   | yes  | news pop / breakout continuation| PROF: scaled at resistance       | +$9,308 | WIN |
| 5  | BOS    | chinese | $2.00-$2.37   | watching    | no   | dip recovery / bounce continuation | PROF: scaled exit              | +$1,300 | WIN |
=== FILE 0473 ===
TRADE_MECHANICS:
| 1  | BLPH   | biotech | $22.00 | gap-scanner    | yes  | news gap / pre-market squeeze  | PROF: scaled at halt resumption  | +$2,464 | WIN |
| 2  | VXX    | general | $63.00-$70.00 | watching | no   | volatility reversal bounce     | STOP: reversal - sold into relief | -$1,864 | LOSS |
=== FILE 0474 ===
TRADE_MECHANICS:
| 1  | BLPH   | biotech | $6.40-$8.20 | gap-scanner    | yes  | gap-and-go / break of VWAP     | PROF: scaled at resistance levels | +$13,043 | WIN |
| 2  | TWMC   | general | $5.40-$5.60 | gap-scanner    | yes  | news pop / micro-pullback      | PROF: quick scalp exit           | +$1,700 | WIN |
| 3  | GNPX   | tech    | $5.20-$5.39 | high-day-momo  | no   | momentum squeeze               | PROF: quick exit                 | +$370  | WIN |
=== FILE 0475 ===
TRADE_MECHANICS:
| 1  | VCNX   | general | $6.80  | after-hours    | yes  | news pop / after-hours squeeze | PROF: quick scalp exit           | -$1,488 | LOSS |
| 2  | VSSE   | general | $2.85-$7.50 | after-hours | yes  | news pop / micro-pullback      | PROF: scaled at resistance       | +$3,488 | WIN |
=== FILE 0476 ===
TRADE_MECHANICS:
| 1  | BTAI   | biotech | $37.00-$41.00 | gap-scanner  | yes  | gap-and-go / dip re-entry      | PROF: scaled at resistance       | +$1,509 | WIN |
| 2  | GNPX   | tech    | $5.20-$5.39   | high-day-momo | no   | momentum squeeze              | PROF: quick exit                 | +$443  | WIN |
| 3  | PLS    | general | $7.88-$8.00   | gap-down     | no   | reversal bounce off lows      | STOP: reversal - big seller      | -$1,000 | LOSS |
| 4  | IVP    | general | unknown       | high-day-momo | no   | high-day-momo scanner alert    | STOP: reversal - stopped out    | -$7    | LOSS |
=== FILE 0477 ===
TRADE_MECHANICS:
| 1  | OVID   | biotech | $3.10  | gap-scanner    | no   | opening range breakout         | STOP: failed-breakout            | -$unknown | LOSS |
| 2  | SFET   | general | $3.10-$3.34 | gap-scanner  | no   | opening range breakout         | PROF: quick scalp                | +$unknown | WIN |
| 3  | CTRM   | general | $5.80-$7.17 | high-day-momo | no   | first daily candle new high    | PROF: scaled at resistance       | +$3,000  | WIN |
=== FILE 0478 ===
TRADE_MECHANICS:
| 1  | LTBR   | biotech | $2.60-$2.74 | gap-scanner    | yes  | gap-and-go / break of PMH     | PROF: scaled at resistance       | +$800  | WIN |
| 2  | LTBR   | biotech | $2.74-$2.82 | watching    | yes  | dip re-entry / pullback squeeze | PROF: quick exit               | +$300  | WIN |
| 3  | MNGA   | general | $3.90-$4.69 | high-day-momo  | no   | momentum play / tight squeeze   | STOP: reversal - aggressive adds | +$4,216 | WIN |
| 4  | LTBR   | biotech | $2.98-$3.25 | watching    | yes  | break above resistance         | PROF: scaled exit               | +$1,000 | WIN |
| 5  | CHCI   | general | $1.93-$2.60 | high-day-momo  | no   | halt resume / momentum play     | PROF: scaled from halt resumption | +$1,200 | WIN |
=== FILE 0479 ===
TRADE_MECHANICS:
| 1  | RKDA   | general | $6.00-$7.20 | high-day-momo  | yes  | news pop / break of resistance | PROF: scaled at resistance levels | +$2,000 | WIN |
| 2  | RKDA   | general | unknown       | watching    | yes  | breakout attempt / secondary entry | STOP: reversal / chop losses  | -$33    | LOSS |
| 3  | RKDA   | general | unknown       | watching    | yes  | breakout re-entry / tertiary     | STOP: fast chop / whipsaw     | -$101   | LOSS |
=== FILE 0480 ===
TRADE_MECHANICS:
| 1  | NXT.D  | general | $3.27-$3.20 | premarket-scan | yes  | gap-and-go / micro-pullback    | PROF: quick scalp                 | +$50   | WIN |
| 2  | NXT.D  | general | $3.17  | gap-scanner    | yes  | first 1-min high breakout      | PROF: scaled through resistance   | +$75   | WIN |
| 3  | MOS.Y  | general | $2.02-$2.03 | premarket-scan | no   | breakout attempt               | PROF: quick exit at 2.04         | +$39   | WIN |
| 4  | ZN     | general | $1.75  | high-day-momo  | no   | aggressive breakout entry      | STOP: failed-breakout            | -$968  | LOSS |
| 5  | NXT.D  | general | $3.06-$3.20 | premarket-scan | yes  | bear flag breakout             | PROF: quick exit                 | +$206  | WIN |
| 6  | GBR    | general | $1.67-$1.93 | gap-scanner    | no   | scanner hit / former runner    | PROF: scaled at resistance       | +$1,656  | WIN |
=== FILE 0481 ===
TRADE_MECHANICS:
| 1  | MSPR   | general | $3.65-$3.94 | high-day-momo  | no   | opening range breakout / dip   | PROF: scaled exit                 | -$700  | LOSS |
| 2  | MSPR   | general | $3.89-$3.94 | high-day-momo  | no   | micro-pullback re-entry        | PROF: quick exit at $3.10        | +$620  | WIN |
| 3  | ASTC   | general | $3.00-$3.36 | premarket-scan | no   | first pullback entry           | PROF: scaled at resistance       | +$2,059 | WIN |
| 4  | PIXIE  | general | $0.43-$0.56 | high-day-momo  | no   | pullback scalp                 | PROF: quick exit                 | +$110  | WIN |
| 5  | TOPS   | general | $0.75-$0.84 | high-day-momo  | no   | momentum squeeze               | PROF: quick exit                 | +$250  | WIN |
=== FILE 0482 ===
TRADE_MECHANICS:
| 1  | NVIV   | biotech | $0.47-$1.00 | high-day-momo  | no   | reverse split / whole-dollar break | PROF: scaled at resistance       | +$5,600 | WIN |
| 2  | GNPX   | tech    | $1.50  | gap-scanner    | no   | whole-dollar entry             | PROF: exited at breakeven        | +$0    | BE  |
| 3  | SSKN   | general | $1.50  | unknown        | no   | momentum play                  | STOP: failed-breakout            | -$300  | LOSS |
| 4  | FLKS   | general | unknown| unknown        | no   | momentum scanner               | STOP: reversal                   | -$500  | LOSS |
=== FILE 0483 ===
TRADE_MECHANICS:
| 1  | IMRN   | biotech | $0.37-$0.40 | gap-scanner    | yes  | level-two tape read / green burst | STOP: break of critical level    | -$17   | LOSS |
| 2  | ZAYX   | general | $0.74  | gap-scanner    | yes  | gapper / consolidation break   | PROF: break of half-dollar       | +$400  | WIN |
| 3  | SES    | biotech | $1.50-$1.70 | gap-scanner    | yes  | director buying catalyst / halt squeeze | PROF: scaled at resistance       | +$1,117 | WIN |
| 4  | MTP    | general | unknown| unknown        | no   | momentum play                  | STOP: reversal                   | -$191  | LOSS |
=== FILE 0484 ===
TRADE_MECHANICS:
| 1  | RGC    | chinese | $12.20-$13.30 | premarket-scan | no   | continuation / buyer support   | PROF: scaled at resistance        | +$6,800 | WIN |
| 2  | SPRT   | general | $7.90-$8.00 | gap-scanner    | yes  | break of pullback retest       | STOP: failed-breakout            | -$11,000 | LOSS |
| 3  | TCAT   | biotech | $7.63-$8.66 | high-day-momo  | yes  | aggressive adds / topping tail fail | STOP: reversal - multiple adds  | -$23,000 | LOSS |
| 4  | SPARE  | general | unknown| unknown        | no   | small scalp / unspecified      | PROF: quick exit                 | +$200   | WIN |
=== FILE 0485 ===
TRADE_MECHANICS:
| 1  | NEURO  | biotech | $0.80-$0.85 | premarket-scan | yes  | pre-market squeeze / red-to-green | PROF: quick exit                 | +$4,700 | WIN |
| 2  | SPRT   | general | $7.90  | gap-scanner    | yes  | break of $8.00 retest          | STOP: failed-breakout            | -$22,000 | LOSS |
| 3  | SGRP   | general | $3.00-$3.50 | high-day-momo  | yes  | red-to-green burst entry       | STOP: reversal - halt dump       | -$12,000 | LOSS |
| 4  | SPARE  | general | unknown| unknown        | no   | placeholder                    | STOP: reversal                   | -$7,700  | LOSS |
=== FILE 0486 ===
TRADE_MECHANICS:
| 1  | PING   | general | $19.90-$20.25 | gap-scanner    | yes  | gap-and-go / block seller level | PROF: scaled through resistance  | +$350  | WIN |
| 2  | ASTC   | general | $3.64  | high-day-momo  | no   | ABCD pattern attempt           | STOP: VWAP break                 | -$93   | LOSS |
=== FILE 0487 ===
TRADE_MECHANICS:
| 1  | UKAR   | general | $3.60  | high-day-momo  | yes  | news pop / stairstepping higher | STOP: reversal - high vol reject  | -$2,300 | LOSS |
| 2  | XHLD   | general | $2.10-$2.30 | premarket-scan | no | breakpoint hold / breakeven setup | PROF: multiple scalp exits        | +$4,500 | WIN |
| 3  | THR    | general | $1.72  | high-day-momo  | yes  | micro pullback / premature dip  | STOP: reversal - didn't hold     | -$500  | LOSS |
| 4  | GLTO   | general | $7.30  | high-day-momo  | no   | breakout of previous resistance | PROF: quick scalp at $7.60       | +$150  | WIN |
| 5  | MLGO   | chinese | $4.45  | high-day-momo  | yes  | micro pullback / bull flag 10sec | PROF: sold near $5.00            | +$3,600 | WIN |
| 6  | MLGO   | chinese | $4.50-$4.70 | high-day-momo | yes | dip trades / subsequent entries | PROF: multiple small exits       | +$200  | WIN |
=== FILE 0488 ===
TRADE_MECHANICS:
| 1  | NFLX   | tech    | $5.18-$5.25 | swing-trade    | yes  | short reversal / 9-green candles | STOP: squeeze continuation       | -$17,000 | LOSS |
| 2  | WRKS   | tech    | unknown| high-day-momo  | no   | small-cap scalp                | PROF: quick exit                 | +$1,000 | WIN |
| 3  | JAGG   | general | unknown| high-day-momo  | no   | small-cap momentum             | PROF: scalp exit                 | +$500  | WIN |
| 4  | FLDM   | general | unknown| gap-scanner    | no   | gap resumption dip             | STOP: failed dip                 | -$500  | LOSS |
| 5  | BFRA   | general | unknown| unknown        | no   | momentum play                  | PROF: scalp exit                 | +$0    | BE  |
=== FILE 0489 ===
TRADE_MECHANICS:
| 1  | OCEA   | general | $5.68-$6.80 | premarket-scan | yes  | SPAC merger banana squeeze / VWAP break | PROF: scaled through multiple halts | +$4,000 | WIN |
| 2  | AMPI   | general | unknown| high-day-momo  | no   | sympathy momentum              | STOP: reversal                   | -$100  | LOSS |
| 3  | VGAS   | general | $5.78-$20.35 | halt-resume    | yes  | halt-resume dip / sympathy squeeze | PROF: quick exit                 | +$2,875 | WIN |
=== FILE 0490 ===
TRADE_MECHANICS:
| 1  | AMPE   | general | $1.22   | premarket-scan | no   | break of premarket high $1.22  | PROF: scaled at $1.39            | +$1,200 | WIN     |
| 2  | NKLA   | general | $27.00  | watching       | yes  | inverted H&S dip bounces       | PROF: partial scalps at resistance| +$1,200 | WIN     |
| 3  | CLSK   | general | $13.00  | gap-scanner    | no   | halt resume / squeeze breakout  | PROF: squeeze to $13.35          | +$1,000 | WIN     |
| 4  | PICK   | general | $13.40  | high-day-momo  | no   | high-day-of breakout           | PROF: taken at $13.40-$14       | +$825   | WIN     |
| 5  | NTM    | general | $0.48   | premarket-scan | no   | half-dollar break scalp        | PROF: taken on pop to $0.56     | +$400   | WIN     |
| 6  | VVPR   | general | $11.00  | watching       | no   | squeeze long / break of $11    | PROF: scaled at $11.37-$11.50   | +$400   | WIN     |
| 7  | VVPR   | general | $11.10  | watching       | no   | got back in on bounce to $11.37 | PROF: partial exit before flush  | +$1,575 | WIN     |
| 8  | VVPR   | general | $11.16  | watching       | no   | added at $11.16 and $11.40 breakout | STOP: flushed to $11.00-$10.83 | -$2,800 | LOSS    |
| 9  | AUVI   | biotech | $7.00   | high-day-momo  | no   | dip trade / new high resume     | STOP: failed-continuation - dump | -$1,400 | LOSS    |
| 10 | AUVI   | biotech | $7.00   | high-day-momo  | no   | second dip attempt             | STOP: reversal - continued down  | -$400   | LOSS    |
=== FILE 0491 ===
TRADE_MECHANICS:
| 1  | THE    | tech    | $1.99  | high-day-momo  | no   | squeeze confirmation / entry   | PROF: half position at breakout  | +$967   | WIN     |
| 2  | VERB   | general | $2.36  | high-day-momo  | no   | low-float squeeze entry        | STOP: reversal - no follow       | -$234   | LOSS    |
=== FILE 0492 ===
TRADE_MECHANICS:
| 1  | CTXR   | biotech | $1.58  | high-day-momo  | no   | opening-range breakout / ORB   | PROF: partial exit at resistance | +$500  | WIN     |
| 2  | AXSM   | biotech | $0.81  | premarket-scan | no   | red-to-green scalp             | PROF: quick scalp at pop         | +$68   | WIN     |
| 3  | RH     | general | $1.93  | premarket-scan | no   | break of resistance / bounce   | PROF: scaled at $1.93-$2.00     | +$510  | WIN     |
| 4  | RH     | general | $2.00  | watching       | no   | dip re-entry / consolidation   | PROF: second entry scalp        | +$220  | WIN     |
=== FILE 0494 ===
TRADE_MECHANICS:
| 1  | GFIN   | tech    | $14.00-$30.00| gap-scanner   | yes  | red-to-green VWAP reclaim      | PROF: scaled $14 to $30           | +$101,589 | WIN     |
| 2  | DPW    | general | $5.00-$6.40  | gap-scanner   | yes  | breakout above consolidation   | PROF: dip trades 5-7% moves      | +$26,000 | WIN     |
| 3  | ABCT   | biotech | $16.00-$19.00| high-day-momo | yes  | halt-resume breakout           | PROF: squeeze breakout scalp     | +$3,200  | WIN     |
| 4  | IMRN   | biotech | $20.00       | watching      | yes  | afternoon dip trade            | PROF: bounce off support         | +$870    | WIN     |
| 5  | CRS    | general | unknown      | unknown       | no   | unknown setup                  | PROF: breakout trade            | +$341    | WIN     |
=== FILE 0495 ===
TRADE_MECHANICS:
| 1  | MLGO   | general | $8.50  | high-day-momo  | no   | bull flag breakout / 5-min setup| PROF: break through high of day  | +$2,800 | WIN     |
| 2  | SPCB   | general | $8.50  | high-day-momo  | yes  | algo spike on earnings news     | PROF: add on spike / scalp       | +$4,900 | WIN     |
=== FILE 0496 ===
TRADE_MECHANICS:
| 1  | SLS    | biotech | $5.80-$8.98  | premarket-scan | yes  | premarket high test / pyramid  | PROF: scaled from $6.77-$8.98   | +$11,104 | WIN     |
=== FILE 0497 ===
TRADE_MECHANICS:
| 1  | SFET   | general | $7.38-$8.98  | premarket-scan | yes  | break of premarket resistance  | PROF: scaled on micro pullbacks | +$7,975 | WIN     |
| 2  | ANY    | tech    | $5.83-$5.97  | high-day-momo  | no   | micro-pullback / 1-min setup   | PROF: quick scalp on resistance | +$1,100 | WIN     |
| 3  | SFET   | general | $7.77-$8.20  | watching       | no   | pullback to moving average     | PROF: break of high of day     | +$50    | WIN     |
| 4  | SFET   | general | $7.90-$8.68  | watching       | no   | curl-back / squeeze attempt    | PROF: scaled into strength      | unknown | WIN     |
=== TSV_AUDIT ===
0450	1	SSNT	-	-	-	gap-and-go	-	S	-	-	-	-	-
0450	2	VBNT	-	-	-	vwap-reclaim	-	S	-	-	-	-	-
0450	3	DTSS	-	-	-	micro-pullback	-	S	-	-	-	-	-
0451	1	FTFT	-	-	-	gap-and-go	-	S	-	-	-	-	-
0451	2	GLG	-	-	-	gap-and-go	-	-	stop	-	-	-	scalp
0451	3	PN	-	-	-	gap-and-go	-	-	-	-	-	-	-
0452	1	BYSI	-	-	-	micro-pullback	premarket-scan	-	stop	-	-	-	-
0452	2	BYSI	-	-	-	-	premarket-scan	-	stop	-	-	-	-
0452	3	AGFY	-	-	-	-	-	-	stop	-	-	-	-
0452	4	HOOD	-	-	-	halt-resume	-	S	-	-	-	-	-
0452	5	HOOD	-	-	-	vwap-reclaim	-	-	-	-	-	-	-
0452	6	MOSY	-	-	-	-	-	-	stop	-	-	-	-
0452	7	ACY	-	-	-	-	-	-	stop	-	-	-	scalp
0452	8	HOOD	-	-	-	micro-pullback	-	-	stop	-	-	-	scalp
0452	9	HOOD	-	-	-	vwap-reclaim	-	-	-	-	-	-	-
0453	1	PTIX	-	-	-	gap-and-go	premarket-scan	S	-	-	-	-	-
0453	2	IHT	-	-	-	-	premarket-scan	-	stop	-	-	-	-
0453	3	SQBG	-	-	-	micro-pullback	-	-	stop	-	-	-	-
0454	1	CTRV	-	-	-	gap-and-go	premarket-scan	S	-	-	-	-	-
0454	2	BENG	-	-	-	halt-resume	scanner	S	-	-	-	-	-
0454	3	AMPE	-	-	-	halt-resume	-	-	-	-	-	-	-
0455	1	CPOP	-	-	-	gap-and-go	scanner	S	-	-	-	-	-
0455	2	TGL	-	-	-	gap-and-go	scanner	-	-	-	-	-	scalp
0455	3	TAOP	-	-	-	gap-and-go	-	-	stop	-	-	-	-
0456	1	AXIL	-	-	-	gap-and-go	-	S	stop	-	-	-	-
0456	2	CRBP	-	-	-	gap-and-go	scanner	S	-	-	-	-	-
0456	3	MIGI	-	-	-	micro-pullback	scanner	-	-	-	-	-	scalp
0456	4	BTTC	-	-	-	gap-and-go	scanner	S	-	-	-	-	-
0457	1	PIK	-	-	-	micro-pullback	-	S	-	-	-	-	-
0457	2	TRW	-	-	-	gap-and-go	scanner	-	-	-	-	-	scalp
0457	3	GTBP	-	-	-	vwap-reclaim	-	S	-	-	-	-	-
0458	1	NFEC	-	-	-	-	-	S	-	-	-	-	scalp
0458	2	NFEC	-	-	-	halt-resume	-	S	-	-	-	-	-
0459	1	AXIL	-	-	-	gap-and-go	-	S	stop	-	-	-	-
0459	2	CRBP	-	-	-	gap-and-go	scanner	-	-	-	-	-	-
0459	3	MIGI	-	-	-	micro-pullback	-	-	-	-	-	-	scalp
0459	4	BTTC	-	-	-	gap-and-go	scanner	S	-	-	-	-	-
0460	1	Long	-	-	-	-	news	-	-	-	-	-	-
0460	2	Long	-	-	-	-	scanner	-	-	-	-	-	-
0460	3	Long	-	-	-	-	-	-	-	-	-	-	-
0460	4	Long	-	-	-	-	scanner	-	-	-	-	-	-
0461	1	Long	-	-	-	-	-	-	-	-	-	-	-
0461	2	Long	-	-	-	-	news	-	-	-	-	-	-
0461	3	Long	-	-	-	-	-	S	-	-	-	-	-
0461	4	Long	-	-	-	halt-resume	-	-	-	-	-	-	-
0462	1	Long	-	-	-	gap-and-go	-	-	-	-	-	-	-
0462	2	Long	-	-	-	-	-	-	-	-	-	-	-
0462	3	Long	-	-	-	halt-resume	scanner	-	-	-	-	-	-
0462	4	Long	-	-	-	-	-	S	stop	-	-	-	-
0462	5	Long	-	-	-	-	scanner	-	-	-	-	-	-
0462	6	Long	-	-	-	-	-	-	-	-	-	-	-
0463	1	Long	-	-	-	-	-	-	-	-	-	-	-
0463	2	Long	-	-	-	-	-	-	-	-	-	-	-
0463	3	Long	-	-	-	-	-	-	-	-	-	-	-
0463	4	Long	-	-	-	-	-	-	-	-	-	-	-
0463	5	Long	-	-	-	-	-	-	-	-	-	-	scalp
0464	1	Long	-	-	-	halt-resume	news	S	-	-	-	-	-
0465	1	Long	-	-	-	gap-and-go	-	-	stop	-	-	-	-
0465	2	Long	-	-	-	halt-resume	-	-	-	-	-	-	scalp
0465	3	Long	-	-	-	halt-resume	-	S	-	-	-	-	-
0466	1	Long	-	-	-	-	-	-	-	-	-	-	-
0466	2	Long	-	-	-	-	-	-	stop	-	-	-	-
0467	1	Long	-	-	-	micro-pullback	scanner	-	-	-	-	-	-
0467	2	Long	-	-	-	halt-resume	-	-	-	-	-	-	-
0467	3	Long	-	-	-	-	-	-	-	-	-	-	-
0467	4	Long	-	-	-	-	-	-	-	-	-	-	-
0468	1	Long	-	-	-	halt-resume	scanner	S	-	-	-	-	-
0469	1	Long	-	-	-	gap-and-go	news	-	-	-	-	-	-
0469	2	Long	-	-	-	-	news	S	-	-	-	-	-
0469	3	Long	-	-	-	halt-resume	-	-	-	-	-	-	-
0469	4	Long	-	-	-	micro-pullback	scanner	-	-	-	-	-	-
0469	5	Long	-	-	-	-	-	-	-	-	-	-	-
0469	6	Long	-	-	-	halt-resume	-	-	-	-	-	-	scalp
0469	7	Long	-	-	-	-	-	-	-	-	-	-	-
0469	8	Long	-	-	-	micro-pullback	-	-	-	-	-	-	-
0469	9	Long	-	-	-	-	-	-	-	-	-	-	-
0469	10	Long	-	-	-	micro-pullback	-	S	-	-	-	-	-
0469	11	Long	-	-	-	-	-	S	-	-	-	-	-
0471	1	PLRZ	-	-	-	micro-pullback	scanner	S	-	-	-	-	-
0472	1	RGC	-	-	-	-	-	-	stop	-	-	-	-
0472	2	BOS	-	-	-	-	scanner	-	-	-	-	-	-
0472	3	NAOV	-	-	-	-	-	-	stop	-	-	-	-
0472	4	GV	-	-	-	-	scanner	S	-	-	-	-	-
0472	5	BOS	-	-	-	micro-pullback	-	S	-	-	-	-	-
0473	1	BLPH	-	-	-	gap-and-go	scanner	S	-	-	-	-	-
0473	2	VXX	-	-	-	-	-	-	stop	-	-	-	-
0474	1	BLPH	-	-	-	gap-and-go	-	S	-	-	-	-	-
0474	2	TWMC	-	-	-	gap-and-go	scanner	-	-	-	-	-	scalp
0474	3	GNPX	-	-	-	-	scanner	-	-	-	-	-	-
0475	1	VCNX	-	-	-	-	scanner	-	-	-	-	-	scalp
0475	2	VSSE	-	-	-	micro-pullback	scanner	S	-	-	-	-	-
0476	1	BTAI	-	-	-	gap-and-go	-	S	-	-	-	-	-
0476	2	GNPX	-	-	-	-	scanner	-	-	-	-	-	-
0476	3	PLS	-	-	-	gap-and-go	-	-	stop	-	-	-	-
0476	4	IVP	-	-	-	-	-	-	stop	-	-	-	-
0477	1	OVID	-	-	-	gap-and-go	-	-	stop	-	-	-	-
0477	2	SFET	-	-	-	gap-and-go	-	-	-	-	-	-	scalp
0477	3	CTRM	-	-	-	-	-	S	-	-	-	-	-
0478	1	LTBR	-	-	-	gap-and-go	-	S	-	-	-	-	-
0478	2	LTBR	-	-	-	micro-pullback	scanner	-	-	-	-	-	-
0478	3	MNGA	-	-	-	-	scanner	S	stop	-	-	-	-
0478	4	LTBR	-	-	-	-	-	S	-	-	-	-	-
0478	5	CHCI	-	-	-	halt-resume	-	S	-	-	-	-	-
0479	1	RKDA	-	-	-	-	scanner	S	-	-	-	-	-
0479	2	RKDA	-	-	-	-	-	-	stop	-	-	-	-
0479	3	RKDA	-	-	-	-	-	-	stop	-	-	-	-
0480	1	NXT.D	-	-	-	gap-and-go	premarket-scan	-	-	-	-	-	scalp
0480	2	NXT.D	-	-	-	gap-and-go	-	S	-	-	-	-	-
0480	3	MOS.Y	-	-	-	-	premarket-scan	-	-	-	-	-	-
0480	4	ZN	-	-	-	-	-	-	stop	-	-	-	-
0480	5	NXT.D	-	-	-	bull-flag	premarket-scan	-	-	-	-	-	-
0480	6	GBR	-	-	-	gap-and-go	-	S	-	-	-	-	-
0481	1	MSPR	-	-	-	micro-pullback	-	S	-	-	-	-	-
0481	2	MSPR	-	-	-	micro-pullback	-	-	-	-	-	-	-
0481	3	ASTC	-	-	-	micro-pullback	premarket-scan	S	-	-	-	-	-
0481	4	PIXIE	-	-	-	micro-pullback	-	-	-	-	-	-	scalp
0481	5	TOPS	-	-	-	-	scanner	-	-	-	-	-	-
0482	1	NVIV	-	-	-	-	-	S	-	-	-	-	-
0482	2	GNPX	-	-	-	gap-and-go	-	-	-	-	-	-	-
0482	3	SSKN	-	-	-	-	-	-	stop	-	-	-	-
0482	4	FLKS	-	-	-	-	-	-	stop	-	-	-	-
0483	1	IMRN	-	-	-	gap-and-go	-	-	stop	-	-	-	-
0483	2	ZAYX	-	-	-	gap-and-go	-	-	-	-	-	-	-
0483	3	SES	-	-	-	gap-and-go	scanner	S	-	-	-	-	-
0483	4	MTP	-	-	-	-	-	-	stop	-	-	-	-
0484	1	RGC	-	-	-	-	premarket-scan	S	-	-	-	-	-
0484	2	SPRT	-	-	-	gap-and-go	-	-	stop	-	-	-	-
0484	3	TCAT	-	-	-	-	-	S	stop	-	-	-	-
0484	4	SPARE	-	-	-	-	-	-	-	-	-	-	scalp
0485	1	NEURO	-	-	-	-	scanner	-	-	-	-	-	-
0485	2	SPRT	-	-	-	gap-and-go	-	-	stop	-	-	-	-
0485	3	SGRP	-	-	-	halt-resume	-	-	stop	-	-	-	-
0485	4	SPARE	-	-	-	-	-	-	stop	-	-	-	-
0486	1	PING	-	-	-	gap-and-go	-	S	-	-	-	-	-
0486	2	ASTC	-	-	-	vwap-reclaim	-	-	stop	-	-	-	-
0487	1	UKAR	-	-	-	-	scanner	-	stop	-	-	-	-
0487	2	XHLD	-	-	-	-	premarket-scan	-	-	-	-	-	scalp
0487	3	THR	-	-	-	micro-pullback	-	-	stop	-	-	-	-
0487	4	GLTO	-	-	-	-	-	-	-	-	-	-	scalp
0487	5	MLGO	-	-	-	micro-pullback	-	-	-	-	-	-	-
0487	6	MLGO	-	-	-	micro-pullback	-	-	-	-	-	-	-
0488	1	NFLX	-	-	-	-	scanner	-	stop	-	-	-	short
0488	2	WRKS	-	-	-	-	-	-	-	-	-	-	scalp
0488	3	JAGG	-	-	-	-	-	-	-	-	-	-	scalp
0488	4	FLDM	-	-	-	gap-and-go	-	-	stop	-	-	-	-
0488	5	BFRA	-	-	-	-	-	-	-	-	-	-	scalp
0489	1	OCEA	-	-	-	halt-resume	scanner	S	-	-	-	-	-
0489	2	AMPI	-	-	-	-	-	-	stop	-	-	-	-
0489	3	VGAS	-	-	-	micro-pullback	scanner	-	-	-	-	-	-
0490	1	AMPE	-	-	-	-	premarket-scan	S	-	-	-	-	-
0490	2	NKLA	-	-	-	micro-pullback	-	-	-	-	-	-	scalp
0490	3	CLSK	-	-	-	gap-and-go	scanner	-	-	-	-	-	-
0490	4	PICK	-	-	-	-	-	-	-	-	-	-	-
0490	5	NTM	-	-	-	-	scanner	-	-	-	-	-	scalp
0490	6	VVPR	-	-	-	-	scanner	S	-	-	-	-	-
0490	7	VVPR	-	-	-	-	-	-	-	-	-	-	-
0490	8	VVPR	-	-	-	-	-	S	stop	-	-	-	-
0490	9	AUVI	-	-	-	micro-pullback	-	-	stop	-	-	-	-
0490	10	AUVI	-	-	-	micro-pullback	-	-	stop	-	-	-	-
0491	1	THE	-	-	-	-	scanner	-	-	-	-	-	-
0491	2	VERB	-	-	-	-	scanner	-	stop	-	-	-	-
0492	1	CTXR	-	-	-	-	-	-	-	-	-	-	-
0492	2	AXSM	-	-	-	-	scanner	-	-	-	-	-	scalp
0492	3	RH	-	-	-	-	premarket-scan	S	-	-	-	-	-
0492	4	RH	-	-	-	micro-pullback	-	-	-	-	-	-	scalp
0494	1	GFIN	-	-	-	gap-and-go	-	S	-	-	-	-	-
0494	2	DPW	-	-	-	gap-and-go	-	-	-	-	-	-	-
0494	3	ABCT	-	-	-	halt-resume	scanner	-	-	-	-	-	scalp
0494	4	IMRN	-	-	-	micro-pullback	-	-	-	-	-	-	-
0494	5	CRS	-	-	-	-	-	-	-	-	-	-	-
0495	1	MLGO	-	-	-	bull-flag	-	-	-	-	-	-	scalp
0495	2	SPCB	-	-	-	-	news	S	-	-	-	-	scalp
0496	1	SLS	-	-	-	-	premarket-scan	S	-	-	-	-	-
0497	1	SFET	-	-	-	micro-pullback	premarket-scan	S	-	-	-	-	-
0497	2	ANY	-	-	-	micro-pullback	-	-	-	-	-	-	scalp
0497	3	SFET	-	-	-	micro-pullback	-	-	-	-	-	-	-
0497	4	SFET	-	-	-	-	scanner	S	-	-	-	-	-
500	1	GPUS	-	-	-	unknown	consolidation breakout sq	-	reversal - big flush	-	-	-	unknown
500	2	WBUY	-	-	-	flat-top	flat top breakout / dip r	-	scaled at resistance	-	-	-	short
500	3	SYTA	-	-	-	micro-pullback	dip buys / micro-pullback	-	sold into momentum squeeze	-	-	-	scalp
500	4	NVE	-	-	-	whole-dollar-break	break through whole-dolla	-	break through resistance	-	-	-	unknown
510	1	FUV	-	-	-	unknown	first daily candle new hi	-	scaled at $5.05-$5.10	-	-	-	unknown
510	2	ADIL	-	-	-	micro-pullback	momentum scanner micro-pu	-	scaled multiple entries	-	-	-	short
510	3	BOXL	-	-	-	unknown	premarket watchlist break	-	failed-breakout	-	-	-	unknown
511	1	RIOT	-	-	-	gap-and-go	gap up 15% consolidation	-	reversal - quick flush	-	-	-	unknown
511	2	HJLI	-	-	-	unknown	recent IPO breakout one-m	-	failed-breakout	-	-	-	unknown
511	3	PIXIE	-	-	-	unknown	daily chart curl-up re-en	-	scaled at $4.84	-	-	-	unknown
511	4	JPLI	-	-	-	whole-dollar-break	whole dollar breakout set	-	break of $2.00	-	-	-	unknown
511	5	SCON	-	-	-	halt-resume	reverse split / halt-up b	-	built 6,900 shares through halts	-	-	-	unknown
511	6	BOXL	-	-	-	unknown	recent IPO breakout	-	scaled entries/exits	-	-	-	unknown
512	1	ZKINI	-	-	-	gap-and-go	gap-and-go IPO momentum p	-	half at $4.12 top-tick, scaled rest	-	-	-	unknown
512	2	ZKINI	-	-	-	unknown	pullback re-entry / 6K sh	-	target $4.00-$4.11	-	-	-	unknown
512	3	ZKINI	-	-	-	unknown	pullback micro-entry / 9K	-	failed-breakout	-	-	-	short
512	4	ZKINI	-	-	-	dip-buy	dip curl re-entry	-	sold at $3.33	-	-	-	short
512	5	ZKINI	-	-	-	unknown	aggressive re-entry / 9K	-	failed-breakout - stopped out	-	-	-	unknown
543	1	BOXL	-	-	-	unknown	premarket watchlist conti	-	sold at $2.05-$2.11, $1.97	-	-	-	extended
543	2	ASNS	-	-	-	unknown	premarket watchlist squee	-	failed-breakout at $3.60	-	-	-	unknown
543	3	ADIL	-	-	-	unknown	premarket watchlist break	-	sold at $7.03-$7.13, stopped at $6.	-	-	-	unknown
544	1	BG	-	-	-	halt-resume	halt resume, momentum bre	-	reversal rejection	-	-	-	unknown
544	2	CDNA	-	-	-	halt-resume	circuit breaker halt entr	-	failed continuation	-	-	-	unknown
545	1	RBEN	-	-	-	unknown	premarket breakout moment	-	multiple exits $7.20-$8.00+	-	-	-	unknown
545	2	BCTX	-	-	-	gap-and-go	gap-and-go / dip entries	-	scaled exits $6.40-$7.80	-	-	-	short
546	1	TWWG	-	-	-	vwap-reclaim	VWAP break / adds on dips	-	scaled $7-$9.20, gave back to $20.7	-	-	-	short
547	1	HKD	-	-	-	halt-resume	halt-down resumption flat	-	bounce off resumption	-	-	-	unknown
547	2	GETTY	-	-	-	unknown	cup-and-handle breakout	-	break through resistance	-	-	-	unknown
547	3	PGY	-	-	-	unknown	double-top squeeze attemp	-	failed-breakout - added too high	-	-	-	unknown
547	4	TBLT	-	-	-	unknown	cup-and-handle formation	-	break through resistance	-	-	-	unknown
547	5	BWV	-	-	-	unknown	momentum scanner bounce	-	profit capture / sold when weak	-	-	-	unknown
548	1	DRAD	-	-	-	unknown	break over $6 pivot	-	sold into momentum	-	-	-	unknown
548	2	DPW	-	-	-	unknown	momentum spike breakout	-	reversal	-	-	-	unknown
503	1	FOXO	-	-	-	unknown	break of high of day	-	quick scalp exit	-	-	-	unknown
503	2	SAU	-	-	-	dip-buy	news pop / dip re-entry	-	scaled exits at highs	-	-	-	short
503	3	SAU	-	-	-	dip-buy	second entry / dip buy	-	quick exit into strength	-	-	-	short
503	4	LEDS	-	-	-	whole-dollar-break	break of whole-dollar lev	-	reversal / avg-down	-	-	-	unknown
504	1	RVSN	-	-	-	dip-buy	early morning squeeze / m	-	quick exit at resistance	-	-	-	short
504	2	RVSN	-	-	-	unknown	high of day break attempt	-	reversal / spread risk	-	-	-	unknown
504	3	RVSN	-	-	-	unknown	another breakout attempt	-	spread blowout exit	-	-	-	unknown
505	1	BYSI	-	-	-	dip-buy	continuation setup / dip	-	avg-down failed	-	-	-	extended
505	2	BYSI	-	-	-	unknown	recovery attempt / add ba	-	reversal - cut loss	-	-	-	unknown
505	3	HOOD	-	-	-	unknown	continuation / momentum t	-	scaled exit	-	-	-	extended
506	1	RPM	-	-	-	unknown	momentum scanner hit / sq	-	quick scalp at 368	-	-	-	unknown
506	2	RPM	-	-	-	vwap-reclaim	second entry / vwap break	-	scaled exits	-	-	-	unknown
506	3	QTNC	-	-	-	red-to-green	red-to-green move / momen	-	quick exit	-	-	-	unknown
506	4	LIVX	-	-	-	dip-buy	momentum dip buy	-	scaled exits on pullback	-	-	-	short
506	5	VVPR	-	-	-	unknown	daily consolidation break	-	failed breakout	-	-	-	unknown
506	6	VLRX	-	-	-	gap-and-go	gap break attempt	-	reversal - no follow	-	-	-	unknown
506	7	IHGT	-	-	-	whole-dollar-break	whole-dollar break	-	failed breakout	-	-	-	unknown
506	8	KALI	-	-	-	unknown	early squeeze attempt	-	small scalp	-	-	-	unknown
507	1	JAGEX	-	-	-	gap-and-go	gap-and-go / squeeze	-	scaled at highs 15.50	-	-	-	unknown
507	2	JAGEX	-	-	-	dip-buy	high of day break / dip a	-	scaled exits at 17.00	-	-	-	short
507	3	CTRV	-	-	-	halt-resume	whole-dollar break / halt	-	scaled through volatility	-	-	-	unknown
507	4	XYN	-	-	-	halt-resume	breakout attempt / halt r	-	seller resistance at 450	-	-	-	unknown
507	5	ADNY	-	-	-	unknown	momentum break over 2.00	-	quick scalp	-	-	-	unknown
508	1	DRCT	-	-	-	unknown	blue sky breakout / multi	-	scaled exits into rallies	-	-	-	unknown
509	1	LASC	-	-	-	vwap-reclaim	vwap break / dip adds	-	scaled exits at resist.	-	-	-	short
509	2	OTRK	-	-	-	unknown	small scalp on pop	-	quick exit	-	-	-	scalp
509	3	BZI	-	-	-	gap-and-go	news gap / multi-add stra	-	scaled exits at levels	-	-	-	unknown
513	1	ATXI	-	-	-	gap-and-go	gap-and-go / acquisition	-	quick scalp exit	-	-	-	unknown
513	2	RSLS	-	-	-	micro-pullback	micro-pullback dip / half	-	scaled at resistance $2.50	-	-	-	short
513	3	DXR	-	-	-	gap-and-go	8% gapper / momentum sque	-	scaled $7.99-$8.08	-	-	-	unknown
513	4	PXS	-	-	-	dip-buy	multi-entry dip / under $	-	scaled exits into strength	-	-	-	short
514	1	GDC	-	-	-	unknown	consolidation breakout /	-	scaled partial exits	-	-	-	unknown
514	2	AIRY	-	-	-	halt-resume	halt-resume dip-buy	-	quick scalp at resistance	-	-	-	short
514	3	AMS	-	-	-	micro-pullback	dip buy / micro-pullback	-	quick exit into momentum	-	-	-	short
514	4	STAFF	-	-	-	unknown	consolidation breakout sq	-	scaled exits at resistance	-	-	-	unknown
515	1	RECCT	-	-	-	vwap-reclaim	VWAP curl / consolidation	-	scaled at $8.20-$8.50	-	-	-	unknown
515	2	KIT	-	-	-	vwap-reclaim	whole-dollar break / VWAP	-	scaled exits on strength	-	-	-	unknown
516	1	CTX	-	-	-	unknown	newsletter alert / news p	-	scaled $2.15-$2.30	-	-	-	unknown
516	2	LEVB	-	-	-	unknown	FOMO entry / momentum con	-	failed breakout - reversal	-	-	-	extended
516	3	SEED	-	-	-	halt-resume	halt-resume dip-buy / squ	-	scaled at resistance	-	-	-	short
516	4	VT	-	-	-	dip-buy	momentum scanner / dip bu	-	profit target taken	-	-	-	short
517	1	VXRT	-	-	-	vwap-reclaim	reverse split / VWAP curl	-	scaled at $4.20-$4.40	-	-	-	unknown
517	2	VXRT	-	-	-	micro-pullback	micro-pullback scalp / sq	-	quick exit into bounce	-	-	-	scalp
518	1	TNXP	-	-	-	gap-and-go	gap-and-go / red-to-green	-	scaled $7.74-$8.19	-	-	-	unknown
518	2	LRM	-	-	-	halt-resume	halt-resume dip-buy	-	scaled exits $5.55-$5.97	-	-	-	short
518	3	ADIL	-	-	-	unknown	momentum continuation / p	-	scaled $4.17-$4.21	-	-	-	extended
519	1	BTCT	-	-	-	unknown	continuation day 3 / mome	-	scaled exits at squeeze	-	-	-	extended
519	2	BTCT	-	-	-	unknown	breakout add / broken thr	-	reversal - seller rejection	-	-	-	unknown
519	3	TRNR	-	-	-	gap-and-go	reverse split gap-up / FO	-	reversal - full flush	-	-	-	unknown
519	4	BTCS	-	-	-	unknown	jack-knife continuation /	-	reversal - quick dump	-	-	-	extended
519	5	UAVS	-	-	-	vwap-reclaim	VWAP reclaim / ascending	-	systematic scale-outs	-	-	-	unknown
519	6	KX	-	-	-	unknown	crypto sympathy / micro-s	-	quick exit	-	-	-	scalp
520	1	VAPE	-	-	-	unknown	500% pop backside entry	-	insider reversal - news dump	-	-	-	unknown
520	2	ATTH	-	-	-	unknown	biotech news pop / small	-	rejection - dump	-	-	-	unknown
520	3	CRVO	-	-	-	unknown	inverted H&S / 30K share	-	jack-knife reversal	-	-	-	extended
521	1	ACTC	-	-	-	gap-and-go	leading gapper / open bou	-	quick scalp	-	-	-	unknown
521	2	CAPR	-	-	-	unknown	breakout anticipation	-	reversal - big seller	-	-	-	unknown
521	3	ACTC	-	-	-	unknown	breakout re-entry / momen	-	quick scalp	-	-	-	unknown
521	4	KUKE	-	-	-	halt-resume	IPO halt-resume / squeeze	-	scale on second halt	-	-	-	unknown
521	5	DLPN	-	-	-	halt-resume	halt-resume dip / multipl	-	failed breakout - rejection	-	-	-	short
521	6	DLPN	-	-	-	unknown	re-entry with aggressive	-	jack-knife reversal	-	-	-	unknown
521	7	QLIA	-	-	-	halt-resume	IPO multiple halts / dip	-	halt-down into big loss	-	-	-	short
521	8	ACTC	-	-	-	unknown	breakout through highs /	-	failed breakthrough	-	-	-	unknown
522	1	BDRX	-	-	-	unknown	licensing deal catalyst /	-	quick scalp at resistance	-	-	-	unknown
523	1	SLXN	-	-	-	vwap-reclaim	VWAP break, aggressive $2	-	scaled at $2.10-$2.30, gave back on	-	-	-	unknown
523	2	VNC	-	-	-	unknown	$3 break attempt on scann	-	partial exit at $3.30, dip trade bo	-	-	-	unknown
523	3	MVNI	-	-	-	halt-resume	halt-resume open-bell act	-	rally from $6.50-$7.50 climax	-	-	-	unknown
523	4	SGN	-	-	-	halt-resume	acquisition halt resumpti	-	scaled $5.25/$5.40/$5.60, rejected	-	-	-	unknown
524	1	XHG	-	-	-	vwap-reclaim	inverted head and shoulde	-	topping tail rejection at high	-	-	-	unknown
524	2	COST	-	-	-	halt-resume	halt dip-rip / resumption	-	scaled at $14.69-$14.50	-	-	-	short
524	3	COST	-	-	-	unknown	red candle reversal re-en	-	rejection on candle dump	-	-	-	unknown
524	4	AMVS	-	-	-	unknown	false breakout above dail	-	flushed to $10.20	-	-	-	unknown
524	5	BNF	-	-	-	halt-resume	halt dip-rip / scalp	-	quick exit	-	-	-	scalp
525	1	AUD	-	-	-	micro-pullback	micro-pullback scalp	-	quick exits on bounces	-	-	-	scalp
525	2	SMFL	-	-	-	unknown	news pop early entry	-	rejection at resistance	-	-	-	unknown
525	3	CNFR	-	-	-	unknown	$1 break attempt on 10K s	-	early rejection	-	-	-	unknown
525	4	BF	-	-	-	unknown	break of thickly-traded l	-	false breakout / grinder	-	-	-	unknown
525	5	TCBP	-	-	-	unknown	late-morning news surge /	-	scaled exits $8-$9	-	-	-	unknown
526	1	RAX	-	-	-	dip-buy	phase 2B trial success /	-	scaled $11-$14, halt-resume	-	-	-	short
526	2	RAX	-	-	-	unknown	aggressive add at high br	-	rejection at $26, reversal	-	-	-	unknown
529	1	NSP	-	-	-	vwap-reclaim	premarket strong / break	-	re-entry collapse below VWAP	-	-	-	unknown
529	2	ZN	-	-	-	whole-dollar-break	half-dollar break / whole	-	false breakout, flushed	-	-	-	unknown
529	3	HTGM	-	-	-	unknown	first 5-min candle new hi	-	immediate candle rejection	-	-	-	unknown
530	1	RKDA	-	-	-	unknown	break of premarket high /	-	scaled $13.84-$14.10	-	-	-	unknown
530	2	RKDA	-	-	-	dip-buy	dip re-entry / tight risk	-	exit at $15.98	-	-	-	short
530	3	RKDA	-	-	-	unknown	third entry flag breakout	-	scaled $17.63-$17.97	-	-	-	unknown
530	4	CPAH	-	-	-	unknown	quick base hit / momentum	-	exit at $4.30	-	-	-	scalp
531	1	NSYS	-	-	-	unknown	early morning momentum /	-	scaled exits $8.00-$8.50	-	-	-	unknown
531	2	IHT	-	-	-	unknown	contrarian secondary atte	-	quick rejection	-	-	-	unknown
531	3	LDXY	-	-	-	dip-buy	dip trade / slight recove	-	exit at breakeven or +$50	-	-	-	short
532	1	AVXS	-	-	-	gap-and-go	gap-and-go / premarket hi	-	immediate rejection	-	-	-	unknown
532	2	PDSB	-	-	-	unknown	premarket high breakout s	-	scaled exits $8-$9.24	-	-	-	unknown
532	3	CLRB	-	-	-	unknown	quick breakout attempt	-	fast rejection	-	-	-	scalp
533	1	VMAR	-	-	-	dip-buy	support dip buy / flat bo	-	pop to $3.25	-	-	-	short
533	2	AIF	-	-	-	unknown	1000-share starter / adds	-	scaled out near $6.24 high	-	-	-	unknown
533	3	AIF	-	-	-	unknown	re-entry for first 1-min	-	exit near breakeven	-	-	-	unknown
533	4	AIF	-	-	-	dip-buy	dip buy off $4.00 support	-	bounce to $4.60	-	-	-	short
533	5	AIF	-	-	-	dip-buy	second dip buy off $4.00	-	bounce to $4.60	-	-	-	short
533	6	ARB	-	-	-	dip-buy	breaking news / dip at $2	-	stalled at $3.10	-	-	-	short
533	7	XHG	-	-	-	unknown	pullback buy / no news ca	-	rode to $2.20 high	-	-	-	unknown
534	1	ZENA	-	-	-	unknown	7:30 AM news pop / 3 adds	-	scaled at high of $9.00	-	-	-	extended
534	2	CC	-	-	-	unknown	7:36 AM scanner / heavy s	-	scaled at resistance	-	-	-	unknown
534	3	HOTH	-	-	-	unknown	beginning of move / 30K p	-	took profit quickly	-	-	-	extended
534	4	AMVS	-	-	-	unknown	break of half-dollar / 1s	-	took profit in seconds	-	-	-	unknown
534	5	AMVS	-	-	-	unknown	re-entry for break of $8	-	exit near breakeven	-	-	-	unknown
534	6	AMVS	-	-	-	dip-buy	dip buy attempt / 3rd tra	-	failed-breakout	-	-	-	short
535	1	SYTA	-	-	-	unknown	breaking news +75% in 45	-	clean single trade	-	-	-	unknown
536	1	YOU	-	-	-	unknown	breaking news 7:05 AM	-	multiple scalp exits	-	-	-	unknown
537	1	ACXP	-	-	-	unknown	breaking news positive tr	-	conservative scaling	-	-	-	unknown
538	1	MBRX	-	-	-	unknown	phase 1 cancer trial sque	-	scaled $5.30-$6.50	-	-	-	unknown
538	2	MBRX	-	-	-	unknown	re-entry curl-up for new	-	failed-breakout above $6	-	-	-	unknown
538	3	PCSA	-	-	-	halt-resume	phase 2 trial + 25:1 reve	-	partial fill $2/share	-	-	-	unknown
539	1	GNPX	-	-	-	unknown	continuation from prior d	-	quick profit at $3.75	-	-	-	extended
539	2	CYCC	-	-	-	unknown	7:04 AM news pop starter	-	quick fade exit at $1.85	-	-	-	unknown
539	3	HYZN	-	-	-	unknown	7:30 AM hydrogen truck ne	-	scaled out through $4 high	-	-	-	extended
539	4	HYZN	-	-	-	unknown	re-entry for break of $4	-	reversal failed-breakout	-	-	-	unknown
539	5	SOBR	-	-	-	unknown	8:00 AM news pop / break	-	scaled $12-$15 squeeze	-	-	-	unknown
539	6	HIHO	-	-	-	dip-buy	momentum pop dip buy	-	reversal flush	-	-	-	short
539	7	GNPX	-	-	-	unknown	recovery trade / break of	-	bounce back	-	-	-	unknown
540	1	FLYX	-	-	-	unknown	Starlink dealership catal	-	break of $6 squeeze	-	-	-	unknown
541	1	CPAH	-	-	-	unknown	first daily candle new hi	-	quick fade to 3.88	-	-	-	unknown
541	2	DESC	-	-	-	unknown	pre-market break attempt	-	pre-market high fail	-	-	-	unknown
541	3	FLNT	-	-	-	micro-pullback	micro-pullback momentum e	-	scaled to $3.90 high	-	-	-	short
541	4	MUSZ	-	-	-	unknown	momentum scanner alert	-	quick pop exit	-	-	-	unknown
541	5	PECK	-	-	-	halt-resume	halt-resume dip buy, ripp	-	squeeze to 7.50	-	-	-	short
541	6	PECK	-	-	-	halt-resume	re-entry at 7, halted dow	-	halt-down - stopped at $6.15	-	-	-	unknown
541	7	PECK	-	-	-	unknown	third entry thinking curl	-	reversal - no support	-	-	-	unknown
542	1	SILO	-	-	-	unknown	passed early / caught mid	-	scaled through 2.25	-	-	-	unknown
542	2	LC	-	-	-	unknown	early rejection then curl	-	break of 2.35	-	-	-	unknown
542	3	PSWW	-	-	-	dip-buy	parabolic momentum pop di	-	exit into bounce	-	-	-	short
542	4	KOSS	-	-	-	unknown	break of 10 anticipation	-	quick dip scalp	-	-	-	unknown
=== FILE 0550 ===
TRADE_MECHANICS:
| # | FLOAT | GAP% | REL_VOL | PATTERN_TYPE | ENTRY_TRIGGER | ADD_ON_MECHANIC | STOP_CRITERIA | T1_TARGET | TIME_OF_ENTRY | MACD_STATE | HOLD_DURATION |
| 1 | - | - | - | dip-buy | rally recovery | - | profit-scale | $6.40 | 7:00am | unknown | scalp |
| 2 | - | - | - | micro-pullback | early momentum | add on momentum | profit-scale | $7.20 | 6:15am | unknown | short |
| 3 | - | - | - | flat-top | rejection trade | - | failed-breakout | - | open | unknown | scalp |
| 4 | - | - | - | gap-and-go | news catalyst | - | breakeven | - | - | unknown | scalp |
| 5 | - | - | - | gap-and-go | news catalyst | - | reversal flush | - | - | unknown | scalp |
=== FILE 0551 ===
TRADE_MECHANICS:
| # | FLOAT | GAP% | REL_VOL | PATTERN_TYPE | ENTRY_TRIGGER | ADD_ON_MECHANIC | STOP_CRITERIA | T1_TARGET | TIME_OF_ENTRY | MACD_STATE | HOLD_DURATION |
| 1 | - | - | - | gap-and-go | 200-day MA break | - | profit-scale | $2.35 | 7:00am | unknown | scalp |
| 2 | - | - | - | whole-dollar-break | half-dollar break | - | profit-scale | $2.90 | 9:00am | unknown | scalp |
=== FILE 0552 ===
TRADE_MECHANICS:
| # | FLOAT | GAP% | REL_VOL | PATTERN_TYPE | ENTRY_TRIGGER | ADD_ON_MECHANIC | STOP_CRITERIA | T1_TARGET | TIME_OF_ENTRY | MACD_STATE | HOLD_DURATION |
| 1 | - | - | - | whole-dollar-break | algo spike | - | failed-breakout | - | 8:30am | unknown | scalp |
| 2 | - | - | - | whole-dollar-break | algo spike | - | failed-breakout | - | 8:30am | unknown | scalp |
| 3 | - | - | - | abcd | dip buy | scale up | failed-breakout | - | 8:30am | unknown | short |
| 4 | - | - | - | dip-buy | dip recovery | - | profit-scale | - | 10:15am | unknown | scalp |
=== FILE 0553 ===
SUMMARY_ONLY - Excluded from mechanics
=== FILE 0554 ===
TRADE_MECHANICS:
| # | FLOAT | GAP% | REL_VOL | PATTERN_TYPE | ENTRY_TRIGGER | ADD_ON_MECHANIC | STOP_CRITERIA | T1_TARGET | TIME_OF_ENTRY | MACD_STATE | HOLD_DURATION |
| 1 | - | 70% | - | gap-and-go | red-to-green | - | failed-breakout | $15.00 | 9:00am | unknown | scalp |
| 2 | - | - | - | micro-pullback | one-minute breakout | - | reversal flush | - | 10:30am | unknown | scalp |
| 3 | - | - | - | halt-resume | dip buy | scale adds | profit-scale | $3.00 | 10:15am | unknown | short |
=== FILE 0555 ===
TRADE_MECHANICS:
| # | FLOAT | GAP% | REL_VOL | PATTERN_TYPE | ENTRY_TRIGGER | ADD_ON_MECHANIC | STOP_CRITERIA | T1_TARGET | TIME_OF_ENTRY | MACD_STATE | HOLD_DURATION |
| 1 | - | - | - | gap-and-go | continuation breakout | add momentum | profit-scale | $3.97 | 7:30am | unknown | short |
| 2 | - | - | - | flat-top | dip re-entry | - | failed-breakout | - | 8:00am | unknown | scalp |
| 3 | - | - | - | dip-buy | dip re-entry | - | reversal | - | 8:15am | unknown | scalp |
| 4 | - | - | - | whole-dollar-break | momentum entry | - | reversal | - | - | unknown | scalp |
| 5 | - | - | - | unknown | long/short scalps | - | direction change | - | - | unknown | scalp |
=== FILE 0556 ===
TRADE_MECHANICS:
| # | FLOAT | GAP% | REL_VOL | PATTERN_TYPE | ENTRY_TRIGGER | ADD_ON_MECHANIC | STOP_CRITERIA | T1_TARGET | TIME_OF_ENTRY | MACD_STATE | HOLD_DURATION |
| 1 | - | 50% | - | gap-and-go | premarket high break | - | halt-down | $18.00 | 9:30am | unknown | scalp |
| 2 | - | 50% | - | gap-and-go | premarket high break | - | halt-down | $22.00 | 9:35am | unknown | scalp |
=== FILE 0557 ===
TRADE_MECHANICS:
| # | FLOAT | GAP% | REL_VOL | PATTERN_TYPE | ENTRY_TRIGGER | ADD_ON_MECHANIC | STOP_CRITERIA | T1_TARGET | TIME_OF_ENTRY | MACD_STATE | HOLD_DURATION |
| 1 | - | - | - | halt-resume | break over 9.95 | scale adds | profit-scale | $10.08 | 9:00am | unknown | short |
| 2 | - | - | - | dip-buy | micro pullback | - | profit-scale | $11.21 | 9:30am | unknown | scalp |
| 3 | - | - | - | gap-and-go | break of support | - | failed-breakout | - | 9:00am | unknown | scalp |
| 4 | - | - | - | whole-dollar-break | momentum entry | scale add | reversal | - | 9:30am | unknown | scalp |
| 5 | - | - | - | halt-resume | micro pullback | - | profit-scale | - | 10:00am | unknown | scalp |
| 6 | - | - | - | gap-and-go | squeeze breakout | - | profit-scalp | - | 10:30am | unknown | scalp |
| 7 | - | - | - | gap-and-go | squeeze | - | profit-scalp | - | 10:45am | unknown | scalp |
| 8 | - | - | - | flat-top | double-top break | - | failed-breakout | - | 11:00am | unknown | scalp |
=== FILE 0558 ===
TRADE_MECHANICS:
| # | FLOAT | GAP% | REL_VOL | PATTERN_TYPE | ENTRY_TRIGGER | ADD_ON_MECHANIC | STOP_CRITERIA | T1_TARGET | TIME_OF_ENTRY | MACD_STATE | HOLD_DURATION |
| 1 | - | - | - | gap-and-go | break of $2.00 | - | profit-scale | $2.34 | 9:30am | unknown | scalp |
| 2 | - | - | - | gap-and-go | break of $2.50 | - | profit-scale | $3.00 | 9:45am | unknown | short |
=== FILE 0559 ===
SUMMARY_ONLY - Excluded from mechanics
=== FILE 0560 ===
SUMMARY_ONLY - Excluded from mechanics
=== FILE 0561 ===
TRADE_MECHANICS:
| # | FLOAT | GAP% | REL_VOL | PATTERN_TYPE | ENTRY_TRIGGER | ADD_ON_MECHANIC | STOP_CRITERIA | T1_TARGET | TIME_OF_ENTRY | MACD_STATE | HOLD_DURATION |
| 1 | - | - | 90.3x | gap-and-go | break of $2.50 | - | profit-scale | $2.66 | 7:30am | unknown | scalp |
| 2 | - | - | - | dip-buy | breakout on news | - | profit-scale | $3.80 | 8:30am | unknown | short |
| 3 | - | - | - | dip-buy | multiple dips | escalate entries | profit-scale | $2.25 | 8:00am | negative | short |
| 4 | - | - | - | gap-and-go | small scalp | - | profit | - | - | unknown | scalp |
=== FILE 0562 ===
TRADE_MECHANICS:
| # | FLOAT | GAP% | REL_VOL | PATTERN_TYPE | ENTRY_TRIGGER | ADD_ON_MECHANIC | STOP_CRITERIA | T1_TARGET | TIME_OF_ENTRY | MACD_STATE | HOLD_DURATION |
| 1 | - | - | - | gap-and-go | ascending support | micro-pull dips | profit-scale | $10.00 | 9:30am | unknown | short |
| 2 | - | - | - | red-to-green | news pop | break resistance | profit-scale | $5.10 | 9:45am | unknown | short |
| 3 | - | - | - | flat-top | halt pattern | - | failed-breakout | - | 10:30am | unknown | scalp |
=== FILE 0563 ===
TRADE_MECHANICS:
| # | FLOAT | GAP% | REL_VOL | PATTERN_TYPE | ENTRY_TRIGGER | ADD_ON_MECHANIC | STOP_CRITERIA | T1_TARGET | TIME_OF_ENTRY | MACD_STATE | HOLD_DURATION |
| 1 | - | - | - | gap-and-go | pre-market squeeze | dip entries | profit-scale | $9.50 | 9:00am | unknown | short |
| 2 | - | - | - | halt-resume | halt pattern | - | reversal | - | 10:00am | unknown | scalp |
| 3 | - | - | - | halt-resume | halt resumption | - | failed-breakout | - | 9:30am | unknown | scalp |
| 4 | - | - | - | gap-and-go | quick scalp | - | profit | - | 11:00am | unknown | scalp |
| 5 | - | - | - | gap-and-go | swing trade | - | profit | - | - | unknown | short |
=== FILE 0564 ===
TRADE_MECHANICS:
| # | FLOAT | GAP% | REL_VOL | PATTERN_TYPE | ENTRY_TRIGGER | ADD_ON_MECHANIC | STOP_CRITERIA | T1_TARGET | TIME_OF_ENTRY | MACD_STATE | HOLD_DURATION |
| 1 | - | - | - | dip-buy | bounce off support | - | profit-scale | - | 9:30am | unknown | short |
| 2 | - | - | - | flat-top | pop reversal | - | reversal | - | 10:00am | unknown | scalp |
| 3 | - | - | - | flat-top | pop reversal | - | reversal | - | 10:15am | unknown | scalp |
| 4 | - | - | - | flat-top | pop reversal | - | reversal | - | 10:30am | unknown | scalp |
| 5 | - | - | - | gap-and-go | breakout attempt | - | rug-pull | - | 10:45am | unknown | scalp |
=== FILE 0565 ===
TRADE_MECHANICS:
| # | FLOAT | GAP% | REL_VOL | PATTERN_TYPE | ENTRY_TRIGGER | ADD_ON_MECHANIC | STOP_CRITERIA | T1_TARGET | TIME_OF_ENTRY | MACD_STATE | HOLD_DURATION |
| 1 | - | - | - | gap-and-go | halt-down resume | - | halt-down | - | 9:30am | unknown | scalp |
| 2 | - | - | - | red-to-green | break resistance | - | reversal | - | 10:00am | unknown | scalp |
| 3 | - | - | - | gap-and-go | break attempts | - | missed move | - | 10:30am | unknown | scalp |
| 4 | - | - | - | dip-buy | consolidation | multiple dips | profit-scale | $7.76 | 8:30am | unknown | extended |
| 5 | - | - | - | micro-pullback | one-minute | - | rug-pull | - | 10:15am | unknown | scalp |
=== FILE 0566 ===
TRADE_MECHANICS:
| # | FLOAT | GAP% | REL_VOL | PATTERN_TYPE | ENTRY_TRIGGER | ADD_ON_MECHANIC | STOP_CRITERIA | T1_TARGET | TIME_OF_ENTRY | MACD_STATE | HOLD_DURATION |
| 1 | - | - | - | gap-and-go | pre-market long | - | recovery | $3.40 | 9:30am | unknown | scalp |
| 2 | - | - | - | gap-and-go | squeeze follow | - | profit | - | 10:00am | unknown | scalp |
=== FILE 0567 ===
TRADE_MECHANICS:
| # | FLOAT | GAP% | REL_VOL | PATTERN_TYPE | ENTRY_TRIGGER | ADD_ON_MECHANIC | STOP_CRITERIA | T1_TARGET | TIME_OF_ENTRY | MACD_STATE | HOLD_DURATION |
| 1 | - | 150% | - | gap-and-go | dip buy at open | - | profit-scale | $7.35 | 9:30am | unknown | scalp |
| 2 | - | - | - | bull-flag | flag pattern | - | reversal | $5.00 | 10:00am | unknown | scalp |
=== FILE 0568 ===
TRADE_MECHANICS:
| # | FLOAT | GAP% | REL_VOL | PATTERN_TYPE | ENTRY_TRIGGER | ADD_ON_MECHANIC | STOP_CRITERIA | T1_TARGET | TIME_OF_ENTRY | MACD_STATE | HOLD_DURATION |
| 1 | - | - | - | red-to-green | reverse-split break | - | rug-pull | - | 9:00am | unknown | scalp |
| 2 | - | - | - | whole-dollar-break | whole-dollar pop | - | violent flush | - | 9:30am | unknown | scalp |
| 3 | - | - | - | flat-top | halt-into-breakout | scale dips | profit-scale | $3.80 | 9:45am | unknown | short |
| 4 | - | - | - | gap-and-go | merger gap | n/a | n/a | - | - | unknown | n/a |
| 5 | - | - | - | red-to-green | halt-resume | - | profit-scale | - | 10:30am | unknown | scalp |
=== FILE 0569 ===
TRADE_MECHANICS:
| # | FLOAT | GAP% | REL_VOL | PATTERN_TYPE | ENTRY_TRIGGER | ADD_ON_MECHANIC | STOP_CRITERIA | T1_TARGET | TIME_OF_ENTRY | MACD_STATE | HOLD_DURATION |
| 1 | - | - | - | gap-and-go | gap-and-go | - | failed-breakout | $4.50 | 9:30am | unknown | scalp |
| 2 | - | - | - | gap-and-go | pop-up entry | - | reversal | - | 10:00am | unknown | scalp |
| 3 | - | - | - | micro-pullback | pop-up | - | no follow-through | - | 10:15am | unknown | scalp |
| 4 | - | - | - | micro-pullback | 1-minute pullback | - | reversal | - | 10:30am | unknown | scalp |
=== FILE 0570 ===
TRADE_MECHANICS:
| # | FLOAT | GAP% | REL_VOL | PATTERN_TYPE | ENTRY_TRIGGER | ADD_ON_MECHANIC | STOP_CRITERIA | T1_TARGET | TIME_OF_ENTRY | MACD_STATE | HOLD_DURATION |
| 1 | - | 94% | - | gap-and-go | half-dollar breakout | - | profit-scale | $12.44 | 9:30am | unknown | scalp |
| 2 | - | - | - | whole-dollar-break | whole-dollar break | - | profit-scale | $4.08 | 9:45am | unknown | scalp |
| 3 | - | - | - | gap-and-go | scanner popup | - | reversal | - | 10:00am | unknown | scalp |
| 4 | - | - | - | whole-dollar-break | scanner popup | - | profit | - | 10:30am | unknown | scalp |
| 5 | - | - | - | gap-and-go | scanner popup | - | reversal | - | 10:45am | unknown | scalp |
=== FILE 0571 ===
TRADE_MECHANICS:
| # | FLOAT | GAP% | REL_VOL | PATTERN_TYPE | ENTRY_TRIGGER | ADD_ON_MECHANIC | STOP_CRITERIA | T1_TARGET | TIME_OF_ENTRY | MACD_STATE | HOLD_DURATION |
| 1 | - | - | - | gap-and-go | squeeze breakout | add highs | failed-breakout | $7.00 | 9:30am | unknown | short |
| 2 | - | - | - | gap-and-go | gap-and-go | - | reversal | - | 10:00am | unknown | scalp |
| 3 | - | - | - | gap-and-go | gap-and-go | - | reversal | - | 10:15am | unknown | scalp |
=== FILE 0572 ===
TRADE_MECHANICS:
| # | FLOAT | GAP% | REL_VOL | PATTERN_TYPE | ENTRY_TRIGGER | ADD_ON_MECHANIC | STOP_CRITERIA | T1_TARGET | TIME_OF_ENTRY | MACD_STATE | HOLD_DURATION |
| 1 | - | 200% | - | halt-resume | halt resume | scalp halts | profit-scale | $16.00 | 9:30am | unknown | short |
| 2 | - | - | - | gap-and-go | sympathy momentum | add halts | profit-scale | $7.80 | 9:30am | unknown | short |
| 3 | - | - | - | gap-and-go | momentum entry | - | reversal | - | 10:30am | unknown | scalp |
=== FILE 0573 ===
TRADE_MECHANICS:
| # | FLOAT | GAP% | REL_VOL | PATTERN_TYPE | ENTRY_TRIGGER | ADD_ON_MECHANIC | STOP_CRITERIA | T1_TARGET | TIME_OF_ENTRY | MACD_STATE | HOLD_DURATION |
| 1 | - | - | - | whole-dollar-break | whole-dollar breakout | - | profit | $5.10 | 9:30am | unknown | scalp |
=== FILE 0574 ===
TRADE_MECHANICS:
| # | FLOAT | GAP% | REL_VOL | PATTERN_TYPE | ENTRY_TRIGGER | ADD_ON_MECHANIC | STOP_CRITERIA | T1_TARGET | TIME_OF_ENTRY | MACD_STATE | HOLD_DURATION |
| 1 | - | - | - | gap-and-go | news pop | - | failed-breakout | $3.75 | 7:00am | unknown | scalp |
| 2 | - | - | - | dip-buy | micro pullback | - | profit-scale | $13.50 | 9:30am | unknown | short |
| 3 | - | - | - | red-to-green | opening breakout | - | profit | - | 9:30am | unknown | scalp |
=== FILE 0575 ===
TRADE_MECHANICS:
| # | FLOAT | GAP% | REL_VOL | PATTERN_TYPE | ENTRY_TRIGGER | ADD_ON_MECHANIC | STOP_CRITERIA | T1_TARGET | TIME_OF_ENTRY | MACD_STATE | HOLD_DURATION |
| 1 | - | - | - | dip-buy | micro pullback | squeeze adds | profit-scale | $7.25 | 6:43am | unknown | extended |
| 2 | - | - | - | vwap-reclaim | pullback dip | - | profit | $5.00 | 8:00am | unknown | scalp |
| 3 | - | - | - | dip-buy | micro pullback | multiple adds | profit-scale | - | 9:00am | unknown | short |
| 4 | - | - | - | gap-and-go | low-float break | micro scalp | profit | - | 10:15am | unknown | scalp |
=== FILE 0576 ===
TRADE_MECHANICS:
| # | FLOAT | GAP% | REL_VOL | PATTERN_TYPE | ENTRY_TRIGGER | ADD_ON_MECHANIC | STOP_CRITERIA | T1_TARGET | TIME_OF_ENTRY | MACD_STATE | HOLD_DURATION |
| 1 | - | - | - | gap-and-go | momentum breakout | - | reversal | $18.00 | 9:30am | unknown | scalp |
| 2 | - | - | - | gap-and-go | premarket high break | - | profit-scale | $15.96 | 9:30am | unknown | short |
| 3 | - | - | - | gap-and-go | daily breakout | - | profit | $14.75 | 10:00am | unknown | short |
=== FILE 0577 ===
TRADE_MECHANICS:
| # | FLOAT | GAP% | REL_VOL | PATTERN_TYPE | ENTRY_TRIGGER | ADD_ON_MECHANIC | STOP_CRITERIA | T1_TARGET | TIME_OF_ENTRY | MACD_STATE | HOLD_DURATION |
| 1 | - | - | - | dip-buy | double-bottom | break scalp | profit-scale | $11.00 | 9:30am | unknown | short |
| 2 | - | - | - | dip-buy | false breakout | break scalp | profit-scale | $11.25 | 10:00am | unknown | scalp |
=== FILE 0578 ===
SUMMARY_ONLY - Excluded from mechanics
=== FILE 0579 ===
TRADE_MECHANICS:
| # | FLOAT | GAP% | REL_VOL | PATTERN_TYPE | ENTRY_TRIGGER | ADD_ON_MECHANIC | STOP_CRITERIA | T1_TARGET | TIME_OF_ENTRY | MACD_STATE | HOLD_DURATION |
| 1 | - | - | - | vwap-reclaim | vwap reclaim | - | profit-scale | $6.09 | 7:30am | unknown | scalp |
| 2 | - | - | - | gap-and-go | vwap break | - | break-even | $30.00 | 8:00am | unknown | short |
=== FILE 0580 ===
TRADE_MECHANICS:
| # | FLOAT | GAP% | REL_VOL | PATTERN_TYPE | ENTRY_TRIGGER | ADD_ON_MECHANIC | STOP_CRITERIA | T1_TARGET | TIME_OF_ENTRY | MACD_STATE | HOLD_DURATION |
| 1 | - | - | - | gap-and-go | initial entry | - | profit-scale | $10.33 | 9:00am | unknown | scalp |
| 2 | - | - | - | dip-buy | dip entry | - | profit | $10.33 | 9:30am | unknown | scalp |
| 3 | - | - | - | dip-buy | news pop | - | profit | - | 10:15am | unknown | scalp |
=== FILE 0581 ===
TRADE_MECHANICS:
| # | FLOAT | GAP% | REL_VOL | PATTERN_TYPE | ENTRY_TRIGGER | ADD_ON_MECHANIC | STOP_CRITERIA | T1_TARGET | TIME_OF_ENTRY | MACD_STATE | HOLD_DURATION |
| 1 | - | - | - | gap-and-go | gap-and-go starter | scale exits | profit-scale | $29.00 | 8:00am | unknown | short |
| 2 | - | - | - | gap-and-go | scalp | - | profit | - | 9:30am | unknown | scalp |
| 3 | - | - | - | dip-buy | breakout starter | multiple adds | profit-scale | $9.75 | 8:30am | unknown | extended |
=== FILE 0582 ===
TRADE_MECHANICS:
| # | FLOAT | GAP% | REL_VOL | PATTERN_TYPE | ENTRY_TRIGGER | ADD_ON_MECHANIC | STOP_CRITERIA | T1_TARGET | TIME_OF_ENTRY | MACD_STATE | HOLD_DURATION |
| 1 | - | - | - | dip-buy | bounce | - | profit-scale | $16.50 | 9:00am | unknown | scalp |
| 2 | - | - | - | gap-and-go | breakout starter | dip adds | reversal | $3.00 | 9:30am | unknown | short |
| 3 | - | - | - | gap-and-go | scalp | - | profit | - | 10:00am | unknown | scalp |
| 4 | - | - | - | dip-buy | double bottom | scale outs | profit-scale | $3.55 | 10:15am | unknown | short |
=== FILE 0583 ===
TRADE_MECHANICS:
| # | FLOAT | GAP% | REL_VOL | PATTERN_TYPE | ENTRY_TRIGGER | ADD_ON_MECHANIC | STOP_CRITERIA | T1_TARGET | TIME_OF_ENTRY | MACD_STATE | HOLD_DURATION |
| 1 | - | - | - | gap-and-go | news pop | scale adds | profit-scale | $17.00 | 7:10am | unknown | extended |
| 2 | - | - | - | gap-and-go | multiple adds | scale adds | profit-scale | $13.30 | 7:30am | unknown | extended |
| 3 | - | - | - | gap-and-go | breakout | - | reversal | - | 8:00am | unknown | scalp |
=== FILE 0584 ===
SUMMARY_ONLY - Excluded from mechanics
=== FILE 0585 ===
TRADE_MECHANICS:
| # | FLOAT | GAP% | REL_VOL | PATTERN_TYPE | ENTRY_TRIGGER | ADD_ON_MECHANIC | STOP_CRITERIA | T1_TARGET | TIME_OF_ENTRY | MACD_STATE | HOLD_DURATION |
| 1 | - | - | - | dip-buy | dip at $1.90 | - | reversal | $2.00 | 9:00am | unknown | scalp |
| 2 | - | - | - | dip-buy | dip entry | - | reversal | - | 9:15am | unknown | scalp |
| 3 | - | - | - | gap-and-go | breakout | - | reversal | - | 9:30am | unknown | scalp |
| 4 | - | - | - | gap-and-go | breakout above $3.00 | scale shares | profit-scale | $3.40 | 9:45am | unknown | short |
| 5 | - | - | - | gap-and-go | false breakout | scale entry | profit-scale | $3.40 | 10:00am | unknown | short |
| 6 | - | - | - | gap-and-go | pre-market entry | open squeeze | profit-scale | $6.11 | 7:30am | unknown | short |
=== FILE 0586 ===
TRADE_MECHANICS:
| # | FLOAT | GAP% | REL_VOL | PATTERN_TYPE | ENTRY_TRIGGER | ADD_ON_MECHANIC | STOP_CRITERIA | T1_TARGET | TIME_OF_ENTRY | MACD_STATE | HOLD_DURATION |
| 1 | - | - | - | vwap-reclaim | break of vwap | - | profit-scale | $6.36 | 4:00am | unknown | scalp |
| 2 | - | - | - | gap-and-go | news pop | - | profit | - | 8:00am | unknown | scalp |
| 3 | - | - | - | dip-buy | deep seek news | - | profit | - | 9:30am | unknown | scalp |
| 4 | - | - | - | dip-buy | curl up pattern | add dips | profit-scale | - | 9:45am | unknown | short |
| 5 | - | - | - | gap-and-go | first new high | scale halts | profit-scale | $14.40 | 9:30am | unknown | extended |
=== FILE 0587 ===
TRADE_MECHANICS:
| # | FLOAT | GAP% | REL_VOL | PATTERN_TYPE | ENTRY_TRIGGER | ADD_ON_MECHANIC | STOP_CRITERIA | T1_TARGET | TIME_OF_ENTRY | MACD_STATE | HOLD_DURATION |
| 1 | - | - | - | vwap-reclaim | break of vwap | - | profit-scale | - | 7:30am | unknown | scalp |
| 2 | - | - | - | gap-and-go | dip re-entry | scale adds | reversal | - | 9:00am | unknown | short |
| 3 | - | - | - | gap-and-go | continuation | - | knife flush | - | 9:30am | unknown | scalp |
| 4 | - | - | - | dip-buy | dip trades | add breaks | profit-scale | $20.74 | 10:00am | unknown | short |
| 5 | - | - | - | dip-buy | bounce off support | add breaks | profit-scale | $32.38 | 10:30am | unknown | short |
| 6 | - | - | - | halt-resume | halt resume | - | no follow | - | 11:00am | unknown | scalp |
| 7 | - | - | - | vwap-reclaim | vwap break | squeeze | profit | $9.33 | 11:15am | unknown | short |
| 8 | - | - | - | gap-and-go | long bias test | - | reversal | - | 12:00pm | unknown | scalp |
=== FILE 0588 ===
TRADE_MECHANICS:
| # | FLOAT | GAP% | REL_VOL | PATTERN_TYPE | ENTRY_TRIGGER | ADD_ON_MECHANIC | STOP_CRITERIA | T1_TARGET | TIME_OF_ENTRY | MACD_STATE | HOLD_DURATION |
| 1 | - | 59% | - | gap-and-go | gap-and-go | add pivot | profit-scale | $15.50 | 9:30am | unknown | scalp |
| 2 | - | 78% | - | gap-and-go | premarket breakout | - | profit | - | 8:00am | unknown | scalp |
| 3 | - | - | - | red-to-green | breakout entry | add support | profit-scale | - | 9:30am | unknown | short |
=== FILE 0589 ===
TRADE_MECHANICS:
| # | FLOAT | GAP% | REL_VOL | PATTERN_TYPE | ENTRY_TRIGGER | ADD_ON_MECHANIC | STOP_CRITERIA | T1_TARGET | TIME_OF_ENTRY | MACD_STATE | HOLD_DURATION |
| 1 | - | - | - | gap-and-go | gap-and-go | scale entry | profit-scale | - | 9:30am | unknown | extended |
| 2 | - | - | - | gap-and-go | premarket strength | partial exits | profit-scale | - | 8:30am | unknown | short |
=== FILE 0590 ===
TRADE_MECHANICS:
| # | FLOAT | GAP% | REL_VOL | PATTERN_TYPE | ENTRY_TRIGGER | ADD_ON_MECHANIC | STOP_CRITERIA | T1_TARGET | TIME_OF_ENTRY | MACD_STATE | HOLD_DURATION |
| 1 | - | - | - | gap-and-go | momentum squeeze | - | profit-scale | - | - | unknown | extended |
| 2 | - | - | - | gap-and-go | premarket strength | - | profit | - | - | unknown | extended |
=== FILE 0591 ===
TRADE_MECHANICS:
| # | FLOAT | GAP% | REL_VOL | PATTERN_TYPE | ENTRY_TRIGGER | ADD_ON_MECHANIC | STOP_CRITERIA | T1_TARGET | TIME_OF_ENTRY | MACD_STATE | HOLD_DURATION |
| 1 | - | - | - | gap-and-go | momentum | - | profit | - | - | unknown | short |
| 2 | - | - | - | gap-and-go | momentum | - | profit | - | - | unknown | short |
| 3 | - | - | - | gap-and-go | momentum | - | profit | - | - | unknown | short |
| 4 | - | - | - | gap-and-go | momentum | - | profit | - | - | unknown | short |
=== FILE 0592 ===
SUMMARY_ONLY - Excluded from mechanics
=== FILE 0593 ===
TRADE_MECHANICS:
| # | FLOAT | GAP% | REL_VOL | PATTERN_TYPE | ENTRY_TRIGGER | ADD_ON_MECHANIC | STOP_CRITERIA | T1_TARGET | TIME_OF_ENTRY | MACD_STATE | HOLD_DURATION |
| 1 | - | - | - | gap-and-go | scanner hit | - | profit | - | 9:30am | unknown | scalp |
| 2 | - | - | - | gap-and-go | gap-up | - | profit | - | 9:30am | unknown | scalp |
=== FILE 0594 ===
TRADE_MECHANICS:
| # | FLOAT | GAP% | REL_VOL | PATTERN_TYPE | ENTRY_TRIGGER | ADD_ON_MECHANIC | STOP_CRITERIA | T1_TARGET | TIME_OF_ENTRY | MACD_STATE | HOLD_DURATION |
| 1 | - | - | - | gap-and-go | crypto news | scale exits | profit-scale | $5.12 | 9:30am | unknown | short |
| 2 | - | - | - | halt-resume | halt squeeze | - | reversal | - | 10:00am | unknown | short |
| 3 | - | - | - | gap-and-go | breakout | - | failed-breakout | - | 10:30am | unknown | scalp |
| 4 | - | - | - | dip-buy | similar pattern | - | reversal | - | 10:45am | unknown | scalp |
| 5 | - | - | - | halt-resume | halt squeeze | - | reversal | - | 11:00am | unknown | scalp |
=== FILE 0595 ===
TRADE_MECHANICS:
| # | FLOAT | GAP% | REL_VOL | PATTERN_TYPE | ENTRY_TRIGGER | ADD_ON_MECHANIC | STOP_CRITERIA | T1_TARGET | TIME_OF_ENTRY | MACD_STATE | HOLD_DURATION |
| 1 | - | - | - | gap-and-go | news pop | scale adds | profit-scale | $4.90 | 8:30am | unknown | short |
=== FILE 0596 ===
TRADE_MECHANICS:
| # | FLOAT | GAP% | REL_VOL | PATTERN_TYPE | ENTRY_TRIGGER | ADD_ON_MECHANIC | STOP_CRITERIA | T1_TARGET | TIME_OF_ENTRY | MACD_STATE | HOLD_DURATION |
| 1 | - | - | - | unknown | momentum | - | profit | - | - | unknown | scalp |
=== FILE 0597 ===
TRADE_MECHANICS:
| # | FLOAT | GAP% | REL_VOL | PATTERN_TYPE | ENTRY_TRIGGER | ADD_ON_MECHANIC | STOP_CRITERIA | T1_TARGET | TIME_OF_ENTRY | MACD_STATE | HOLD_DURATION |
| 1 | - | - | - | gap-and-go | breakout | - | profit | - | - | unknown | short |
=== FILE 0598 ===
TRADE_MECHANICS:
| # | FLOAT | GAP% | REL_VOL | PATTERN_TYPE | ENTRY_TRIGGER | ADD_ON_MECHANIC | STOP_CRITERIA | T1_TARGET | TIME_OF_ENTRY | MACD_STATE | HOLD_DURATION |
| 1 | - | - | - | dip-buy | relief bounce | - | failed-breakout | - | 9:30am | unknown | scalp |
| 2 | - | - | - | gap-and-go | 5-min high | micro-pullback | profit-scale | $17.50 | 9:45am | unknown | short |
| 3 | - | - | - | gap-and-go | pullback | dip add | profit-scale | $17.50 | 10:15am | unknown | short |
=== FILE 0599 ===
TRADE_MECHANICS:
| # | FLOAT | GAP% | REL_VOL | PATTERN_TYPE | ENTRY_TRIGGER | ADD_ON_MECHANIC | STOP_CRITERIA | T1_TARGET | TIME_OF_ENTRY | MACD_STATE | HOLD_DURATION |
| 1 | - | - | - | gap-and-go | major breakout | hold through | profit-scale | - | - | unknown | extended |
| 2 | - | - | - | gap-and-go | secondary trades | - | profit | - | - | unknown | short |
=== TSV_AUDIT ===
0550	1	GV	-	-	-	dip-buy	rally recovery	-	profit-scale	$6.40	7:00am	unknown	scalp
0550	2	GV	-	-	-	micro-pullback	early momentum	add on momentum	profit-scale	$7.20	6:15am	unknown	short
0550	3	GV	-	-	-	flat-top	rejection trade	-	failed-breakout	-	open	unknown	scalp
0550	4	SCNX	-	-	-	gap-and-go	news catalyst	-	breakeven	-	-	unknown	scalp
0550	5	SCNX	-	-	-	gap-and-go	news catalyst	-	reversal flush	-	-	unknown	scalp
0551	1	GV	-	-	-	gap-and-go	200-day MA break	-	profit-scale	$2.35	7:00am	unknown	scalp
0551	2	GV	-	-	-	whole-dollar-break	half-dollar break	-	profit-scale	$2.90	9:00am	unknown	scalp
0552	1	CADL	-	-	-	whole-dollar-break	algo spike	-	failed-breakout	-	8:30am	unknown	scalp
0552	2	MOMO	-	-	-	whole-dollar-break	algo spike	-	failed-breakout	-	8:30am	unknown	scalp
0552	3	ADTX	-	-	-	abcd	dip buy	scale up	failed-breakout	-	8:30am	unknown	short
0552	4	ADTX	-	-	-	dip-buy	dip recovery	-	profit-scale	-	10:15am	unknown	scalp
0554	1	CTRV	-	70%	-	gap-and-go	red-to-green	-	failed-breakout	$15.00	9:00am	unknown	scalp
0554	2	CTRV	-	-	-	micro-pullback	one-minute breakout	-	reversal flush	-	10:30am	unknown	scalp
0554	3	VISL	-	-	-	halt-resume	dip buy	scale adds	profit-scale	$3.00	10:15am	unknown	short
0555	1	GSUM	-	-	-	gap-and-go	continuation breakout	add momentum	profit-scale	$3.97	7:30am	unknown	short
0555	2	GSUM	-	-	-	flat-top	dip re-entry	-	failed-breakout	-	8:00am	unknown	scalp
0555	3	GSUM	-	-	-	dip-buy	dip re-entry	-	reversal	-	8:15am	unknown	scalp
0555	4	LRTN	-	-	-	whole-dollar-break	momentum entry	-	reversal	-	-	unknown	scalp
0555	5	RKDA	-	-	-	unknown	long/short scalps	-	direction change	-	-	unknown	scalp
0556	1	CODX	-	50%	-	gap-and-go	premarket high break	-	halt-down	$18.00	9:30am	unknown	scalp
0556	2	APT	-	50%	-	gap-and-go	premarket high break	-	halt-down	$22.00	9:35am	unknown	scalp
0557	1	NMRD	-	-	-	halt-resume	break over 9.95	scale adds	profit-scale	$10.08	9:00am	unknown	short
0557	2	MRNA	-	-	-	dip-buy	micro pullback	-	profit-scale	$11.21	9:30am	unknown	scalp
0557	3	AHPI	-	-	-	gap-and-go	break of support	-	failed-breakout	-	9:00am	unknown	scalp
0557	4	APT	-	-	-	whole-dollar-break	momentum entry	scale add	reversal	-	9:30am	unknown	scalp
0557	5	CODX	-	-	-	halt-resume	micro pullback	-	profit-scale	-	10:00am	unknown	scalp
0557	6	NBC	-	-	-	gap-and-go	squeeze breakout	-	profit-scalp	-	10:30am	unknown	scalp
0557	7	SLS	-	-	-	gap-and-go	squeeze	-	profit-scalp	-	10:45am	unknown	scalp
0557	8	TEDU	-	-	-	flat-top	double-top break	-	failed-breakout	-	11:00am	unknown	scalp
0558	1	SSY	-	-	-	gap-and-go	break of $2.00	-	profit-scale	$2.34	9:30am	unknown	scalp
0558	2	DRUG	-	-	-	gap-and-go	break of $2.50	-	profit-scale	$3.00	9:45am	unknown	short
0561	1	ZCMD	-	-	-	gap-and-go	break of $2.50	-	profit-scale	$2.66	7:30am	unknown	scalp
0561	2	EMKR	-	-	90.3x	dip-buy	breakout on news	-	profit-scale	$3.40	8:30am	unknown	short
0561	3	XHG	-	-	-	dip-buy	multiple dips	escalate entries	profit-scale	$2.25	8:00am	negative	short
0561	4	GRR	-	-	-	gap-and-go	small scalp	-	profit	-	-	unknown	scalp
0562	1	FM	-	-	-	gap-and-go	ascending support	micro-pull dips	profit-scale	$10.00	9:30am	unknown	short
0562	2	SYTA	-	-	-	red-to-green	news pop	break resistance	profit-scale	$5.10	9:45am	unknown	short
0562	3	WFUH	-	-	-	flat-top	halt pattern	-	failed-breakout	-	10:30am	unknown	scalp
0563	1	BCTX	-	-	-	gap-and-go	pre-market squeeze	dip entries	profit-scale	$9.50	9:00am	unknown	short
0563	2	MDJH	-	-	-	halt-resume	halt pattern	-	reversal	-	10:00am	unknown	scalp
0563	3	VVPR	-	-	-	halt-resume	halt resumption	-	failed-breakout	-	9:30am	unknown	scalp
0563	4	AMC	-	-	-	gap-and-go	quick scalp	-	profit	-	11:00am	unknown	scalp
0563	5	UON	-	-	-	gap-and-go	swing trade	-	profit	-	-	unknown	short
0564	1	DTSS	-	-	-	dip-buy	bounce off support	-	profit-scale	-	9:30am	unknown	short
0564	2	CARV	-	-	-	flat-top	pop reversal	-	reversal	-	10:00am	unknown	scalp
0564	3	MITQ	-	-	-	flat-top	pop reversal	-	reversal	-	10:15am	unknown	scalp
0564	4	SGOC	-	-	-	flat-top	pop reversal	-	reversal	-	10:30am	unknown	scalp
0564	5	AHPI	-	-	-	gap-and-go	breakout attempt	-	rug-pull	-	10:45am	unknown	scalp
0565	1	FAT	-	-	-	gap-and-go	halt-down resume	-	halt-down	-	9:30am	unknown	scalp
0565	2	IGC	-	-	-	red-to-green	break resistance	-	reversal	-	10:00am	unknown	scalp
0565	3	MCRB	-	-	-	gap-and-go	break attempts	-	missed move	-	10:30am	unknown	scalp
0565	4	NTN	-	-	-	dip-buy	consolidation	multiple dips	profit-scale	$7.76	8:30am	unknown	extended
0565	5	HX	-	-	-	micro-pullback	one-minute	-	rug-pull	-	10:15am	unknown	scalp
0566	1	EUDA	-	-	-	gap-and-go	pre-market long	-	recovery	$3.40	9:30am	unknown	scalp
0566	2	PACW	-	-	-	gap-and-go	squeeze follow	-	profit	-	10:00am	unknown	scalp
0567	1	SPI	-	150%	-	gap-and-go	dip buy at open	-	profit-scale	$7.35	9:30am	unknown	scalp
0567	2	ESOL	-	-	-	bull-flag	flag pattern	-	reversal	$5.00	10:00am	unknown	scalp
0568	1	TNXP	-	-	-	red-to-green	reverse-split break	-	rug-pull	-	9:00am	unknown	scalp
0568	2	DTRM	-	-	-	whole-dollar-break	whole-dollar pop	-	violent flush	-	9:30am	unknown	scalp
0568	3	ALQA	-	-	-	flat-top	halt-into-breakout	scale dips	profit-scale	$3.80	9:45am	unknown	short
0568	4	GPI	-	-	-	gap-and-go	merger gap	n/a	n/a	-	-	unknown	n/a
0568	5	TNXP	-	-	-	red-to-green	halt-resume	-	profit-scale	-	10:30am	unknown	scalp
0569	1	COOL	-	-	-	gap-and-go	gap-and-go	-	failed-breakout	$4.50	9:30am	unknown	scalp
0569	2	CIFS	-	-	-	gap-and-go	pop-up entry	-	reversal	-	10:00am	unknown	scalp
0569	3	SOLY	-	-	-	micro-pullback	pop-up	-	no follow-through	-	10:15am	unknown	scalp
0569	4	CTRV	-	-	-	micro-pullback	1-minute pullback	-	reversal	-	10:30am	unknown	scalp
0570	1	CLRB	-	94%	-	gap-and-go	half-dollar breakout	-	profit-scale	$12.44	9:30am	unknown	scalp
0570	2	GBR	-	-	-	whole-dollar-break	whole-dollar break	-	profit-scale	$4.08	9:45am	unknown	scalp
0570	3	PEDZ	-	-	-	gap-and-go	scanner popup	-	reversal	-	10:00am	unknown	scalp
0570	4	AWX	-	-	-	whole-dollar-break	scanner popup	-	profit	-	10:30am	unknown	scalp
0570	5	NDRA	-	-	-	gap-and-go	scanner popup	-	reversal	-	10:45am	unknown	scalp
0571	1	BIMI	-	-	-	gap-and-go	squeeze breakout	add highs	failed-breakout	$7.00	9:30am	unknown	short
0571	2	RDI	-	-	-	gap-and-go	gap-and-go	-	reversal	-	10:00am	unknown	scalp
0571	3	DTSS	-	-	-	gap-and-go	gap-and-go	-	reversal	-	10:15am	unknown	scalp
0572	1	RBZ	-	200%	-	halt-resume	halt resume	scalp halts	profit-scale	$16.00	9:30am	unknown	short
0572	2	CTRM	-	-	-	gap-and-go	sympathy momentum	add halts	profit-scale	$7.80	9:30am	unknown	short
0572	3	PHUN	-	-	-	gap-and-go	momentum entry	-	reversal	-	10:30am	unknown	scalp
0573	1	KTRA	-	-	-	whole-dollar-break	whole-dollar breakout	-	profit	$5.10	9:30am	unknown	scalp
0574	1	RDHL	-	-	-	gap-and-go	news pop	-	failed-breakout	$3.75	7:00am	unknown	scalp
0574	2	DWTX	-	-	-	dip-buy	micro pullback	-	profit-scale	$13.50	9:30am	unknown	short
0574	3	GV	-	-	-	red-to-green	opening breakout	-	profit	-	9:30am	unknown	scalp
0575	1	VSSE	-	-	-	dip-buy	micro pullback	squeeze adds	profit-scale	$7.25	6:43am	unknown	extended
0575	2	MKDW	-	-	-	vwap-reclaim	pullback dip	-	profit	$5.00	8:00am	unknown	scalp
0575	3	TBIO	-	-	-	dip-buy	micro pullback	multiple adds	profit-scale	-	9:00am	unknown	short
0575	4	DRMA	-	-	-	gap-and-go	low-float break	micro scalp	profit	-	10:15am	unknown	scalp
0576	1	RDBX	-	-	-	gap-and-go	momentum breakout	-	reversal	$18.00	9:30am	unknown	scalp
0576	2	DAWN	-	-	-	gap-and-go	premarket high break	-	profit-scale	$15.96	9:30am	unknown	short
0576	3	AERC	-	-	-	gap-and-go	daily breakout	-	profit	$14.75	10:00am	unknown	short
0577	1	DRIOY	-	-	-	dip-buy	double-bottom	break scalp	profit-scale	$11.00	9:30am	unknown	short
0577	2	DRIOY	-	-	-	dip-buy	false breakout	break scalp	profit-scale	$11.25	10:00am	unknown	scalp
0579	1	BIAF	-	-	-	vwap-reclaim	vwap reclaim	-	profit-scale	$6.09	7:30am	unknown	scalp
0579	2	ADTX	-	-	-	gap-and-go	vwap break	-	break-even	$30.00	8:00am	unknown	short
0580	1	ESPR	-	-	-	gap-and-go	initial entry	-	profit-scale	$10.33	9:00am	unknown	scalp
0580	2	ESPR	-	-	-	dip-buy	dip entry	-	profit	$10.33	9:30am	unknown	scalp
0580	3	DBGI	-	-	-	dip-buy	news pop	-	profit	-	10:15am	unknown	scalp
0581	1	NRBO	-	-	-	gap-and-go	gap-and-go starter	scale exits	profit-scale	$29.00	8:00am	unknown	short
0581	2	MEGL	-	-	-	gap-and-go	scalp	-	profit	-	9:30am	unknown	scalp
0581	3	LSTA	-	-	-	dip-buy	breakout starter	multiple adds	profit-scale	$9.75	8:30am	unknown	extended
0582	1	AMPX	-	-	-	dip-buy	bounce	-	profit-scale	$16.50	9:00am	unknown	scalp
0582	2	KNW	-	-	-	gap-and-go	breakout starter	dip adds	reversal	$3.00	9:30am	unknown	short
0582	3	ADTX	-	-	-	gap-and-go	scalp	-	profit	-	10:00am	unknown	scalp
0582	4	KNW	-	-	-	dip-buy	double bottom	scale outs	profit-scale	$3.55	10:15am	unknown	short
0583	1	EV	-	-	-	gap-and-go	news pop	scale adds	profit-scale	$17.00	7:10am	unknown	extended
0583	2	AMIX	-	-	-	gap-and-go	multiple adds	scale adds	profit-scale	$13.30	7:30am	unknown	extended
0583	3	SPGC	-	-	-	gap-and-go	breakout	-	reversal	-	8:00am	unknown	scalp
0585	1	YS	-	-	-	dip-buy	dip at $1.90	-	reversal	$2.00	9:00am	unknown	scalp
0585	2	DRMA	-	-	-	dip-buy	dip entry	-	reversal	-	9:15am	unknown	scalp
0585	3	AMST	-	-	-	gap-and-go	breakout	-	reversal	-	9:30am	unknown	scalp
0585	4	DRMA	-	-	-	gap-and-go	breakout above $3.00	scale shares	profit-scale	$3.40	9:45am	unknown	short
0585	5	DRMA	-	-	-	gap-and-go	false breakout	scale entry	profit-scale	$3.40	10:00am	unknown	short
0585	6	PTPI	-	-	-	gap-and-go	pre-market entry	open squeeze	profit-scale	$6.11	7:30am	unknown	short
0586	1	YIBO	-	-	-	vwap-reclaim	break of vwap	-	profit-scale	$6.36	4:00am	unknown	scalp
0586	2	NLSP	-	-	-	gap-and-go	news pop	-	profit	-	8:00am	unknown	scalp
0586	3	JFB	-	-	-	dip-buy	deep seek news	-	profit	-	9:30am	unknown	scalp
0586	4	QLGN	-	-	-	dip-buy	curl up pattern	add dips	profit-scale	-	9:45am	unknown	short
0586	5	ARAZ	-	-	-	gap-and-go	first new high	scale halts	profit-scale	$14.40	9:30am	unknown	extended
0587	1	MGAM	-	-	-	vwap-reclaim	break of vwap	-	profit-scale	-	7:30am	unknown	scalp
0587	2	MGAM	-	-	-	gap-and-go	dip re-entry	scale adds	reversal	-	9:00am	unknown	short
0587	3	GETTY	-	-	-	gap-and-go	continuation	-	knife flush	-	9:30am	unknown	scalp
0587	4	MGAM	-	-	-	dip-buy	dip trades	add breaks	profit-scale	$20.74	10:00am	unknown	short
0587	5	PGY	-	-	-	dip-buy	bounce off support	add breaks	profit-scale	$32.38	10:30am	unknown	short
0587	6	ELFA	-	-	-	halt-resume	halt resume	-	no follow	-	11:00am	unknown	scalp
0587	7	MAIA	-	-	-	vwap-reclaim	vwap break	squeeze	profit	$9.33	11:15am	unknown	short
0587	8	HKD	-	-	-	gap-and-go	long bias test	-	reversal	-	12:00pm	unknown	scalp
0588	1	JSPR	-	59%	-	gap-and-go	gap-and-go	add pivot	profit-scale	$2.35	9:30am	unknown	scalp
0588	2	CMMB	-	-	-	gap-and-go	premarket breakout	-	profit	-	8:00am	unknown	scalp
0588	3	RSLS	-	-	-	red-to-green	breakout entry	add support	profit-scale	-	9:30am	unknown	short
0589	1	SJ	-	-	-	gap-and-go	gap-and-go	scale entry	profit-scale	-	9:30am	unknown	extended
0589	2	BTX	-	-	-	gap-and-go	premarket strength	partial exits	profit-scale	-	8:30am	unknown	short
0590	1	WAFU	-	-	-	gap-and-go	momentum squeeze	-	profit-scale	-	-	unknown	extended
0590	2	EEIQ	-	-	-	gap-and-go	premarket strength	-	profit	-	-	unknown	extended
0591	1	APOP	-	-	-	gap-and-go	momentum	-	profit	-	-	unknown	short
0591	2	AEHR	-	-	-	gap-and-go	momentum	-	profit	-	-	unknown	short
0591	3	BLPH	-	-	-	gap-and-go	momentum	-	profit	-	-	unknown	short
0591	4	VRML	-	-	-	gap-and-go	momentum	-	profit	-	-	unknown	short
0593	1	ALLT	-	-	-	gap-and-go	scanner hit	-	profit	-	9:30am	unknown	scalp
0593	2	KOPN	-	-	-	gap-and-go	gap-up	-	profit	-	9:30am	unknown	scalp
0594	1	BURG	-	-	-	gap-and-go	crypto news	scale exits	profit-scale	$5.12	9:30am	unknown	short
0594	2	LTEA	-	-	-	halt-resume	halt squeeze	-	reversal	-	10:00am	unknown	short
0594	3	CHCI	-	-	-	gap-and-go	breakout	-	failed-breakout	-	10:30am	unknown	scalp
0594	4	SGRP	-	-	-	dip-buy	similar pattern	-	reversal	-	10:45am	unknown	scalp
0594	5	MTP	-	-	-	halt-resume	halt squeeze	-	reversal	-	11:00am	unknown	scalp
0595	1	JAM	-	-	-	gap-and-go	news pop	scale adds	profit-scale	$4.90	8:30am	unknown	short
0596	1	unknown	-	-	-	unknown	momentum	-	profit	-	-	unknown	scalp
0597	1	BNTC	-	-	-	gap-and-go	breakout	-	profit	-	-	unknown	short
0598	1	CAMT	-	-	-	dip-buy	relief bounce	-	failed-breakout	-	9:30am	unknown	scalp
0598	2	MOSY	-	-	-	gap-and-go	5-min high	micro-pullback	profit-scale	$17.50	9:45am	unknown	short
0598	3	MOSY	-	-	-	gap-and-go	pullback	dip add	profit-scale	$17.50	10:15am	unknown	short
0599	1	GLBS	-	-	-	gap-and-go	major breakout	hold through	profit-scale	-	-	unknown	extended
0599	2	unknown	-	-	-	gap-and-go	secondary trades	-	profit	-	-	unknown	short
0600	1	ITCI	-	-	-	S	-	S	-	S	-	-	-
0600	2	SAVA	-	-	-	S	-	S	-	S	-	-	-
0601	1	CATB	-	-	-	-	-	N	S	S	-	-	-
0601	2	CRDS	-	-	-	-	-	N	S	S	-	-	-
0601	3	GLBS	-	-	-	-	-	N	-	S	-	-	-
0602	1	SAVA	-	-	-	S	-	N	-	S	-	-	-
0602	2	MBOT	-	-	-	S	-	N	S	S	-	-	-
0602	3	MBOT	-	-	-	-	-	N	-	S	-	-	-
0602	4	CLPS	-	-	-	-	-	N	-	S	-	-	-
0603	1	GLBS	-	-	-	S	-	S	S	S	-	-	-
0603	2	SGY	-	-	-	S	-	S	-	S	-	-	-
0603	3	DFFN	-	-	-	-	-	S	-	S	-	-	-
0604	1	ETRM	-	-	-	-	-	S	-	S	-	-	S
0604	2	GLBS	-	-	-	-	-	S	S	S	-	-	S
0604	3	SGY	-	-	-	S	-	S	-	S	-	-	S
0604	4	ZX	-	-	-	-	-	S	S	S	-	-	S
0605	1	VRNA	-	-	-	S	-	S	-	S	-	-	S
0605	2	TTPH	-	-	-	-	-	S	-	S	-	-	S
0605	3	ITRM	-	-	-	S	-	S	-	S	-	-	S
0605	4	PDSB	-	-	-	-	-	S	-	S	-	-	S
0605	5	MREO	-	-	-	-	-	S	S	S	-	-	S
0606	1	BGI	-	-	-	-	-	S	-	S	-	-	-
0607	1	BGI	-	-	-	-	-	N	-	-	-	-	-
0608	1	CPAH	-	-	-	S	-	S	-	S	-	-	-
0608	2	INOV	-	-	-	-	-	S	S	S	-	-	-
0608	3	NBR	-	-	-	S	-	S	S	S	-	-	-
0608	4	CEDX	-	-	-	-	-	S	-	S	-	-	-
0608	5	WLL	-	-	-	S	-	S	-	S	-	-	-
0609	1	SVRA	-	-	-	-	-	S	-	S	-	-	S
0609	2	SLGL	-	-	-	S	-	S	S	S	-	-	S
0609	3	PYX	-	-	-	S	-	S	-	S	-	-	S
0609	4	QUIK	-	-	-	-	-	S	-	S	-	-	S
0609	5	SEED	-	-	-	-	-	S	-	S	-	-	S
0609	6	SIVA	-	-	-	-	-	S	-	S	-	-	S
0609	7	MKD	-	-	-	-	-	S	-	S	-	-	S
0610	1	NEURO	-	-	-	-	-	S	-	S	-	-	S
0610	2	IMAC	-	-	-	-	-	S	S	S	-	-	S
0610	3	NVCN	-	-	-	S	-	S	S	S	-	-	S
0610	4	EVSI	-	-	-	-	-	S	-	S	-	-	S
0610	5	ONCY	-	-	-	-	-	S	S	S	-	-	S
0611	1	FFHL	-	S	-	S	-	S	-	S	-	-	S
0611	2	FFHL	-	S	-	-	-	S	S	S	-	-	S
0611	3	MSDI	-	S	-	-	-	S	-	S	-	-	S
0612	1	GLBS	-	-	-	S	-	N	S	S	-	-	S
0612	2	MYOS	-	-	-	S	-	N	-	S	-	-	S
0612	3	ESES	-	-	-	-	-	N	-	S	-	-	S
0612	4	PM	-	-	-	-	-	N	S	S	-	-	S
0613	1	RGSC	-	-	-	S	-	N	-	S	-	-	S
0614	1	ATXI	-	-	-	-	-	N	S	S	-	-	S
0614	2	OUR	-	-	-	S	-	N	-	S	-	-	S
0614	3	TWAC	-	-	-	-	-	N	-	S	-	-	S
0614	4	DWAC	-	-	-	-	-	N	S	S	-	-	S
0615	1	AIFF	-	-	-	-	-	N	-	S	-	-	-
0615	2	AIFF	-	-	-	S	-	N	-	S	-	-	-
0615	3	NRUP	-	-	-	-	-	N	S	S	-	-	-
0615	4	BDRX	-	-	-	-	-	N	-	S	-	-	-
0615	5	XLTI	-	-	-	S	-	N	S	S	-	-	-
0615	6	AIFF	-	-	-	S	-	N	-	S	-	-	-
0616	1	SMIT	S	-	-	-	-	N	-	S	-	-	S
0616	2	PTGX	S	-	-	-	-	N	S	S	-	-	S
0616	3	PTGX	S	-	-	S	-	N	S	S	-	-	S
0617	1	EV	-	-	-	-	-	N	-	S	-	-	S
0617	2	IDXG	-	-	-	-	-	N	S	S	-	-	S
0617	3	HMNY	-	-	-	-	-	N	-	S	-	-	S
0618	1	HSDT	-	S	-	-	-	N	-	S	-	-	-
0618	2	HSDT	-	S	-	S	-	N	-	S	-	-	-
0618	3	HSDT	-	S	-	-	-	N	-	S	-	-	-
0618	4	HSDT	-	S	-	-	-	N	S	S	-	-	-
0619	1	BJDX	-	-	-	S	-	S	-	S	-	-	S
0619	2	BJDX	-	-	-	-	-	S	-	S	-	-	S
0619	3	BJDX	-	-	-	-	-	S	-	S	-	-	S
0619	4	BJDX	-	-	-	-	-	S	-	S	-	-	S
0620	1	RGSE	-	-	-	-	-	S	S	S	-	-	-
0621	1	HMNY	-	S	-	-	-	S	-	S	-	-	-
0621	2	PLUM	-	S	-	-	-	S	S	S	-	-	-
0621	3	ETRM	-	S	-	-	-	S	S	S	-	-	-
0622	1	PLUM	-	-	-	-	-	S	-	S	-	-	S
0622	2	NAKD	-	-	-	-	-	S	-	S	-	-	S
0622	3	BNTC	-	-	-	-	-	S	-	S	-	-	S
0622	4	APOP	-	-	-	-	-	S	S	S	-	-	S
0623	1	APDN	-	S	-	S	-	S	-	S	-	-	S
0623	2	RVP	-	S	-	-	-	S	-	S	-	-	S
0624	1	GNPX	-	S	-	-	-	S	-	S	-	-	S
0624	2	VIS	-	S	-	-	-	S	-	S	-	-	S
0624	3	DYAI	-	S	-	-	-	S	-	S	-	-	S
0624	4	CLSK	-	S	-	-	-	S	S	S	-	-	S
0625	1	ETRM	-	-	-	-	-	N	-	-	-	-	-
0625	2	PLUM	-	-	-	-	-	N	S	-	-	-	-
0625	3	OPPT	-	-	-	-	-	N	-	-	-	-	-
0626	1	XRF	S	S	-	-	-	S	-	S	-	-	S
0627	1	IO	S	-	-	-	-	S	-	S	-	-	-
0627	2	PIXIE	S	-	-	S	-	S	S	S	-	-	-
0627	3	TTPH	S	-	-	S	-	S	S	S	-	-	-
0628	1	DFFN	-	-	-	-	-	S	-	S	-	-	S
0628	2	APOP	-	-	-	-	-	S	-	S	-	-	S
0628	3	XGTI	-	-	-	-	-	S	S	S	-	-	S
0628	4	AEHR	-	-	-	-	-	S	-	S	-	-	S
0629	1	FTECH	-	-	-	-	-	S	-	S	-	-	S
0629	2	VUZI	-	-	-	-	-	S	-	S	-	-	S
0629	3	PTGX	-	-	-	S	-	S	S	S	-	-	S
0629	4	MRAM	-	-	-	-	-	S	S	S	-	-	S
0630	1	APOP	-	-	-	S	-	N	-	S	-	-	S
0630	2	APOP	-	-	-	-	-	N	S	S	-	-	S
0630	3	APOP	-	-	-	S	-	N	-	S	-	-	S
0630	4	CMT	-	-	-	-	-	N	-	S	-	-	S
0630	5	AMC	-	-	-	-	-	N	-	S	-	-	S
0630	6	CLBS	-	-	-	-	-	N	S	S	-	-	S
0631	1	KBSF	-	-	-	-	-	S	-	S	-	-	S
0631	2	KBSF	-	-	-	-	-	S	S	S	-	-	S
0631	3	KBSF	-	-	-	-	-	S	S	S	-	-	S
0632	1	CBAY	S	-	-	-	-	S	S	S	-	-	S
0632	2	CBAY	S	-	-	-	-	S	-	S	-	-	S
0632	3	NINE	S	-	-	-	-	S	S	S	-	-	S
0632	4	STC	S	-	-	-	-	S	-	S	-	-	S
0632	5	NVAX	S	-	-	S	-	S	-	S	-	-	S
0632	6	CBAY	S	-	-	-	-	S	-	S	-	-	S
0632	7	NVAX	S	-	-	-	-	S	-	S	-	-	S
0632	8	GRUB	S	-	-	S	-	S	-	S	-	-	S
0633	1	KBSF	-	-	-	-	-	S	-	S	-	-	S
0633	2	KBSF	-	-	-	-	-	S	S	S	-	-	S
0633	3	MYOS	-	-	-	-	-	S	-	S	-	-	S
0633	4	MYOS	-	-	-	-	-	S	S	S	-	-	S
0633	5	GLBS	-	-	-	-	-	S	-	S	-	-	S
0633	6	GLBS	-	-	-	-	-	S	S	S	-	-	S
0633	7	GLBS	-	-	-	-	-	S	S	S	-	-	S
0633	8	SOO	-	-	-	-	-	S	-	S	-	-	S
0634	1	STAC	-	S	-	-	-	N	-	S	-	-	S
0634	2	SES	-	S	-	-	-	N	-	S	-	-	S
0634	3	IMAC	-	S	-	S	-	N	S	S	-	-	S
0634	4	HEPA	-	S	-	-	-	N	-	S	-	-	S
0635	1	RDHL	-	-	-	-	-	S	-	S	-	-	S
0635	2	ARAB	-	-	-	-	-	S	S	S	-	-	S
0635	3	QNRX	-	-	-	-	-	S	-	S	-	-	S
0635	4	RDHL	-	-	-	-	-	S	-	S	-	-	S
0636	1	HMNY	-	-	-	-	-	N	-	S	-	-	S
0636	2	COO	-	-	-	-	-	N	S	S	-	-	S
0636	3	ETRM	-	-	-	-	-	N	-	S	-	-	S
0636	4	OPTT	-	-	-	-	-	N	-	S	-	-	S
0636	5	PN	-	-	-	-	-	N	S	S	-	-	S
0637	1	SIF	-	-	-	-	-	S	-	S	-	-	S
0637	2	SIF	-	-	-	S	-	S	-	S	-	-	S
0637	3	SIF	-	-	-	-	-	S	-	S	-	-	S
0637	4	SL	-	-	-	S	-	S	S	S	-	-	S
0637	5	FWP	-	-	-	-	-	S	-	S	-	-	S
0637	6	FWP	-	-	-	S	-	S	-	S	-	-	S
0638	1	RV	-	-	-	S	-	S	-	S	-	-	-
0638	2	ZIS	-	-	-	-	-	S	-	S	-	-	-
0638	3	AHPI	-	-	-	-	-	S	S	S	-	-	-
0638	4	APOP	-	-	-	-	-	S	-	S	-	-	-
0639	1	APDN	S	-	-	S	-	S	S	S	-	-	-
0639	2	AIM	S	-	-	-	-	S	-	S	-	-	-
0639	3	ALT	S	-	-	-	-	S	-	S	-	-	-
0639	4	AKER	S	-	-	S	-	S	-	S	-	-	-
0640	1	EV	-	-	-	S	-	S	-	S	-	-	S
0640	2	FNCX	-	-	-	-	-	S	S	S	-	-	S
0640	3	QBAK	-	-	-	-	-	S	S	S	-	-	S
0640	4	NOOV	-	-	-	S	-	S	-	S	-	-	S
0641	1	BLIN	S	S	-	-	-	S	-	S	-	-	S
0641	2	BLIN	S	S	-	-	-	S	S	S	-	-	S
0641	3	ACB	S	S	-	S	-	S	-	S	-	-	S
0641	4	SRNE	S	S	-	-	-	S	S	S	-	-	S
0641	5	SRNE	S	S	-	-	-	S	S	S	-	-	S
0641	6	SRNE	S	S	-	-	-	S	-	S	-	-	S
0642	1	NOOV	-	-	-	-	-	S	S	S	-	-	-
0642	2	CURB	-	-	-	S	-	S	-	S	-	-	-
0642	3	PSIX	-	-	-	-	-	S	S	S	-	-	-
0643	1	SRNE	-	-	-	S	-	S	S	S	-	-	-
0643	2	BSGM	-	-	-	-	-	S	S	S	-	-	-
0643	3	ACB	-	-	-	S	-	S	-	S	-	-	-
0644	1	INAP	-	-	-	S	-	S	-	S	-	-	S
0644	2	MBOT	-	-	-	-	-	S	-	S	-	-	S
0644	3	MBOT	-	-	-	-	-	S	S	S	-	-	S
0644	4	KBSF	-	-	-	S	-	S	-	S	-	-	S
0645	1	PHUN	-	-	-	S	-	S	-	S	-	-	-
0645	2	PHUN	-	-	-	S	-	S	S	S	-	-	-
0645	3	PHUN	-	-	-	S	-	S	S	S	-	-	-
0645	4	NNDM	-	-	-	-	-	S	-	S	-	-	-
0645	5	RMBL	-	-	-	S	-	S	-	S	-	-	-
0645	6	CCCL	-	-	-	-	-	S	-	S	-	-	-
0645	7	ACY	-	-	-	-	-	S	-	S	-	-	-
0645	8	SFET	-	-	-	-	-	S	S	S	-	-	-
0646	1	XTNT	S	S	-	S	-	S	S	S	-	-	-
0646	2	SURF	S	S	-	S	-	S	-	S	-	-	-
0646	3	SMCA	S	S	-	-	-	S	-	S	-	-	-
0647	1	SRNA	-	-	-	S	-	S	S	S	-	-	S
0647	2	SKYS	-	-	-	S	-	S	S	S	-	-	S
0647	3	CLSN	-	-	-	S	-	S	-	S	-	-	S
0647	4	USAU	-	-	-	S	-	S	-	S	-	-	S
0647	5	OBLN	-	-	-	S	-	S	-	S	-	-	S
0647	6	ALT	-	-	-	S	-	S	-	S	-	-	S
0648	1	HTZ	S	-	-	S	-	S	-	S	-	-	-
0648	2	ECJ	S	-	-	S	-	S	-	S	-	-	-
0648	3	MRSN	S	-	-	S	-	S	-	S	-	-	-=== FILE 0650 ===
TRADE_MECHANICS:
| # | FLOAT | GAP% | REL_VOL | PATTERN_TYPE | ENTRY_TRIGGER | ADD_ON_MECHANIC | STOP_CRITERIA | T1_TARGET | TIME_OF_ENTRY | MACD_STATE | HOLD_DURATION |
|---|-------|------|---------|--------------|---------------|-----------------|---------------|-----------|---------------|------------|---------------|
| 1 | low-float | sympathy | high | dip-buy | break of $3 / dip re-entry | added 1000 shares at $3.19 | failed new high below $3.32 | $3.22-$3.23 | pre-market/open | - | short |
| 2 | - | reverse-split | - | gap-and-go | reverse split bounce / post-pop entry | - | - | $5.35 | pre-market | - | short |
=== FILE 0651 ===
TRADE_MECHANICS:
| # | FLOAT | GAP% | REL_VOL | PATTERN_TYPE | ENTRY_TRIGGER | ADD_ON_MECHANIC | STOP_CRITERIA | T1_TARGET | TIME_OF_ENTRY | MACD_STATE | HOLD_DURATION |
|---|-------|------|---------|--------------|---------------|-----------------|---------------|-----------|---------------|------------|---------------|
| 1 | 4M | - | high | gap-and-go | recent IPO breakout / break of premarket high | six separate entries, scaling at $5.80-$6.59 | failed continuation | $6.30-$6.50+ | pre-market/open | - | extended |
=== FILE 0652 ===
TRADE_MECHANICS:
| # | FLOAT | GAP% | REL_VOL | PATTERN_TYPE | ENTRY_TRIGGER | ADD_ON_MECHANIC | STOP_CRITERIA | T1_TARGET | TIME_OF_ENTRY | MACD_STATE | HOLD_DURATION |
|---|-------|------|---------|--------------|---------------|-----------------|---------------|-----------|---------------|------------|---------------|
| 1 | - | 125% | high | dip-buy | premarket move / opening range breakout | scaled at $5.25, $5.75, $5.98 | reversed after $5.98 | $5.98 | 9:30am+ | - | extended |
| 2 | - | 142% | high | dip-buy | halt resume dip-buy / multiple breakout attempts | scaled at multiple resistance levels | reversed at $17.50, late exit | $19.58 | morning | - | extended |
| 3 | - | 106% | high | vwap-reclaim | breakout of VWAP / pullback dip trade | scaled at $10.50 | - | $10.50 | morning | - | extended |
=== FILE 0653 ===
TRADE_MECHANICS:
| # | FLOAT | GAP% | REL_VOL | PATTERN_TYPE | ENTRY_TRIGGER | ADD_ON_MECHANIC | STOP_CRITERIA | T1_TARGET | TIME_OF_ENTRY | MACD_STATE | HOLD_DURATION |
|---|-------|------|---------|--------------|---------------|-----------------|---------------|-----------|---------------|------------|---------------|
| 1 | - | 100%+ | high | false-breakout | false breakout / pullback dip trade | scaled at $2.67, $2.85, $2.94 | flushed on pullback | $2.94 | pre-market/open | - | short |
| 2 | - | 100%+ | high | dip-buy | first pullback dips / 5-min alignment breakout | scaled at $5.01, $5.13-$5.20, $4.80-$4.90 | reversed sharply at $5.37 | $5.27-$5.73 | morning | - | extended |
=== FILE 0654 ===
TRADE_MECHANICS:
| # | FLOAT | GAP% | REL_VOL | PATTERN_TYPE | ENTRY_TRIGGER | ADD_ON_MECHANIC | STOP_CRITERIA | T1_TARGET | TIME_OF_ENTRY | MACD_STATE | HOLD_DURATION |
|---|-------|------|---------|--------------|---------------|-----------------|---------------|-----------|---------------|------------|---------------|
| 1 | - | 20% | - | whole-dollar-break | first 5-minute candle high break / gapped 20% | - | failed follow-through at $6.79 | $7.00-$7.20 | morning | - | scalp |
| 2 | - | - | - | red-to-green | scanner pop / impatient entry / first candle | - | reversal - no follow-through | $7.98+ | morning | - | scalp |
| 3 | - | - | - | abcd | ABCD pattern anticipation / consolidation | - | ABC trigger, minimal loss | $13.84-$18.00 | morning | - | short |
=== FILE 0655 ===
TRADE_MECHANICS:
| # | FLOAT | GAP% | REL_VOL | PATTERN_TYPE | ENTRY_TRIGGER | ADD_ON_MECHANIC | STOP_CRITERIA | T1_TARGET | TIME_OF_ENTRY | MACD_STATE | HOLD_DURATION |
|---|-------|------|---------|--------------|---------------|-----------------|---------------|-----------|---------------|------------|---------------|
| 1 | - | 218-250% | high | gap-and-go | premarket break / opening range breakout | scaled via dip trades off $4.00 VWAP | - | $5.00+ | pre-market/open | - | extended |
=== FILE 0656 ===
TRADE_MECHANICS:
| # | FLOAT | GAP% | REL_VOL | PATTERN_TYPE | ENTRY_TRIGGER | ADD_ON_MECHANIC | STOP_CRITERIA | T1_TARGET | TIME_OF_ENTRY | MACD_STATE | HOLD_DURATION |
|---|-------|------|---------|--------------|---------------|-----------------|---------------|-----------|---------------|------------|---------------|
| 1 | - | - | - | whole-dollar-break | opening range breakout / first 5-min candle | scaled, added back -$500 loss | reversal | $3.92-$3.89 | morning | - | short |
| 2 | - | - | high | vwap-reclaim | VWAP breakout / aggressive add chase | scaled on squeeze to $3.63-$3.64 | - | $3.63-$3.64 | morning | - | short |
| 3 | - | - | high | whole-dollar-break | 5-minute consolidation breakout / add aggressively | sharp reversal | $4.00-$4.10 | morning | - | scalp |
=== FILE 0657 ===
TRADE_MECHANICS:
| # | FLOAT | GAP% | REL_VOL | PATTERN_TYPE | ENTRY_TRIGGER | ADD_ON_MECHANIC | STOP_CRITERIA | T1_TARGET | TIME_OF_ENTRY | MACD_STATE | HOLD_DURATION |
|---|-------|------|---------|--------------|---------------|-----------------|---------------|-----------|---------------|------------|---------------|
| 1 | - | - | high | halt-resume | halt resume dip-buy / multiple entries | dip purchases at $9.75-$10.00 | halted going down, stopped out | $10.30-$10.45 | pre-market/morning | - | extended |
| 2 | - | 96% | - | gap-and-go | premarket-pivot breakover $4.27 / 5-minute breakout | scaled 5,000-10,000 share adds | VWAP retest flushed lower | $4.66 | morning | - | short |
| 3 | - | 24% | high | halt-resume | halt resume dip-buy / series of adds | scaled adds at $5.55, $5.70, $5.85, $6.00, $6.10 | halted going down at $6.20, reversed | $6.70 | morning | - | extended |
=== FILE 0658 ===
TRADE_MECHANICS:
| # | FLOAT | GAP% | REL_VOL | PATTERN_TYPE | ENTRY_TRIGGER | ADD_ON_MECHANIC | STOP_CRITERIA | T1_TARGET | TIME_OF_ENTRY | MACD_STATE | HOLD_DURATION |
|---|-------|------|---------|--------------|---------------|-----------------|---------------|-----------|---------------|------------|---------------|
| 1 | - | - | - | false-breakout | continuation move / VWAP above moving averages | adds at $3.60 | failed new high above $3.86 | $3.80s | morning | - | short |
| 2 | - | - | - | red-to-green | short after consecutive green candles | incremental covering $57.88-$57.68 | reversal | $57.67 low | morning | - | scalp |
| 3 | - | - | - | gap-and-go | recent reverse split / first breakout | aggressive adds via hotkey to 20,000 shares | stalled at $5.40 | $5.27-$6.00 | late morning | - | short |
=== FILE 0659 ===
TRADE_MECHANICS:
| # | FLOAT | GAP% | REL_VOL | PATTERN_TYPE | ENTRY_TRIGGER | ADD_ON_MECHANIC | STOP_CRITERIA | T1_TARGET | TIME_OF_ENTRY | MACD_STATE | HOLD_DURATION |
|---|-------|------|---------|--------------|---------------|-----------------|---------------|-----------|---------------|------------|---------------|
| 1 | - | - | high | halt-resume | premarket dip buys / multiple breakouts | scaled adds on pop to $9.50 and after premarket pullback | activist short alert halt resume | $11.73 | pre-market/morning | - | extended |
| 2 | - | 174% | high | dip-buy | premarket dip / multiple adds at resistance | scaled at $4.00, $4.11, $4.45 | - | $6.00+ | pre-market/morning | - | extended |
=== FILE 0660 ===
TRADE_MECHANICS:
| # | FLOAT | GAP% | REL_VOL | PATTERN_TYPE | ENTRY_TRIGGER | ADD_ON_MECHANIC | STOP_CRITERIA | T1_TARGET | TIME_OF_ENTRY | MACD_STATE | HOLD_DURATION |
|---|-------|------|---------|--------------|---------------|-----------------|---------------|-----------|---------------|------------|---------------|
| 1 | - | - | - | dip-buy | dip buy / break of VWAP | scaled on bounce | reversal flush | $12.50-$12.88 | morning | - | short |
| 2 | - | - | - | dip-buy | dip buy / pop off lows | scaled on bounce | - | $12.50+ | morning | - | scalp |
| 3 | - | - | - | unknown | continuation entry | - | failed-breakout | - | morning | - | short |
| 4 | - | - | - | whole-dollar-break | break of whole dollar | scaled at $4.06 | reversal | $4.06 | morning | - | short |
| 5 | - | - | - | whole-dollar-break | break of prior resistance | - | reversal stopped at $4 | $4.15+ | morning | - | scalp |
| 6 | - | - | - | halt-resume | halt resume / opening range breakout | scaled at $2.90-$3.05 | - | $3.05+ | morning | - | short |
| 7 | - | - | - | halt-resume | halt resume / dip add | scaled at $5.85-$6.00 | - | $6.00+ | morning | - | short |
| 8 | - | - | - | unknown | unknown entry | quick exit | - | - | morning | - | scalp |
| 9 | - | - | - | dip-buy | dip buy | scaled at $43-$44 | - | $43-$44 | morning | - | short |
| 10 | - | - | - | dip-buy | re-entry on dip | - | reversal | - | morning | - | scalp |
| 11 | - | - | - | whole-dollar-break | break of whole dollar / add at $16 | - | reversal flushed down | $16+ | morning | - | short |
| 12 | - | - | - | dip-buy | dip re-entry | scaled at high | - | high | morning | - | short |
| 13 | - | - | - | whole-dollar-break | break of premarket high / micro pullback | scaled at $4.50 | - | $4.50+ | morning | - | short |
=== FILE 0661 ===
TRADE_MECHANICS:
| # | FLOAT | GAP% | REL_VOL | PATTERN_TYPE | ENTRY_TRIGGER | ADD_ON_MECHANIC | STOP_CRITERIA | T1_TARGET | TIME_OF_ENTRY | MACD_STATE | HOLD_DURATION |
|---|-------|------|---------|--------------|---------------|-----------------|---------------|-----------|---------------|------------|---------------|
| 1 | - | - | - | red-to-green | chasing momentum squeeze | reversal flushed | - | - | morning | - | scalp |
| 2 | - | - | - | whole-dollar-break | whole dollar entry / chasing | reversal slippage to $3.66 | - | $4.25-$4.50 | morning | - | scalp |
| 3 | - | - | - | red-to-green | short on reversal | bounced off low | - | - | morning | - | scalp |
| 4 | - | - | - | red-to-green | red-to-green / first HoD move | reversal | - | - | morning | - | scalp |
=== FILE 0662 ===
TRADE_MECHANICS:
| # | FLOAT | GAP% | REL_VOL | PATTERN_TYPE | ENTRY_TRIGGER | ADD_ON_MECHANIC | STOP_CRITERIA | T1_TARGET | TIME_OF_ENTRY | MACD_STATE | HOLD_DURATION |
|---|-------|------|---------|--------------|---------------|-----------------|---------------|-----------|---------------|------------|---------------|
| 1 | - | - | - | gap-and-go | gap-and-go / break of premarket high | scaled at $7.50 on breakout | - | $8+ | morning | - | short |
| 2 | - | - | - | micro-pullback | micro pullback dip entry | scaled on surge to $8+ | - | $8+ | morning | - | short |
| 3 | - | - | - | whole-dollar-break | break of whole dollar | flat exit on pullback | - | $8.85 | morning | - | scalp |
| 4 | - | - | - | whole-dollar-break | breakout re-entry / surge move | booked on spike to $8.85 | - | $8.85 | morning | - | scalp |
| 5 | - | - | - | dip-buy | bounce off support | failed-breakout stopped | - | $7.05+ | morning | - | scalp |
| 6 | - | - | - | whole-dollar-break | break of whole dollar | reversal | - | $7.05+ | morning | - | scalp |
| 7 | - | - | - | dip-buy | bounce / re-entry attempt | failed-breakout | - | - | morning | - | scalp |
=== FILE 0663 ===
TRADE_MECHANICS:
| # | FLOAT | GAP% | REL_VOL | PATTERN_TYPE | ENTRY_TRIGGER | ADD_ON_MECHANIC | STOP_CRITERIA | T1_TARGET | TIME_OF_ENTRY | MACD_STATE | HOLD_DURATION |
|---|-------|------|---------|--------------|---------------|-----------------|---------------|-----------|---------------|------------|---------------|
| 1 | - | - | - | red-to-green | momentum squeeze on momo scanner | dip bought | reversal | - | morning | - | scalp |
| 2 | - | - | - | gap-and-go | gap-down reversal / opening setup | - | reversal false breakout | - | morning | - | scalp |
| 3 | - | - | - | whole-dollar-break | break of seller resistance / dip buy | scaled at $2.33-$2.34 | - | $2.34+ | morning | - | short |
| 4 | - | - | - | red-to-green | momentum squeeze / breakout | - | failed-breakout at $2.40 | $2.40+ | morning | - | short |
=== FILE 0664 ===
TRADE_MECHANICS:
| # | FLOAT | GAP% | REL_VOL | PATTERN_TYPE | ENTRY_TRIGGER | ADD_ON_MECHANIC | STOP_CRITERIA | T1_TARGET | TIME_OF_ENTRY | MACD_STATE | HOLD_DURATION |
|---|-------|------|---------|--------------|---------------|-----------------|---------------|-----------|---------------|------------|---------------|
| 1 | - | - | - | gap-and-go | break of resistance / short squeeze | double top rejection at $11.87 | - | $11.87 | morning | - | scalp |
| 2 | - | - | - | dip-buy | dip re-entry / cup-and-handle pattern | scaled at $12.20-$12.50 | - | $12.50 | morning | - | extended |
| 3 | - | - | - | gap-and-go | break of whole dollar on news | scaled at $9.50-$10.00 | - | $10+ | morning | - | short |
| 4 | - | - | - | dip-buy | dip re-entry / curl back up | scaled to break $11.00+ | double top rejection | $11.00+ | morning | - | short |
| 5 | - | - | - | red-to-green | re-entry on second move | - | double top rejection | - | morning | - | short |
| 6 | - | - | - | gap-and-go | break of resistance / momentum squeeze | scaled at $12.00 | - | $12.00+ | morning | - | short |
=== FILE 0665 ===
TRADE_MECHANICS:
| # | FLOAT | GAP% | REL_VOL | PATTERN_TYPE | ENTRY_TRIGGER | ADD_ON_MECHANIC | STOP_CRITERIA | T1_TARGET | TIME_OF_ENTRY | MACD_STATE | HOLD_DURATION |
|---|-------|------|---------|--------------|---------------|-----------------|---------------|-----------|---------------|------------|---------------|
| 1 | - | - | - | red-to-green | momentum squeeze | scaled on strength | reversal | $2.33-$2.34 | morning | - | scalp |
| 2 | - | - | - | dip-buy | dip re-entry | partial exit | reversal | - | morning | - | short |
| 3 | - | - | - | red-to-green | re-entry on move | reversal | - | - | morning | - | scalp |
| 4 | - | - | - | red-to-green | momentum spike | quick exit | reversal | - | morning | - | scalp |
| 5 | - | - | - | dip-buy | dip re-entry | scaled | reversal | - | morning | - | short |
| 6 | - | - | - | red-to-green | second re-entry | - | reversal | - | morning | - | scalp |
=== FILE 0666 ===
TRADE_MECHANICS:
| # | FLOAT | GAP% | REL_VOL | PATTERN_TYPE | ENTRY_TRIGGER | ADD_ON_MECHANIC | STOP_CRITERIA | T1_TARGET | TIME_OF_ENTRY | MACD_STATE | HOLD_DURATION |
|---|-------|------|---------|--------------|---------------|-----------------|---------------|-----------|---------------|------------|---------------|
| 1 | - | 100% | - | gap-and-go | momentum spike on 100% gap | quick exit on spike | failed-breakout | $2.40-$2.44 | morning | - | scalp |
| 2 | - | - | - | dip-buy | bounce on red candle | - | failed-breakout | $2.31+ | morning | - | scalp |
| 3 | - | - | - | whole-dollar-break | break of first 5-min high | scaled at $2.40-$2.44 | - | $2.44+ | morning | - | short |
| 4 | - | - | high | gap-and-go | momentum spike / spiking up | scaled on spike to $3.19 | disappeared 10k bid | $3.20 | morning | - | short |
=== FILE 0667 ===
TRADE_MECHANICS:
| # | FLOAT | GAP% | REL_VOL | PATTERN_TYPE | ENTRY_TRIGGER | ADD_ON_MECHANIC | STOP_CRITERIA | T1_TARGET | TIME_OF_ENTRY | MACD_STATE | HOLD_DURATION |
|---|-------|------|---------|--------------|---------------|-----------------|---------------|-----------|---------------|------------|---------------|
| 1 | - | - | - | halt-resume | gap-and-go / halt-down then resume | dip re-entry on bounce | false-breakout flushed | $10.75 | morning | - | short |
| 2 | - | - | - | dip-buy | dip re-entry / break of consolidation | - | false-breakout flushed | $11.75+ | morning | - | scalp |
| 3 | - | - | - | dip-buy | dip bounce / bounce off lows | scaled on pop to $10.75 | reversal | $10.75 | morning | - | short |
| 4 | - | - | - | unknown | continuation on bounce | - | reversal | - | morning | - | short |
| 5 | - | - | - | vwap-reclaim | breakout attempt / VWAP break | scaled on false breakout pivot | - | $8.00+ | morning | - | short |
| 6 | - | - | - | whole-dollar-break | premarket break of whole dollar | scaled at $5.05 | - | $5.05+ | morning | - | scalp |
=== FILE 0668 ===
TRADE_MECHANICS:
| # | FLOAT | GAP% | REL_VOL | PATTERN_TYPE | ENTRY_TRIGGER | ADD_ON_MECHANIC | STOP_CRITERIA | T1_TARGET | TIME_OF_ENTRY | MACD_STATE | HOLD_DURATION |
|---|-------|------|---------|--------------|---------------|-----------------|---------------|-----------|---------------|------------|---------------|
| 1 | - | - | very-high | halt-resume | continuation / break of prev day high | scaled on multiple halts | - | $19.23+ | morning | - | extended |
| 2 | - | - | very-high | gap-and-go | gap-and-go / bull flag breakout | scaled on momentum | - | $6.49+ | pre-market/morning | - | extended |
| 3 | - | - | - | dip-buy | micro pullback / dip buy | scaled at $4.10 | - | $4.10+ | morning | - | short |
| 4 | - | - | - | red-to-green | break of whole dollar | scaled at $8.42 | - | $8.42+ | morning | - | short |
=== FILE 0669 ===
TRADE_MECHANICS:
| # | FLOAT | GAP% | REL_VOL | PATTERN_TYPE | ENTRY_TRIGGER | ADD_ON_MECHANIC | STOP_CRITERIA | T1_TARGET | TIME_OF_ENTRY | MACD_STATE | HOLD_DURATION |
|---|-------|------|---------|--------------|---------------|-----------------|---------------|-----------|---------------|------------|---------------|
| 1 | - | - | very-high | dip-buy | dip-buy add strategy / break of VWAP | scaled through breakouts | - | $20+ | morning | - | extended |
| 2 | - | - | - | gap-and-go | gap-and-go continuation | multiple dip re-entries | - | $8.00+ | morning | - | extended |
| 3 | - | - | - | whole-dollar-break | breakout attempt | quick scalp | - | - | morning | - | scalp |
| 4 | - | - | - | red-to-green | momentum squeeze | scaled | - | - | morning | - | scalp |
=== FILE 0670 ===
TRADE_MECHANICS:
| # | FLOAT | GAP% | REL_VOL | PATTERN_TYPE | ENTRY_TRIGGER | ADD_ON_MECHANIC | STOP_CRITERIA | T1_TARGET | TIME_OF_ENTRY | MACD_STATE | HOLD_DURATION |
|---|-------|------|---------|--------------|---------------|-----------------|---------------|-----------|---------------|------------|---------------|
| 1 | - | - | - | halt-resume | dip re-entry / halt resume bounce | scaled $22.75-$23.25 | - | $22.75-$23.25 | morning | - | scalp |
| 2 | - | - | - | abcd | first candle to new high / abcd pattern | dip trades | reversal dip trades failed | $13.16-$16.75+ | morning | - | extended |
| 3 | - | - | high | gap-and-go | gap-and-go / momentum pop | scaled through momentum | - | $4.00 | morning | - | short |
| 4 | - | - | - | whole-dollar-break | first candle to new high | quick scalp | - | - | morning | - | scalp |
| 5 | - | - | - | whole-dollar-break | break over 4.00 | - | reversal pullback | $4.00+ | morning | - | scalp |
=== FILE 0671 ===
TRADE_MECHANICS:
| # | FLOAT | GAP% | REL_VOL | PATTERN_TYPE | ENTRY_TRIGGER | ADD_ON_MECHANIC | STOP_CRITERIA | T1_TARGET | TIME_OF_ENTRY | MACD_STATE | HOLD_DURATION |
|---|-------|------|---------|--------------|---------------|-----------------|---------------|-----------|---------------|------------|---------------|
| 1 | - | - | - | gap-and-go | gap-and-go after-hours squeeze / first candle to new high retest | scaled through momentum to $10-11 | - | $10-11 | morning | - | short |
| 2 | - | - | - | red-to-green | sympathy surge on HTGM move / dip entry | quick exit on reversal | reversal | $4.19 | morning | - | scalp |
=== FILE 0672 ===
TRADE_MECHANICS:
| # | FLOAT | GAP% | REL_VOL | PATTERN_TYPE | ENTRY_TRIGGER | ADD_ON_MECHANIC | STOP_CRITERIA | T1_TARGET | TIME_OF_ENTRY | MACD_STATE | HOLD_DURATION |
|---|-------|------|---------|--------------|---------------|-----------------|---------------|-----------|---------------|------------|---------------|
| 1 | - | 35% | - | gap-and-go | gap-and-go / dip entry 1min pullback | added at $12.25, $13.50 | - | $13.50+ | morning | - | short |
| 2 | - | - | - | red-to-green | sympathy move on APOP strength / dip entry | added at $3.20 and $3.40 breakout | - | $3.40+ | morning | - | short |
=== FILE 0673 ===
TRADE_MECHANICS:
| # | FLOAT | GAP% | REL_VOL | PATTERN_TYPE | ENTRY_TRIGGER | ADD_ON_MECHANIC | STOP_CRITERIA | T1_TARGET | TIME_OF_ENTRY | MACD_STATE | HOLD_DURATION |
|---|-------|------|---------|--------------|---------------|-----------------|---------------|-----------|---------------|------------|---------------|
| 1 | - | - | high | whole-dollar-break | first candle to new high / halt resume | added at $15.10 after halt | - | $16.10+ | morning | - | short |
| 2 | - | - | - | red-to-green | sympathy move / first candle pattern | - | double top reversal | $3.60+ | morning | - | scalp |
=== FILE 0674 ===
TRADE_MECHANICS:
| # | FLOAT | GAP% | REL_VOL | PATTERN_TYPE | ENTRY_TRIGGER | ADD_ON_MECHANIC | STOP_CRITERIA | T1_TARGET | TIME_OF_ENTRY | MACD_STATE | HOLD_DURATION |
|---|-------|------|---------|--------------|---------------|-----------------|---------------|-----------|---------------|------------|---------------|
| 1 | - | - | - | whole-dollar-break | resistance breakout / first minute move | scaled exits $17-$17.50 | - | $17.50+ | morning | - | scalp |
| 2 | - | - | - | micro-pullback | micro pullback / first candle breakout | - | failed-breakout flushed | $1.35+ | morning | - | scalp |
| 3 | - | - | - | red-to-green | red-to-green move / micro pullback | - | reversal failed to hold | - | morning | - | scalp |
=== FILE 0675 ===
TRADE_MECHANICS:
| # | FLOAT | GAP% | REL_VOL | PATTERN_TYPE | ENTRY_TRIGGER | ADD_ON_MECHANIC | STOP_CRITERIA | T1_TARGET | TIME_OF_ENTRY | MACD_STATE | HOLD_DURATION |
|---|-------|------|---------|--------------|---------------|-----------------|---------------|-----------|---------------|------------|---------------|
| 1 | - | - | - | halt-resume | halt resume breakout / momentum pop | dark pool routing exit | - | $14.98 | morning | - | short |
| 2 | - | - | - | whole-dollar-break | first candle to new high / pullback | quick scalp | - | - | morning | - | scalp |
| 3 | - | - | - | dip-buy | momentum scalp / first candle breakout | - | failed-breakout resistance | $4.15+ | morning | - | scalp |
| 4 | - | - | - | dip-buy | dip entry / 10-cent profit target | quick 10-cent scalp | - | - | morning | - | scalp |
=== FILE 0676 ===
TRADE_MECHANICS:
| # | FLOAT | GAP% | REL_VOL | PATTERN_TYPE | ENTRY_TRIGGER | ADD_ON_MECHANIC | STOP_CRITERIA | T1_TARGET | TIME_OF_ENTRY | MACD_STATE | HOLD_DURATION |
|---|-------|------|---------|--------------|---------------|-----------------|---------------|-----------|---------------|------------|---------------|
| 1 | - | 46% | - | gap-and-go | gap-and-go / break of resistance | scaled through momentum | - | $4.14+ | pre-market/morning | - | extended |
| 2 | - | - | - | whole-dollar-break | re-entry / break over 4.10 | added aggressively at $4.08 | reversal | $4.10+ | morning | - | short |
=== FILE 0677 ===
TRADE_MECHANICS:
| # | FLOAT | GAP% | REL_VOL | PATTERN_TYPE | ENTRY_TRIGGER | ADD_ON_MECHANIC | STOP_CRITERIA | T1_TARGET | TIME_OF_ENTRY | MACD_STATE | HOLD_DURATION |
|---|-------|------|---------|--------------|---------------|-----------------|---------------|-----------|---------------|------------|---------------|
| 1 | - | - | - | gap-and-go | chased gap-and-go / impulse entry | - | failed-breakout slippage | $9.95 | morning | - | scalp |
| 2 | - | - | - | whole-dollar-break | first daily candle to new high | quick pop back to breakeven | reversal | $8.36+ | morning | - | scalp |
| 3 | - | - | - | unknown | scanner alert | - | unknown | - | morning | - | unknown |
| 4 | - | - | - | dip-buy | dip entry / added on strength | - | reversal consolidation fail | $5.40+ | morning | - | short |
=== FILE 0678 ===
TRADE_MECHANICS:
| # | FLOAT | GAP% | REL_VOL | PATTERN_TYPE | ENTRY_TRIGGER | ADD_ON_MECHANIC | STOP_CRITERIA | T1_TARGET | TIME_OF_ENTRY | MACD_STATE | HOLD_DURATION |
|---|-------|------|---------|--------------|---------------|-----------------|---------------|-----------|---------------|------------|---------------|
| 1 | - | - | - | whole-dollar-break | first daily candle to new high / dip | scaled exits $4.02-$4.05 | - | $4.05 | morning | - | extended |
| 2 | - | - | - | dip-buy | dip entry / quick scalp | quick exit at breakeven | reversal | breakeven | morning | - | scalp |
| 3 | - | - | - | whole-dollar-break | break of 5.50 / break of whole dollar | - | reversal hidden seller | $5.50+ | morning | - | scalp |
=== FILE 0679 ===
TRADE_MECHANICS:
| # | FLOAT | GAP% | REL_VOL | PATTERN_TYPE | ENTRY_TRIGGER | ADD_ON_MECHANIC | STOP_CRITERIA | T1_TARGET | TIME_OF_ENTRY | MACD_STATE | HOLD_DURATION |
|---|-------|------|---------|--------------|---------------|-----------------|---------------|-----------|---------------|------------|---------------|
| 1 | - | - | - | gap-and-go | gap-and-go / anticipation breakout | - | failed-breakout fast flush | $8.00 | morning | - | scalp |
| 2 | - | - | - | red-to-green | opening range breakout / red-to-green | - | reversal extended hold | $3.50+ | morning | - | extended |
| 3 | - | - | - | red-to-green | red-to-green / dip entry | - | breakeven exit on reversal | $2.63 | morning | - | scalp |
| 4 | - | - | - | whole-dollar-break | first 5min candle to new high / halt | quick pop | reversal | $3.00 | morning | - | scalp |
=== TSV_AUDIT ===
0650	1	SKLN	S	S	S	S	S	S	S	S	-	S
0650	2	JVO	-	S	-	S	S	-	-	S	-	S
0651	1	LMPX	S	-	S	S	S	S	-	S	-	S
0652	1	PHIO	-	S	S	S	S	S	S	S	-	S
0652	2	SNOA	-	S	S	S	S	S	S	S	-	S
0652	3	ADAP	-	S	S	S	S	S	-	S	-	S
0653	1	CETX	-	S	S	S	S	S	S	S	-	S
0653	2	AESC	-	S	S	S	S	S	S	S	-	S
0654	1	SPU	-	S	-	S	S	-	-	S	-	S
0654	2	NOOV	-	-	-	S	S	-	-	S	-	S
0654	3	CNCE	-	-	-	S	S	-	S	S	-	S
0655	1	AMRH	-	S	S	S	S	S	-	S	-	S
0656	1	HTGM	-	-	-	S	S	S	-	S	-	S
0656	2	MYZ	-	-	S	S	S	S	-	S	-	S
0656	3	SZ	-	-	S	S	S	S	-	S	-	S
0657	1	HUGE	-	-	S	S	S	S	S	S	-	S
0657	2	SECO	-	S	-	S	S	S	-	S	-	S
0657	3	GNUS	-	S	S	S	S	S	S	S	-	S
0658	1	MYOS	-	-	-	S	S	S	-	S	-	S
0658	2	QCOM	-	-	-	S	S	S	-	S	-	S
0658	3	AUXO	-	-	-	S	S	S	-	S	-	S
0659	1	GNUS	-	-	S	S	S	S	S	S	-	S
0659	2	CIDM	-	S	S	S	S	S	-	S	-	S
0660	1	ENOB	-	-	-	S	S	S	S	S	-	S
0660	2	ENOB	-	-	-	S	S	S	-	-	-	S
0660	3	ENOB	-	-	-	-	S	-	-	-	-	S
0660	4	DGLY	-	-	-	S	S	-	-	S	-	S
0660	5	DGLY	-	-	-	S	S	-	S	-	-	S
0660	6	ADIL	-	-	-	S	S	S	-	S	-	S
0660	7	SNDE	-	-	-	S	S	S	-	S	-	S
0660	8	MXC	-	-	-	-	-	S	-	-	-	S
0660	9	CHK	-	-	-	S	S	S	-	S	-	S
0660	10	CHK	-	-	-	-	S	-	S	-	-	S
0660	11	FTSI	-	-	-	S	S	S	S	S	-	S
0660	12	FTSI	-	-	-	-	S	S	-	-	-	S
0660	13	DGLY	-	-	-	S	S	S	-	S	-	S
0661	1	CERU	-	-	-	S	S	S	-	-	-	S
0661	2	EVRI	-	-	-	S	S	-	-	S	-	S
0661	3	EVRI	-	-	-	S	S	-	-	-	-	S
0661	4	KO	-	-	-	S	S	-	-	-	-	S
0662	1	LMPX	-	-	-	S	S	S	-	S	-	S
0662	2	LMPX	-	-	-	S	S	S	-	S	-	S
0662	3	LMPX	-	-	-	S	S	-	-	S	-	S
0662	4	LMPX	-	-	-	S	S	-	-	S	-	S
0662	5	LMPX	-	-	-	S	S	-	-	S	-	S
0662	6	LMPX	-	-	-	S	S	-	S	-	-	S
0662	7	LMPX	-	-	-	S	S	-	-	-	-	S
0663	1	CISO	-	-	-	S	S	S	-	-	-	S
0663	2	PRAX	-	-	-	S	S	-	-	-	-	S
0663	3	GOVX	-	-	-	S	S	S	-	S	-	S
0663	4	PNRG	-	-	-	S	S	-	-	S	-	S
0664	1	STI	-	-	-	S	S	-	S	S	-	S
0664	2	STI	-	-	-	S	S	S	-	S	-	S
0664	3	AT	-	-	-	S	S	-	-	S	-	S
0664	4	CHNR	-	-	-	S	S	S	-	S	-	S
0664	5	CHNR	-	-	-	S	S	-	S	-	-	S
0664	6	NDR	-	-	-	S	S	S	-	S	-	S
0665	1	CNAT	-	-	-	S	S	S	-	S	-	S
0665	2	CNAT	-	-	-	S	S	S	S	-	-	S
0665	3	CNAT	-	-	-	S	S	-	S	-	-	S
0665	4	PTX	-	-	-	S	S	S	-	-	-	S
0665	5	PTX	-	-	-	S	S	S	S	-	-	S
0665	6	PTX	-	-	-	S	S	-	S	-	-	S
0666	1	TOPS	-	S	-	S	S	-	-	S	-	S
0666	2	TOPS	-	-	-	S	S	-	-	S	-	S
0666	3	TOPS	-	-	-	S	S	S	-	S	-	S
0666	4	SOO	-	-	-	S	S	S	-	S	-	S
0667	1	NETE	-	-	-	S	S	S	-	S	-	S
0667	2	NETE	-	-	-	S	S	-	-	S	-	S
0667	3	NETE	-	-	-	S	S	S	-	S	-	S
0667	4	NETE	-	-	-	S	S	S	-	-	-	S
0667	5	EDSA	-	-	-	S	S	S	-	S	-	S
0667	6	GIN	-	-	-	S	S	S	-	S	-	S
0668	1	UONE	-	-	S	S	S	S	-	S	-	S
0668	2	ROSY	-	-	S	S	S	S	-	S	-	S
0668	3	CUOI	-	-	-	S	S	S	-	S	-	S
0668	4	MCEP	-	-	-	S	S	S	-	S	-	S
0669	1	CARV	-	-	S	S	S	S	-	S	-	S
0669	2	UONE	-	-	-	S	S	S	-	S	-	S
0669	3	IMTE	-	-	-	S	S	-	-	-	-	S
0669	4	AFH	-	-	-	S	S	S	-	-	-	S
0670	1	UONE	-	-	-	S	S	S	-	S	-	S
0670	2	ALPN	-	-	-	S	S	S	S	S	-	S
0670	3	AEMD	-	-	S	S	S	S	-	S	-	S
0670	4	CARV	-	-	-	S	S	-	-	-	-	S
0670	5	AESE	-	-	-	S	S	-	-	S	-	S
0671	1	HTGM	-	-	-	S	S	S	-	S	-	S
0671	2	ZIS	-	-	-	S	S	S	-	S	-	S
0672	1	APOP	-	S	-	S	S	S	-	S	-	S
0672	2	GBR	-	-	-	S	S	S	-	S	-	S
0673	1	CBIO	-	-	S	S	S	S	-	S	-	S
0673	2	IMUC	-	-	-	S	S	-	S	S	-	S
0674	1	LMPX	-	-	-	S	S	S	-	S	-	S
0674	2	DPW	-	-	-	S	S	-	-	S	-	S
0674	3	MYSC	-	-	-	S	S	-	-	-	-	S
0675	1	DFFN	-	-	-	S	S	S	-	S	-	S
0675	2	DFFN	-	-	-	S	S	S	-	S	-	S
0675	3	COOL	-	-	-	S	S	S	S	-	-	S
0675	4	COOL	-	-	-	S	S	S	-	S	-	S
0676	1	JAM	-	S	-	S	S	S	-	S	-	S
0676	2	JAM	-	-	-	S	S	S	-	S	-	S
0677	1	AKTX	-	-	-	S	S	-	S	S	-	S
0677	2	HTGM	-	-	-	S	S	S	-	S	-	S
0677	3	PM	-	-	-	-	-	-	-	-	-	-
0677	4	AUO	-	-	-	S	S	S	-	S	-	S
0678	1	PRAM	-	-	-	S	S	S	-	S	-	S
0678	2	APOP	-	-	-	S	S	S	-	S	-	S
0678	3	CYCC	-	-	-	S	S	-	-	S	-	S
0679	1	NOVVN	-	-	-	S	S	-	-	S	-	S
0679	2	CNTF	-	-	-	S	S	-	-	S	-	S
0679	3	NADL	-	-	-	S	S	-	-	S	-	S
0679	4	ADPT	-	-	-	S	S	-	-	S	-	S
=== FILE 0681 ===
TRADE_MECHANICS:
| # | FLOAT | GAP% | REL_VOL | PATTERN_TYPE | ENTRY_TRIGGER | ADD_ON_MECHANIC | STOP_CRITERIA | T1_TARGET | TIME_OF_ENTRY | MACD_STATE | HOLD_DURATION |
|---|-------|------|---------|--------------|---------------|-----------------|---------------|-----------|---------------|------------|---------------|
| 1 | - | - | - | unknown | unknown | n/a | n/a | unknown | - | unknown | scalp |
| 2 | - | - | - | dip-buy | dip re-entry after false breakout | averaged down | reversal | $12.00 | - | unknown | short |
| 3 | - | 11-15% | - | micro-pullback | sized up for 11+ break | n/a | reversal | $11.25-$11.35 | - | unknown | short |
| 4 | - | - | - | dip-buy | dip trade anticipating new high | n/a | reversal flush | unknown | 4:30 AM | unknown | scalp |
=== FILE 0682 ===
TRADE_MECHANICS:
| # | FLOAT | GAP% | REL_VOL | PATTERN_TYPE | ENTRY_TRIGGER | ADD_ON_MECHANIC | STOP_CRITERIA | T1_TARGET | TIME_OF_ENTRY | MACD_STATE | HOLD_DURATION |
|---|-------|------|---------|--------------|---------------|-----------------|---------------|-----------|---------------|------------|---------------|
| 1 | - | - | - | gap-and-go | gapper break over $3.25 | n/a | n/a | $3.35-$3.50 | - | unknown | scalp |
| 2 | - | - | - | halt-resume | halt resume continuation scalp | n/a | n/a | $4.50-$4.65 | - | unknown | scalp |
=== FILE 0683 ===
TRADE_MECHANICS:
| # | FLOAT | GAP% | REL_VOL | PATTERN_TYPE | ENTRY_TRIGGER | ADD_ON_MECHANIC | STOP_CRITERIA | T1_TARGET | TIME_OF_ENTRY | MACD_STATE | HOLD_DURATION |
|---|-------|------|---------|--------------|---------------|-----------------|---------------|-----------|---------------|------------|---------------|
| 1 | - | - | - | whole-dollar-break | half-dollar breakout entry | n/a | failed-breakout | $4.75 | - | unknown | scalp |
| 2 | - | - | - | whole-dollar-break | ORB break over $6.00 | n/a | reversal | $6.00+ | - | unknown | short |
| 3 | - | - | - | whole-dollar-break | half-dollar break aggressive | n/a | reversal flush | $3.50+ | - | unknown | scalp |
| 4 | - | - | - | whole-dollar-break | half-dollar break anticipation | n/a | reversal | $4.50+ | - | unknown | scalp |
=== FILE 0684 ===
TRADE_MECHANICS:
| # | FLOAT | GAP% | REL_VOL | PATTERN_TYPE | ENTRY_TRIGGER | ADD_ON_MECHANIC | STOP_CRITERIA | T1_TARGET | TIME_OF_ENTRY | MACD_STATE | HOLD_DURATION |
|---|-------|------|---------|--------------|---------------|-----------------|---------------|-----------|---------------|------------|---------------|
| 1 | 1.6M | 46% | - | gap-and-go | gap-and-go at open | n/a | n/a | $4.75 | - | unknown | scalp |
| 2 | - | 18% | - | momentum | momentum continuation scalp | n/a | n/a | $4.50-$4.70 | - | unknown | scalp |
| 3 | - | - | - | micro-pullback | starter 2k then add at break | added to 5k | n/a | $6.25-$6.30 | - | unknown | extended |
| 4 | - | - | - | whole-dollar-break | break of range partial fill | scaled out | n/a | $7.00+ | - | unknown | short |
| 5 | - | - | - | momentum | momentum ride into resistance | n/a | n/a | $7.00 | - | unknown | scalp |
| 6 | - | - | - | unknown | unknown | n/a | n/a | unknown | - | unknown | unknown |
=== FILE 0685 ===
TRADE_MECHANICS:
| # | FLOAT | GAP% | REL_VOL | PATTERN_TYPE | ENTRY_TRIGGER | ADD_ON_MECHANIC | STOP_CRITERIA | T1_TARGET | TIME_OF_ENTRY | MACD_STATE | HOLD_DURATION |
|---|-------|------|---------|--------------|---------------|-----------------|---------------|-----------|---------------|------------|---------------|
| 1 | - | - | - | whole-dollar-break | break of high day momentum | n/a | false-breakout | $9.39+ | - | unknown | short |
| 2 | - | - | - | micro-pullback | first 5min candle to new high | n/a | reversal | $3.40+ | - | unknown | scalp |
| 3 | - | - | - | dip-buy | 5min consolidation dip re-entry | n/a | unknown | $3.50+ | - | unknown | short |
| 4 | - | - | - | whole-dollar-break | 5min setup over resistance | n/a | n/a | $2.40 | - | unknown | scalp |
| 5 | - | - | - | unknown | short: reverse on extended high | n/a | n/a | $42.47 | - | unknown | short |
| 6 | - | - | - | unknown | long: consolidation breakout | n/a | n/a | $15.00+ | - | unknown | short |
=== FILE 0686 ===
TRADE_MECHANICS:
| # | FLOAT | GAP% | REL_VOL | PATTERN_TYPE | ENTRY_TRIGGER | ADD_ON_MECHANIC | STOP_CRITERIA | T1_TARGET | TIME_OF_ENTRY | MACD_STATE | HOLD_DURATION |
|---|-------|------|---------|--------------|---------------|-----------------|---------------|-----------|---------------|------------|---------------|
| 1 | - | 150% | - | dip-buy | initial loss recovery / scalp | n/a | initial loss | $2.70 | - | unknown | scalp |
| 2 | 1M+ | 150% | - | micro-pullback | first dip micro pullback | added aggressively | n/a | $4.75 | - | unknown | extended |
| 3 | - | - | - | micro-pullback | first 5min candle new high | n/a | n/a | $8.00 | - | unknown | scalp |
=== FILE 0687 ===
TRADE_MECHANICS:
| # | FLOAT | GAP% | REL_VOL | PATTERN_TYPE | ENTRY_TRIGGER | ADD_ON_MECHANIC | STOP_CRITERIA | T1_TARGET | TIME_OF_ENTRY | MACD_STATE | HOLD_DURATION |
|---|-------|------|---------|--------------|---------------|-----------------|---------------|-----------|---------------|------------|---------------|
| 1 | - | - | - | micro-pullback | micro pullback break / scaling | scaled to 10k | n/a | $3.84 | - | unknown | extended |
| 2 | - | - | - | micro-pullback | extended 5min pullback long | n/a | false-breakout | $3.77+ | - | unknown | scalp |
| 3 | - | - | - | red-to-green | reversal short flip | n/a | halt pop refusal | $3.77- | - | unknown | scalp |
=== FILE 0688 ===
TRADE_MECHANICS:
| # | FLOAT | GAP% | REL_VOL | PATTERN_TYPE | ENTRY_TRIGGER | ADD_ON_MECHANIC | STOP_CRITERIA | T1_TARGET | TIME_OF_ENTRY | MACD_STATE | HOLD_DURATION |
|---|-------|------|---------|--------------|---------------|-----------------|---------------|-----------|---------------|------------|---------------|
| 1 | - | - | - | gap-and-go | ORB micro pullback 2x add | scaled partial | n/a | $6.25+ | - | unknown | short |
| 2 | - | - | - | whole-dollar-break | half-dollar break anticipation | n/a | n/a | $2.05 | - | unknown | scalp |
| 3 | - | - | - | whole-dollar-break | breakout anticipation high risk | light position | n/a | $98.50 | - | unknown | scalp |
=== FILE 0689 ===
TRADE_MECHANICS:
| # | FLOAT | GAP% | REL_VOL | PATTERN_TYPE | ENTRY_TRIGGER | ADD_ON_MECHANIC | STOP_CRITERIA | T1_TARGET | TIME_OF_ENTRY | MACD_STATE | HOLD_DURATION |
|---|-------|------|---------|--------------|---------------|-----------------|---------------|-----------|---------------|------------|---------------|
| 1 | - | 44% | - | micro-pullback | multiple micro pullback entries | scaled aggressively | failed at $15 | $21.00+ | - | unknown | extended |
| 2 | - | - | - | micro-pullback | opening range breakout / scalps | multiple scalp entries | false-breakout | $4.10-$4.20 | - | unknown | short |
=== FILE 0690 ===
TRADE_MECHANICS:
| # | FLOAT | GAP% | REL_VOL | PATTERN_TYPE | ENTRY_TRIGGER | ADD_ON_MECHANIC | STOP_CRITERIA | T1_TARGET | TIME_OF_ENTRY | MACD_STATE | HOLD_DURATION |
|---|-------|------|---------|--------------|---------------|-----------------|---------------|-----------|---------------|------------|---------------|
| 1 | - | 75% | - | whole-dollar-break | break of $7.25 / momentum long | multiple stops | reversal | $9.00+ | - | unknown | extended |
| 2 | - | 75% | - | red-to-green | short on break of $8.00 | n/a | reversal squeeze | $8.00- | - | unknown | short |
=== FILE 0691 ===
TRADE_MECHANICS:
| # | FLOAT | GAP% | REL_VOL | PATTERN_TYPE | ENTRY_TRIGGER | ADD_ON_MECHANIC | STOP_CRITERIA | T1_TARGET | TIME_OF_ENTRY | MACD_STATE | HOLD_DURATION |
|---|-------|------|---------|--------------|---------------|-----------------|---------------|-----------|---------------|------------|---------------|
| 1 | - | - | 7600x | micro-pullback | first candle to make new high / apex | n/a | n/a | $3.20 | - | unknown | scalp |
| 2 | - | - | 7600x | whole-dollar-break | second entry / breakup | n/a | n/a | $3.50+ | - | unknown | scalp |
| 3 | - | - | high | momentum | multiple entries / high rel vol | n/a | halt-pending | unknown | - | unknown | short |
| 4 | - | - | - | momentum | momentum entry | n/a | n/a | $6.90+ | - | unknown | scalp |
| 5 | - | - | - | momentum | momentum play | n/a | n/a | unknown | - | unknown | scalp |
| 6 | - | - | - | momentum | momentum play | n/a | n/a | unknown | - | unknown | scalp |
=== FILE 0692 ===
TRADE_MECHANICS:
| # | FLOAT | GAP% | REL_VOL | PATTERN_TYPE | ENTRY_TRIGGER | ADD_ON_MECHANIC | STOP_CRITERIA | T1_TARGET | TIME_OF_ENTRY | MACD_STATE | HOLD_DURATION |
|---|-------|------|---------|--------------|---------------|-----------------|---------------|-----------|---------------|------------|---------------|
| 1 | low | - | - | gap-and-go | gap-and-go / break of $3.29 | scaled partial | n/a | $2.33-$2.27 | - | unknown | short |
| 2 | low | - | - | micro-pullback | consolidation scalp | n/a | n/a | $4.50 | - | unknown | scalp |
| 3 | - | - | - | momentum | squeeze continuation | scaled at resistance | n/a | $5.40-$4.40 | - | unknown | extended |
| 4 | low | - | - | halt-resume | halt resume / continuation squeeze | scaled | n/a | $2.57 | - | unknown | short |
| 5 | low | - | - | micro-pullback | micro pullback / first minute new high | scaled | n/a | $2.63-$2.58 | - | unknown | scalp |
| 6 | low | - | - | micro-pullback | breakout continuation / pullback | scaled | n/a | $3.57 | - | unknown | extended |
| 7 | low | - | - | micro-pullback | first 5-minute candle to new high | n/a | reversal | $3.56 | - | negative | scalp |
=== FILE 0693 ===
TRADE_MECHANICS:
| # | FLOAT | GAP% | REL_VOL | PATTERN_TYPE | ENTRY_TRIGGER | ADD_ON_MECHANIC | STOP_CRITERIA | T1_TARGET | TIME_OF_ENTRY | MACD_STATE | HOLD_DURATION |
|---|-------|------|---------|--------------|---------------|-----------------|---------------|-----------|---------------|------------|---------------|
| 1 | - | 63% | - | gap-and-go | gap-and-go / leading gapper | actively traded | n/a | $2.55+ | - | unknown | extended |
| 2 | - | - | - | whole-dollar-break | breakout continuation / blue sky | n/a | failed-breakout halt | $14.81+ | - | unknown | scalp |
| 3 | - | - | - | micro-pullback | actively traded upside / dips | n/a | reversal halt | $16.00+ | - | unknown | extended |
| 4 | - | - | - | micro-pullback | breakout attempts / dip trades | n/a | reversal | unknown | - | unknown | short |
| 5 | - | - | - | dip-buy | light volume pop / dip buy | n/a | reversal halt | unknown | - | unknown | short |
=== FILE 0694 ===
TRADE_MECHANICS:
| # | FLOAT | GAP% | REL_VOL | PATTERN_TYPE | ENTRY_TRIGGER | ADD_ON_MECHANIC | STOP_CRITERIA | T1_TARGET | TIME_OF_ENTRY | MACD_STATE | HOLD_DURATION |
|---|-------|------|---------|--------------|---------------|-----------------|---------------|-----------|---------------|------------|---------------|
| 1 | - | - | - | gap-and-go | early morning squeeze / break high | scaled partial | n/a | unknown | early AM | unknown | short |
| 2 | - | - | - | dip-buy | dip trade / early flush | n/a | reversal | $9.00+ | early AM | unknown | short |
| 3 | - | - | - | momentum | pop up / scalp trade | n/a | reversal | unknown | - | unknown | scalp |
| 4 | - | - | - | micro-pullback | low price breakout | n/a | reversal | unknown | - | unknown | scalp |
| 5 | - | - | - | momentum | low price momentum | n/a | reversal | unknown | - | unknown | scalp |
| 6 | - | - | - | whole-dollar-break | consolidation breakout | n/a | reversal | unknown | - | unknown | scalp |
| 7 | 1.8M | - | - | gap-and-go | break of $5 / escalating adds | dip trades, added | halt up | $13.00+ | 8:06 AM | unknown | extended |
=== FILE 0695 ===
TRADE_MECHANICS:
| # | FLOAT | GAP% | REL_VOL | PATTERN_TYPE | ENTRY_TRIGGER | ADD_ON_MECHANIC | STOP_CRITERIA | T1_TARGET | TIME_OF_ENTRY | MACD_STATE | HOLD_DURATION |
|---|-------|------|---------|--------------|---------------|-----------------|---------------|-----------|---------------|------------|---------------|
| 1 | - | 112% | - | gap-and-go | gap-and-go / break of resistance | scaled at levels | n/a | $4.00+ | pre-open | unknown | extended |
| 2 | - | 112% | - | dip-buy | dip trade / ascending support | n/a | reversal | $3.57+ | - | unknown | scalp |
| 3 | - | - | - | momentum | breakout momentum / halt level | n/a | reversal | $0.55 | - | unknown | scalp |
| 4 | - | - | - | dip-buy | dip buy / breakout through levels | n/a | failed breakout | unknown | - | unknown | short |
=== FILE 0696 ===
TRADE_MECHANICS:
| # | FLOAT | GAP% | REL_VOL | PATTERN_TYPE | ENTRY_TRIGGER | ADD_ON_MECHANIC | STOP_CRITERIA | T1_TARGET | TIME_OF_ENTRY | MACD_STATE | HOLD_DURATION |
|---|-------|------|---------|--------------|---------------|-----------------|---------------|-----------|---------------|------------|---------------|
| 1 | - | - | - | gap-and-go | gap-and-go / early morning surge | n/a | failed-breakout | $4.28+ | early AM | unknown | short |
| 2 | - | - | - | micro-pullback | micro pullback / momentum squeeze | scaled | n/a | $2.90 | - | unknown | scalp |
| 3 | - | - | - | momentum | momentum break / scanner hit | scalps | n/a | $1.50+ | - | unknown | scalp |
| 4 | - | - | - | whole-dollar-break | break of $2.50 / aggressively added | dip trades, holds | n/a | $6.39+ | - | unknown | extended |
| 5 | - | - | - | whole-dollar-break | adding on breakout / chase entry | n/a | reversal flush | $6.39+ | - | unknown | short |
| 6 | - | - | - | dip-buy | dip and rip / high volatility | dip trade only | n/a | $4.80 | - | unknown | scalp |
=== FILE 0697 ===
TRADES: NO TRADES TAKEN
=== FILE 0698 ===
TRADE_MECHANICS:
| # | FLOAT | GAP% | REL_VOL | PATTERN_TYPE | ENTRY_TRIGGER | ADD_ON_MECHANIC | STOP_CRITERIA | T1_TARGET | TIME_OF_ENTRY | MACD_STATE | HOLD_DURATION |
|---|-------|------|---------|--------------|---------------|-----------------|---------------|-----------|---------------|------------|---------------|
| 1 | - | - | - | gap-and-go | early morning squeeze / after-hours | n/a | n/a | $5.00+ | 7:00 AM | unknown | scalp |
| 2 | - | - | - | micro-pullback | micro pullback / momentum squeeze | dip scalps | wall rejection | $7.00 | - | unknown | short |
| 3 | - | - | - | momentum | momentum spike / high volume | dips and bounces | n/a | $10.00+ | - | unknown | extended |
| 4 | - | - | - | unknown | re-entry | unknown | unknown | unknown | - | unknown | unknown |
| 5 | - | - | - | micro-pullback | momentum entry / pullback ride | n/a | reversal | $3.25 | - | unknown | short |
| 6 | - | - | - | momentum | momentum / news on lawsuit | small scalp | n/a | unknown | - | unknown | scalp |
| 7 | - | - | - | whole-dollar-break | breakout after pullback | n/a | halt pattern | $10.00+ | - | unknown | extended |
=== FILE 0699 ===
TRADE_MECHANICS:
| # | FLOAT | GAP% | REL_VOL | PATTERN_TYPE | ENTRY_TRIGGER | ADD_ON_MECHANIC | STOP_CRITERIA | T1_TARGET | TIME_OF_ENTRY | MACD_STATE | HOLD_DURATION |
|---|-------|------|---------|--------------|---------------|-----------------|---------------|-----------|---------------|------------|---------------|
| 1 | - | - | - | whole-dollar-break | break of $6.00 / offering news | scaled at levels | n/a | $8.40 | early AM | negative | extended |
| 2 | - | - | - | momentum | momentum entry / glp1 news | n/a | reversal | unknown | - | unknown | scalp |
| 3 | - | - | - | micro-pullback | micro pullback / acquisition news | dip scalps | resistance test | $4.40 | - | unknown | extended |
| 4 | - | - | - | micro-pullback | micro pullback continuation | unknown | unknown | $4.00+ | - | unknown | unknown |
=== TSV_AUDIT ===
0681	1	EFOI	-	-	-	-	-	N	N	-	-	-	S
0681	2	AERC	-	-	-	S	S	S	S	S	-	S
0681	3	RDBX	-	S	-	S	S	N	S	S	-	S
0681	4	MICS	-	-	-	S	S	N	S	-	S	S
0682	1	SKLN	-	-	-	S	S	N	N	S	-	S
0682	2	JEVO	-	-	-	S	S	N	N	S	-	S
0683	1	SSKN	-	-	-	S	S	N	S	-	-	S
0683	2	NOOV	-	-	-	S	S	N	S	-	-	S
0683	3	SCOO	-	-	-	S	S	N	S	-	-	S
0683	4	ROKA	-	-	-	S	S	N	S	-	-	S
0684	1	BSPM	S	S	-	S	S	N	N	S	-	S
0684	2	LEDS	-	S	-	S	S	N	N	S	-	S
0684	3	APOP	-	-	-	S	S	S	N	S	-	S
0684	4	BVXV	-	-	-	S	S	S	N	S	-	S
0684	5	NVTR	-	-	-	S	S	N	N	S	-	S
0684	6	THST	-	-	-	-	-	N	N	-	-	-
0685	1	CENA	-	-	-	S	S	N	S	-	-	S
0685	2	PRAN	-	-	-	S	S	N	S	-	-	S
0685	3	SCOO	-	-	-	S	S	N	-	-	-	S
0685	4	CCCR	-	-	-	S	S	N	N	S	-	S
0685	5	RDUS	-	-	-	-	S	N	N	S	-	S
0685	6	SNCR	-	-	-	-	S	N	N	S	-	S
0686	1	APHB	-	S	-	S	S	N	S	-	-	S
0686	2	APHB	S	S	-	S	S	S	N	S	-	S
0686	3	EXTR	-	-	-	S	S	N	N	S	-	S
0687	1	MTBC	-	-	-	S	S	S	N	S	-	S
0687	2	ARYO	-	-	-	S	S	N	S	-	-	S
0687	3	ARYO	-	-	-	S	S	N	S	-	-	S
0688	1	SORL	-	-	-	S	S	S	N	S	-	S
0688	2	XGTI	-	-	-	S	S	N	N	S	-	S
0688	3	SAL	-	-	-	S	S	S	N	S	-	S
0689	1	MIRM	-	S	-	S	S	S	S	S	-	S
0689	2	SIF	-	-	-	S	S	S	N	S	-	S
0690	1	COGT	-	S	-	S	S	S	S	S	-	S
0690	2	COGT	-	S	-	S	S	N	N	-	-	S
0691	1	ND	-	-	S	S	S	N	N	S	-	S
0691	2	ND	-	-	S	S	S	N	N	S	-	S
0691	3	ND	-	-	S	S	S	N	S	-	S
0691	4	APOP	-	-	-	S	S	N	N	S	-	S
0691	5	BIOP	-	-	-	S	S	N	N	-	-	S
0691	6	NAKD	-	-	-	S	S	N	N	-	-	S
0692	1	BLNK	S	-	-	S	S	S	N	S	-	S
0692	2	BLNK	S	-	-	S	S	N	N	S	-	S
0692	3	VVPR	-	-	-	S	S	S	N	S	-	S
0692	4	BLNK	S	-	-	S	S	S	N	S	-	S
0692	5	BLNK	S	-	-	S	S	S	N	S	-	S
0692	6	BLNK	S	-	-	S	S	S	N	S	-	S
0692	7	BLNK	S	-	-	S	S	N	S	S	-	S
0693	1	MOBQ	-	S	-	S	S	S	N	S	-	S
0693	2	BBAI	-	-	-	S	S	N	S	S	-	S
0693	3	BBAI	-	-	-	S	S	N	S	S	-	S
0693	4	ADN	-	-	-	S	S	N	S	-	-	S
0693	5	IOBT	-	-	-	S	S	N	S	-	-	S
0694	1	BREA	-	-	-	S	S	S	N	-	S	S
0694	2	COGT	-	-	-	S	S	N	S	S	-	S
0694	3	HCTI	-	-	-	S	S	N	S	-	-	S
0694	4	EWS	-	-	-	S	S	N	S	-	-	S
0694	5	IINN	-	-	-	S	S	N	S	-	-	S
0694	6	CCG	-	-	-	S	S	N	-	-	-	S
0694	7	DTSS	S	-	-	S	S	S	S	S	S	S
0695	1	PIK	-	S	-	S	S	S	N	S	S	S
0695	2	PIK	-	S	-	S	S	N	S	S	-	S
0695	3	EIGR	-	-	-	S	S	N	S	-	-	S
0695	4	LITM	-	-	-	S	S	N	S	-	-	S
0696	1	H2O	-	-	-	S	S	N	S	S	S	S
0696	2	SXTC	-	-	-	S	S	S	N	S	-	S
0696	3	LCN	-	-	-	S	S	S	N	S	-	S
0696	4	CPOP	-	-	-	S	S	S	N	S	-	S
0696	5	OCG	-	-	-	S	S	S	S	S	-	S
0696	6	HOO	-	-	-	S	S	S	N	S	-	S
0698	1	EVAC	-	-	-	S	S	N	N	S	S	S
0698	2	Q&M	-	-	-	S	S	S	S	S	-	S
0698	3	ACON	-	-	-	S	S	S	N	S	-	S
0698	4	Q&M	-	-	-	-	S	-	-	-	-	-
0698	5	CPIX	-	-	-	S	S	N	S	-	-	S
0698	6	AMOD	-	-	-	S	S	S	N	-	-	S
0698	7	VCN	-	-	-	S	S	N	S	S	-	S
0699	1	SLDB	-	-	-	S	S	S	N	S	S	S
0699	2	AL	-	-	-	S	S	N	S	-	-	S
0699	3	PFX	-	-	-	S	S	S	S	S	-	S
0699	4	STI	-	-	-	S	S	-	-	S	-	-
0700	1	TPET	-	-	-	S	S	-	-	S	S	S	S
0700	2	NXX	-	-	-	S	S	S	-	S	S	S	S
0700	3	INMN	S	-	-	S	S	S	S	S	S	S	S
0700	4	XTI	-	-	-	S	S	-	S	-	-	S	S
0700	5	BTCT	-	-	-	S	S	S	-	S	-	S	S
0701	1	BTCT	-	-	-	S	S	S	-	S	-	S	S
0701	2	SPAI	-	-	-	S	S	-	-	S	-	S	S
0701	3	FBRX	-	-	-	S	S	S	S	S	-	S	S
0701	4	XCUR	-	-	-	S	S	-	S	-	-	S	S
0702	1	SGN	-	-	-	S	S	S	-	S	-	S	S
0702	2	NLSP	-	-	-	S	S	S	-	S	S	S	S
0702	3	SZK	-	-	-	S	S	-	S	-	-	S	S
0703	1	PNBK	-	-	-	S	S	-	S	-	-	S	S
0703	2	NLSP	-	-	-	S	S	S	-	S	S	S	S
0703	3	CDT	S	-	S	S	S	-	-	S	-	S	S
0703	4	BDRX	-	-	-	S	S	S	-	S	S	S	S
0704	1	BCTX	S	-	S	S	S	S	S	S	-	S	S
0704	2	HIND	S	-	S	S	S	S	S	S	-	S	S
0705	1	SKBL	-	-	-	S	S	-	-	S	-	S	S
0705	2	KZ	-	-	-	S	S	S	-	S	-	S	S
0705	3	AMOD	-	-	-	S	S	S	-	S	S	S	S
0705	4	FOXX	-	-	-	S	S	S	S	S	-	S	S
0706	1	JG	-	S	S	S	S	S	-	S	S	S	S
0706	2	MLGO	-	-	-	S	S	S	-	S	-	S	S
0706	3	BZI	-	-	-	S	S	-	-	S	-	S	S
0706	4	HOO	-	-	-	S	S	-	S	-	-	S	S
0707	1	NEHC	-	-	-	S	S	S	-	S	-	S	S
0707	2	BBX	-	-	-	S	S	-	S	S	S	S	S
0708	1	DWSN	-	-	S	S	S	S	-	S	-	S	S
0708	2	STAK	-	-	S	S	S	S	S	S	S	S	S
0708	3	LSE	-	-	-	S	S	-	-	S	-	S	S
0708	4	BRN	-	-	-	S	S	-	-	S	-	S	S
0708	5	SRM	-	-	-	S	S	S	-	S	-	S	S
0708	6	SVRE	-	-	-	S	S	-	-	S	-	S	S
0710	1	GME	-	-	S	S	S	-	S	S	-	S	S
0710	2	GME	-	-	S	S	S	-	S	-	-	S	S
0710	3	GME	-	-	-	S	S	-	-	S	S	S	S
0710	4	AMC	-	-	-	S	S	-	-	S	-	S	S
0710	5	CTNT	-	-	S	S	S	S	-	S	S	S	S
0710	6	CTNT	-	-	-	S	S	-	-	S	S	S	S
0710	7	COST	-	-	-	S	S	-	-	-	-	S	S
0710	8	MULN	-	-	-	S	S	-	-	-	-	S	S
0710	9	HOO	-	-	-	S	S	-	-	-	-	S	S
0711	1	DGNX	-	-	-	S	S	S	-	S	-	S	S
0711	2	DXST	-	-	-	S	S	-	-	S	-	S	S
0711	3	MIMI	-	-	-	S	S	-	-	-	-	S	S
0711	4	SPCB	-	-	-	S	S	-	-	-	-	S	S
0712	1	VVOS	-	-	-	S	S	S	S	S	-	S	S
0712	2	SBEV	-	-	-	S	S	-	-	S	-	S	S
0712	3	SBEV	-	-	-	S	S	-	S	-	-	S	S
0712	4	IMTE	-	-	-	S	S	S	-	-	-	S	S
0714	1	DCFC	-	S	S	S	S	S	-	S	-	S	S
0716	1	SRRA	-	S	-	S	S	S	S	S	-	S	S
0716	2	TKLF	-	-	-	S	S	-	-	-	-	S	S
0717	1	BSFC	-	-	-	S	S	-	S	-	-	S	S
0717	2	SVFD	-	-	-	S	S	S	S	-	-	S	S
0718	1	IMP	-	S	-	S	S	-	-	S	S	S	S
0718	2	INDO	-	-	-	S	S	S	S	-	-	S	S
0721	1	BRCC	-	-	-	S	S	S	-	S	-	S	S
0721	2	KAVL	S	-	-	S	S	S	-	S	-	S	S
0721	3	MODD	-	-	-	S	S	S	-	-	-	S	S
0723	1	NVCT	S	-	-	S	S	S	-	S	-	S	S
0723	2	NVCT	S	-	-	S	S	-	S	-	S	S	S
0725	1	KSCP	-	-	-	S	S	-	-	S	-	S	S
0725	2	misc	-	-	-	S	S	S	-	-	-	S	S
0730	1	MOB	-	-	-	S	S	S	-	S	-	S	S
0730	2	OKYO	-	-	-	S	S	-	S	-	-	S	S
0730	3	CJJD	-	-	-	S	S	-	S	-	-	S	S
0730	4	CDIO	-	-	-	S	S	-	S	-	-	S	S
0731	1	ISPC	-	-	-	S	S	-	-	-	S	S	S
0731	2	TCAT	-	-	-	S	S	-	-	S	-	S	S
0731	3	DAVE	-	-	-	S	S	S	S	-	S	S	S
0732	1	IMMX	-	-	S	S	S	S	-	S	-	S	S
0732	2	NXGL	-	-	-	S	S	-	-	S	-	S	S
0732	3	IMMX	-	-	-	S	S	S	-	S	-	S	S
0732	4	FATH	-	-	-	S	S	-	-	S	-	S	S
0732	5	VINE	-	-	S	S	S	S	-	S	S	S	S
0733	1	ISIG	-	-	-	S	S	-	S	-	-	S	S
0733	2	BBLG	-	-	-	S	S	S	-	S	-	S	S
0734	1	TSRI	-	-	S	S	S	S	-	S	-	S	S
0735	1	QNRX	-	-	-	S	S	S	S	-	-	S	S
0735	2	ENVB	-	-	-	S	S	S	-	S	-	S	S
0735	3	EFSH	-	-	-	S	S	-	-	S	-	S	S
0735	4	NVIV	-	-	-	S	S	S	-	S	-	S	S
0735	5	APDN	-	-	-	S	S	S	S	-	-	S	S
0736	1	QNGY	-	-	-	S	S	S	-	S	-	S	S
=== FILE 0773 ===
TRADE_MECHANICS:
| # | FLOAT | GAP% | REL_VOL | PATTERN_TYPE | ENTRY_TRIGGER | ADD_ON_MECHANIC | STOP_CRITERIA | T1_TARGET | TIME_OF_ENTRY | MACD_STATE | HOLD_DURATION |
|---|-------|------|---------|--------------|---------------|-----------------|---------------|-----------|---------------|------------|---------------|
| 1 | - | - | - | unknown | news-release-at-open | n/a | - | - | open | unknown | short |
| 2 | - | - | - | gap-and-go | secondary-offering-news | added-on-pullback | - | - | open | unknown | extended |
| 3 | - | - | - | dip-buy | sector-sympathy-move | - | - | - | mid-session | unknown | extended |
| 4 | - | - | - | whole-dollar-break | breakout-continuation | added-on-dips | - | - | mid-session | unknown | extended |
=== FILE 0774 ===
TRADE_MECHANICS:
| # | FLOAT | GAP% | REL_VOL | PATTERN_TYPE | ENTRY_TRIGGER | ADD_ON_MECHANIC | STOP_CRITERIA | T1_TARGET | TIME_OF_ENTRY | MACD_STATE | HOLD_DURATION |
|---|-------|------|---------|--------------|---------------|-----------------|---------------|-----------|---------------|------------|---------------|
| 1 | - | - | - | micro-pullback | support-test-first | added-at-break | below-support | support-level | early-morning | unknown | scalp |
| 2 | - | - | - | micro-pullback | support-break | scaled-40000-shares | below-support | resistance-high | early-morning | unknown | short |
| 3 | - | - | - | dip-buy | morning-pop-dip | n/a | - | - | early-morning | unknown | scalp |
| 4 | - | - | - | micro-pullback | IPO-pop-fade | n/a | - | - | early-morning | unknown | short |
=== FILE 0775 ===
TRADE_MECHANICS:
| # | FLOAT | GAP% | REL_VOL | PATTERN_TYPE | ENTRY_TRIGGER | ADD_ON_MECHANIC | STOP_CRITERIA | T1_TARGET | TIME_OF_ENTRY | MACD_STATE | HOLD_DURATION |
|---|-------|------|---------|--------------|---------------|-----------------|---------------|-----------|---------------|------------|---------------|
| 1 | - | - | - | flat-top | daily-breakout-setup | added-at-break | - | $9.50-$10 | early-morning | unknown | short |
| 2 | - | - | - | micro-pullback | continuation-scalp | - | topping-tail-rejection | - | throughout | unknown | scalp |
| 3 | - | - | - | micro-pullback | bouncing-scalps | multiple-dips | topping-tail-seller-resistance | $9.50-$10 | throughout | unknown | scalp |
=== FILE 0776 ===
TRADE_MECHANICS:
| # | FLOAT | GAP% | REL_VOL | PATTERN_TYPE | ENTRY_TRIGGER | ADD_ON_MECHANIC | STOP_CRITERIA | T1_TARGET | TIME_OF_ENTRY | MACD_STATE | HOLD_DURATION |
|---|-------|------|---------|--------------|---------------|-----------------|---------------|-----------|---------------|------------|---------------|
| 1 | - | - | - | gap-and-go | IPO-spin-off-pop | micro-pullback-dips | below-entry | - | morning | unknown | extended |
| 2 | - | - | - | micro-pullback | dip-buying | scaled-entries | - | - | throughout | unknown | extended |
=== FILE 0777 ===
TRADE_MECHANICS:
| # | FLOAT | GAP% | REL_VOL | PATTERN_TYPE | ENTRY_TRIGGER | ADD_ON_MECHANIC | STOP_CRITERIA | T1_TARGET | TIME_OF_ENTRY | MACD_STATE | HOLD_DURATION |
|---|-------|------|---------|--------------|---------------|-----------------|---------------|-----------|---------------|------------|---------------|
| 1 | - | - | high | gap-and-go | Trump-rally-sympathy | n/a | - | - | early-open | positive | short |
| 2 | sub-1M | - | high | micro-pullback | news-breakout | scaled-into-strength | - | - | morning | positive | short |
| 3 | sub-1M | - | high | micro-pullback | reversal-trap-near-top | n/a | gap-support | - | mid-session | positive | short |
| 4 | sub-1M | - | high | gap-and-go | 8:30am-news-announcement | micro-pullback-scalps | gap-fill-resistance | $12-resistance | morning | positive | extended |
| 5 | - | - | - | micro-pullback | continuation-after-gap | - | - | - | mid-session | positive | short |
| 6 | - | - | - | micro-pullback | continuation-after-gap | - | - | - | mid-session | positive | short |
| 7 | - | - | - | micro-pullback | continuation-after-gap | - | - | - | mid-session | positive | short |
| 8 | - | - | - | micro-pullback | continuation-after-gap | - | - | - | mid-session | positive | short |
=== FILE 0779 ===
TRADE_MECHANICS:
| # | FLOAT | GAP% | REL_VOL | PATTERN_TYPE | ENTRY_TRIGGER | ADD_ON_MECHANIC | STOP_CRITERIA | T1_TARGET | TIME_OF_ENTRY | MACD_STATE | HOLD_DURATION |
|---|-------|------|---------|--------------|---------------|-----------------|---------------|-----------|---------------|------------|---------------|
| 1 | sub-1M | - | - | reverse-split | post-reverse-split-momentum | - | wide-spreads | - | morning | unknown | extended |
| 2 | - | - | - | dip-buy | early-morning-move | n/a | - | - | early-open | unknown | short |
| 3 | - | - | high | gap-and-go | 8am-scanner-pop | added-into-move | below-entry | $6.50-high | morning | unknown | short |
=== FILE 0780 ===
TRADE_MECHANICS:
| # | FLOAT | GAP% | REL_VOL | PATTERN_TYPE | ENTRY_TRIGGER | ADD_ON_MECHANIC | STOP_CRITERIA | T1_TARGET | TIME_OF_ENTRY | MACD_STATE | HOLD_DURATION |
|---|-------|------|---------|--------------|---------------|-----------------|---------------|-----------|---------------|------------|---------------|
| 1 | - | - | - | micro-pullback | short-pop-reversal | n/a | below-entry | - | early-morning | unknown | scalp |
| 2 | - | - | - | gap-and-go | biotech-news-pop | n/a | full-reversal | - | morning | unknown | extended |
| 3 | - | - | - | micro-pullback | pop-and-reversal | n/a | to-red | - | mid-session | unknown | short |
| 4 | - | - | - | micro-pullback | squeeze-break | scaled-entries | below-support | - | mid-session | unknown | short |
=== FILE 0781 ===
TRADE_MECHANICS:
| # | FLOAT | GAP% | REL_VOL | PATTERN_TYPE | ENTRY_TRIGGER | ADD_ON_MECHANIC | STOP_CRITERIA | T1_TARGET | TIME_OF_ENTRY | MACD_STATE | HOLD_DURATION |
|---|-------|------|---------|--------------|---------------|-----------------|---------------|-----------|---------------|------------|---------------|
| 1 | - | - | - | micro-pullback | momentum-pop | n/a | - | - | early-session | unknown | scalp |
| 2 | - | - | - | micro-pullback | leading-gainer | n/a | - | - | early-session | unknown | scalp |
| 3 | - | - | high | gap-and-go | Alzheimer-drug-news | scaled-adds-to-2.79 | false-breakout-flush | $2.79-high | early-session | unknown | short |
=== FILE 0783 ===
TRADE_MECHANICS:
| # | FLOAT | GAP% | REL_VOL | PATTERN_TYPE | ENTRY_TRIGGER | ADD_ON_MECHANIC | STOP_CRITERIA | T1_TARGET | TIME_OF_ENTRY | MACD_STATE | HOLD_DURATION |
|---|-------|------|---------|--------------|---------------|-----------------|---------------|-----------|---------------|------------|---------------|
| 1 | - | - | - | bull-flag | flag-break-above-resistance | n/a | profit-taking | $11.04-high | mid-morning | unknown | short |
| 2 | - | - | - | bull-flag | 5-minute-pattern-break | n/a | below-support | $7.44-target | mid-morning | unknown | scalp |
| 3 | - | - | - | micro-pullback | lunch-hour-trade | oversized-add | at-noon-flush | - | noon | unknown | extended |
=== FILE 0784 ===
TRADE_MECHANICS:
| # | FLOAT | GAP% | REL_VOL | PATTERN_TYPE | ENTRY_TRIGGER | ADD_ON_MECHANIC | STOP_CRITERIA | T1_TARGET | TIME_OF_ENTRY | MACD_STATE | HOLD_DURATION |
|---|-------|------|---------|--------------|---------------|-----------------|---------------|-----------|---------------|------------|---------------|
| 1 | - | - | - | gap-and-go | secondary-leading-gapper-+22-25% | small-size | - | - | early-morning | unknown | scalp |
=== FILE 0785 ===
TRADE_MECHANICS:
| # | FLOAT | GAP% | REL_VOL | PATTERN_TYPE | ENTRY_TRIGGER | ADD_ON_MECHANIC | STOP_CRITERIA | T1_TARGET | TIME_OF_ENTRY | MACD_STATE | HOLD_DURATION |
|---|-------|------|---------|--------------|---------------|-----------------|---------------|-----------|---------------|------------|---------------|
| 1 | - | - | - | gap-and-go | news-suspect-repeated-headline | n/a | - | - | early-morning | unknown | short |
| 2 | - | - | high | dip-buy | continuation-choppy-entry-exits | multiple-entries | jack-knife-reversal | - | morning | unknown | extended |
| 3 | - | - | - | gap-and-go | news-trade-breakout | n/a | quick-stop | - | early-morning | unknown | scalp |
| 4 | - | - | - | dip-buy | micro-pullback | n/a | - | - | mid-morning | unknown | short |
| 5 | - | - | - | micro-pullback | bounce-off-lows-halt-up | n/a | - | - | mid-morning | unknown | short |
| 6 | - | - | - | micro-pullback | jack-knife-reversal | n/a | stop-loss | - | morning | unknown | scalp |
| 7 | - | - | - | micro-pullback | choppy-IPO-action | n/a | - | - | morning | unknown | short |
=== FILE 0786 ===
TRADE_MECHANICS:
| # | FLOAT | GAP% | REL_VOL | PATTERN_TYPE | ENTRY_TRIGGER | ADD_ON_MECHANIC | STOP_CRITERIA | T1_TARGET | TIME_OF_ENTRY | MACD_STATE | HOLD_DURATION |
|---|-------|------|---------|--------------|---------------|-----------------|---------------|-----------|---------------|------------|---------------|
| 1 | 4.8M | 329% | very-high | meme-stock-squeeze | Reddit-thesis-compelling-gap | scaled-through-halts-dips | below-ascending-support | previous-high | early-morning | positive | extended |
| 2 | - | - | - | gap-and-go | direct-offering-announcement | n/a | halt-down | - | morning | unknown | short |
| 3 | - | - | - | micro-pullback | secondary-play-offset | n/a | - | - | mid-session | unknown | extended |
| 4 | - | - | - | micro-pullback | flush-trap | n/a | stop-loss | - | morning | unknown | scalp |
=== FILE 0787 ===
TRADE_MECHANICS:
| # | FLOAT | GAP% | REL_VOL | PATTERN_TYPE | ENTRY_TRIGGER | ADD_ON_MECHANIC | STOP_CRITERIA | T1_TARGET | TIME_OF_ENTRY | MACD_STATE | HOLD_DURATION |
|---|-------|------|---------|--------------|---------------|-----------------|---------------|-----------|---------------|------------|---------------|
| 1 | - | - | - | dip-buy | first-trade-scaled-up | 10K-to-15K-shares | below-entry | whole-dollar-resistance | early-morning | positive | short |
| 2 | - | - | - | dip-buy | history-of-red-reversals | n/a | full-retracement | - | morning | positive | short |
| 3 | - | - | - | dip-buy | parabolic-move | n/a | below-ascending-support | $4.90-target | early-morning | positive | short |
| 4 | - | - | - | micro-pullback | grinding-resistance | multiple-entries | below-entry | $2.00-level | morning | positive | extended |
| 5 | - | - | - | whole-dollar-break | half-dollar-break | n/a | below-support | $7.70-high | morning | positive | short |
| 6 | - | - | - | dip-buy | penny-chaser-continuation | n/a | stop-loss | - | morning | positive | scalp |
| 7 | - | - | - | micro-pullback | gap-continuation-prior-day | n/a | stop-loss | - | morning | positive | scalp |
=== FILE 0789 ===
TRADE_MECHANICS:
| # | FLOAT | GAP% | REL_VOL | PATTERN_TYPE | ENTRY_TRIGGER | ADD_ON_MECHANIC | STOP_CRITERIA | T1_TARGET | TIME_OF_ENTRY | MACD_STATE | HOLD_DURATION |
|---|-------|------|---------|--------------|---------------|-----------------|---------------|-----------|---------------|------------|---------------|
| 1 | - | - | - | gap-and-go | AI-ticker-move | dip-recovery-add | initial-chase-loss-then-dips | $7.00-high | early-morning | unknown | extended |
| 2 | - | - | - | dip-buy | low-float-squeeze | bid-ask-spread-limit | spread-too-wide | - | morning | unknown | scalp |
| 3 | - | - | - | gap-and-go | secondary-offering-news | n/a | halt-down-or-news-reverse | - | morning | unknown | scalp |
=== FILE 0790 ===
TRADE_MECHANICS:
| # | FLOAT | GAP% | REL_VOL | PATTERN_TYPE | ENTRY_TRIGGER | ADD_ON_MECHANIC | STOP_CRITERIA | T1_TARGET | TIME_OF_ENTRY | MACD_STATE | HOLD_DURATION |
|---|-------|------|---------|--------------|---------------|-----------------|---------------|-----------|---------------|------------|---------------|
| 1 | - | - | - | gap-and-go | NASDAQ-compliance-news | scaled-at-resistance | below-entry | $2.60-high | 7:30am | positive | short |
| 2 | - | - | high | gap-and-go | no-news-gap-up-catalyst-unknown | full-position-exit | full-reversal | $3.80-high | early-morning | positive | short |
| 3 | - | - | high | dip-buy | pop-pullback-dip | scaled-entry | below-entry | $4.70-high | 8:30am | positive | short |
| 4 | - | - | - | micro-pullback | continuation-from-prior-day | n/a | - | - | early-morning | unknown | extended |
=== FILE 0792 ===
TRADE_MECHANICS:
| # | FLOAT | GAP% | REL_VOL | PATTERN_TYPE | ENTRY_TRIGGER | ADD_ON_MECHANIC | STOP_CRITERIA | T1_TARGET | TIME_OF_ENTRY | MACD_STATE | HOLD_DURATION |
|---|-------|------|---------|--------------|---------------|-----------------|---------------|-----------|---------------|------------|---------------|
| 1 | - | - | - | micro-pullback | failed-breakout | n/a | reversal | - | early-morning | unknown | scalp |
| 2 | - | - | - | dip-buy | momentum-dip | scaled-exit | - | - | early-morning | unknown | short |
| 3 | - | - | - | dip-buy | dip-buy-on-pop | scaled-exits | - | - | morning | unknown | short |
| 4 | - | - | - | dip-buy | support-buy | small-win | - | - | morning | unknown | short |
| 5 | - | - | - | gap-and-go | leading-gapper | scaled-on-momentum | - | - | pre-market | unknown | short |
| 6 | - | - | - | micro-pullback | dead-cat-bounce | n/a | - | - | morning | unknown | short |
| 7 | - | - | - | dip-buy | recent-IPO-bounce | n/a | - | - | morning | unknown | short |
| 8 | - | - | - | micro-pullback | dead-cat-bounce | breakeven | - | - | morning | unknown | short |
| 9 | - | - | - | micro-pullback | post-halt-bounce | n/a | halt-down-reversal | - | morning | unknown | short |
=== FILE 0794 ===
TRADE_MECHANICS:
| # | FLOAT | GAP% | REL_VOL | PATTERN_TYPE | ENTRY_TRIGGER | ADD_ON_MECHANIC | STOP_CRITERIA | T1_TARGET | TIME_OF_ENTRY | MACD_STATE | HOLD_DURATION |
|---|-------|------|---------|--------------|---------------|-----------------|---------------|-----------|---------------|------------|---------------|
| 1 | - | - | - | gap-and-go | premarket-high-break | scaled-at-resistance | reversal | - | 8:00am | positive | short |
| 2 | - | - | - | micro-pullback | squeeze-higher | quick-exit | - | - | early-morning | positive | short |
| 3 | - | - | - | dip-buy | false-breakout | n/a | VWAP-break-reject | - | mid-morning | positive | short |
| 4 | - | - | - | micro-pullback | consolidation-break | scaled-on-momentum | - | - | early-morning | positive | short |
| 5 | - | - | - | dip-buy | trend-line-support | scaled-on-move | - | - | morning | positive | short |
=== FILE 0795 ===
TRADE_MECHANICS:
| # | FLOAT | GAP% | REL_VOL | PATTERN_TYPE | ENTRY_TRIGGER | ADD_ON_MECHANIC | STOP_CRITERIA | T1_TARGET | TIME_OF_ENTRY | MACD_STATE | HOLD_DURATION |
|---|-------|------|---------|--------------|---------------|-----------------|---------------|-----------|---------------|------------|---------------|
| 1 | - | - | - | dip-buy | first-pullback-dip | reversal-no-follow | reversal | - | early-morning | unknown | short |
| 2 | - | - | - | dip-buy | dip-recovery-sweep | small-size-extended | - | - | morning | unknown | extended |
| 3 | - | - | - | dip-buy | dip-trade-pop | on-pop-into-halt | - | - | pre-market | unknown | short |
| 4 | - | - | - | dip-buy | halt-dip-double-bottom | buy-dip-sold-rip | - | - | morning | unknown | short |
| 5 | - | - | - | whole-dollar-break | break-of-four | scaled-on-jack-knife | - | - | morning | unknown | short |
| 6 | - | - | - | whole-dollar-break | double-top-break | n/a | failed-breakout | - | morning | unknown | scalp |
| 7 | - | - | - | whole-dollar-break | whole-dollar-break | n/a | quick-exit | - | morning | unknown | scalp |
=== FILE 0797 ===
TRADE_MECHANICS:
| # | FLOAT | GAP% | REL_VOL | PATTERN_TYPE | ENTRY_TRIGGER | ADD_ON_MECHANIC | STOP_CRITERIA | T1_TARGET | TIME_OF_ENTRY | MACD_STATE | HOLD_DURATION |
|---|-------|------|---------|--------------|---------------|-----------------|---------------|-----------|---------------|------------|---------------|
| 1 | - | - | - | dip-buy | pullback-dip-VWAP-reclaim | scaled-on-momentum | reversal-no-follow | $7-high | early-morning | positive | short |
| 2 | sub-5M | - | high | gap-and-go | biotech-news-FDA-catalyst | scaled-entries | below-support | - | early-morning | positive | extended |
| 3 | sub-5M | - | high | dip-buy | halt-dip | scaled-into-move | below-support | $30-high | mid-morning | positive | extended |
| 4 | sub-5M | - | high | dip-buy | VWAP-hold-and-resume | scaled-two-dollar-move | - | - | early-morning | positive | extended |
| 5 | sub-5M | - | high | dip-buy | dip-buy-consolidation | scaled-to-high | - | $22.30-high | morning | positive | extended |
| 6 | sub-5M | - | high | micro-pullback | VWAP-break-dip-add | dip-add-momentum-squeeze | - | $7.50-high | pre-market | positive | extended |
| 7 | - | - | - | micro-pullback | AMST-reversal | n/a | reversal-no-follow | - | early-morning | positive | short |
=== FILE 0798 ===
TRADE_MECHANICS:
| # | FLOAT | GAP% | REL_VOL | PATTERN_TYPE | ENTRY_TRIGGER | ADD_ON_MECHANIC | STOP_CRITERIA | T1_TARGET | TIME_OF_ENTRY | MACD_STATE | HOLD_DURATION |
|---|-------|------|---------|--------------|---------------|-----------------|---------------|-----------|---------------|------------|---------------|
| 1 | - | - | - | micro-pullback | ascending-support-break | quick-squeeze-scaled | - | - | early-morning | unknown | short |
| 2 | - | - | - | flat-top | tweezer-top-break | break-of-resistance | rejection-at-resistance | - | early-morning | unknown | short |
| 3 | - | - | - | dip-buy | micro-pullback-dips | small-size | - | - | early-morning | unknown | short |
| 4 | - | - | - | dip-buy | break-of-resistance | jack-knife-reversal | jack-knife-reject | - | morning | unknown | short |
| 5 | - | - | - | gap-and-go | curl-up-momentum | momentum-pop | - | - | early-morning | unknown | short |
| 6 | - | - | - | micro-pullback | micro-pullback-at-open | n/a | failed-breakout | - | early-morning | unknown | scalp |
=== FILE 0799 ===
TRADE_MECHANICS:
| # | FLOAT | GAP% | REL_VOL | PATTERN_TYPE | ENTRY_TRIGGER | ADD_ON_MECHANIC | STOP_CRITERIA | T1_TARGET | TIME_OF_ENTRY | MACD_STATE | HOLD_DURATION |
|---|-------|------|---------|--------------|---------------|-----------------|---------------|-----------|---------------|------------|---------------|
| 1 | - | - | - | micro-pullback | micro-pullback-dip | scaled-on-move | - | $7-high | pre-market | unknown | short |
| 2 | - | - | - | dip-buy | dip-re-entry | small-dip-trade | - | - | morning | unknown | short |
| 3 | - | - | - | micro-pullback | shareholder-letter-pop | micro-pullback-scalp | - | - | morning | unknown | short |
=== TSV_AUDIT ===
0773	1	OST	-	-	-	-	S	-	-	-	-	-	S
0773	2	ALR	-	-	-	-	S	S	-	-	-	-	S
0773	3	EVAC	-	-	-	-	S	-	-	-	-	-	S
0773	4	ELAB	-	-	-	-	S	-	-	-	-	-	S
0774	1	OSX	-	-	-	-	S	S	S	S	S	-	S
0774	2	OSX	-	-	-	-	S	S	S	S	S	-	S
0774	3	SMX	-	-	-	-	S	-	-	-	S	-	S
0774	4	XHLL	-	-	-	-	S	-	-	-	S	-	S
0775	1	ARTL	-	-	-	-	S	S	-	-	S	-	S
0775	2	ARTL	-	-	-	-	S	-	S	-	-	-	S
0775	3	ARTL	-	-	-	-	S	-	S	-	-	-	S
0776	1	USEA	-	-	-	-	S	S	-	-	S	-	S
0776	2	USEA	-	-	-	-	S	S	-	-	-	-	S
0777	1	DATS	-	-	S	-	S	N	-	-	S	S	S
0777	2	ARB	S	-	S	-	S	S	-	-	S	S	S
0777	3	ARB	S	-	S	-	S	N	-	-	S	S	S
0777	4	SN	S	-	S	-	S	S	S	S	S	S	S
0777	5	-	-	-	-	-	-	-	-	-	-	-	-
0777	6	-	-	-	-	-	-	-	-	-	-	-	-
0777	7	-	-	-	-	-	-	-	-	-	-	-	-
0777	8	-	-	-	-	-	-	-	-	-	-	-	-
0779	1	NAOV	-	-	-	-	S	-	-	-	S	-	S
0779	2	GLMD	-	-	-	-	S	N	-	-	S	-	S
0779	3	CAPS	-	-	S	-	S	-	-	-	S	-	S
0780	1	DWTX	-	-	-	-	S	N	-	-	S	-	S
0780	2	TNXP	-	-	-	-	S	N	-	-	S	-	S
0780	3	BBX	-	-	-	-	S	N	-	-	S	-	S
0780	4	BDRX	-	-	-	-	S	S	-	-	S	-	S
0781	1	APGN	-	-	-	-	S	N	-	-	S	-	S
0781	2	NUZE	-	-	-	-	S	N	-	-	S	-	S
0781	3	NRSN	-	-	S	-	S	S	-	-	S	-	S
0783	1	PRLP	-	-	-	-	S	N	S	S	S	-	S
0783	2	AKDA	-	-	-	-	S	N	-	S	S	-	S
0783	3	IEA	-	-	-	-	S	S	-	-	S	-	S
0784	1	unknown	-	-	-	-	S	-	-	-	S	-	S
0785	1	MERA	-	-	-	-	S	N	-	-	S	-	S
0785	2	POAI	-	-	S	-	S	S	S	-	S	-	S
0785	3	ZBSA	-	-	-	-	S	N	S	-	S	-	S
0785	4	CMAX	-	-	-	-	S	N	-	-	S	-	S
0785	5	SLRX	-	-	-	-	S	N	-	-	S	-	S
0785	6	BLMZ	-	-	-	-	S	N	S	-	S	-	S
0785	7	BBLG	-	-	-	-	S	N	-	-	S	-	S
0786	1	KOSS	4.8M	329%	-	-	S	S	S	S	S	S	S
0786	2	CNSP	-	-	-	-	S	N	-	-	S	-	S
0786	3	SYT	-	-	-	-	S	N	-	-	S	-	S
0786	4	IVP	-	-	-	-	S	N	S	-	S	-	S
0787	1	RB	-	-	-	-	S	S	-	S	S	S	S
0787	2	BPTH	-	-	-	-	S	N	S	-	S	S	S
0787	3	MNPR	-	-	-	-	S	N	-	-	S	S	S
0787	4	SMFL	-	-	-	-	S	S	-	S	S	S	S
0787	5	SNS	-	-	-	-	S	N	-	S	S	S	S
0787	6	SNOA	-	-	-	-	S	N	S	-	S	S	S
0787	7	VRAX	-	-	-	-	S	N	S	-	S	S	S
0789	1	SAI	-	-	-	-	S	S	S	S	S	-	S
0789	2	IZAM	-	-	-	-	S	-	S	-	S	-	S
0789	3	IDAI	-	-	-	-	S	N	-	-	S	-	S
0790	1	BTII	-	-	-	-	S	S	-	-	S	S	S
0790	2	ZOZ	-	-	S	-	S	S	-	S	S	S	S
0790	3	NVVE	-	-	S	-	S	S	-	S	S	S	S
0790	4	(continuation)	-	-	-	-	-	-	-	-	-	-	-
0792	1	FRZA	-	-	-	-	S	N	S	-	S	-	S
0792	2	FRZA	-	-	-	-	S	S	-	-	S	-	S
0792	3	MEGL	-	-	-	-	S	N	-	-	S	-	S
0792	4	MEGL	-	-	-	-	S	N	-	-	S	-	S
0792	5	RTGL	-	-	-	-	S	S	-	-	S	-	S
0792	6	REBN	-	-	-	-	S	S	-	-	S	-	S
0792	7	LUCY	-	-	-	-	S	N	-	-	S	-	S
0792	8	CHG	-	-	-	-	S	N	-	-	S	-	S
0792	9	WETG	-	-	-	-	S	N	S	-	S	-	S
0794	1	UMAC	-	-	-	S	S	S	-	-	S	S	S
0794	2	PPBT	-	-	-	-	S	S	-	-	S	S	S
0794	3	PPBT	-	-	-	-	S	N	S	-	S	S	S
0794	4	SNTI	-	-	-	-	S	S	-	-	S	S	S
0794	5	SNTI	-	-	-	-	S	N	-	-	S	S	S
0795	1	STI	-	-	-	-	S	S	-	-	S	-	S
0795	2	SN	-	-	-	-	S	S	-	-	S	-	S
0795	3	IPDN	-	-	-	-	S	N	-	-	S	-	S
0795	4	IPDN	-	-	-	-	S	S	-	-	S	-	S
0795	5	AIHS	-	-	-	-	S	S	-	-	S	-	S
0795	6	BAOS	-	-	-	-	S	N	S	-	S	-	S
0795	7	LCFY	-	-	-	-	S	N	-	-	S	-	S
0797	1	AMST	-	-	-	S	S	S	-	S	S	S	S
0797	2	AMST	-	-	-	S	S	N	S	-	S	S	S
0797	3	SLXN	S	-	S	-	S	S	-	-	S	S	S
0797	4	SLXN	S	-	S	-	S	N	-	-	S	S	S
0797	5	VNCE	S	-	S	-	S	S	-	-	S	S	S
0797	6	KZIA	S	-	S	-	S	S	-	-	S	S	S
0797	7	MOGU	S	-	S	-	S	S	-	-	S	S	S
0798	1	XAGE	-	-	-	-	S	S	-	-	S	-	S
0798	2	BDRX	-	-	-	-	S	S	-	-	S	-	S
0798	3	KDLY	-	-	-	-	S	S	-	-	S	-	S
0798	4	KDLY	-	-	-	-	S	N	S	-	S	-	S
0798	5	BOND	-	-	-	-	S	N	-	-	S	-	S
0798	6	SYTA	-	-	-	-	S	N	S	-	S	-	S
0799	1	OM	-	-	-	-	S	S	-	-	S	-	S
0799	2	OM	-	-	-	-	S	S	-	-	S	-	S
0799	3	SOGP	-	-	-	S	S	S	-	-	S	-	S
0801	1	SBEV	-	-	-	S	S	S	-	S	-	-	S
0801	2	RDHL	-	-	-	S	S	S	-	S	-	-	S
0801	3	BCTX	-	-	-	S	S	S	-	S	-	-	S
0802	1	SAEX	-	-	-	S	S	-	S	-	-	-	S
0802	2	AYTU	-	-	-	S	S	-	S	-	-	-	S
0802	3	SLDB	-	-	-	S	S	-	S	-	-	-	S
0802	4	ENMAX	-	-	-	S	S	-	S	-	S	-	S
0803	1	ABIL	-	-	-	S	S	S	-	S	-	-	S
0803	2	IDRA	-	-	-	S	S	-	S	-	-	-	S
0803	3	MTSL	-	-	-	S	S	-	S	-	-	-	S
0805	1	SAU	-	S	-	S	S	S	-	S	-	-	S
0805	2	CX	-	-	-	S	S	S	-	S	-	-	S
0805	3	NMHI	-	-	-	S	S	S	-	S	-	-	S
0806	1	AMBO	-	-	-	S	S	-	S	-	-	-	S
0806	2	EBET	-	-	-	S	S	-	S	-	-	-	S
0807	1	ONHL	-	-	-	S	S	S	-	-	-	-	S
0807	2	VTVT	-	-	-	S	S	-	S	-	-	S	S
0807	3	JANX	-	-	-	S	S	S	-	S	-	-	S
0807	4	SILO	-	-	-	S	S	-	S	-	-	-	S
0807	5	VANY	-	-	-	S	S	S	-	S	-	-	S
0808	1	SPRU	-	-	-	S	S	-	S	-	-	-	S
0808	2	ATNF	-	-	-	S	S	S	-	S	-	-	S
0808	3	BTI	-	-	-	S	S	-	S	-	-	-	S
0808	4	PAPL	-	-	-	S	S	S	-	S	-	-	S
0810	1	LEDS	-	-	-	S	S	S	-	S	-	-	S
0810	2	EARS	-	-	-	S	S	S	-	S	-	-	S
0810	3	PSTV	-	-	-	S	S	-	S	-	-	-	S
0811	1	XENT	-	-	-	S	S	S	-	S	-	-	S
0811	2	JMIA	S	-	-	S	S	-	-	S	-	-	S
0813	1	THMO	-	-	-	S	S	-	S	-	-	-	S
0813	2	LIPO	-	-	-	S	S	S	-	S	-	-	S
0813	3	ONMD	-	-	-	S	S	-	S	-	-	-	S
0814	1	WMLP	-	S	-	S	S	-	S	-	-	-	S
0814	2	NSYS	-	-	-	S	S	S	S	-	-	-	S
0815	1	MIRA	S	-	-	S	S	S	-	S	-	-	S
0815	2	MIRA	S	S	S	S	S	S	-	S	-	-	S
0817	1	SEED	-	-	-	S	S	-	-	S	-	-	S
0817	2	PLAG	-	-	-	S	S	S	-	S	-	-	S
0817	3	DAO	-	-	-	S	S	S	-	S	-	-	S
0818	1	ACY	-	-	-	S	S	-	S	-	-	-	S
0818	2	UTME	-	-	-	S	S	S	-	S	-	-	S
0818	3	UTME	-	-	-	S	S	-	S	-	-	-	S
0819	1	ULBI	-	-	-	S	S	S	-	S	-	-	S
0819	2	HGSH	-	-	-	S	S	S	-	S	-	-	S
0819	3	OBLEN	-	-	-	S	S	-	S	-	-	-	S
0819	4	RXDX	-	-	-	S	S	-	S	-	-	-	S
0820	1	SMIT	-	-	-	S	S	S	-	S	-	-	S
0820	2	SMIT	-	-	-	S	S	-	S	-	-	-	S
0820	3	SMIT	-	-	-	S	S	-	S	-	-	-	S
0820	4	MTSL	-	-	-	S	S	S	-	S	-	-	S
0820	5	MATPE	-	-	-	S	S	S	-	S	-	-	S
0820	6	TRT	-	-	-	S	S	-	-	S	-	-	S
0820	7	OVN	-	-	-	S	S	-	S	-	-	-	S
0821	1	WORX	-	S	-	S	S	S	-	S	-	-	S
0821	2	CLPS	-	-	-	S	S	S	-	S	-	-	S
0823	1	SGLB	-	-	-	S	S	-	S	-	-	-	S
0823	2	DGLY	-	-	-	S	S	S	-	-	-	-	S
0823	3	TAIT	-	-	-	S	S	-	S	-	-	-	S
0823	4	OPTT	-	-	-	S	S	S	-	-	-	-	S
0823	5	OVN	-	-	-	S	S	-	S	-	-	-	S
0824	1	SGLB	-	-	-	S	S	-	S	-	-	-	S
0824	2	DGLY	-	-	-	S	S	S	-	-	-	-	S
0824	3	TAIT	-	-	-	S	S	-	S	-	-	-	S
0824	4	OPTT	-	-	-	S	S	S	-	-	-	-	S
0824	5	OVN	-	-	-	S	S	-	S	-	-	-	S
0825	1	COGT	-	-	-	S	S	S	-	S	-	-	S
0825	2	HUSA	-	-	-	S	S	S	-	S	-	-	S
0825	3	INDO	-	-	-	S	S	S	-	S	-	-	S
0826	1	NPT	-	-	-	S	S	S	-	S	-	-	S
0827	1	SXTC	-	-	-	S	S	S	-	S	-	-	S
0827	2	CGA	-	-	-	S	S	S	-	S	-	-	S
0827	3	ADTX	-	-	-	S	S	S	-	S	-	-	S
0827	4	SNTG	-	-	-	S	S	S	-	S	-	-	S
0827	5	CYTO	-	-	-	S	S	-	S	-	-	-	S
0828	1	INPX	-	-	-	S	S	S	-	S	-	-	S
0828	2	INPX	-	-	-	S	S	-	S	-	-	-	S
0828	3	INPX	-	-	-	S	S	S	-	S	-	-	S
0828	4	ADAP	-	-	-	S	S	S	-	S	-	-	S
0830	1	RKDA	-	-	-	S	S	S	-	S	-	-	S
0830	2	RKDA	-	-	-	S	S	-	S	-	-	-	S
0833	1	BPTH	-	-	-	S	S	S	-	S	-	-	S
0833	2	CADC	-	-	-	S	S	S	-	S	-	-	S
0833	3	SEEX	-	-	-	S	S	S	-	S	-	-	S
0833	4	unknown	-	-	-	S	S	S	-	S	-	-	S
0834	1	MBOT	-	-	-	S	S	S	-	S	-	-	S
0834	2	HYRE	-	-	-	S	S	S	-	S	-	-	S
0835	1	EBET	-	-	-	S	S	-	S	-	-	-	S
0835	2	TIRX	-	-	-	S	S	S	S	-	-	-	S
0836	1	NCLH	-	-	-	S	S	S	-	S	-	-	S
0836	2	BXC	-	-	-	S	S	S	S	-	-	-	S
0836	3	OCUL	-	-	-	S	S	-	S	-	-	-	S
0837	1	EXPR	-	-	-	S	S	S	-	S	-	-	S
0837	2	VVPR	-	-	-	S	S	S	-	S	-	-	S
0837	3	AMTX	-	-	-	S	S	-	S	-	-	-	S
0837	4	OEG	-	-	-	S	S	-	S	-	-	-	S
0839	1	ALF	-	-	-	S	S	S	S	S	-	-	S
0840	1	ABIIL	-	-	-	S	S	S	-	S	-	-	S
0840	2	XBIO	-	-	-	S	S	S	-	S	-	-	S
0840	3	AYTU	-	-	-	S	S	S	-	S	-	-	S
0841	1	ALLTT	-	-	-	S	S	S	-	S	-	-	S
0841	2	IFMK	-	-	-	S	S	S	-	S	-	-	S
0842	1	MYOH	-	-	-	S	S	S	-	S	-	-	S
0842	2	MBVX	-	-	-	S	S	-	S	-	-	-	S
0842	3	CHCI	-	-	-	S	S	-	S	-	-	-	S
0842	4	APHI	-	-	-	S	S	-	S	-	-	-	S
0843	1	FT	-	-	-	S	S	S	-	S	-	-	S
0843	2	FT	-	-	-	S	S	S	-	S	-	-	S
0843	3	FT	-	-	-	S	S	S	-	S	-	-	S
0843	4	FT	-	-	-	S	S	S	-	S	-	-	S
0843	5	FT	-	-	-	S	S	-	-	S	-	-	S
0843	6	FT	-	-	-	S	S	S	-	S	-	-	S
0844	1	CORN	-	-	-	S	S	S	-	S	-	-	S
0844	2	HTBX	-	-	-	S	S	-	S	-	-	-	S
0844	3	BSPM	-	-	-	S	S	S	-	S	-	-	S
0844	4	MORA	-	-	-	S	S	S	-	S	-	-	S
0845	1	SGBX	-	-	-	S	S	-	S	-	-	-	S
0845	2	SGBX	-	-	-	S	S	-	S	-	-	-	S
0845	3	VPCO	-	-	-	S	S	-	S	-	-	-	S
0845	4	OHRP	-	-	-	S	S	-	S	-	-	-	S
0846	1	CATB	-	-	-	S	S	S	-	S	-	-	S
0846	2	VRPX	-	-	-	S	S	S	S	-	-	-	S
0847	1	CRAIG	-	-	-	S	S	S	-	S	-	-	S
0847	2	MTP	-	S	-	S	S	S	-	S	-	-	S
0847	3	EBON	-	-	-	S	S	-	-	-	-	-	S
0847	4	FAMI	-	-	-	S	S	S	-	S	-	-	S
0848	1	JMU	-	-	-	S	S	S	-	S	-	-	S
0848	2	JMU	-	-	-	S	S	S	-	S	-	-	S
0848	3	JMU	-	-	-	S	S	S	-	S	-	-	S
0848	4	AEHR	-	-	-	S	S	S	-	S	-	-	S
0848	5	ZKIN	-	-	-	S	S	-	S	-	-	-	S
0848	6	CLWT	-	-	-	S	S	-	S	-	-	-	S
0848	7	TROVE	-	-	-	S	S	S	-	S	-	-	S
0849	1	CLWT	-	-	-	S	S	-	S	-	-	-	S
0849	2	PLAT	-	-	-	S	S	S	-	S	-	-	S
0849	3	CLWT	-	-	-	S	S	S	-	S	-	-	S
=== FILE 0850 ===
TRADE_MECHANICS:
| # | FLOAT | GAP% | REL_VOL | PATTERN_TYPE | ENTRY_TRIGGER | ADD_ON_MECHANIC | STOP_CRITERIA | T1_TARGET | TIME_OF_ENTRY | MACD_STATE | HOLD_DURATION |
|---|-------|------|---------|--------------|---------------|-----------------|---------------|-----------|---------------|------------|---------------|
| 1 | - | - | - | gap-and-go | break premarket high | - | - | $5.26-$5.33 | - | - | short |
| 2 | - | - | - | whole-dollar-break | break premarket high attempt | - | support level | - | - | - | scalp |
| 3 | - | - | - | whole-dollar-break | half-dollar break squeeze | - | reversal/support | - | - | - | scalp |
| 4 | - | - | - | micro-pullback | momentum squeeze entry | - | reversal after pullback | - | - | - | scalp |
| 5 | - | - | - | dip-buy | pullback dip buy setup | - | - | - | - | - | scalp |
| 6 | - | - | - | whole-dollar-break | break consolidation on volume | - | - | - | - | - | short |
| 7 | - | - | - | halt-resume | halt resume / breakout trade | added at resistance | - | $2.75-$3.00 | - | - | short |
| 8 | - | - | - | gap-and-go | IPO open breakout / adds | added at highs | - | - | - | - | short |
| 9 | - | - | - | micro-pullback | first candle new high re-entry | - | failed breakout/flush | - | - | - | scalp |
=== FILE 0851 ===
TRADE_MECHANICS:
| # | FLOAT | GAP% | REL_VOL | PATTERN_TYPE | ENTRY_TRIGGER | ADD_ON_MECHANIC | STOP_CRITERIA | T1_TARGET | TIME_OF_ENTRY | MACD_STATE | HOLD_DURATION |
|---|-------|------|---------|--------------|---------------|-----------------|---------------|-----------|---------------|------------|---------------|
| 1 | - | - | - | flat-top | break of hi-day | scaled at resistance | - | $3.40 | - | - | short |
| 2 | - | 100%+ | - | whole-dollar-break | whole-dollar break / momentum | added on dips / scaled | - | - | - | - | extended |
| 3 | - | - | - | whole-dollar-break | buyer strength break 3.00 | scaled through resistance | - | $3.00 | - | - | short |
| 4 | - | - | - | vwap-reclaim | break VWAP / momentum spike | - | - | VWAP test | - | - | short |
=== FILE 0852 ===
TRADE_MECHANICS:
| # | FLOAT | GAP% | REL_VOL | PATTERN_TYPE | ENTRY_TRIGGER | ADD_ON_MECHANIC | STOP_CRITERIA | T1_TARGET | TIME_OF_ENTRY | MACD_STATE | HOLD_DURATION |
|---|-------|------|---------|--------------|---------------|-----------------|---------------|-----------|---------------|------------|---------------|
| 1 | - | - | - | gap-and-go | break of PM high | - | - | - | - | - | scalp |
| 2 | - | - | - | whole-dollar-break | break momentum up to $2.10 | scaled through resistance | - | $2.10 | - | - | short |
| 3 | - | - | - | micro-pullback | micro pullback re-entry | added on strength at $2.32-$2.50 | - | $2.50 | - | - | extended |
| 4 | - | - | - | whole-dollar-break | half-dollar break squeeze | sold into resistance | - | resistance level | - | - | short |
| 5 | - | - | - | flat-top | first 5-min candle new high | - | - | - | - | - | scalp |
=== FILE 0853 ===
TRADE_MECHANICS:
| # | FLOAT | GAP% | REL_VOL | PATTERN_TYPE | ENTRY_TRIGGER | ADD_ON_MECHANIC | STOP_CRITERIA | T1_TARGET | TIME_OF_ENTRY | MACD_STATE | HOLD_DURATION |
|---|-------|------|---------|--------------|---------------|-----------------|---------------|-----------|---------------|------------|---------------|
| 1 | - | - | - | gap-and-go | pre-market high break momentum | scaled at $4.50-$4.70 | - | $4.50-$4.70 | - | - | extended |
| 2 | - | - | - | whole-dollar-break | quick scalp trade | - | - | - | - | - | scalp |
| 3 | - | - | - | whole-dollar-break | squeeze momentum / strength | - | - | - | - | - | scalp |
| 4 | - | - | - | whole-dollar-break | parabolic squeeze entry add | - | reversal flush / halted | - | - | - | short |
| 5 | - | - | - | micro-pullback | pullback momentum re-entry | - | - | - | - | - | short |
| 6 | - | - | - | vwap-reclaim | break $3.00 / micro pullback add | scaled through resistance | - | resistance level | - | - | extended |
| 7 | - | - | - | whole-dollar-break | quick scanner pop momentum | - | scanner reversal failure | - | - | - | scalp |
| 8 | - | - | - | whole-dollar-break | squeeze momentum scanner hit | - | - | - | - | - | scalp |
| 9 | - | - | - | micro-pullback | scanner pullback re-entry | - | - | - | - | - | scalp |
=== FILE 0854 ===
TRADE_MECHANICS:
| # | FLOAT | GAP% | REL_VOL | PATTERN_TYPE | ENTRY_TRIGGER | ADD_ON_MECHANIC | STOP_CRITERIA | T1_TARGET | TIME_OF_ENTRY | MACD_STATE | HOLD_DURATION |
|---|-------|------|---------|--------------|---------------|-----------------|---------------|-----------|---------------|------------|---------------|
| 1 | - | - | yes | whole-dollar-break | false breakout / stair-step | - | - | resistance level | - | - | short |
| 2 | - | - | - | whole-dollar-break | 200MA breakout attempt | - | violent rejection at 200MA | 200MA level | - | - | scalp |
| 3 | - | - | - | bull-flag | multi-day continuation pattern | - | - | consolidation breakout | - | - | short |
| 4 | - | - | - | whole-dollar-break | previous resistance breakout | - | breakout failed flush | - | - | - | short |
| 5 | - | - | - | dip-buy | micro pullback dip entry | scaled dips / double bottom | - | - | - | - | short |
| 6 | - | - | - | bull-flag | dead cat bounce / flag pattern | dip entries / pullback | - | - | - | - | extended |
| 7 | - | - | - | flat-top | first minute candle new high | - | failed breakout | - | - | - | scalp |
| 8 | - | - | - | dip-buy | dip entry consolidation move | - | - | support bounce | - | - | scalp |
| 9 | - | - | - | micro-pullback | news pop / momentum scanner | - | - | - | - | - | scalp |
=== FILE 0855 ===
TRADE_MECHANICS:
| # | FLOAT | GAP% | REL_VOL | PATTERN_TYPE | ENTRY_TRIGGER | ADD_ON_MECHANIC | STOP_CRITERIA | T1_TARGET | TIME_OF_ENTRY | MACD_STATE | HOLD_DURATION |
|---|-------|------|---------|--------------|---------------|-----------------|---------------|-----------|---------------|------------|---------------|
| 1 | - | - | - | gap-and-go | leading gapper break premarket | - | failed-breakout false move | - | - | - | short |
| 2 | - | - | - | vwap-reclaim | breakout re-entry VWAP | - | false breakout reversal | VWAP level | - | - | short |
| 3 | - | 3.5M | - | halt-resume | halt resume breakout of $2.00 | multi-entry scalp sequence | - | $2.00 | - | - | short |
| 4 | 32M | - | - | whole-dollar-break | quick momentum squeeze pattern | - | failed breakout reverse | - | - | - | scalp |
| 5 | - | - | - | flat-top | first candle new high starter | - | - | - | - | - | scalp |
| 6 | - | - | - | whole-dollar-break | final day attempt breakout | - | VWAP break failed | - | - | - | short |
| 7 | - | - | - | flat-top | opening range breakout test | - | - | - | - | - | scalp |
| 8 | - | - | - | dip-buy | pullback bounce re-entry | - | - | - | - | - | scalp |
| 9 | - | - | - | unknown | momentum short seller pressure | - | short pressure failed | - | - | - | scalp |
| 10 | - | - | - | halt-resume | halt resume bounce strength | scaled entries at $5.70-$7.39 | - | $5.70-$7.39 | - | - | extended |
=== FILE 0856 ===
TRADE_MECHANICS:
| # | FLOAT | GAP% | REL_VOL | PATTERN_TYPE | ENTRY_TRIGGER | ADD_ON_MECHANIC | STOP_CRITERIA | T1_TARGET | TIME_OF_ENTRY | MACD_STATE | HOLD_DURATION |
|---|-------|------|---------|--------------|---------------|-----------------|---------------|-----------|---------------|------------|---------------|
| 1 | 159% | 159% | - | gap-and-go | break premarket high breakout | - | first pullback reversal | - | - | - | short |
| 2 | 159% | 159% | - | micro-pullback | pullback consolidation re-entry | - | failed breakout attempt | - | - | - | scalp |
| 3 | - | - | - | flat-top | first candle new high pattern | - | immediate reversal | - | - | - | scalp |
| 4 | - | - | - | halt-resume | halt resume bounce re-entry | - | halt resume failure | - | - | - | short |
=== FILE 0857 ===
TRADE_MECHANICS:
| # | FLOAT | GAP% | REL_VOL | PATTERN_TYPE | ENTRY_TRIGGER | ADD_ON_MECHANIC | STOP_CRITERIA | T1_TARGET | TIME_OF_ENTRY | MACD_STATE | HOLD_DURATION |
|---|-------|------|---------|--------------|---------------|-----------------|---------------|-----------|---------------|------------|---------------|
| 1 | - | - | - | gap-and-go | break gap high momentum entry | - | news halt scanner failure | - | - | - | scalp |
| 2 | - | - | - | dip-buy | pullback $1.60 re-entry | - | failed second entry move | $1.60 | - | - | scalp |
| 3 | - | - | - | gap-and-go | break premarket high breakout | scaled micro pullback | - | premarket high | - | - | short |
| 4 | - | - | - | whole-dollar-break | half-dollar break squeeze | - | - | - | - | - | scalp |
| 5 | - | - | - | unknown | reverse split momentum scanner | - | - | - | - | - | scalp |
=== FILE 0858 ===
TRADE_MECHANICS:
| # | FLOAT | GAP% | REL_VOL | PATTERN_TYPE | ENTRY_TRIGGER | ADD_ON_MECHANIC | STOP_CRITERIA | T1_TARGET | TIME_OF_ENTRY | MACD_STATE | HOLD_DURATION |
|---|-------|------|---------|--------------|---------------|-----------------|---------------|-----------|---------------|------------|---------------|
| 1 | 1.29M | 18% | - | gap-and-go | break $3.00 / momentum squeeze | aggressive scaling at $3.50-$4.00-$4.50-$4.80 | - | $3.00-$4.80 | - | - | extended |
=== TSV_AUDIT ===
0850	1	IMBI	-	-	-	S	S	-	-	S	-	-	S
0850	2	SLS	-	-	-	S	S	-	S	-	-	-	S
0850	3	NSPR	-	-	-	S	S	-	S	-	-	-	S
0850	4	MRM	-	-	-	S	S	-	S	-	-	-	S
0850	5	TIGR	-	-	-	S	S	-	-	-	-	-	S
0850	6	YEE	-	-	-	S	S	-	-	-	-	-	S
0850	7	SNCA	-	-	-	S	S	S	-	S	-	-	S
0850	8	LZZY	-	-	-	S	S	S	-	-	-	-	S
0850	9	SNCA	-	-	-	S	S	-	S	-	-	-	S
0851	1	NBEV	-	-	-	S	S	S	-	S	-	-	S
0851	2	RMGN	-	S	-	S	S	S	-	-	-	-	S
0851	3	PYDS	-	-	-	S	S	S	-	S	-	-	S
0851	4	SNCA	-	-	-	S	S	-	-	S	-	-	S
0852	1	MYSZ	-	-	-	S	S	-	-	-	-	-	S
0852	2	SGRP	-	-	-	S	S	S	-	S	-	-	S
0852	3	SGRP	-	-	-	S	S	S	-	S	-	-	S
0852	4	SAEX	-	-	-	S	S	-	-	S	-	-	S
0852	5	SGRP	-	-	-	S	S	-	-	-	-	-	S
0853	1	CCIH	-	-	-	S	S	S	-	S	-	-	S
0853	2	CNIT	-	-	-	S	S	-	-	-	-	-	S
0853	3	CRAIG	-	-	-	S	S	-	-	-	-	-	S
0853	4	CCCL	-	-	-	S	S	-	S	-	-	-	S
0853	5	CRAIG	-	-	-	S	S	-	-	-	-	-	S
0853	6	DEALT	-	-	-	S	S	S	-	S	-	-	S
0853	7	CNTF	-	-	-	S	S	-	S	-	-	-	S
0853	8	YECO	-	-	-	S	S	-	-	-	-	-	S
0853	9	HTGM	-	-	-	S	S	-	-	-	-	-	S
0854	1	VERU	-	-	S	S	S	-	-	S	-	-	S
0854	2	VEVE	-	-	-	S	S	-	S	S	-	-	S
0854	3	OBLG	-	-	-	S	S	-	-	S	-	-	S
0854	4	MODV	-	-	-	S	S	-	S	-	-	-	S
0854	5	KNWA	-	-	-	S	S	S	-	-	-	-	S
0854	6	WEEBY	-	-	-	S	S	S	-	-	-	-	S
0854	7	KNWA	-	-	-	S	S	-	S	-	-	-	S
0854	8	VERO	-	-	-	S	S	-	-	S	-	-	S
0854	9	OBLG	-	-	-	S	S	-	-	-	-	-	S
0855	1	LIFE	-	-	-	S	S	-	S	-	-	-	S
0855	2	LIFE	-	-	-	S	S	-	S	S	-	-	S
0855	3	CTIB	-	S	-	S	S	S	-	S	-	-	S
0855	4	TRNX	S	-	-	S	S	-	S	-	-	-	S
0855	5	CTIB	-	-	-	S	S	-	-	-	-	-	S
0855	6	LIFE	-	-	-	S	S	-	S	-	-	-	S
0855	7	SONY	-	-	-	S	S	-	-	-	-	-	S
0855	8	NEON	-	-	-	S	S	-	-	-	-	-	S
0855	9	XPOW	-	-	-	S	S	-	S	-	-	-	S
0855	10	FRPN	-	-	-	S	S	S	-	S	-	-	S
0856	1	CAPR	-	S	-	S	S	-	S	-	-	-	S
0856	2	CAPR	-	S	-	S	S	-	S	-	-	-	S
0856	3	CEI	-	-	-	S	S	-	S	-	-	-	S
0856	4	LIFE	-	-	-	S	S	-	S	-	-	-	S
0857	1	VVPR	-	-	-	S	S	-	S	-	-	-	S
0857	2	VVPR	-	-	-	S	S	-	S	S	-	-	S
0857	3	NERVE	-	-	-	S	S	S	-	S	-	-	S
0857	4	MTRX	-	-	-	S	S	-	-	-	-	-	S
0857	5	VGR	-	-	-	S	S	-	-	-	-	-	S
0858	1	CETX	S	S	-	S	S	S	-	S	-	-	S
0900	1	MD	-	-	-	S	S	S	S	S	-	S
0901	1	LMFA	-	S	S	S	S	N	-	S	-	S
0901	2	RBZ	-	-	S	S	S	N	-	S	-	S
0901	3	WINR	-	-	-	S	S	N	-	S	-	S
0902	1	QNRX	-	-	-	S	S	N	-	S	-	S
0902	2	TLF	-	-	-	S	S	N	-	S	-	S
0902	3	ATXG	-	-	-	S	S	N	S	-	-	S
0903	1	WINR	-	-	-	S	S	N	-	S	-	S
0903	2	INPX	-	-	S	S	S	N	-	S	-	S
0904	1	SOL	-	-	-	S	S	S	-	S	-	S
0904	2	ELTK	-	-	-	S	S	N	-	-	-	S
0905	1	CARV	-	-	-	S	S	S	S	S	-	S
0905	2	CARV	-	-	-	-	S	S	S	S	-	S
0906	1	STAFF	-	-	-	S	S	N	-	S	-	S
0906	2	VVPR	-	-	-	S	S	N	-	S	-	S
0906	3	STG	-	-	-	S	S	N	S	-	-	S
0907	1	SINT	-	-	S	S	S	S	-	S	-	S
0907	2	SINT	-	-	-	S	S	N	-	S	-	S
0908	1	CIFS	-	-	-	-	S	N	-	S	-	S
0908	2	FLAG	-	-	-	-	S	N	-	S	-	S
0909	1	ATIYES	-	S	S	S	S	S	-	S	-	S
0909	2	BURG	-	-	-	S	S	N	-	S	-	S
0910	1	SPXL	-	-	-	S	S	N	-	S	-	S
0910	2	SPXS	-	-	-	S	S	N	-	S	-	S
0910	3	AGO	-	-	-	S	S	N	-	S	-	S
0910	4	APRN	-	S	S	S	S	N	S	-	-	S
0910	5	BMRA	-	-	-	S	S	N	-	S	-	S
0911	1	AVGR	-	-	-	S	S	N	-	S	-	S
0911	2	AIPT	-	-	-	S	S	S	-	S	-	S
0912	1	SGOC	-	-	-	S	S	S	-	S	-	S
0913	1	CMND	-	-	-	S	S	N	-	S	-	S
0913	2	LUNAR	-	-	-	S	S	N	-	S	-	S
0913	3	EUDA	-	-	-	S	S	N	S	-	-	S
0914	1	INPX	-	S	S	S	S	S	-	S	-	S
0914	2	BPTH	-	-	-	S	S	N	-	S	-	S
0915	1	DYAI	-	-	-	S	S	N	-	S	-	S
0915	2	FLGC	-	-	-	S	S	N	-	S	-	S
0915	3	GENE	-	-	-	S	S	N	-	-	-	S
0915	4	AHPI	-	-	-	S	S	N	S	-	-	S
0916	1	EVTV	-	-	-	S	S	N	-	S	-	S
0916	2	CHEK	-	-	-	S	S	S	-	S	-	S
0916	3	NAOV	-	-	-	S	S	N	-	S	-	S
0916	4	FRGT	-	-	-	S	S	N	-	-	-	S
0917	1	CMND	-	-	-	S	S	N	-	S	-	S
0917	2	LUNAR	-	-	-	S	S	N	-	S	-	S
0917	3	EUDA	-	-	-	S	S	N	S	-	-	S
0918	1	FPEI	-	-	-	S	S	N	-	S	-	S
0918	2	ISEE	-	S	-	S	S	N	-	-	-	S
0918	3	CRC	-	-	-	S	S	N	S	-	-	S
0918	4	SXT	-	-	-	S	S	N	-	S	-	S
0918	5	RKDA	-	-	-	S	S	N	-	S	-	S
0918	6	FLGT	-	-	-	S	S	N	-	S	-	S
0919	1	MNBC	-	S	S	S	S	N	-	S	-	S
0919	2	GNPX	-	-	-	S	S	S	-	S	-	S
0919	3	YENV	-	-	-	S	S	N	S	-	-	S
0919	4	COCP	-	-	-	S	S	N	-	-	-	S
0919	5	ZCMD	-	-	-	S	S	N	-	-	-	S
0920	1	BHTG	-	-	S	S	S	N	-	S	-	S
0920	2	BHTG	-	-	-	-	S	N	S	-	-	S
0920	3	BLNK	-	-	-	S	S	N	-	S	-	S
0920	4	SGMA	-	-	-	S	S	N	S	-	-	S
0920	5	SHLL	-	-	-	S	S	N	-	S	-	S
0920	6	SHLL	-	-	-	S	S	N	-	S	-	S
0920	7	SHLL	-	-	-	-	S	S	-	-	-	S
0920	8	WKHS	-	-	-	S	S	N	-	S	-	S
0920	9	PDS	-	-	-	S	S	N	-	S	-	S
0920	10	ATV	-	-	-	S	S	N	-	S	-	S
0921	1	SIDU	-	S	S	S	S	N	-	S	S	S
0921	2	SIDU	-	-	S	S	S	N	-	S	-	S
0921	3	SIDU	-	-	S	S	S	N	-	S	-	S
0923	1	SINU	-	S	S	S	S	N	S	S	-	S
0924	1	SPRC	-	-	-	S	S	N	-	S	-	S
0924	2	PBM	-	-	S	S	S	S	-	S	-	S
0924	3	PBM	-	-	-	S	S	N	S	S	-	S
0924	4	PBM	-	-	-	S	S	N	S	-	-	S
0924	5	SGD	-	-	-	S	S	N	S	-	-	S
0925	1	GENE	-	-	-	S	S	N	-	S	-	S
0925	2	GENE	-	-	-	S	S	N	S	-	-	S
0925	3	GNS	-	-	-	S	S	N	S	-	-	S
0925	4	GENE	-	-	-	S	S	S	-	S	-	S
0925	5	PXMD	-	-	-	S	S	N	-	S	-	S
0925	6	PXMD	-	-	-	S	S	N	S	-	-	S
0925	7	HSCS	-	S	S	S	S	S	-	S	-	S
0926	1	SINT	-	S	-	S	S	N	-	S	-	S
0926	2	ARKD	-	-	-	S	S	N	S	-	-	S
0927	1	XNET	-	-	-	-	S	N	S	-	-	S
0927	2	XNET	-	-	-	-	S	N	S	-	-	S
0927	3	ZVO	-	-	-	S	S	N	S	-	-	S
0927	4	JCS	-	-	-	S	S	N	-	S	-	S
0927	5	ISEE	-	-	-	S	S	S	-	S	-	S
0928	1	YECO	-	-	-	S	S	S	-	S	-	S
0928	2	EASY	-	-	-	S	S	S	-	S	-	S
0928	3	CLRO	-	-	-	S	S	S	-	S	-	S
0928	4	YGWII	-	-	-	S	S	N	-	S	-	S
0928	5	YGWII	-	-	-	S	S	N	-	-	-	S
0929	1	HEAR	-	-	-	S	S	S	-	S	-	S
0929	2	HEAR	-	-	-	S	S	N	S	-	-	S
0930	1	STAFF	-	-	-	S	S	N	-	S	-	S
0930	2	KBSF	-	S	S	S	S	N	-	S	-	S
0931	1	PBBT	-	-	-	S	S	N	S	-	-	S
0931	2	SMX	-	-	-	S	S	N	S	-	-	S
0931	3	ERNA	-	-	-	S	S	N	S	-	-	S
0932	1	SPEC	-	-	S	S	S	N	-	S	-	S
0932	2	BKYI	-	-	-	S	S	N	-	S	-	S
0932	3	ROMA	-	S	-	S	S	S	-	-	-	S
0933	1	CTRM	-	S	S	S	S	N	-	S	-	S
0933	2	BELI	-	-	-	S	S	N	-	-	-	S
0934	1	ADTX	-	-	-	-	S	N	S	-	-	S
0934	2	ADTX	-	-	-	S	S	N	-	S	-	S
0934	3	BENF	-	-	-	S	S	N	-	S	-	S
0934	4	FD	-	-	-	S	S	S	-	S	-	S
0935	1	OOCO	-	-	-	S	S	S	-	S	-	S
0935	2	TN	-	-	-	S	S	N	-	S	-	S
0936	1	LGHL	-	-	S	S	S	S	-	S	-	S
0936	2	LGHL	-	-	S	S	S	S	S	-	-	S
0936	3	BOXL	-	-	-	S	S	S	-	-	-	S
0936	4	XRT	-	-	-	S	S	N	S	-	-	S
0938	1	BJDX	-	S	S	S	S	S	-	S	S	S
0938	2	BJDX	-	-	-	S	S	S	S	-	-	S
0938	3	JNVR	-	-	S	S	S	S	-	S	-	S
0938	4	ICCT	-	-	-	S	S	N	-	-	-	S
0938	5	ARB	-	-	-	-	S	N	-	-	-	S
0939	1	SYTA	-	S	-	S	S	S	-	S	S	S
0939	2	ISPC	-	-	S	S	S	S	-	S	-	S
0939	3	DRUG	-	-	-	S	S	N	S	-	-	S
0939	4	BIVI	-	S	-	S	S	N	-	-	-	S
=== FILE 0950 ===
TRADE_MECHANICS:
| # | FLOAT | GAP% | REL_VOL | PATTERN_TYPE | ENTRY_TRIGGER | ADD_ON_MECHANIC | STOP_CRITERIA | T1_TARGET | TIME_OF_ENTRY | MACD_STATE | HOLD_DURATION |
|---|-------|------|---------|--------------|---------------|-----------------|---------------|-----------|---------------|------------|---------------|
| 1 | - | - | - | gap-and-go | break $2.40 phase-2 entry | scaled adds at $3.00, $3.50 | below $1.50 support | $3.95 resistance | 8am scanner | unknown | extended |
=== FILE 0951 ===
(NO TRADES TAKEN - Educational)
=== FILE 0952 ===
(NO TRADES TAKEN - Educational)
=== FILE 0953 ===
(NO TRADES TAKEN - Educational)
=== FILE 0954 ===
(NO TRADES TAKEN - Educational)
=== FILE 0955 ===
(NO TRADES TAKEN - Educational)
=== FILE 0956 ===
(NO TRADES TAKEN - Educational)
=== FILE 0957 ===
(NO TRADES TAKEN - Educational)
=== FILE 0958 ===
(NO TRADES TAKEN - Educational)
=== FILE 0959 ===
TRADE_MECHANICS:
| # | FLOAT | GAP% | REL_VOL | PATTERN_TYPE | ENTRY_TRIGGER | ADD_ON_MECHANIC | STOP_CRITERIA | T1_TARGET | TIME_OF_ENTRY | MACD_STATE | HOLD_DURATION |
|---|-------|------|---------|--------------|---------------|-----------------|---------------|-----------|---------------|------------|---------------|
| 1 | - | - | - | gap-and-go | gap scalp break | n/a | - | $4.55 pop resistance | - | unknown | scalp |
| 2 | - | - | - | gap-and-go | pre-market high break | n/a | - | $8.40 range | - | unknown | short |
| 3 | - | - | - | micro-pullback | $2.30 micro-pullback | n/a | - | $2.43 peak | - | unknown | scalp |
| 4 | - | - | - | whole-dollar-break | first 1-min candle break | n/a | - | $2.60 level | - | unknown | scalp |
| 5 | - | - | - | halt-resume | opening-range breakout | added lower | - | $7.20+ range | 10:28am | unknown | short |
=== FILE 0960 ===
TRADE_MECHANICS:
| # | FLOAT | GAP% | REL_VOL | PATTERN_TYPE | ENTRY_TRIGGER | ADD_ON_MECHANIC | STOP_CRITERIA | T1_TARGET | TIME_OF_ENTRY | MACD_STATE | HOLD_DURATION |
|---|-------|------|---------|--------------|---------------|-----------------|---------------|-----------|---------------|------------|---------------|
| 1 | - | - | - | gap-and-go | premarket strength break | n/a | rejected immediately | $3.00 target | - | unknown | scalp |
| 2 | - | - | - | gap-and-go | squeeze alert high-day-momo | n/a | hidden sellers | $3.00+ expected halt | - | unknown | short |
=== FILE 0961 ===
TRADE_MECHANICS:
| # | FLOAT | GAP% | REL_VOL | PATTERN_TYPE | ENTRY_TRIGGER | ADD_ON_MECHANIC | STOP_CRITERIA | T1_TARGET | TIME_OF_ENTRY | MACD_STATE | HOLD_DURATION |
|---|-------|------|---------|--------------|---------------|-----------------|---------------|-----------|---------------|------------|---------------|
| 1 | - | - | - | unknown | prediction-market catalyst | scaled adds at higher levels | multiple failed re-entries | $12+ expected | - | unknown | extended |
| 2 | - | - | - | gap-and-go | crypto-treasury squeeze | dip curl squeeze adds | - | $6 new high | - | positive | short |
| 3 | - | - | - | unknown | small account challenge | n/a | - | - | - | unknown | unknown |
| 4 | - | - | - | unknown | anticipate first candle high | n/a | - | - | - | unknown | unknown |
=== FILE 0962 ===
TRADE_MECHANICS:
| # | FLOAT | GAP% | REL_VOL | PATTERN_TYPE | ENTRY_TRIGGER | ADD_ON_MECHANIC | STOP_CRITERIA | T1_TARGET | TIME_OF_ENTRY | MACD_STATE | HOLD_DURATION |
|---|-------|------|---------|--------------|---------------|-----------------|---------------|-----------|---------------|------------|---------------|
| 1 | - | - | - | gap-and-go | break-the-ice starter | n/a | pattern hesitation | 400% move target | - | unknown | extended |
| 2 | - | - | - | gap-and-go | news catalyst continuation | scaled out through range | resistance | $99k prior profit | - | unknown | short |
| 3 | - | - | - | vwap-reclaim | VWAP curl pattern | scaled in/out throughout | - | resistance levels | - | unknown | short |
| 4 | - | - | - | vwap-reclaim | VWAP curl pattern | n/a | - | - | - | unknown | short |
| 5 | - | - | - | dip-buy | trade attempt dip | n/a | stopped early | - | - | unknown | scalp |
| 6 | - | - | - | dip-buy | dip trade continuation | n/a | profitable exit | - | - | unknown | short |
=== FILE 0963 ===
TRADE_MECHANICS:
| # | FLOAT | GAP% | REL_VOL | PATTERN_TYPE | ENTRY_TRIGGER | ADD_ON_MECHANIC | STOP_CRITERIA | T1_TARGET | TIME_OF_ENTRY | MACD_STATE | HOLD_DURATION |
|---|-------|------|---------|--------------|---------------|-----------------|---------------|-----------|---------------|------------|---------------|
| 1 | - | - | - | whole-dollar-break | half-dollar break high-day-momo | n/a | resistance | break half-dollar | - | unknown | scalp |
| 2 | - | - | - | micro-pullback | dip re-entry | n/a | reversal | - | - | unknown | scalp |
| 3 | - | - | high | gap-and-go | break $5 high short interest | scaled 2-part trade | - | $5+ break | - | unknown | short |
| 4 | - | - | - | dip-buy | attempt | n/a | small loss reversal | - | - | unknown | scalp |
=== FILE 0964 ===
TRADE_MECHANICS:
| # | FLOAT | GAP% | REL_VOL | PATTERN_TYPE | ENTRY_TRIGGER | ADD_ON_MECHANIC | STOP_CRITERIA | T1_TARGET | TIME_OF_ENTRY | MACD_STATE | HOLD_DURATION |
|---|-------|------|---------|--------------|---------------|-----------------|---------------|-----------|---------------|------------|---------------|
| 1 | - | - | - | whole-dollar-break | half-dollar break high-day-momo | n/a | resistance | break half-dollar | - | unknown | scalp |
| 2 | - | - | high | gap-and-go | break $5 high short interest | scaled 2-part trade | - | $5+ break | - | unknown | short |
| 3 | - | - | - | dip-buy | attempt | n/a | small loss reversal | - | - | unknown | scalp |
=== FILE 0965 ===
(NO TRADES DETAILED - Watchlist)
=== FILE 0966 ===
(NO TRADES DETAILED - Watchlist)
=== FILE 0967 ===
TRADE_MECHANICS:
| # | FLOAT | GAP% | REL_VOL | PATTERN_TYPE | ENTRY_TRIGGER | ADD_ON_MECHANIC | STOP_CRITERIA | T1_TARGET | TIME_OF_ENTRY | MACD_STATE | HOLD_DURATION |
|---|-------|------|---------|--------------|---------------|-----------------|---------------|-----------|---------------|------------|---------------|
| 1 | - | - | - | gap-and-go | gap-fill continuation dip | added strength | resistance topping tails | $12.30 resistance | - | unknown | short |
| 2 | - | - | - | micro-pullback | merger-reverse-split dip-trade | n/a | - | - | - | unknown | short |
| 3 | - | - | - | unknown | continuation attempt | n/a | rapid reversal | - | - | unknown | scalp |
=== FILE 0968 ===
TRADE_MECHANICS:
| # | FLOAT | GAP% | REL_VOL | PATTERN_TYPE | ENTRY_TRIGGER | ADD_ON_MECHANIC | STOP_CRITERIA | T1_TARGET | TIME_OF_ENTRY | MACD_STATE | HOLD_DURATION |
|---|-------|------|---------|--------------|---------------|-----------------|---------------|-----------|---------------|------------|---------------|
| 1 | - | - | - | vwap-reclaim | IPO day 2 VWAP break | scaled out range | - | $8+ | 7am | unknown | short |
| 2 | - | - | - | whole-dollar-break | broke 200MA squeeze | scaled entry 15k-20k | - | $3.40-$3.50 | - | unknown | short |
| 3 | - | - | - | gap-and-go | lower float multiple trades | n/a | botched first entry | - | - | unknown | short |
| 4 | - | - | - | whole-dollar-break | resistance break news | n/a | red volume reversal | $3.10+ | - | unknown | scalp |
| 5 | - | - | - | red-to-green | dead cat bounce news | n/a | - | - | - | unknown | scalp |
| 6 | - | - | - | unknown | cheap stock outside params | n/a | reversal | - | - | unknown | scalp |
| 7 | - | - | - | unknown | news catalyst | n/a | small scalp | - | - | unknown | scalp |
=== FILE 0969 ===
TRADE_MECHANICS:
| # | FLOAT | GAP% | REL_VOL | PATTERN_TYPE | ENTRY_TRIGGER | ADD_ON_MECHANIC | STOP_CRITERIA | T1_TARGET | TIME_OF_ENTRY | MACD_STATE | HOLD_DURATION |
|---|-------|------|---------|--------------|---------------|-----------------|---------------|-----------|---------------|------------|---------------|
| 1 | - | - | - | gap-and-go | short squeeze $4.14 entry | scaled adds $4.45, $4.50 | halt resumption | $5.07 pop | - | unknown | short |
| 2 | - | - | - | vwap-reclaim | VWAP break re-entry micro pullback | n/a | topping tail | $5.46 | - | unknown | scalp |
| 3 | - | - | - | halt-resume | halt resumption dip-trade | scaled adds at $7, $7.50 | - | $9.28 peak | - | unknown | short |
=== FILE 0970 ===
TRADE_MECHANICS:
| # | FLOAT | GAP% | REL_VOL | PATTERN_TYPE | ENTRY_TRIGGER | ADD_ON_MECHANIC | STOP_CRITERIA | T1_TARGET | TIME_OF_ENTRY | MACD_STATE | HOLD_DURATION |
|---|-------|------|---------|--------------|---------------|-----------------|---------------|-----------|---------------|------------|---------------|
| 1 | - | - | - | unknown | inverse volatility SPX down | n/a | - | - | - | unknown | scalp |
| 2 | - | - | - | gap-and-go | major gapper post-halt | n/a | halt resume reversal | - | - | unknown | scalp |
| 3 | - | - | - | micro-pullback | dip entries systematic | n/a | - | - | - | unknown | scalp |
=== FILE 0971 ===
TRADE_MECHANICS:
| # | FLOAT | GAP% | REL_VOL | PATTERN_TYPE | ENTRY_TRIGGER | ADD_ON_MECHANIC | STOP_CRITERIA | T1_TARGET | TIME_OF_ENTRY | MACD_STATE | HOLD_DURATION |
|---|-------|------|---------|--------------|---------------|-----------------|---------------|-----------|---------------|------------|---------------|
| 1 | 4M | 37% | - | gap-and-go | gapper post-halt break | scaled out resistance | - | $11+ | post-halt | unknown | short |
| 2 | - | 112% | - | micro-pullback | multiple micro-pullback breakouts | n/a | - | - | - | unknown | short |
=== FILE 0972 ===
TRADE_MECHANICS:
| # | FLOAT | GAP% | REL_VOL | PATTERN_TYPE | ENTRY_TRIGGER | ADD_ON_MECHANIC | STOP_CRITERIA | T1_TARGET | TIME_OF_ENTRY | MACD_STATE | HOLD_DURATION |
|---|-------|------|---------|--------------|---------------|-----------------|---------------|-----------|---------------|------------|---------------|
| 1 | - | - | - | gap-and-go | breaking news NASA dip curl | scaled adds on dips | - | $9+ | 8:18am | unknown | short |
| 2 | - | - | - | whole-dollar-break | micro pop post-halt | n/a | - | $4+ break | - | unknown | scalp |
| 3 | - | - | - | unknown | reverse split 4-pillars setup | n/a | multiple losses | - | - | unknown | unknown |
=== FILE 0973 ===
TRADE_MECHANICS:
| # | FLOAT | GAP% | REL_VOL | PATTERN_TYPE | ENTRY_TRIGGER | ADD_ON_MECHANIC | STOP_CRITERIA | T1_TARGET | TIME_OF_ENTRY | MACD_STATE | HOLD_DURATION |
|---|-------|------|---------|--------------|---------------|-----------------|---------------|-----------|---------------|------------|---------------|
| 1 | - | - | - | gap-and-go | reverse split biotech news | aggressive scale $6-9 | shelf registration offering | $12.00 peak | - | unknown | short |
=== FILE 0974 ===
TRADE_MECHANICS:
| # | FLOAT | GAP% | REL_VOL | PATTERN_TYPE | ENTRY_TRIGGER | ADD_ON_MECHANIC | STOP_CRITERIA | T1_TARGET | TIME_OF_ENTRY | MACD_STATE | HOLD_DURATION |
|---|-------|------|---------|--------------|---------------|-----------------|---------------|-----------|---------------|------------|---------------|
| 1 | - | - | - | gap-and-go | leading gapper pre-market | n/a | ABCD pattern break | - | pre-market | unknown | scalp |
| 2 | - | - | - | gap-and-go | news rallying dip entry | n/a | quick reversal | - | - | unknown | scalp |
=== FILE 0975 ===
TRADE_MECHANICS:
| # | FLOAT | GAP% | REL_VOL | PATTERN_TYPE | ENTRY_TRIGGER | ADD_ON_MECHANIC | STOP_CRITERIA | T1_TARGET | TIME_OF_ENTRY | MACD_STATE | HOLD_DURATION |
|---|-------|------|---------|--------------|---------------|-----------------|---------------|-----------|---------------|------------|---------------|
| 1 | - | - | - | micro-pullback | dip break $4.57-$5.20 | added at low | reversal back | - | 6:48am | unknown | scalp |
| 2 | - | - | - | whole-dollar-break | $7 resistance break | n/a | halt drop $1/share | - | - | unknown | scalp |
| 3 | - | - | - | vwap-reclaim | MACD crossover setup | n/a | - | $3.00 | - | positive | short |
| 4 | - | - | - | micro-pullback | micro pullback re-entry | scaled adds | - | $13+ | - | unknown | short |
| 5 | - | - | - | gap-and-go | strong move $6+ entry | scaled adds | - | $7.50 | - | unknown | short |
=== FILE 0976 ===
TRADE_MECHANICS:
| # | FLOAT | GAP% | REL_VOL | PATTERN_TYPE | ENTRY_TRIGGER | ADD_ON_MECHANIC | STOP_CRITERIA | T1_TARGET | TIME_OF_ENTRY | MACD_STATE | HOLD_DURATION |
|---|-------|------|---------|--------------|---------------|-----------------|---------------|-----------|---------------|------------|---------------|
| 1 | - | - | - | gap-and-go | continuation prior day | n/a | 200MA failed support | - | - | unknown | extended |
| 2 | - | - | - | gap-and-go | biotech breaking news | added $10.80, $11.00 | dip to $10.50 | $11.50 | - | unknown | short |
=== FILE 0977 ===
TRADE_MECHANICS:
| # | FLOAT | GAP% | REL_VOL | PATTERN_TYPE | ENTRY_TRIGGER | ADD_ON_MECHANIC | STOP_CRITERIA | T1_TARGET | TIME_OF_ENTRY | MACD_STATE | HOLD_DURATION |
|---|-------|------|---------|--------------|---------------|-----------------|---------------|-----------|---------------|------------|---------------|
| 1 | - | - | - | gap-and-go | biotech news break high | aggressive scale adds | - | $8+ | - | unknown | short |
| 2 | - | - | - | gap-and-go | breaking news break | dip re-entries squeeze | - | $6.30 | - | unknown | short |
| 3 | - | - | - | whole-dollar-break | daily continuation break | n/a | rejected below break | - | - | unknown | scalp |
=== FILE 0978 ===
TRADE_MECHANICS:
| # | FLOAT | GAP% | REL_VOL | PATTERN_TYPE | ENTRY_TRIGGER | ADD_ON_MECHANIC | STOP_CRITERIA | T1_TARGET | TIME_OF_ENTRY | MACD_STATE | HOLD_DURATION |
|---|-------|------|---------|--------------|---------------|-----------------|---------------|-----------|---------------|------------|---------------|
| 1 | - | - | - | gap-and-go | break $16 1000%+ continuation | n/a | $16.80 entry | - | - | unknown | short |
| 2 | - | - | - | micro-pullback | second entry slippage | n/a | dipped couldn't hold | - | - | unknown | scalp |
| 3 | - | - | - | gap-and-go | third entry top-ticked | n/a | dropped immediately | - | - | unknown | scalp |
| 4 | - | - | - | gap-and-go | breaking news dip curl | scaled adds $.50 incr | - | $6+ | - | unknown | short |
=== FILE 0979 ===
TRADE_MECHANICS:
| # | FLOAT | GAP% | REL_VOL | PATTERN_TYPE | ENTRY_TRIGGER | ADD_ON_MECHANIC | STOP_CRITERIA | T1_TARGET | TIME_OF_ENTRY | MACD_STATE | HOLD_DURATION |
|---|-------|------|---------|--------------|---------------|-----------------|---------------|-----------|---------------|------------|---------------|
| 1 | - | - | - | gap-and-go | day-1 continuation dip retest | added | rejected range | - | 7am | unknown | short |
| 2 | - | - | - | gap-and-go | popup momentum false breakout | added | failed hold | - | - | unknown | short |
| 3 | - | - | - | dip-buy | dead cat support dip retest | added | - | $6+ | - | unknown | short |
| 4 | 250k | - | - | halt-resume | SPAC merger tiny float | dip added $11.50 | - | $13-15.50 | - | unknown | short |
| 5 | - | - | - | unknown | small position | n/a | - | - | - | unknown | short |
=== FILE 0980 ===
TRADE_MECHANICS:
| # | FLOAT | GAP% | REL_VOL | PATTERN_TYPE | ENTRY_TRIGGER | ADD_ON_MECHANIC | STOP_CRITERIA | T1_TARGET | TIME_OF_ENTRY | MACD_STATE | HOLD_DURATION |
|---|-------|------|---------|--------------|---------------|-----------------|---------------|-----------|---------------|------------|---------------|
| 1 | 1.79M | 23% | - | micro-pullback | micro pullback dip buy news | n/a | - | $2.77 | 9:45am | unknown | short |
=== FILE 0981 ===
TRADE_MECHANICS:
| # | FLOAT | GAP% | REL_VOL | PATTERN_TYPE | ENTRY_TRIGGER | ADD_ON_MECHANIC | STOP_CRITERIA | T1_TARGET | TIME_OF_ENTRY | MACD_STATE | HOLD_DURATION |
|---|-------|------|---------|--------------|---------------|-----------------|---------------|-----------|---------------|------------|---------------|
| 1 | 2.5M | - | - | micro-pullback | break $12 micro pullback | scaled adds | reversal on strength | $18 high | - | unknown | short |
| 2 | - | - | - | gap-and-go | unexpected momo spike | n/a | - | $14.50 | - | unknown | scalp |
| 3 | - | - | - | unknown | red-candle setup | n/a | - | - | - | unknown | short |
| 4 | - | - | - | dip-buy | dip-trade double-bottom | n/a | reversal | - | - | unknown | scalp |
=== FILE 0982 ===
(NO CONTENT PROVIDED - END OF BATCH)
=== FILE 0983 ===
(NO CONTENT PROVIDED)
=== FILE 0984 ===
(NO CONTENT PROVIDED)
=== FILE 0985 ===
(NO CONTENT PROVIDED)
=== FILE 0986 ===
(NO CONTENT PROVIDED)
=== FILE 0987 ===
(NO CONTENT PROVIDED)
=== FILE 0988 ===
(NO CONTENT PROVIDED)
=== FILE 0989 ===
(NO CONTENT PROVIDED)
=== FILE 0990 ===
(NO CONTENT PROVIDED)
=== FILE 0991 ===
(NO CONTENT PROVIDED)
=== FILE 0992 ===
(NO CONTENT PROVIDED)
=== FILE 0993 ===
(NO CONTENT PROVIDED)
=== FILE 0994 ===
(NO CONTENT PROVIDED)
=== FILE 0995 ===
(NO CONTENT PROVIDED)
=== FILE 0996 ===
(NO CONTENT PROVIDED)
=== FILE 0997 ===
(NO CONTENT PROVIDED)
=== FILE 0998 ===
(NO CONTENT PROVIDED)
=== FILE 0999 ===
(NO CONTENT PROVIDED)
=== TSV_AUDIT ===
0950	1	CDT	-	-	-	S	S	S	S	S	S	-	S
0959	1	MARK	-	-	-	S	S	-	-	S	-	-	S
0959	2	PZRX	-	-	-	S	S	-	-	S	-	-	S
0959	3	ROK	-	-	-	S	S	-	-	S	-	-	S
0959	4	LBIX	-	-	-	S	S	-	-	S	-	-	S
0959	5	NETC	-	-	-	S	S	S	-	S	S	-	S
0960	1	FTFT	-	-	-	S	S	-	S	S	-	-	S
0960	2	QOMU	-	-	-	S	S	-	S	S	-	-	S
0961	1	PHL	-	-	-	-	S	S	S	S	-	-	S
0961	2	BNKK	-	-	-	S	S	S	-	S	-	S	S
0961	3	CJMBB	-	-	-	-	S	-	-	-	-	-	-
0961	4	CJMBB	-	-	-	-	S	-	-	-	-	-	-
0962	1	MBIO	-	-	-	S	S	-	-	S	-	-	S
0962	2	ARTL	-	-	-	S	S	S	-	S	-	-	S
0962	3	LGPS	-	-	-	S	S	S	-	S	-	-	S
0962	4	SN	-	-	-	S	S	-	-	-	-	-	S
0962	5	EJH	-	-	-	-	-	-	-	-	-	-	-
0962	6	CYC	-	-	-	S	S	-	-	-	-	-	S
0963	1	QCLS	-	-	-	S	S	-	S	S	-	-	S
0963	2	QCLS	-	-	-	S	S	-	S	-	-	-	S
0963	3	WHLR	-	-	S	S	S	S	-	S	-	-	S
0963	4	ADTX	-	-	-	S	S	-	S	-	-	-	S
0964	1	QCLS	-	-	-	S	S	-	S	S	-	-	S
0964	2	WHLR	-	-	S	S	S	S	-	S	-	-	S
0964	3	ADTX	-	-	-	S	S	-	S	-	-	-	S
0967	1	ADTX	-	-	-	S	S	S	S	S	-	-	S
0967	2	IIEN	-	-	-	S	S	-	-	-	-	-	S
0967	3	KBSX	-	-	-	-	S	-	S	-	-	-	S
0968	1	SAAG	-	-	-	S	S	S	-	S	S	-	S
0968	2	TVGN	-	-	-	S	S	S	-	S	-	-	S
0968	3	ZENA	-	-	-	S	S	-	-	-	-	-	S
0968	4	BOF	-	-	-	S	S	-	S	S	-	-	S
0968	5	PECY	-	-	-	S	S	-	-	-	-	-	S
0968	6	NXU	-	-	-	-	S	-	S	-	-	-	S
0968	7	SGD	-	-	-	S	S	-	-	-	-	-	S
0969	1	AWI	-	-	-	S	S	S	S	S	-	-	S
0969	2	AWI	-	-	-	S	S	-	S	S	-	-	S
0969	3	AWI	-	-	-	S	S	S	-	S	-	-	S
0970	1	TVIX	-	-	-	-	S	-	-	-	-	-	S
0970	2	SPEC	-	-	-	S	S	-	S	-	-	-	S
0970	3	MULTI	-	-	-	S	S	-	-	-	-	-	S
0971	1	MEDS	S	S	-	S	S	S	-	S	S	-	S
0971	2	HOTH	-	S	-	S	S	-	-	-	-	-	S
0972	1	MNTTS	-	-	-	S	S	S	-	S	S	-	S
0972	2	UKA	-	-	-	S	S	-	-	S	-	-	S
0972	3	SXTC	-	-	-	-	S	-	S	-	-	-	-
0973	1	GRI	-	-	-	S	S	S	S	S	-	-	S
0974	1	IHT	-	-	-	S	S	-	S	-	-	-	S
0974	2	MOSY	-	-	-	S	S	-	S	-	-	-	S
0975	1	ATNF	-	-	-	S	S	S	-	-	S	-	S
0975	2	DRCT	-	-	-	S	S	-	S	-	-	-	S
0975	3	CMND	-	-	-	S	S	-	-	S	-	S	S
0975	4	CREV	-	-	-	S	S	S	-	S	-	-	S
0975	5	JTI	-	-	-	S	S	S	-	S	-	-	S
0976	1	UGRO	-	-	-	S	S	-	S	-	-	-	S
0976	2	QNRX	-	-	-	S	S	S	-	S	-	-	S
0977	1	STSS	-	-	-	S	S	S	-	S	-	-	S
0977	2	JTAI	-	-	-	S	S	S	-	S	-	-	S
0977	3	SAGT	-	-	-	S	S	-	S	-	-	-	S
0978	1	UPXI	-	-	-	S	S	-	S	-	-	-	S
0978	2	UPXI	-	-	-	S	S	-	S	-	-	-	S
0978	3	UPXI	-	-	-	S	S	-	S	-	-	-	S
0978	4	RTO	-	-	-	S	S	S	-	S	-	-	S
0979	1	SOGP	-	-	-	S	S	S	S	-	S	-	S
0979	2	UPUI	-	-	-	S	S	-	S	-	-	-	S
0979	3	NUKK	-	-	-	S	S	S	-	S	-	-	S
0979	4	YDES	S	-	-	S	S	S	-	S	-	-	S
0979	5	IPDN	-	-	-	-	S	-	-	-	-	-	S
0980	1	DTSS	S	S	-	S	S	-	-	S	S	-	S
0981	1	HIND	S	-	-	S	S	S	S	S	-	-	S
0981	2	QNRX	-	-	-	S	S	-	-	S	-	-	S
0981	3	CWD	-	-	-	-	-	-	-	-	-	-	-
0981	4	LITM	-	-	-	S	S	-	S	-	-	-	S
0859	1	SNIT	-	-	-	S	S	-	S	-	-	-	S
0859	2	EVOCC	-	-	-	S	S	-	S	-	-	-	S
0859	3	SONY	-	-	-	S	S	-	-	-	-	-	S
0859	4	NEON	-	-	-	S	S	-	-	-	-	-	S
0859	5	SAEX	-	-	-	S	S	-	-	-	-	-	S
0859	6	IDEX	-	-	-	-	S	S	-	-	-	-	S
0859	7	IPOC	-	-	-	-	S	-	S	-	-	-	S
0859	8	NEON	-	-	-	S	S	-	S	-	-	-	S
0859	9	FRPN	-	-	-	S	S	S	-	-	-	-	S
0859	10	IDEX	-	-	-	-	S	-	S	-	-	-	S
0859	11	IPOC	-	-	-	-	S	-	S	-	-	-	S
0859	12	SHLL	-	-	-	-	S	-	S	-	-	-	S
0860	1	EVFM	-	-	-	S	S	S	-	S	-	-	S
0860	2	EVFM	-	-	-	S	S	S	-	S	-	-	S
0860	3	EVFM	-	-	-	S	S	-	-	S	-	-	S
0860	4	DFF	-	-	-	S	S	S	-	S	-	-	S
0860	5	DFF	-	-	-	S	S	S	-	S	-	-	S
0861	1	CCN	-	-	-	-	S	S	-	-	-	-	S
0861	2	ATA	-	-	-	S	S	-	S	-	-	-	S
0861	3	PHAS	-	-	-	S	S	-	S	-	-	-	S
0861	4	ATA	-	-	-	S	S	S	-	S	-	-	S
0861	5	SSLJ	-	-	-	S	S	S	-	-	-	-	S
0862	1	IDXG	-	-	-	S	S	S	-	-	-	-	S
0862	2	BRN	-	-	-	S	S	S	-	-	-	-	S
0862	3	CKIN	-	-	-	S	S	-	S	-	-	-	S
0863	1	RHE	-	-	-	S	S	S	-	-	-	-	S
0863	2	ARCI	-	-	-	S	S	S	-	-	-	-	S
0864	1	CLVS	-	-	-	S	S	-	S	-	-	-	S
0864	2	CLVS	-	-	-	S	S	S	-	S	-	-	S
0864	3	CLVS	-	-	-	S	S	-	S	-	-	-	S
0864	4	GLT	-	-	-	-	S	-	S	-	-	-	S
0864	5	TRNX	-	-	-	S	S	-	S	-	-	-	S
0865	1	ALCE	-	-	-	S	S	-	S	-	-	-	S
0865	2	TRNR	-	-	-	S	S	S	-	S	-	-	S
0865	3	XCUR	-	-	-	-	S	-	S	-	-	-	S
0865	4	XPEN	-	-	-	-	S	-	S	-	-	-	S
0865	5	SNOA	-	-	-	S	S	-	S	-	-	-	S
0866	1	FRAN	-	-	-	S	S	S	-	-	-	-	S
0866	2	FRAN	-	-	-	-	S	S	-	-	-	-	S
0866	3	FRAN	-	-	-	S	S	S	-	-	-	-	S
0866	4	NSPR	-	-	-	S	S	S	-	-	-	-	S
0868	1	RSLS	-	-	-	-	S	-	S	-	-	-	S
0868	2	XPON	-	-	-	S	S	S	-	-	-	-	S
0869	1	MYZ	-	-	-	S	S	-	S	-	-	-	S
0869	2	NVNI	-	-	-	S	S	-	S	-	-	-	S
0869	3	LYT	-	-	-	S	S	-	S	-	-	-	S
0869	4	LYT	-	-	-	S	S	S	S	-	-	-	S
0869	5	LYT	-	-	-	-	S	S	S	-	-	-	S
0870	1	SGBX	-	-	-	S	S	S	-	-	-	-	S
0871	1	NEXI	-	-	-	S	S	-	S	-	-	-	S
0871	2	CX	-	-	-	S	S	-	S	-	-	-	S
0871	3	CRBP	-	-	-	S	S	S	-	-	-	-	S
0871	4	REVB	-	-	-	S	S	S	-	-	-	-	S
0872	1	MICT	-	-	-	S	S	-	S	-	-	-	S
0872	2	MICT	-	-	-	S	S	S	-	-	-	-	S
0872	3	GRNQ	-	-	-	S	S	-	S	-	-	-	S
0873	1	SGLB	-	-	-	S	S	-	S	-	-	-	S
0873	2	CAPR	-	-	-	S	S	S	-	-	-	-	S
0873	3	VVPR	-	-	-	S	S	-	S	-	-	-	S
0873	4	SGLB	-	-	-	S	S	S	-	-	-	-	S
0873	5	SHLL	-	-	-	-	S	S	-	-	-	-	S
0874	1	EVH	-	-	-	-	S	-	S	-	-	-	S
0874	2	EVH	-	-	-	S	S	-	S	-	-	-	S
1000	1	PALI	S	-	-	S	S	N	-	S	-	-	S
1000	2	ZENA	-	-	-	S	S	S	S	S	-	S	S
1000	3	APVO	S	-	-	S	S	S	S	S	-	-	S
1001	1	STI	S	S	-	S	S	S	S	S	-	-	S
1001	2	WD	-	-	-	S	S	S	S	S	-	-	S
1001	3	WNW	-	-	-	S	S	N	S	-	-	-	S
1001	4	AISP	-	-	-	S	S	N	-	-	-	-	S
1001	5	BNA	-	-	-	S	S	N	S	S	-	-	S
1002	1	HUSA	-	-	-	S	S	N	-	S	S	-	S
1002	2	CRO	-	-	-	S	S	N	-	-	-	-	S
1003	1	SYTA	-	-	-	S	S	S	S	S	S	-	S
1003	2	MULN	S	-	-	S	S	S	S	S	-	-	S
1004	1	QNRX	-	-	-	S	S	S	S	S	-	S	S
1004	2	BLUE	-	-	-	S	S	N	-	S	-	-	S
1004	3	CING	-	-	-	S	S	N	-	-	-	-	S
1004	4	IQST	-	-	-	S	S	N	S	-	-	-	S
1004	5	SPCB	-	-	-	S	S	N	S	-	-	-	S
1005	1	VLRX	-	-	-	S	S	S	S	S	S	-	S
1006	1	NURO	-	-	-	S	S	S	S	S	-	-	S
1006	2	MEDS	-	-	-	S	S	N	-	-	-	-	S
1006	3	CEMI	-	-	-	S	S	N	-	-	-	-	S
1006	4	LEX	-	-	-	S	S	N	S	-	-	-	S
1007	1	NDTM	S	S	-	S	S	S	S	S	-	-	S
1007	2	APOP	-	-	-	S	S	S	S	S	-	-	S
1007	3	OPG	-	-	-	S	S	S	S	S	-	-	S
1008	1	MG	-	S	S	S	S	N	S	S	S	-	S
1008	2	SNTI	-	-	-	S	S	N	S	S	S	-	S
1008	3	TBNK	-	-	-	S	S	S	S	S	-	-	S
1009	1	STET	S	S	-	S	S	N	S	S	-	-	S
1009	2	ADIL	-	-	-	S	S	S	S	S	-	-	S
1010	1	PBTS	-	S	-	S	S	N	S	S	-	-	S
1010	2	XNET	-	-	-	S	S	S	S	S	-	-	S
1010	3	XNET	-	-	-	S	S	N	S	S	-	-	S
1010	4	XNET	-	-	-	S	S	N	S	S	-	-	S
1010	5	FIT	-	-	-	S	S	S	S	S	-	S	S
1012	1	RSLS	-	-	-	S	S	N	S	S	-	-	S
1012	2	SPEX	-	-	-	S	S	S	S	S	-	-	S
1012	3	SPEX	-	-	-	S	S	S	S	S	-	-	S
1012	4	BOXL	-	-	-	S	S	N	S	S	-	-	S
1012	5	ANYI	-	-	-	S	S	S	S	S	-	-	S
1012	6	INXN	-	-	-	S	S	N	S	S	-	-	S
1013	1	RDHL	-	-	-	S	S	N	S	S	S	-	S
1013	2	PWM	-	-	-	S	S	N	S	S	-	-	S
1013	3	MRM	-	-	-	S	S	N	S	S	-	-	S
1013	4	ASST	-	-	-	S	S	N	S	S	-	-	S
1014	1	GSIW	-	-	-	S	S	N	S	S	-	-	S
1014	2	GSIW	-	-	-	S	S	N	S	S	-	-	S
1014	3	GSIW	-	-	-	S	S	N	S	S	-	-	S
1014	4	BZI	-	-	-	S	S	N	S	S	-	-	S
1014	5	GDHG	-	-	-	S	S	S	S	S	-	-	S
1014	6	LFLY	-	-	-	S	S	N	S	S	-	-	S
1014	7	CREV	-	-	-	S	S	N	S	S	-	-	S
1014	8	NBY	-	-	-	S	S	N	S	S	-	-	S
1014	9	BZI	-	-	-	S	S	N	S	S	-	-	S
1015	1	AMDA	-	-	-	S	S	S	S	S	-	-	S
1015	2	CHFS	-	-	-	S	S	N	S	S	-	-	S
1015	3	INNT	-	-	-	S	S	N	S	S	-	-	S
1015	4	WBAI	-	-	-	S	S	N	S	S	-	-	S
1016	1	GPUS	-	-	-	S	S	N	S	S	S	-	S
1016	2	GPUS	-	-	-	S	S	N	S	S	-	-	S
1016	3	GPUS	-	-	-	S	S	N	S	S	-	-	S
1016	4	GPUS	-	-	-	S	S	S	S	S	-	S	S
1017	1	MSGM	-	-	-	S	S	N	S	S	S	-	S
1017	2	MSGM	-	-	-	S	S	N	S	S	-	-	S
1017	3	MSGM	-	-	-	S	S	N	S	S	-	-	S
1017	4	MGAM	-	-	-	S	S	N	S	S	-	-	S
1017	5	MSGM	-	-	-	S	S	N	S	S	-	-	S
1017	6	EBET	-	-	-	S	S	N	S	S	-	-	S
1017	7	EDBL	-	-	-	S	S	N	S	S	-	-	S
1017	8	VS	-	-	-	S	S	S	S	S	-	S	S
1018	1	CVKD	-	-	-	S	S	N	S	S	-	-	S
1018	2	CVKD	-	-	-	S	S	N	S	S	-	-	S
1018	3	CVKD	-	-	-	S	S	S	S	S	-	S	S
1018	4	INBS	-	-	-	S	S	S	S	S	-	-	S
1019	1	CJMB	-	-	-	S	S	S	S	S	-	S	S
1019	2	LIPO	-	-	-	S	S	N	S	S	-	-	S
1019	3	QNM	-	-	-	S	S	N	S	S	-	-	S
1020	1	SNOA	-	-	-	S	S	N	S	S	-	-	S
1020	2	SNOA	-	-	-	S	S	S	S	S	-	-	S
1020	3	SNOA	-	-	-	S	S	N	S	S	-	-	S
1020	4	MNTS	-	S	-	S	S	N	S	S	-	-	S
1021	1	CAPR	-	-	-	S	S	N	S	S	-	-	S
1021	2	GHSI	-	-	-	S	S	N	S	S	-	-	S
1021	3	FRAN	-	-	-	S	S	N	S	S	-	-	S
1021	4	FRAN	-	-	-	S	S	N	S	S	-	-	S
1021	5	IX	-	-	-	S	S	N	S	S	-	-	S
1022	1	VVUS	S	-	-	S	S	N	S	S	-	-	S
1023	1	BTCM	-	-	-	S	S	N	S	S	S	-	S
1023	2	BTCM	-	-	-	S	S	N	S	S	-	-	S
1023	3	BTCM	-	-	-	S	S	S	S	S	-	S	S
1023	4	AI	-	-	-	S	S	N	S	S	-	-	S
1023	5	SAFX	-	-	-	S	S	S	S	S	-	-	S
1023	6	KWM	-	-	-	S	S	S	S	S	-	S	S
=== FILE 1024 ===
TRADE_MECHANICS:
| # | FLOAT | GAP% | REL_VOL | PATTERN_TYPE | ENTRY_TRIGGER | ADD_ON_MECHANIC | STOP_CRITERIA | T1_TARGET | TIME_OF_ENTRY | MACD_STATE | HOLD_DURATION |
|---|-------|------|---------|--------------|---------------|-----------------|---------------|-----------|---------------|------------|---------------|
| 1 | - | - | - | abcd | dip re-entry, ascending resistance break | added on breakout attempts | breakout failure, reversal | whole-dollar levels | - | unknown | short |
| 2 | - | - | - | rally-continuation | consolidation at $420 level | dip re-entries | failed breakout | quick scalp target | - | unknown | scalp |
| 3 | - | - | - | micro-pullback | dip entry at micro-pullback curl | n/a | failed breakout, loss at entry | pullback target | - | unknown | short |
| 4 | - | - | - | squeeze-pattern | squeeze to $6.50-$7 | added on breakout scaling | breakout failure | $7.50 resistance | - | unknown | short |
| 5 | - | - | - | whole-dollar-break | break above $7.50 full-size | n/a | failed breakout, violent rejection | $8.00+ | - | unknown | short |
=== FILE 1025 ===
TRADE_MECHANICS:
| # | FLOAT | GAP% | REL_VOL | PATTERN_TYPE | ENTRY_TRIGGER | ADD_ON_MECHANIC | STOP_CRITERIA | T1_TARGET | TIME_OF_ENTRY | MACD_STATE | HOLD_DURATION |
|---|-------|------|---------|--------------|---------------|-----------------|---------------|-----------|---------------|------------|---------------|
| 1 | - | - | - | gap-and-go | break of prior day's high at $7.50 | aggressive adds through $7.50-$7.70 | failed breakout, sharp reversal | $8.00+ | - | unknown | scalp |
| 2 | - | - | - | dip-buy | dead-cat bounce off low | dip trade, scaled out | n/a | $23.50-$24.25 | - | unknown | short |
=== FILE 1026 ===
TRADE_MECHANICS:
| # | FLOAT | GAP% | REL_VOL | PATTERN_TYPE | ENTRY_TRIGGER | ADD_ON_MECHANIC | STOP_CRITERIA | T1_TARGET | TIME_OF_ENTRY | MACD_STATE | HOLD_DURATION |
|---|-------|------|---------|--------------|---------------|-----------------|---------------|-----------|---------------|------------|---------------|
| 1 | - | - | - | first-candle-breakout | first candle new high, Israeli defense catalyst | partial exit at profit | reversal point | $2.90 resistance | 9:15am | unknown | scalp |
| 2 | - | - | - | dip-buy | re-entry, dip after first profit | scaled at resistance levels | sellers at resistance | $2.97-$2.99 | - | unknown | scalp |
| 3 | - | - | - | vwap-reclaim | first candle to new high, 1-min VWAP pullback | scaled through $3.10-$3.16 | pullback failure, reversal | $3.16+ | - | unknown | extended |
| 4 | - | - | - | continuation-add | add-back 10,000 shares, break above $3.10 | full-size add | reversal on rejection candle | $3.50+ | - | unknown | scalp |
=== FILE 1027 ===
TRADE_MECHANICS:
| # | FLOAT | GAP% | REL_VOL | PATTERN_TYPE | ENTRY_TRIGGER | ADD_ON_MECHANIC | STOP_CRITERIA | T1_TARGET | TIME_OF_ENTRY | MACD_STATE | HOLD_DURATION |
|---|-------|------|---------|--------------|---------------|-----------------|---------------|-----------|---------------|------------|---------------|
| 1 | - | - | - | micro-pullback | micro-pullback dip, squeeze from $7.50-$9 observed | n/a | pattern exhaustion, topping tail | $10.60 | - | unknown | extended |
| 2 | - | - | - | dip-buy | second dip, same pattern repeating | n/a | topping tail, reversal | $11.00-$11.85 | - | unknown | short |
=== FILE 1028 ===
TRADE_MECHANICS:
| # | FLOAT | GAP% | REL_VOL | PATTERN_TYPE | ENTRY_TRIGGER | ADD_ON_MECHANIC | STOP_CRITERIA | T1_TARGET | TIME_OF_ENTRY | MACD_STATE | HOLD_DURATION |
|---|-------|------|---------|--------------|---------------|-----------------|---------------|-----------|---------------|------------|---------------|
| 1 | - | - | - | micro-pullback | micro-pullback dip, squeeze from $7.50-$9 | n/a | pattern exhaustion, topping tail | $10.60 | - | unknown | extended |
| 2 | - | - | - | dip-buy | second dip, same pattern repeating | n/a | topping tail, reversal | $11.00-$11.85 | - | unknown | short |
=== FILE 1029 ===
TRADE_MECHANICS:
| # | FLOAT | GAP% | REL_VOL | PATTERN_TYPE | ENTRY_TRIGGER | ADD_ON_MECHANIC | STOP_CRITERIA | T1_TARGET | TIME_OF_ENTRY | MACD_STATE | HOLD_DURATION |
|---|-------|------|---------|--------------|---------------|-----------------|---------------|-----------|---------------|------------|---------------|
| 1 | - | - | - | momentum-surge | momentum surge from $3.30, dip buy off support | adds on breaks | light-volume reversal, sellers stacking | $4.42+ | - | unknown | short |
| 2 | - | - | - | consolidation-breakout | consolidation dip, multiple re-entries | dip re-entries | n/a | $14.50 range | - | unknown | short |
| 3 | - | - | - | dip-and-rip | dip and rip, pre-market popup | n/a | low-conviction exit | unknown | - | unknown | scalp |
| 4 | - | - | - | whole-dollar-break | break over $5 whole dollar | n/a | n/a | $5.00+ | - | unknown | scalp |
=== FILE 1030 ===
TRADE_MECHANICS:
| # | FLOAT | GAP% | REL_VOL | PATTERN_TYPE | ENTRY_TRIGGER | ADD_ON_MECHANIC | STOP_CRITERIA | T1_TARGET | TIME_OF_ENTRY | MACD_STATE | HOLD_DURATION |
|---|-------|------|---------|--------------|---------------|-----------------|---------------|-----------|---------------|------------|---------------|
| 1 | - | - | - | momentum-breakout | break and hold over $2.50, momentum surge | scaled into squeeze | light-volume rejection, reversal | $3.10 | - | unknown | extended |
| 2 | - | - | - | gap-and-go | break of $3.50, opening momentum | n/a | large seller at $3.90 | $3.90 resistance | 9:32am | unknown | scalp |
| 3 | - | - | - | reverse-split-squeeze | sympathy to CWD, reverse split squeeze | n/a | hard rejection after entry | $2.50+ | - | unknown | scalp |
=== FILE 1031 ===
TRADE_MECHANICS:
| # | FLOAT | GAP% | REL_VOL | PATTERN_TYPE | ENTRY_TRIGGER | ADD_ON_MECHANIC | STOP_CRITERIA | T1_TARGET | TIME_OF_ENTRY | MACD_STATE | HOLD_DURATION |
|---|-------|------|---------|--------------|---------------|-----------------|---------------|-----------|---------------|------------|---------------|
| 1 | - | - | - | blue-sky-breakout | blue-sky news pop, dip re-entry | dip re-entry attempt | failed break of $3.50 | $3.50-$4.00 | - | unknown | scalp |
=== FILE 1032 ===
TRADE_MECHANICS:
| # | FLOAT | GAP% | REL_VOL | PATTERN_TYPE | ENTRY_TRIGGER | ADD_ON_MECHANIC | STOP_CRITERIA | T1_TARGET | TIME_OF_ENTRY | MACD_STATE | HOLD_DURATION |
|---|-------|------|---------|--------------|---------------|-----------------|---------------|-----------|---------------|------------|---------------|
| 1 | - | - | - | news-pop-dip | news pop dip buy, break of ascending resistance | n/a | failed break at $8.50, sold down | $8.50 | - | unknown | short |
| 2 | - | - | - | red-to-green | red-to-green reversal, ascending resistance breakout | n/a | n/a | $4.00 | - | unknown | short |
=== FILE 1033 ===
TRADE_MECHANICS:
| # | FLOAT | GAP% | REL_VOL | PATTERN_TYPE | ENTRY_TRIGGER | ADD_ON_MECHANIC | STOP_CRITERIA | T1_TARGET | TIME_OF_ENTRY | MACD_STATE | HOLD_DURATION |
|---|-------|------|---------|--------------|---------------|-----------------|---------------|-----------|---------------|------------|---------------|
| 1 | - | - | - | gap-and-go | break of premarket high at $2.50 | n/a | rollover, stop at $2.24/$2.18 | $2.50+ | - | unknown | scalp |
| 2 | - | - | - | whole-dollar-break | break of half dollar | n/a | choppy fills, reversal | $2.50+ | - | unknown | scalp |
| 3 | - | - | - | momentum-breakout | break of high, momentum | n/a | failed to hold level | high + | - | unknown | scalp |
| 4 | - | - | - | first-candle-breakout | first candle new high, breakout attempt | n/a | reversed immediately, never green | high + | - | unknown | scalp |
=== FILE 1034 ===
=== FILE 1035 ===
TRADE_MECHANICS:
| # | FLOAT | GAP% | REL_VOL | PATTERN_TYPE | ENTRY_TRIGGER | ADD_ON_MECHANIC | STOP_CRITERIA | T1_TARGET | TIME_OF_ENTRY | MACD_STATE | HOLD_DURATION |
|---|-------|------|---------|--------------|---------------|-----------------|---------------|-----------|---------------|------------|---------------|
| 1 | 2.04M | 46% | - | gap-and-go | leading gapper, scalp series at half/whole dollars | scaled at half and whole dollar levels | price reaching too high, risk | $6.00-$6.50 | - | unknown | scalp |
| 2 | - | - | - | sympathy-momentum | sympathy momentum, scanner pop | multiple scalp attempts | false breakout, reversal | $2.50+ | - | unknown | scalp |
| 3 | - | - | - | sympathy-momentum | sympathy momentum, scanner pop | n/a | reversal after entry | high + | - | unknown | scalp |
=== FILE 1036 ===
TRADE_MECHANICS:
| # | FLOAT | GAP% | REL_VOL | PATTERN_TYPE | ENTRY_TRIGGER | ADD_ON_MECHANIC | STOP_CRITERIA | T1_TARGET | TIME_OF_ENTRY | MACD_STATE | HOLD_DURATION |
|---|-------|------|---------|--------------|---------------|-----------------|---------------|-----------|---------------|------------|---------------|
| 1 | - | - | - | micro-pullback | one-minute micro pullback at $7, whole-dollar anticipation | added on second pullback | reversal at resistance | $8.00+ | - | unknown | short |
| 2 | - | - | - | halt-resume | halt resume, anticipating break of $4.00 | n/a | choppy fills, breakeven | $4.25+ | - | unknown | scalp |
| 3 | - | - | - | scanner-pop | scanner pop at halt entry | n/a | no fill before halt | $5.00+ | - | unknown | unknown |
=== FILE 1037 ===
TRADE_MECHANICS:
| # | FLOAT | GAP% | REL_VOL | PATTERN_TYPE | ENTRY_TRIGGER | ADD_ON_MECHANIC | STOP_CRITERIA | T1_TARGET | TIME_OF_ENTRY | MACD_STATE | HOLD_DURATION |
|---|-------|------|---------|--------------|---------------|-----------------|---------------|-----------|---------------|------------|---------------|
| 1 | - | - | - | gap-and-go | gap-and-go, test of premarket high at $6.40 | scaled at half and whole dollars | breakout failure, reversal | $6.50+ | - | unknown | scalp |
| 2 | - | - | - | micro-pullback | micro pullback, dip re-entry | n/a | n/a | $6.00+ | - | unknown | scalp |
| 3 | - | - | - | scanner-pop | scanner pop, continuation from prior day | partial capture, sold on reversal | reversal on capture | $1.91+ | - | unknown | short |
| 4 | - | - | - | halt-resume | news halt resume pop | n/a | reversal after halt | $1.68+ | - | unknown | scalp |
| 5 | - | - | - | flag-pattern | descending resistance breakout, flag pattern | n/a | n/a | $2.51+ | - | unknown | short |
| 6 | - | - | - | halt-resume | continuation, halt-up, break of $7.50 | scaled through halt resumptions | n/a | $9.00-$10.00 | - | unknown | extended |
| 7 | - | - | - | daily-breakout | daily chart breakout, scanner pop | n/a | sharp reversal on entry | $9.50+ | - | unknown | scalp |
| 8 | - | - | - | pullback-reentry | pullback re-entry, break over $2.11 | n/a | n/a | $2.11+ | - | unknown | scalp |
=== FILE 1038 ===
TRADE_MECHANICS:
| # | FLOAT | GAP% | REL_VOL | PATTERN_TYPE | ENTRY_TRIGGER | ADD_ON_MECHANIC | STOP_CRITERIA | T1_TARGET | TIME_OF_ENTRY | MACD_STATE | HOLD_DURATION |
|---|-------|------|---------|--------------|---------------|-----------------|---------------|-----------|---------------|------------|---------------|
| 1 | - | - | - | flat-top-wedge | break of flat top at $1.40, wedge breakout | scaled on ask for ECN rebate | n/a | $1.40+ | pre-open | unknown | scalp |
| 2 | - | - | - | vwap-reclaim | break through VWAP, new high at $10.33 | n/a | n/a | $10.33+ | - | unknown | scalp |
=== FILE 1039 ===
TRADE_MECHANICS:
| # | FLOAT | GAP% | REL_VOL | PATTERN_TYPE | ENTRY_TRIGGER | ADD_ON_MECHANIC | STOP_CRITERIA | T1_TARGET | TIME_OF_ENTRY | MACD_STATE | HOLD_DURATION |
|---|-------|------|---------|--------------|---------------|-----------------|---------------|-----------|---------------|------------|---------------|
| 1 | - | - | - | vwap-reclaim | VWAP reclaim, ascending continuation | scaled on way up, trimmed on dip | n/a | $17.50+ | - | unknown | extended |
| 2 | - | - | - | halt-anticipation | scanner pop, halt anticipation | n/a | failed halt run | $0.64+ | - | unknown | scalp |
| 3 | - | - | - | halt-resume | halt resume, merger news | partial profit before halt | n/a | halt-level | - | unknown | scalp |
| 4 | - | - | - | descending-resistance-break | dip buy, descending resistance break, halt-up series | sized up through halts | n/a | $20.38 | - | unknown | extended |
=== FILE 1040 ===
TRADE_MECHANICS:
| # | FLOAT | GAP% | REL_VOL | PATTERN_TYPE | ENTRY_TRIGGER | ADD_ON_MECHANIC | STOP_CRITERIA | T1_TARGET | TIME_OF_ENTRY | MACD_STATE | HOLD_DURATION |
|---|-------|------|---------|--------------|---------------|-----------------|---------------|-----------|---------------|------------|---------------|
| 1 | - | 60%+ | - | gap-and-go | gap-and-go, break of premarket high, multiple dips | dip re-entries, sized down | failed breakout at $6.58, sized down | $6.50+ | - | unknown | short |
| 2 | - | - | - | ascending-support-break | starter, break of ascending support | n/a | failed breakout | $0.34+ | - | unknown | scalp |
| 3 | - | - | - | vwap-reclaim | VWAP reclaim, break of $3.45 pivot | added on dips | hidden seller at $3.45 | $3.45+ | - | unknown | short |
=== FILE 1041 ===
TRADE_MECHANICS:
| # | FLOAT | GAP% | REL_VOL | PATTERN_TYPE | ENTRY_TRIGGER | ADD_ON_MECHANIC | STOP_CRITERIA | T1_TARGET | TIME_OF_ENTRY | MACD_STATE | HOLD_DURATION |
|---|-------|------|---------|--------------|---------------|-----------------|---------------|-----------|---------------|------------|---------------|
| 1 | - | 26% | - | whole-dollar-break | break of ascending support, $8.00 whole dollar | n/a | retreat after initial pop | $8.15+ | - | unknown | scalp |
| 2 | - | - | - | gap-continuation | break of $16, dip re-entry, continuation | dip re-entry | false breakout at $16.38 | $16.00+ | - | unknown | scalp |
| 3 | - | - | - | dip-buy-vwap | re-entry dip buy, VWAP reclaim | added on dips | n/a | $16.25-$16.50 | - | unknown | short |
=== FILE 1042 ===
TRADE_MECHANICS:
| # | FLOAT | GAP% | REL_VOL | PATTERN_TYPE | ENTRY_TRIGGER | ADD_ON_MECHANIC | STOP_CRITERIA | T1_TARGET | TIME_OF_ENTRY | MACD_STATE | HOLD_DURATION |
|---|-------|------|---------|--------------|---------------|-----------------|---------------|-----------|---------------|------------|---------------|
| 1 | - | - | - | reverse-split-squeeze | reverse-split squeeze, ABCD pattern, break of $11.50 | n/a | violent drop from $11.50 to $9.95 | $13.00 | - | unknown | scalp |
| 2 | - | - | - | dip-buy | dip buy, break of $5.75, reverse split continuation | n/a | n/a | $6.02+ | - | unknown | short |
=== FILE 1043 ===
TRADE_MECHANICS:
| # | FLOAT | GAP% | REL_VOL | PATTERN_TYPE | ENTRY_TRIGGER | ADD_ON_MECHANIC | STOP_CRITERIA | T1_TARGET | TIME_OF_ENTRY | MACD_STATE | HOLD_DURATION |
|---|-------|------|---------|--------------|---------------|-----------------|---------------|-----------|---------------|------------|---------------|
| 1 | - | - | high | reverse-split-bounce | reverse-split dip bounce, descending resistance break, inverted H&S | scaled multiple entries in $3.54-$3.92 range | MACD turnover | $3.92+ | - | unknown | scalp |
=== FILE 1044 ===
=== FILE 1045 ===
=== FILE 1046 ===
TRADE_MECHANICS:
| # | FLOAT | GAP% | REL_VOL | PATTERN_TYPE | ENTRY_TRIGGER | ADD_ON_MECHANIC | STOP_CRITERIA | T1_TARGET | TIME_OF_ENTRY | MACD_STATE | HOLD_DURATION |
|---|-------|------|---------|--------------|---------------|-----------------|---------------|-----------|---------------|------------|---------------|
| 1 | - | - | - | news-flat-top | news pop, flat-top break attempt at $2.03 | n/a | dip to $1.87 before recovery, stopped | $2.03+ | - | unknown | scalp |
| 2 | - | - | - | flat-top-breakout | flat-top breakout attempt, consolidation above $2.20 | n/a | failed break of $2.35 | $2.35+ | - | unknown | scalp |
| 3 | - | - | - | consolidation-breakout | second re-entry, consolidation breakout attempt | n/a | no follow-through above $2.35 | $2.35+ | - | unknown | scalp |
| 4 | - | - | - | flat-top-break | volume surge, flat-top break at $2.34 pre-open | scaled, sold 5000 at $2.40 | n/a | $2.40-$2.60 | pre-open | unknown | short |
=== FILE 1047 ===
TRADE_MECHANICS:
| # | FLOAT | GAP% | REL_VOL | PATTERN_TYPE | ENTRY_TRIGGER | ADD_ON_MECHANIC | STOP_CRITERIA | T1_TARGET | TIME_OF_ENTRY | MACD_STATE | HOLD_DURATION |
|---|-------|------|---------|--------------|---------------|-----------------|---------------|-----------|---------------|------------|---------------|
| 1 | - | - | - | daily-breakout | scanner pop, daily chart breakout, after-hours high retest | n/a | fade after exit | $4.04-$4.25 | - | unknown | scalp |
| 2 | - | - | - | scanner-pop | scanner pop, momentum entry | n/a | reversed immediately after entry | unknown | - | unknown | scalp |
=== FILE 1048 ===
TRADE_MECHANICS:
| # | FLOAT | GAP% | REL_VOL | PATTERN_TYPE | ENTRY_TRIGGER | ADD_ON_MECHANIC | STOP_CRITERIA | T1_TARGET | TIME_OF_ENTRY | MACD_STATE | HOLD_DURATION |
|---|-------|------|---------|--------------|---------------|-----------------|---------------|-----------|---------------|------------|---------------|
| 1 | - | - | - | pop-pullback-curl | dip bounce, pop-pullback-curl pattern similar to prior day | n/a | high-volume red bar ended move | $3.65+ | - | unknown | short |
| 2 | - | - | - | momentum-surge | momentum surge, next-runner attempt with 30,000 shares | n/a | whipped back on same candle | $0.53+ | - | unknown | scalp |
| 3 | - | - | - | gap-and-go | gap-and-go, stair-stepping breakout, dip re-entries | scaled through multiple exits | choppy range $7.00-$7.60 | $7.00-$7.60 | - | unknown | extended |
| 4 | - | - | - | pivot-break | leading gapper entry, pivot break above $1.65 | n/a | n/a | $1.65+ | - | unknown | scalp |
| 5 | - | - | - | scanner-pop | scanner pop, quick scalp | n/a | n/a | $0.53+ | - | unknown | scalp |
=== FILE 1049 ===
TRADE_MECHANICS:
| # | FLOAT | GAP% | REL_VOL | PATTERN_TYPE | ENTRY_TRIGGER | ADD_ON_MECHANIC | STOP_CRITERIA | T1_TARGET | TIME_OF_ENTRY | MACD_STATE | HOLD_DURATION |
|---|-------|------|---------|--------------|---------------|-----------------|---------------|-----------|---------------|------------|---------------|
| 1 | - | - | - | vwap-reclaim | VWAP reclaim attempt, day-two continuation | n/a | drop from $3.56 to $3.30 | $3.56+ | - | unknown | scalp |
| 2 | - | - | - | momentum-surge | momentum surge, 30,000 shares, continuation attempt | n/a | whipped back on same candle | $0.53+ | - | unknown | scalp |
| 3 | - | - | - | gap-and-go | gap-and-go, stair-stepping breakout, multiple dip re-entries | scaled through $7.00-$7.60 range | choppy range holds | $7.00-$7.60 | - | unknown | extended |
| 4 | - | - | - | pivot-break | leading gapper pivot break above $1.65 | n/a | n/a | $1.65+ | - | unknown | scalp |
| 5 | - | - | - | scanner-pop | scanner pop, quick scalp | n/a | n/a | $0.53+ | - | unknown | scalp |
=== TSV_AUDIT ===
1024	1	PHIO	-	-	-	S	S	S	S	S	-	S
1024	2	NC	-	-	-	S	S	S	S	S	-	S
1024	3	THR	-	-	-	S	S	N	S	S	-	S
1024	4	THR	-	-	-	S	S	S	S	S	-	S
1024	5	THR	-	-	-	S	S	N	S	S	-	S
1025	1	STTK	-	-	-	S	S	S	S	S	-	S
1025	2	ATAK	-	-	-	S	S	S	N	S	-	S
1026	1	MTECH	-	-	-	S	S	S	S	S	S	S
1026	2	MTECH	-	-	-	S	S	S	S	S	-	S
1026	3	MTECH	-	-	-	S	S	S	S	S	-	S
1026	4	MTECH	-	-	-	S	S	N	S	S	-	S
1027	1	JZXN	-	-	-	S	S	N	S	S	-	S
1027	2	JZXN	-	-	-	S	S	N	S	S	-	S
1028	1	JZXN	-	-	-	S	S	N	S	S	-	S
1028	2	JZXN	-	-	-	S	S	N	S	S	-	S
1029	1	NKG	-	-	-	S	S	S	S	S	-	S
1029	2	FWBI	-	-	-	S	S	S	S	S	-	S
1029	3	NXU	-	-	-	S	S	N	S	S	-	S
1029	4	CING	-	-	-	S	S	N	S	S	-	S
1030	1	GV	-	-	-	S	S	S	S	S	-	S
1030	2	AIMD	-	-	-	S	S	N	S	S	S	S
1030	3	MLGO	-	-	-	S	S	N	S	S	-	S
1031	1	VHUB	-	-	-	S	S	S	S	S	-	S
1032	1	LRHC	-	-	-	S	S	N	S	S	-	S
1032	2	SGBX	-	-	-	S	S	N	S	S	-	S
1033	1	OPGN	-	-	-	S	S	N	S	S	-	S
1033	2	AQMS	-	-	-	S	S	N	S	S	-	S
1033	3	ARPN	-	-	-	S	S	N	S	S	-	S
1033	4	CATB	-	-	-	S	S	N	S	S	-	S
1035	1	GBR	S	S	-	S	S	S	S	S	-	S
1035	2	BASY	-	-	-	S	S	S	S	S	-	S
1035	3	MXC	-	-	-	S	S	N	S	S	-	S
1036	1	KBSF	-	-	-	S	S	S	S	S	-	S
1036	2	VLRX	-	-	-	S	S	N	S	S	-	S
1036	3	CHEK	-	-	-	S	S	N	-	S	-	-
1037	1	DFBG	-	-	-	S	S	S	S	S	-	S
1037	2	GBR	-	-	-	S	S	N	S	S	-	S
1037	3	TGC	-	-	-	S	S	N	S	S	-	S
1037	4	CCCR	-	-	-	S	S	N	S	S	-	S
1037	5	PRAN	-	-	-	S	S	N	S	S	-	S
1037	6	ABIL	-	-	-	S	S	S	S	S	-	S
1037	7	FRD	-	-	-	S	S	N	S	S	-	S
1037	8	TAIT	-	-	-	S	S	N	S	S	-	S
1038	1	HYRE	-	-	-	S	S	S	N	S	S	S
1038	2	ATXG	-	-	-	S	S	N	N	S	-	S
1039	1	SOPA	-	-	-	S	S	S	N	S	-	S
1039	2	LTRY	-	-	-	S	S	N	S	S	-	S
1039	3	HYPR	-	-	-	S	S	N	N	S	-	S
1039	4	SOPA	-	-	-	S	S	S	N	S	-	S
1040	1	NTRB	-	S	-	S	S	S	S	S	-	S
1040	2	UC	-	-	-	S	S	N	S	S	-	S
1040	3	ONCS	-	-	-	S	S	S	S	S	-	S
1041	1	GSUN	-	S	-	S	S	N	S	S	-	S
1041	2	ATAT	-	-	-	S	S	S	S	S	-	S
1041	3	ATAT	-	-	-	S	S	S	N	S	-	S
1042	1	MSGM	-	-	-	S	S	N	S	S	-	S
1042	2	DBGI	-	-	-	S	S	N	S	S	-	S
1043	1	COSM	-	-	S	S	S	S	S	S	-	S
1046	1	FRZA	-	-	-	S	S	N	S	S	-	S
1046	2	FRZA	-	-	-	S	S	N	S	S	-	S
1046	3	FRZA	-	-	-	S	S	N	S	S	-	S
1046	4	FRZA	-	-	-	S	S	N	S	S	-	S
1047	1	SOBR	-	-	-	S	S	N	S	S	-	S
1047	2	AMPX	-	-	-	S	S	N	S	S	-	S
1048	1	IMV	-	-	-	S	S	N	S	S	-	S
1048	2	TNXP	-	-	-	S	S	N	S	S	-	S
1048	3	APVO	-	-	-	S	S	S	S	S	-	S
1048	4	HTGM	-	-	-	S	S	N	S	S	-	S
1048	5	KWE	-	-	-	S	S	N	S	S	-	S
1049	1	AMAM	-	-	-	S	S	N	S	S	-	S
1049	2	TNXP	-	-	-	S	S	N	S	S	-	S
1049	3	APVO	-	-	-	S	S	S	S	S	-	S
1049	4	HTGM	-	-	-	S	S	N	S	S	-	S
1049	5	KWE	-	-	-	S	S	N	S	S	-	S
1050	1	LUCY	S	S	-	S	S	S	S	S	-	-	S
1050	2	KALA	S	-	-	S	S	-	S	-	-	-	S
1050	3	LJAQ	S	-	-	S	S	-	-	-	-	-	S
1050	4	RAYA	S	S	-	S	S	S	S	S	-	-	S
1051	1	PTON	S	S	-	S	S	S	-	S	-	-	S
1051	2	CPRI	S	-	-	S	S	-	S	-	-	-	S
1052	1	LCID	S	S	-	S	S	S	-	S	-	-	S
1052	2	RNEWY	S	-	-	S	S	S	-	-	-	-	S
1053	1	UPST	S	S	-	S	S	S	-	S	-	-	S
1053	2	PDSB	S	-	-	S	S	-	S	-	-	-	S
1054	1	DKNG	S	S	-	S	S	S	-	S	-	-	S
1054	2	COIN	S	-	-	S	S	-	S	-	-	-	S
1055	1	RIVN	S	S	-	S	S	S	-	S	-	-	S
1055	2	TCEHY	S	-	-	S	S	S	-	S	-	-	S
1057	1	SOFI	S	S	-	S	S	S	-	S	-	-	S
1057	2	CLDR	S	-	-	S	S	-	S	-	-	-	S
1058	1	PINS	S	S	-	S	S	S	-	S	-	-	S
1058	2	BIRD	S	-	-	S	S	-	S	-	-	-	S
1059	1	ROKU	S	S	-	S	S	S	-	S	-	-	S
1059	2	TDOC	S	-	-	S	S	-	S	-	-	-	S
1061	1	BCRX	S	-	-	S	S	S	-	-	-	-	S
1061	2	SINT	S	-	-	S	S	S	-	-	-	-	S
1062	1	ICCM	S	S	-	S	S	-	S	S	-	-	S
1062	2	HUDI	S	-	-	S	S	-	S	S	-	-	S
1063	1	RNAZ	S	-	-	S	S	-	-	-	-	-	S
1063	2	HOLO	S	-	-	S	S	S	-	-	-	-	S
1063	3	EPIX	S	-	-	S	S	S	-	-	-	-	S
1065	1	ATAT	S	-	-	S	S	S	-	S	-	-	S
1066	1	IMMX	S	-	-	S	S	S	S	-	-	-	S
1067	1	MOTS	S	S	-	S	S	-	-	S	-	-	S
1068	1	COSM	S	-	-	S	S	S	S	S	-	-	S
1069	1	MOTS	S	S	-	S	S	S	S	S	-	-	S
1070	1	KZIA	S	-	-	S	S	S	-	-	-	-	S
1070	2	NRBO	S	-	-	S	S	S	-	S	-	-	S
1070	3	AMPX	S	-	-	S	S	S	S	-	-	-	S
1071	1	SNTG	S	-	-	S	S	S	-	-	-	-	S
1071	2	PKBO	S	-	-	S	S	S	-	S	-	-	S
1072	1	CSCW	S	-	-	S	S	S	-	S	-	-	S
1073	1	AMV	S	-	-	S	S	S	S	S	-	-	S
1074	1	PALI	S	S	-	S	S	S	-	S	-	-	S
1074	2	TCBP	S	-	-	S	S	-	S	S	-	-	S
1074	3	ONCS	S	-	-	S	S	S	-	-	-	-	S
1075	1	UVL	S	-	-	S	S	S	-	S	-	-	S
1075	2	NUVL	S	-	-	S	S	-	S	-	-	-	S
1075	3	EPIX	S	-	-	S	S	S	-	S	-	-	S
1077	1	SNAL	S	-	-	S	S	S	S	S	-	-	S
1077	2	VS	S	-	-	S	S	S	-	-	-	-	S
1078	1	SINT	S	-	-	S	S	S	-	S	-	-	S
1078	2	GCT	S	-	-	S	S	S	S	S	-	-	S
1078	3	SPRC	S	-	-	S	S	S	-	-	-	-	S
1079	1	GCT	S	-	-	S	S	S	S	S	-	-	S
1079	2	SPRC	S	-	-	S	S	S	-	-	-	-	S
1080	1	NWTN	S	-	-	S	S	S	-	S	-	-	S
1080	2	ICU	S	S	-	S	S	S	-	S	-	-	S
1081	1	ATXI	S	-	-	S	S	S	-	-	-	-	S
1081	2	TTOO	S	-	-	S	S	S	-	-	-	-	S
1081	3	CPAH	S	-	-	S	S	S	-	-	-	-	S
1082	1	AM	S	S	-	S	S	S	-	S	-	-	S
1082	2	PHVS	S	-	-	S	S	-	-	S	-	-	S
1083	1	KALA	S	S	-	S	S	S	-	S	-	-	S
1083	2	KALA	S	S	-	S	S	S	-	S	-	-	S
1083	3	DBGI	S	-	-	S	S	S	-	S	-	-	S
1083	4	SILO	S	-	-	S	S	-	S	-	-	-	S
1084	1	KPRX	S	-	-	S	S	-	S	-	-	-	S
1084	2	EQ	S	-	-	S	S	-	S	-	-	-	S
1084	3	ATXI	S	-	-	S	S	S	-	S	-	-	S
1085	1	ATXI	S	S	-	S	S	S	-	S	-	-	S
1085	2	LITM	S	-	-	S	S	-	-	S	-	-	S
1086	1	ATXI	S	-	-	S	S	S	-	S	-	-	S
1087	1	EAR	S	-	-	S	S	S	-	S	-	-	S
1088	1	IMMX	S	-	-	S	S	S	-	S	-	-	S
1088	2	NTRB	S	-	-	S	S	-	S	S	-	-	S
1088	3	NLSP	S	-	-	S	S	S	-	S	-	-	S
1088	4	INDP	S	-	-	S	S	S	-	-	-	-	S
1088	5	EZGO	S	-	-	S	S	S	S	-	-	-	S
1089	1	IMMX	S	-	-	S	S	S	-	S	-	-	S
1090	1	MYNZ	S	-	-	S	S	S	-	S	-	-	S
1090	2	MYNZ	S	-	-	S	S	S	-	-	-	-	S
1090	3	MYNZ	S	-	-	S	S	S	-	-	-	-	S
1090	4	LIXT	S	S	-	S	S	S	-	-	-	-	S
1090	5	RELI	S	-	-	S	S	S	-	-	-	-	S
1091	1	AKRO	S	S	-	S	S	S	-	-	-	-	S
1093	1	FAZE	S	-	-	S	S	S	-	S	-	-	S
1095	1	PRPO	S	-	-	S	S	-	S	-	-	-	S
1095	2	TTPH	S	-	-	S	S	-	S	-	-	-	S
1095	3	FRAN	S	-	-	S	S	-	S	-	-	-	S
1096	1	BENF	S	-	-	S	S	-	S	-	-	-	S
1096	2	COSM	S	S	-	S	S	S	-	S	-	-	S
1096	3	GOVX	S	-	-	S	S	S	-	-	-	-	S
1096	4	DXYZ	-	-	-	-	-	-	-	-	-	-	-
1096	5	WHLR	S	-	-	S	S	-	S	-	-	-	S
1096	6	NUWE	S	-	-	S	S	S	-	-	-	-	S
1098	1	MTBC	S	-	-	S	S	S	-	S	-	-	S
1098	2	MTBC	S	-	-	S	S	-	-	-	-	-	S
1098	3	CCCR	S	-	-	S	S	S	-	S	-	-	S
1098	4	CCCR	S	-	-	S	S	S	-	S	-	-	S
1099	1	MBRX	S	S	-	S	S	-	-	-	-	-	S
1099	2	GLMD	S	-	-	S	S	S	-	S	-	-	S
1099	3	LBCC	S	-	-	S	S	-	-	S	-	-	S
1100	1	GLTO	-	S	S	S	S	S	-	S	-	-	S
1100	2	MOVE	-	S	S	S	S	S	-	-	-	-	S
1101	1	KOSS	-	-	-	S	S	S	S	S	S	-	S
1101	2	MYND	-	-	-	S	S	S	-	-	-	-	S
1101	3	KOSS	-	-	-	S	S	N	-	-	-	-	S
1102	1	DRCT	-	-	-	S	S	N	-	S	-	-	S
1102	2	IMTE	-	-	-	S	S	S	S	-	-	-	S
1103	1	INDO	-	-	-	S	S	S	-	S	-	-	S
1104	1	BBBY	-	-	-	S	S	S	-	S	-	-	S
1104	2	INDO	-	-	-	S	S	S	S	S	-	-	S
1104	3	MXC	-	-	-	S	S	S	-	-	-	-	S
1104	4	YTEN	-	-	-	S	S	N	-	-	-	-	S
1105	1	INDO	-	-	-	S	S	S	-	S	-	-	S
1105	2	CISO	-	-	-	S	S	N	-	-	-	-	S
1106	1	CYRN	-	-	-	S	S	S	-	S	S	-	S
1108	1	INDO	-	-	-	S	S	N	S	S	-	-	S
1111	1	INDO	-	-	-	S	S	S	-	S	-	-	S
1114	1	RKDA	-	S	-	S	S	S	-	S	S	-	S
1115	1	TRNR	-	S	-	S	S	S	-	S	-	-	S
1115	2	SCNI	-	-	-	-	-	N	-	-	-	-	-
1115	3	ALG	-	-	-	S	S	N	-	S	-	-	S
1116	1	WHLR	-	-	-	S	S	N	-	S	S	-	S
1116	2	DSY	-	-	-	S	S	N	-	S	-	-	S
1116	3	BMR	-	-	-	S	S	S	S	S	-	-	S
1117	1	SMFL	-	S	S	S	S	S	S	S	S	-	S
1118	1	MARPS	-	-	-	S	S	S	-	-	-	-	S
1118	2	USCG	-	-	-	S	S	N	S	-	-	-	S
1118	3	GBRA	-	-	-	S	S	N	S	-	-	-	S
1118	4	MXC	-	-	-	S	S	N	S	-	-	-	S
1118	5	IMP	-	-	-	S	S	S	-	S	-	-	S
1119	1	BPTH	-	S	S	S	S	S	S	S	S	-	S
1119	2	AYTU	-	S	S	S	S	S	-	S	S	-	S
1120	1	SLNO	-	-	-	S	S	S	-	S	-	-	S
1120	2	RVPD	-	-	-	S	S	N	-	-	-	-	S
1120	3	CLRB	-	-	-	S	S	N	-	-	-	-	S
1121	1	FLIJ	-	-	-	S	S	S	-	S	-	-	S
1121	2	MDJH	-	-	-	S	S	N	-	-	-	-	S
1121	3	XINN	-	-	-	S	S	N	-	-	-	-	S
1121	4	BNRG	-	-	-	S	S	S	-	S	-	-	S
1122	1	BENF	-	-	-	S	S	N	-	-	S	-	S
1122	2	TCBP	-	-	-	S	S	N	S	-	-	-	S
1122	3	BENF	-	-	-	S	S	N	S	-	-	-	S
1122	4	TCBP	-	-	-	S	S	N	S	-	-	-	S
1122	5	MIOV	-	-	-	S	S	N	S	-	-	-	S
1122	6	NUVO	-	-	-	S	S	N	S	-	-	-	S
1123	1	COCH	-	-	-	S	S	S	S	S	-	-	S
1123	2	COCH	-	-	-	S	S	N	S	-	-	-	S
1123	3	PRSO	-	-	-	S	S	N	S	-	-	-	S
1124	1	ELAB	-	-	-	S	S	S	S	S	-	-	S
1124	2	RUBY	-	-	-	S	S	N	S	-	-	-	S
1124	3	MBRX	-	-	-	S	S	N	-	-	-	-	S
1124	4	WKHS	-	-	-	S	S	S	S	S	-	-	S
1124	5	WVE	-	-	-	S	S	N	S	-	-	-	S
1125	1	NVFY	-	-	-	S	S	S	-	-	-	-	S
1125	2	SILO	-	-	-	S	S	N	S	-	-	-	S
1125	3	BBLG	-	-	-	S	S	N	S	-	-	-	S
1126	1	VRAX	-	-	-	S	S	N	S	-	S	-	S
1126	2	GSTK	-	-	-	S	S	S	S	S	-	-	S
1126	3	BBIG	-	-	-	S	S	N	S	-	-	-	S
1128	1	PSTV	-	-	-	S	S	N	S	-	-	-	S
1128	2	BIMI	-	-	-	S	S	N	S	-	-	-	S
1128	3	WWR	-	-	-	S	S	S	-	S	-	-	S
1128	4	DTSS	-	-	-	S	S	S	-	S	-	-	S
1129	1	BLPH	-	-	-	S	S	S	-	S	-	-	S
1129	2	BLPH	-	-	-	S	S	N	-	-	-	-	S
1129	3	KBSF	-	-	-	S	S	S	-	S	-	-	S
1129	4	EMKL	-	-	-	S	S	N	S	-	-	-	S
1129	5	LEBS	-	-	-	S	S	N	S	-	-	-	S
1130	1	BLANK	-	-	-	S	S	N	S	-	S	-	S
1130	2	BLANK	-	-	-	S	S	S	-	S	-	-	S
1130	3	GEMP	-	-	-	S	S	S	-	S	-	-	S
1130	4	IHT	-	-	-	S	S	N	S	-	-	-	S
1130	5	BLANK	-	-	-	S	S	N	S	-	-	-	S
1131	1	VTVT	-	-	-	S	S	N	-	S	-	-	S
1131	2	PLAG	-	-	S	S	S	S	-	S	-	-	S
1131	3	YECEO	-	-	-	S	S	N	S	S	-	-	S
1133	1	AWX	-	-	-	S	S	S	-	S	-	-	S
1133	2	TNXP	-	-	-	S	S	S	-	S	-	-	S
1133	3	BSPM	-	-	-	S	S	S	-	S	-	-	S
1134	1	PPS	-	-	-	S	S	N	S	-	-	-	S
1134	2	IEA	-	-	-	S	S	S	-	S	-	-	S
1134	3	PRPO	-	-	-	S	S	N	S	-	-	-	S
1135	1	CLRB	-	-	-	S	S	S	-	S	-	-	S
1135	2	MYOS	-	-	-	S	S	S	-	-	-	-	S
1135	3	MYOS	-	-	-	S	S	N	-	-	-	-	S
1135	4	UXIN	-	-	-	S	S	N	-	S	-	-	S
1135	5	GBS	-	-	-	S	S	S	-	S	-	-	S
1135	6	HHS	-	-	-	S	S	N	-	S	-	-	S
1136	1	YTR	-	-	-	S	S	S	-	S	S	-	S
1136	2	TNXP	-	S	-	S	S	S	-	-	-	-	S
1136	3	MCRB	-	-	-	S	S	N	S	-	-	-	S
1136	4	MCRB	-	-	-	S	S	S	-	S	-	-	S
1138	1	SPXL	-	-	-	S	S	S	-	S	S	-	S
1138	2	OPGN	-	-	-	S	S	S	-	S	S	-	S
1138	3	APPL	-	-	-	S	S	N	S	-	-	-	S
1138	4	APPL	-	-	-	S	S	S	-	S	-	-	S
1138	5	VIX	-	-	-	S	S	S	-	-	-	-	S
1138	6	SVXY	-	-	-	S	S	N	-	-	-	-	S
1138	7	MRNA	-	-	-	S	S	N	-	S	S	-	S
1139	1	AMM	-	-	-	S	S	S	S	-	-	-	S
1140	1	BATL	-	S	-	S	S	S	-	S	-	-	S
1141	1	LGVN	-	-	-	S	S	N	S	-	-	-	S
1141	2	LQR	-	-	-	S	S	S	S	S	-	-	S
1141	3	ADIL	-	-	-	S	S	N	S	-	-	-	S
1142	1	ELAB	-	-	-	S	S	S	S	S	-	-	S
1142	2	ANNA	-	-	-	S	S	N	S	-	-	-	S
1142	3	UGRO	-	-	-	S	S	N	S	-	-	-	S
1143	1	LENS	-	-	-	S	S	N	S	-	-	-	S
1143	2	BLIN	-	-	-	S	S	S	-	S	-	-	S
1143	3	BSM	-	-	-	S	S	N	-	-	-	-	S
1143	4	NFEC	-	-	-	S	S	N	-	-	-	-	S
1143	5	CCCL	-	-	-	S	S	N	S	-	-	-	S
1143	6	SEENET	-	-	-	S	S	N	-	-	-	-	S
1144	1	AKTX	-	-	-	S	S	N	-	S	S	-	S
1144	2	IMUX	-	-	-	S	S	S	-	S	-	-	S
1144	3	SCON	-	-	-	S	S	N	S	-	-	-	S
1144	4	MBIO	-	-	-	S	S	N	S	-	-	-	S
1144	5	GBR	-	-	-	S	S	N	S	-	-	-	S
1145	1	CDTI	-	S	-	S	S	N	-	S	S	-	S
1145	2	OREX	-	-	-	S	S	N	-	S	-	-	S
1146	1	MYT	-	-	-	S	S	N	S	-	-	-	S
1146	2	SRN	-	-	-	S	S	S	-	S	-	-	S
1146	3	DARCAR	-	-	-	S	S	N	-	-	-	-	S
1146	4	NETS	-	-	-	S	S	S	-	S	-	-	S
1146	5	AIS	-	-	-	S	S	S	-	S	-	-	S
1147	1	MYZ	-	-	-	S	S	S	-	S	S	-	S
1147	2	CONE	-	-	-	S	S	S	-	S	S	-	S
1148	1	ATXI	-	-	-	S	S	S	-	S	S	-	S
1148	2	FNGR	-	-	-	S	S	S	-	S	-	-	S
=== FILE 1150 ===
TRADE_MECHANICS:
| # | FLOAT | GAP% | REL_VOL | PATTERN_TYPE | ENTRY_TRIGGER | ADD_ON_MECHANIC | STOP_CRITERIA | T1_TARGET | TIME_OF_ENTRY | MACD_STATE | HOLD_DURATION |
|---|-------|------|---------|--------------|---------------|-----------------|---------------|-----------|---------------|------------|---------------|
| 1 | - | - | - | gap-and-go | break $7.00 resistance area | added after pop | sellers stacking | $7.42 resistance | - | unknown | short |
=== FILE 1151 ===
TRADE_MECHANICS:
| # | FLOAT | GAP% | REL_VOL | PATTERN_TYPE | ENTRY_TRIGGER | ADD_ON_MECHANIC | STOP_CRITERIA | T1_TARGET | TIME_OF_ENTRY | MACD_STATE | HOLD_DURATION |
|---|-------|------|---------|--------------|---------------|-----------------|---------------|-----------|---------------|------------|---------------|
| 1 | 7.3M | - | high | micro-pullback | failed breakout attempt | none | rejection candle | $4.30+ resistance | 9:31am | unknown | scalp |
| 2 | 7.3M | - | high | dip-buy | reversal bounce / add on dip | dip re-entries | reversal rejection | $4+ resistance | 9:45am | unknown | scalp |
| 3 | 7.3M | - | high | micro-pullback | third entry continuation | continuation adds | reversal signal | $4+ resistance | 10:15am | unknown | short |
| 4 | 1.3M | 215% | 90.3x | gap-and-go | break over $6.50 blue sky | scaled in $3K→$6K→$9K | no resistance | $10.60 test | 8:20am | positive | extended |
| 5 | 1.3M | - | - | halt-resume | break over $8.50 | subsequent scalps | position exit | $11.62 resistance | 9:30am | positive | scalp |
| 6 | 1.3M | - | - | whole-dollar-break | break over $10.50 | - | profit taking | $11+ whole-dollar | 10:30am | positive | scalp |
=== FILE 1152 ===
TRADE_MECHANICS:
| # | FLOAT | GAP% | REL_VOL | PATTERN_TYPE | ENTRY_TRIGGER | ADD_ON_MECHANIC | STOP_CRITERIA | T1_TARGET | TIME_OF_ENTRY | MACD_STATE | HOLD_DURATION |
|---|-------|------|---------|--------------|---------------|-----------------|---------------|-----------|---------------|------------|---------------|
| 1 | - | 56% | - | gap-and-go | red-to-green move to $6 | early exit on volume | insufficient volume | $6.00 whole-dollar | 9:31am | unknown | scalp |
| 2 | - | - | - | red-to-green | $4.74 dip buy anticipate half-dollar break | - | initial momentum fade | $4.80 half-dollar | 9:45am | unknown | scalp |
| 3 | - | - | - | dip-buy | support break at $4.70 | added at $4.75 pullback | breakout resistance | $5.00-$5.20 breakout | 10:15am | unknown | short |
=== FILE 1153 ===
TRADE_MECHANICS:
| # | FLOAT | GAP% | REL_VOL | PATTERN_TYPE | ENTRY_TRIGGER | ADD_ON_MECHANIC | STOP_CRITERIA | T1_TARGET | TIME_OF_ENTRY | MACD_STATE | HOLD_DURATION |
|---|-------|------|---------|--------------|---------------|-----------------|---------------|-----------|---------------|------------|---------------|
| 1 | - | - | - | gap-and-go | break over $6 | scaled at support | seller rejection | $6.00 resistance | 9:31am | unknown | scalp |
| 2 | - | 20% | - | gap-continuation | gap scanner hit / break of daily high | scaled $4.39-$4.57 | halt rejection | $4.50-$4.57 resistance | 9:35am | unknown | short |
| 3 | - | - | - | short-entry | reversal short / break of $6.10 | none | cover targets | $5.70 support test | 10:00am | negative | short |
=== FILE 1154 ===
TRADE_MECHANICS:
| # | FLOAT | GAP% | REL_VOL | PATTERN_TYPE | ENTRY_TRIGGER | ADD_ON_MECHANIC | STOP_CRITERIA | T1_TARGET | TIME_OF_ENTRY | MACD_STATE | HOLD_DURATION |
|---|-------|------|---------|--------------|---------------|-----------------|---------------|-----------|---------------|------------|---------------|
| 1 | - | - | - | halt-resume | break over $5.25 halt resume | scaled $6.38-$6.63 | halt rejection | $6.50 resistance | 9:30am | unknown | short |
| 2 | - | 120% | - | blue-sky | halt resume / break over resistance | aggressive adds to 12K shares | halt rejection | $10.60-$11.16 | 9:45am | unknown | extended |
=== FILE 1155 ===
TRADE_MECHANICS:
| # | FLOAT | GAP% | REL_VOL | PATTERN_TYPE | ENTRY_TRIGGER | ADD_ON_MECHANIC | STOP_CRITERIA | T1_TARGET | TIME_OF_ENTRY | MACD_STATE | HOLD_DURATION |
|---|-------|------|---------|--------------|---------------|-----------------|---------------|-----------|---------------|------------|---------------|
| 1 | - | 70% | - | gap-continuation | FDA approval / halt resume | scaled 8K→11K adds | halt rejection | $8.37-$8.70 levels | 9:30am | positive | extended |
| 2 | - | - | - | gap-and-go | explosive move from $6.14 to $10.66 | aggressive 22K share entry | massive seller flush | break above $10 | 9:45am | unknown | scalp |
=== FILE 1156 ===
TRADE_MECHANICS:
| # | FLOAT | GAP% | REL_VOL | PATTERN_TYPE | ENTRY_TRIGGER | ADD_ON_MECHANIC | STOP_CRITERIA | T1_TARGET | TIME_OF_ENTRY | MACD_STATE | HOLD_DURATION |
|---|-------|------|---------|--------------|---------------|-----------------|---------------|-----------|---------------|------------|---------------|
| 1 | 480K | 22% | high | gap-and-go | five-tap support breakout | added at $2.39 | halt rejection | $2.39 resistance | 9:31am | unknown | scalp |
| 2 | 480K | - | - | halt-resume | second entry on halt resume | quick scalp | pullback flushed | $2.71-$2.78 | 10:15am | unknown | scalp |
| 3 | - | - | high | gap-continuation | halt resume breakout over $2.75 | scaled $2.92-$3.57 | halt rejection | $3.00 target | 10:30am | unknown | short |
=== FILE 1157 ===
TRADE_MECHANICS:
| # | FLOAT | GAP% | REL_VOL | PATTERN_TYPE | ENTRY_TRIGGER | ADD_ON_MECHANIC | STOP_CRITERIA | T1_TARGET | TIME_OF_ENTRY | MACD_STATE | HOLD_DURATION |
|---|-------|------|---------|--------------|---------------|-----------------|---------------|-----------|---------------|------------|---------------|
| 1 | - | - | high | gap-continuation | merger news / dip buy / break | scaled 2K→5K→8K adds | MACD neg cross | $9.00-$12.00 range | 9:30am | positive | extended |
| 2 | - | - | - | micro-pullback | second entry / add on dips | dip re-entries | reversal double top | $10.70 resistance | 10:15am | unknown | short |
| 3 | - | - | - | vwap-reclaim | VWAP bounce / third entry | none | double top rejection | $10.50 support | 10:45am | unknown | scalp |
=== FILE 1160 ===
TRADE_MECHANICS:
| # | FLOAT | GAP% | REL_VOL | PATTERN_TYPE | ENTRY_TRIGGER | ADD_ON_MECHANIC | STOP_CRITERIA | T1_TARGET | TIME_OF_ENTRY | MACD_STATE | HOLD_DURATION |
|---|-------|------|---------|--------------|---------------|-----------------|---------------|-----------|---------------|------------|---------------|
| 1 | 40M | - | - | micro-pullback | multiple entries / adds on dips | 10K share consolidation build | halt rejection | $15.00-$17.00 | 9:30am | unknown | extended |
| 2 | - | - | - | unknown | small red trade | none | reversal | - | unknown | unknown | scalp |
| 3 | - | - | - | unknown | small trade | none | reversal | - | unknown | unknown | scalp |
| 4 | - | - | - | unknown | small trade | none | reversal | - | unknown | unknown | scalp |
| 5 | - | - | - | unknown | small trade | none | reversal | - | unknown | unknown | scalp |
=== FILE 1163 ===
TRADE_MECHANICS:
| # | FLOAT | GAP% | REL_VOL | PATTERN_TYPE | ENTRY_TRIGGER | ADD_ON_MECHANIC | STOP_CRITERIA | T1_TARGET | TIME_OF_ENTRY | MACD_STATE | HOLD_DURATION |
|---|-------|------|---------|--------------|---------------|-----------------|---------------|-----------|---------------|------------|---------------|
| 1 | - | - | - | red-to-green | dip buy off VWAP | - | gravestone doji warning | VWAP reclaim | 9:30am | unknown | scalp |
| 2 | - | - | - | dip-buy | curl pattern / dip buy | - | resistance hold at $4.60 | $4.60 resistance | 10:00am | unknown | short |
| 3 | - | - | - | gap-and-go | aggressive entry / late FOMO | - | sharp flush / reversal | $4.00 resistance | 10:15am | negative | scalp |
| 4 | sub-1M | 256% | 15x | micro-pullback | micro-pullback under $1.00 | aggressive 10K share add | reversal halt | $1.30-$1.45 halt | 10:45am | positive | short |
=== FILE 1164 ===
TRADE_MECHANICS:
| # | FLOAT | GAP% | REL_VOL | PATTERN_TYPE | ENTRY_TRIGGER | ADD_ON_MECHANIC | STOP_CRITERIA | T1_TARGET | TIME_OF_ENTRY | MACD_STATE | HOLD_DURATION |
|---|-------|------|---------|--------------|---------------|-----------------|---------------|-----------|---------------|------------|---------------|
| 1 | - | - | high | gap-continuation | starter $7.10 / adds on breakouts | 5K→10K→1K incremental adds | buying power limit | $8.20-$9.94 high | 9:30am | positive | extended |
=== FILE 1165 ===
TRADE_MECHANICS:
| # | FLOAT | GAP% | REL_VOL | PATTERN_TYPE | ENTRY_TRIGGER | ADD_ON_MECHANIC | STOP_CRITERIA | T1_TARGET | TIME_OF_ENTRY | MACD_STATE | HOLD_DURATION |
|---|-------|------|---------|--------------|---------------|-----------------|---------------|-----------|---------------|------------|---------------|
| 1 | - | - | high | micro-pullback | micro-pullback entry | - | momentum exhaustion | $6.80 high | 3:45pm | unknown | scalp |
=== FILE 1166 ===
TRADE_MECHANICS:
| # | FLOAT | GAP% | REL_VOL | PATTERN_TYPE | ENTRY_TRIGGER | ADD_ON_MECHANIC | STOP_CRITERIA | T1_TARGET | TIME_OF_ENTRY | MACD_STATE | HOLD_DURATION |
|---|-------|------|---------|--------------|---------------|-----------------|---------------|-----------|---------------|------------|---------------|
| 1 | - | - | - | gap-and-go | initial entry $14 area | aggressive 10K share add | knife-down reversal | $35+ resistance | 9:30am | unknown | short |
| 2 | - | - | - | vwap-reclaim | VWAP break / momentum entry | - | violent rejection | $25 resistance | 9:45am | unknown | scalp |
| 3 | - | - | - | unknown | small trades (multiple) | - | various reversals | - | multiple | unknown | scalp |
| 4 | - | - | - | gap-and-go | re-entry after pullback / aggressive adds | 15K→40K share build | knife-down / max loss | $35+ target | 10:00am | unknown | extended |
=== FILE 1168 ===
TRADE_MECHANICS:
| # | FLOAT | GAP% | REL_VOL | PATTERN_TYPE | ENTRY_TRIGGER | ADD_ON_MECHANIC | STOP_CRITERIA | T1_TARGET | TIME_OF_ENTRY | MACD_STATE | HOLD_DURATION |
|---|-------|------|---------|--------------|---------------|-----------------|---------------|-----------|---------------|------------|---------------|
| 1 | - | - | - | whole-dollar-break | first daily candle new high break | - | flush rejection | $4.30 resistance | 9:31am | unknown | scalp |
| 2 | - | - | - | gap-and-go | early entry / adds on squeeze | 1K→added scaling | halt rejection | $8.25 halt | 9:45am | unknown | short |
| 3 | - | - | - | gap-and-go | aggressive entry / averaging down | 12K→7K share add | max loss / reversal | $8.00 target | 10:15am | unknown | short |
=== FILE 1169 ===
TRADE_MECHANICS:
| # | FLOAT | GAP% | REL_VOL | PATTERN_TYPE | ENTRY_TRIGGER | ADD_ON_MECHANIC | STOP_CRITERIA | T1_TARGET | TIME_OF_ENTRY | MACD_STATE | HOLD_DURATION |
|---|-------|------|---------|--------------|---------------|-----------------|---------------|-----------|---------------|------------|---------------|
| 1 | - | - | - | halt-resume | starter / adds / halt resume | 2K→3K adds | triple rejection | $8.37-$8.70 levels | 9:30am | unknown | short |
| 2 | - | - | - | abcd | second entry / ABCD pattern | - | pattern failure | $8.00+ pattern target | 9:45am | unknown | short |
| 3 | - | - | - | micro-pullback | micro-pullback entry | - | reversal double top | $8.50-$8.65 | 10:00am | unknown | scalp |
| 4 | - | 180% | high | gap-and-go | Bitcoin treasury catalyst / starter→aggressive adds | 5K→15K→10K→12K scaled adds | halt rejection at $10.60 | $7.79-$9.00 scaled exits | 9:00am | positive | extended |
=== FILE 1170 ===
TRADE_MECHANICS:
| # | FLOAT | GAP% | REL_VOL | PATTERN_TYPE | ENTRY_TRIGGER | ADD_ON_MECHANIC | STOP_CRITERIA | T1_TARGET | TIME_OF_ENTRY | MACD_STATE | HOLD_DURATION |
|---|-------|------|---------|--------------|---------------|-----------------|---------------|-----------|---------------|------------|---------------|
| 1 | - | 86.5% | high | gap-and-go | breakout momentum / first candle new high | multiple entries/exits on dips | momentum exhaustion | $6.73 resistance | 9:31am | unknown | short |
=== FILE 1172 ===
TRADE_MECHANICS:
| # | FLOAT | GAP% | REL_VOL | PATTERN_TYPE | ENTRY_TRIGGER | ADD_ON_MECHANIC | STOP_CRITERIA | T1_TARGET | TIME_OF_ENTRY | MACD_STATE | HOLD_DURATION |
|---|-------|------|---------|--------------|---------------|-----------------|---------------|-----------|---------------|------------|---------------|
| 1 | - | - | - | micro-pullback | one-minute pullback / micro-entry | - | reversal | $20.00 resistance | 9:30am | unknown | scalp |
| 2 | - | 53% | - | whole-dollar-break | breakout into squeeze momentum | - | rejection | $1.50 resistance | 9:45am | unknown | scalp |
| 3 | - | - | - | whole-dollar-break | breakout attempt / added | - | flushed from halt resume | $31.00+ target | 10:00am | unknown | short |
| 4 | - | - | - | unknown | starter / dip anticipation | - | no follow-through | $41.00 target | unknown | unknown | unknown |
=== FILE 1173 ===
TRADE_MECHANICS:
| # | FLOAT | GAP% | REL_VOL | PATTERN_TYPE | ENTRY_TRIGGER | ADD_ON_MECHANIC | STOP_CRITERIA | T1_TARGET | TIME_OF_ENTRY | MACD_STATE | HOLD_DURATION |
|---|-------|------|---------|--------------|---------------|-----------------|---------------|-----------|---------------|------------|---------------|
| 1 | - | - | - | gap-and-go | squeeze momentum entry | none | power failure forced exit | $40+ target | 9:30am | unknown | extended |
| 2 | - | - | - | dip-buy | re-entry / dip bounce | - | position adjustment | $40.50 resistance | 10:00am | unknown | scalp |
| 3 | - | - | - | unknown | post-fire distressed trade | - | after generator fire | - | mid-morning | unknown | unknown |
=== FILE 1175 ===
TRADE_MECHANICS:
| # | FLOAT | GAP% | REL_VOL | PATTERN_TYPE | ENTRY_TRIGGER | ADD_ON_MECHANIC | STOP_CRITERIA | T1_TARGET | TIME_OF_ENTRY | MACD_STATE | HOLD_DURATION |
|---|-------|------|---------|--------------|---------------|-----------------|---------------|-----------|---------------|------------|---------------|
| 1 | - | - | - | gap-and-go | pre-market momentum / added | added at $3.75 | breakout failure | $3.75 resistance | 9:31am | unknown | scalp |
| 2 | - | - | - | whole-dollar-break | opening range breakout / scalp | - | momentum spike failure | $3.28 high | 9:45am | unknown | scalp |
| 3 | - | - | - | unknown | scalp trade | - | reversal | $1.00+ target | 10:15am | unknown | scalp |
| 4 | - | - | - | unknown | momentum trade attempt | - | reversal | $2.50+ target | 10:30am | unknown | scalp |
| 5 | - | - | - | gap-and-go | false-signal entry / aggressive adds | 9K→15K IRA adds | halt down / max loss | $4.10 halt target | 10:00am | unknown | extended |
=== FILE 1176 ===
TRADE_MECHANICS:
| # | FLOAT | GAP% | REL_VOL | PATTERN_TYPE | ENTRY_TRIGGER | ADD_ON_MECHANIC | STOP_CRITERIA | T1_TARGET | TIME_OF_ENTRY | MACD_STATE | HOLD_DURATION |
|---|-------|------|---------|--------------|---------------|-----------------|---------------|-----------|---------------|------------|---------------|
| 1 | - | - | - | gap-and-go | early gap-and-go entry | scaled adds | reversal | $3.00+ target | 9:30am | unknown | short |
| 2 | - | - | - | gap-and-go | gapper breakout | - | pullback stop | $0.80 high | 10:00am | unknown | scalp |
| 3 | - | - | - | gap-and-go | gap entry / momentum | - | reversal | $3.00 resistance | 10:15am | unknown | scalp |
| 4 | - | - | - | gap-and-go | momentum scanner entry / aggressive | 10K→10K additional adds | halt down reversal | $4.10+ target | 9:45am | unknown | extended |
=== FILE 1177 ===
TRADE_MECHANICS:
| # | FLOAT | GAP% | REL_VOL | PATTERN_TYPE | ENTRY_TRIGGER | ADD_ON_MECHANIC | STOP_CRITERIA | T1_TARGET | TIME_OF_ENTRY | MACD_STATE | HOLD_DURATION |
|---|-------|------|---------|--------------|---------------|-----------------|---------------|-----------|---------------|------------|---------------|
| 1 | - | - | - | gap-and-go | recent IPO breakout / added | 10K→10K additional | violent flush | $3.25 resistance | 9:30am | unknown | short |
=== FILE 1178 ===
TRADE_MECHANICS:
| # | FLOAT | GAP% | REL_VOL | PATTERN_TYPE | ENTRY_TRIGGER | ADD_ON_MECHANIC | STOP_CRITERIA | T1_TARGET | TIME_OF_ENTRY | MACD_STATE | HOLD_DURATION |
|---|-------|------|---------|--------------|---------------|-----------------|---------------|-----------|---------------|------------|---------------|
| 1 | - | 115% | - | whole-dollar-break | opening range breakout attempt | - | opening range failure | $15.00+ target | 9:31am | unknown | scalp |
| 2 | - | - | - | gap-and-go | first entry over $3.00 | dip trade at $3.25-$3.27 | reversal | $3.60+ target | 9:45am | unknown | short |
| 3 | - | - | - | micro-pullback | mid-consolidation accumulation | - | consolidation break failure | $16.50 resistance | 10:30am | unknown | short |
=== FILE 1179 ===
TRADE_MECHANICS:
| # | FLOAT | GAP% | REL_VOL | PATTERN_TYPE | ENTRY_TRIGGER | ADD_ON_MECHANIC | STOP_CRITERIA | T1_TARGET | TIME_OF_ENTRY | MACD_STATE | HOLD_DURATION |
|---|-------|------|---------|--------------|---------------|-----------------|---------------|-----------|---------------|------------|---------------|
| 1 | - | - | - | micro-pullback | one-minute micro-pullback | - | resistance break | $3.79 high | 9:30am | unknown | scalp |
| 2 | - | 20M | high | unknown | large-volume tug-of-war | - | institutional seller blocks | multiple levels | 10:00am | unknown | unknown |
=== FILE 1180 ===
TRADE_MECHANICS:
| # | FLOAT | GAP% | REL_VOL | PATTERN_TYPE | ENTRY_TRIGGER | ADD_ON_MECHANIC | STOP_CRITERIA | T1_TARGET | TIME_OF_ENTRY | MACD_STATE | HOLD_DURATION |
|---|-------|------|---------|--------------|---------------|-----------------|---------------|-----------|---------------|------------|---------------|
| 1 | - | - | - | unknown | added into breakout | - | reversal | $7.15 resistance | unknown | unknown | unknown |
| 2 | - | - | - | dip-buy | dip trade | - | VWAP break | multiple levels | unknown | unknown | unknown |
| 3 | - | - | high | gap-and-go | gap-and-go / multiple adds on dips | aggressive scaling into late drops | aggressive scaling loss | $5.60 high | 9:30am | unknown | extended |
| 4 | - | - | - | unknown | momentum play | - | quick profit | multiple levels | unknown | unknown | unknown |
| 5 | - | - | - | unknown | trade | - | various adjustments | multiple levels | unknown | unknown | unknown |
=== FILE 1181 ===
TRADE_MECHANICS:
| # | FLOAT | GAP% | REL_VOL | PATTERN_TYPE | ENTRY_TRIGGER | ADD_ON_MECHANIC | STOP_CRITERIA | T1_TARGET | TIME_OF_ENTRY | MACD_STATE | HOLD_DURATION |
|---|-------|------|---------|--------------|---------------|-----------------|---------------|-----------|---------------|------------|---------------|
| 1 | - | - | - | whole-dollar-break | scanner alert breakout | - | stall at $7.30 | $7.30 resistance | 9:30am | unknown | short |
| 2 | - | - | - | gap-and-go | multiple re-entries on dips | dip re-entry adds | stall at resistance | $5.50 200ma resistance | 9:45am | positive | extended |
| 3 | - | - | - | halt-resume | halted pre-market news release | aggressive scaling at highs | halt rejection | $11.99 high | 9:00am | positive | extended |
=== FILE 1182 ===
TRADE_MECHANICS:
| # | FLOAT | GAP% | REL_VOL | PATTERN_TYPE | ENTRY_TRIGGER | ADD_ON_MECHANIC | STOP_CRITERIA | T1_TARGET | TIME_OF_ENTRY | MACD_STATE | HOLD_DURATION |
|---|-------|------|---------|--------------|---------------|-----------------|---------------|-----------|---------------|------------|---------------|
| 1 | - | - | high | whole-dollar-break | whole-dollar $4.00 breakout | - | momentum stall | $4.78-$4.88 high | 9:30am | unknown | short |
=== FILE 1183 ===
TRADE_MECHANICS:
| # | FLOAT | GAP% | REL_VOL | PATTERN_TYPE | ENTRY_TRIGGER | ADD_ON_MECHANIC | STOP_CRITERIA | T1_TARGET | TIME_OF_ENTRY | MACD_STATE | HOLD_DURATION |
|---|-------|------|---------|--------------|---------------|-----------------|---------------|-----------|---------------|------------|---------------|
| 1 | - | - | - | gap-continuation | continuation over pre-market high | aggressive adding into halt | halt rejection at $9.88 | $9.88 halt | 9:30am | unknown | short |
| 2 | - | - | - | whole-dollar-break | momentum scanner breakout | - | failed to hold $5.26 | $5.26 resistance | 9:45am | unknown | scalp |
| 3 | - | - | high | dip-buy | dip trades / multiple adds | dip scalp entries | halt down risk | $4.56-$4.88 highs | 10:00am | unknown | short |
=== FILE 1184 ===
TRADE_MECHANICS:
| # | FLOAT | GAP% | REL_VOL | PATTERN_TYPE | ENTRY_TRIGGER | ADD_ON_MECHANIC | STOP_CRITERIA | T1_TARGET | TIME_OF_ENTRY | MACD_STATE | HOLD_DURATION |
|---|-------|------|---------|--------------|---------------|-----------------|---------------|-----------|---------------|------------|---------------|
| 1 | - | - | - | gap-and-go | gap-and-go over pre-market high | - | resistance rejection | $8.25 resistance | 9:31am | unknown | short |
| 2 | - | - | - | unknown | caution trade | - | reversal | $6.95 target | unknown | unknown | unknown |
=== FILE 1185 ===
TRADE_MECHANICS:
| # | FLOAT | GAP% | REL_VOL | PATTERN_TYPE | ENTRY_TRIGGER | ADD_ON_MECHANIC | STOP_CRITERIA | T1_TARGET | TIME_OF_ENTRY | MACD_STATE | HOLD_DURATION |
|---|-------|------|---------|--------------|---------------|-----------------|---------------|-----------|---------------|------------|---------------|
| 1 | - | - | - | red-to-green | failed red-to-green attempt | - | failed breakout | $0.78 resistance | 9:31am | unknown | scalp |
| 2 | - | - | high | gap-and-go | gap opener breakout / multiple adds | aggressive adds into halt | aggressive adds into halt | $11.49 halt | 9:45am | unknown | short |
| 3 | - | - | - | red-to-green | red-to-green scalp / add on break | - | flush after break failure | $7.15 high | 10:15am | unknown | scalp |
| 4 | - | - | - | gap-and-go | momentum gapper | - | momentum fade | $2.18 high | 10:30am | unknown | scalp |
| 5 | - | - | - | red-to-green | red-to-green move break | - | scaling retreat | $3.29 high | 11:00am | unknown | short |
=== FILE 1186 ===
TRADE_MECHANICS:
| # | FLOAT | GAP% | REL_VOL | PATTERN_TYPE | ENTRY_TRIGGER | ADD_ON_MECHANIC | STOP_CRITERIA | T1_TARGET | TIME_OF_ENTRY | MACD_STATE | HOLD_DURATION |
|---|-------|------|---------|--------------|---------------|-----------------|---------------|-----------|---------------|------------|---------------|
| 1 | sub-1M | - | high | gap-and-go | pre-market watchlist candidate | systematic scaling 3K→6K shares | halt limit | $12.99 halt | 9:30am | unknown | extended |
=== FILE 1187 ===
TRADE_MECHANICS:
| # | FLOAT | GAP% | REL_VOL | PATTERN_TYPE | ENTRY_TRIGGER | ADD_ON_MECHANIC | STOP_CRITERIA | T1_TARGET | TIME_OF_ENTRY | MACD_STATE | HOLD_DURATION |
|---|-------|------|---------|--------------|---------------|-----------------|---------------|-----------|---------------|------------|---------------|
| 1 | - | - | - | gap-and-go | momentum scanner entry / adds | 12K share aggressive add | huge candle reversal | $25.00 target | 9:45am | unknown | extended |
| 2 | - | - | - | vwap-reclaim | VWAP breakout | - | failed to hold VWAP | $5.00+ target | 10:15am | unknown | scalp |
| 3 | - | - | - | whole-dollar-break | whole-dollar breakout | - | limited follow-through | $29.00 resistance | 10:30am | unknown | scalp |
| 4 | - | - | - | bull-flag | dip trade / flag pattern | - | downside break | $5.00+ target | 11:00am | unknown | scalp |
| 5 | - | - | high | gap-and-go | breaking news catalyst jump | 10K+ aggressive scaling | halt rejection | $3.04-$3.10 high | 8:47am | unknown | extended |
=== FILE 1188 ===
TRADE_MECHANICS:
| # | FLOAT | GAP% | REL_VOL | PATTERN_TYPE | ENTRY_TRIGGER | ADD_ON_MECHANIC | STOP_CRITERIA | T1_TARGET | TIME_OF_ENTRY | MACD_STATE | HOLD_DURATION |
|---|-------|------|---------|--------------|---------------|-----------------|---------------|-----------|---------------|------------|---------------|
| 1 | - | - | - | gap-and-go | gap-and-go over pre-market high | - | resistance rejection | $4.29 high | 9:31am | unknown | short |
| 2 | - | - | - | gap-continuation | continuation over pre-market high | - | momentum fade | $10.13 high | 10:00am | unknown | scalp |
| 3 | - | - | - | gap-and-go | momentum scanner entry | - | momentum fade | $0.80 high | 10:15am | unknown | scalp |
=== FILE 1196 ===
TRADE_MECHANICS:
| # | FLOAT | GAP% | REL_VOL | PATTERN_TYPE | ENTRY_TRIGGER | ADD_ON_MECHANIC | STOP_CRITERIA | T1_TARGET | TIME_OF_ENTRY | MACD_STATE | HOLD_DURATION |
|---|-------|------|---------|--------------|---------------|-----------------|---------------|-----------|---------------|------------|---------------|
| 1 | - | - | high | dip-buy | dip and rip / open pop | 12K share position build | momentum stall | $11.00-$12.00 highs | 9:31am | unknown | short |
| 2 | - | - | high | dip-buy | dip buy on resumption / adds | 6K share position + re-adds | halt limit | $6.29 halt | 10:00am | unknown | short |
=== FILE 1197 ===
TRADE_MECHANICS:
| # | FLOAT | GAP% | REL_VOL | PATTERN_TYPE | ENTRY_TRIGGER | ADD_ON_MECHANIC | STOP_CRITERIA | T1_TARGET | TIME_OF_ENTRY | MACD_STATE | HOLD_DURATION |
|---|-------|------|---------|--------------|---------------|-----------------|---------------|-----------|---------------|------------|---------------|
| 1 | 173M | - | - | whole-dollar-break | whole-dollar breakout entry | - | false breakout pattern | $2.10 resistance | 9:31am | unknown | scalp |
| 2 | - | - | - | red-to-green | red-to-green move / early entry | - | quick reversal | $12.20 resistance | 9:45am | unknown | scalp |
| 3 | - | - | - | whole-dollar-break | breakout trades (multiple) | - | failed breakouts | $178-$190 targets | multiple | unknown | unknown |
| 4 | - | - | high | halt-resume | halt resume / break above $19 | - | squeeze momentum | $19.45 high | 10:15am | unknown | short |
=== FILE 1198 ===
TRADE_MECHANICS:
| # | FLOAT | GAP% | REL_VOL | PATTERN_TYPE | ENTRY_TRIGGER | ADD_ON_MECHANIC | STOP_CRITERIA | T1_TARGET | TIME_OF_ENTRY | MACD_STATE | HOLD_DURATION |
|---|-------|------|---------|--------------|---------------|-----------------|---------------|-----------|---------------|------------|---------------|
| 1 | - | - | - | dip-buy | first pullback / adds on strength | - | resistance rejection | $4.40 resistance | 9:31am | unknown | short |
| 2 | - | - | - | whole-dollar-break | false breakout pursuit | - | failed level hold | $5.24 resistance | 9:45am | unknown | scalp |
| 3 | - | - | - | dip-buy | bounce off lows entry (impulsive) | - | aggressive loss on spread | $31.00 target | 10:00am | unknown | scalp |
| 4 | - | - | - | whole-dollar-break | consolidation breakout attempt | - | false breakout | $4.40 resistance | 10:45am | unknown | scalp |
=== FILE 1199 ===
TRADE_MECHANICS:
| # | FLOAT | GAP% | REL_VOL | PATTERN_TYPE | ENTRY_TRIGGER | ADD_ON_MECHANIC | STOP_CRITERIA | T1_TARGET | TIME_OF_ENTRY | MACD_STATE | HOLD_DURATION |
|---|-------|------|---------|--------------|---------------|-----------------|---------------|-----------|---------------|------------|---------------|
| 1 | - | - | - | whole-dollar-break | breakout entry / immediate scan | - | quick rejection | $2.95+ target | 9:30am | unknown | scalp |
| 2 | - | - | - | dip-buy | bounce attempt / false breakout | - | rejection / reversal | $2.30 resistance | 10:00am | unknown | scalp |
| 3 | - | - | - | whole-dollar-break | breakout entry | - | false breakout | $1.84 high | 10:15am | unknown | scalp |
| 4 | - | - | - | bull-flag | bull flag consolidation break | - | failed consolidation | $2.50 target | 10:45am | unknown | scalp |
=== TSV_AUDIT ===
1150	1	XGTX	-	-	-	S	S	S	S	S	-	S
1151	1	QTBB	S	-	S	S	S	S	S	S	-	S
1151	2	QTBB	S	-	S	S	S	S	S	S	-	S
1151	3	QTBB	S	-	S	S	S	S	S	S	-	S
1151	4	AHMA	S	S	S	S	S	S	S	S	S	S
1151	5	AHMA	S	-	-	S	S	S	S	S	S	S
1151	6	AHMA	S	-	-	S	S	N	S	S	S	S
1152	1	AVCO	-	S	-	S	S	S	S	S	S	-
1152	2	YUMA	-	-	-	S	S	N	S	S	S	-
1152	3	SXTC	-	-	-	S	S	S	S	S	S	-
1153	1	AVCO	-	-	-	S	S	S	S	S	S	-
1153	2	SPI	-	S	-	S	S	S	S	S	S	-
1153	3	WORX	-	-	-	S	S	N	S	S	S	-
1154	1	TMSR	-	-	-	S	S	S	S	S	S	-
1154	2	WORX	-	S	-	S	S	S	S	S	S	-
1155	1	SOLY	-	S	-	S	S	S	S	S	S	-
1155	2	PUYI	-	-	-	S	S	S	S	S	S	-
1156	1	LMFA	S	S	S	S	S	S	S	S	S	-
1156	2	LMFA	S	-	-	S	S	N	S	S	S	-
1156	3	APUS	-	-	S	S	S	S	S	S	S	-
1157	1	BLCM	-	-	S	S	S	S	S	S	S	-
1157	2	BLCM	-	-	-	S	S	S	S	S	S	-
1157	3	BLCM	-	-	-	S	S	N	S	S	S	-
1160	1	ACRS	S	-	-	S	S	S	S	S	S	-
1160	2	UME	-	-	-	-	-	N	-	-	-	-
1160	3	YTEN	-	-	-	-	-	N	-	-	-	-
1160	4	BNGO	-	-	-	-	-	N	-	-	-	-
1160	5	CHNR	-	-	-	-	-	N	-	-	-	-
1163	1	LTRY	-	-	-	S	S	N	S	S	-	-
1163	2	BCTX	-	-	-	S	S	N	S	S	-	-
1163	3	DGLY	-	-	-	S	S	N	S	S	-	-
1163	4	IMN	S	S	S	S	S	S	S	S	S	-
1164	1	MNTS	-	-	S	S	S	S	S	S	S	-
1165	1	SVRE	-	-	S	S	S	N	S	S	-	-
1166	1	GLTO	-	-	-	S	S	S	S	S	S	-
1166	2	CISS	-	-	-	S	S	N	S	S	S	-
1166	3	ZNB	-	-	-	-	-	N	-	-	-	-
1166	4	GLTO	-	-	-	S	S	S	S	S	S	-
1168	1	SXMT	-	-	-	S	S	N	S	S	-	-
1168	2	MITIO	-	-	-	S	S	S	S	S	S	-
1168	3	ONCS	-	-	-	S	S	S	S	S	S	-
1169	1	AGMH	-	-	-	S	S	S	S	S	S	-
1169	2	AGMH	-	-	-	S	S	N	S	S	S	-
1169	3	AGMH	-	-	-	S	S	N	S	S	S	-
1169	4	ZOZ	-	S	S	S	S	S	S	S	S	-
1170	1	LIPO	-	S	S	S	S	S	S	S	S	-
1172	1	COLL	-	-	-	S	S	N	S	S	S	-
1172	2	BNGO	-	S	-	S	S	N	S	S	S	-
1172	3	CNST	-	-	-	S	S	N	S	S	S	-
1172	4	HEPA	-	-	-	S	S	N	S	S	S	-
1173	1	CNST	-	-	-	S	S	N	S	S	S	-
1173	2	CNST	-	-	-	S	S	N	S	S	S	-
1173	3	-	-	-	-	-	-	N	-	-	-
1175	1	MTFB	-	-	-	S	S	S	S	S	S	-
1175	2	FCSC	-	-	-	S	S	N	S	S	S	-
1175	3	SOLO	-	-	-	S	S	N	S	S	S	-
1175	4	FUV	-	-	-	S	S	N	S	S	S	-
1175	5	ESTR	-	-	-	S	S	S	S	S	S	-
1176	1	GNPX	-	-	-	S	S	S	S	S	S	-
1176	2	VIVE	-	-	-	S	S	N	S	S	S	-
1176	3	AEMD	-	-	-	S	S	N	S	S	S	-
1176	4	ICCC	-	-	-	S	S	S	S	S	S	-
1177	1	ACON	-	-	-	S	S	S	S	S	S	-
1178	1	NKTX	-	S	-	S	S	N	S	S	S	-
1178	2	ACON	-	-	-	S	S	S	S	S	S	-
1178	3	NKTX	-	-	-	S	S	N	S	S	S	-
1179	1	IZZAI	-	-	-	S	S	N	S	S	S	-
1179	2	VTVT	-	S	S	-	S	N	S	S	S	-
1180	1	PICK	-	-	-	-	S	N	S	S	-	-
1180	2	HUSN	-	-	-	S	S	N	S	S	-	-
1180	3	NRSN	-	-	S	S	S	S	S	S	S	-
1180	4	EIGR	-	-	-	-	S	N	S	S	-	-
1180	5	BBLG	-	-	-	-	S	N	S	S	-	-
1181	1	ACN	-	-	-	S	S	N	S	S	S	-
1181	2	AI	-	-	-	S	S	S	S	S	S	-
1181	3	DOH	-	-	-	S	S	S	S	S	S	-
1182	1	YXIN	-	-	S	S	S	N	S	S	S	-
1183	1	CHECK	-	-	-	S	S	S	S	S	S	-
1183	2	HHAR	-	-	-	S	S	N	S	S	S	-
1183	3	LEDS	-	-	S	S	S	S	S	S	S	-
1184	1	CRC	-	-	-	S	S	N	S	S	S	-
1184	2	CHFS	-	-	-	S	S	N	S	S	S	-
1185	1	PULM	-	-	-	S	S	N	S	S	S	-
1185	2	SES	-	-	-	S	S	S	S	S	S	-
1185	3	SAVA	-	-	-	S	S	S	S	S	S	-
1185	4	MDG	-	-	-	S	S	N	S	S	S	-
1185	5	ARKO	-	-	-	S	S	N	S	S	S	-
1186	1	PSTV	S	-	S	S	S	S	S	S	S	-
1187	1	SBFM	-	-	-	S	S	S	S	S	S	-
1187	2	MNTS	-	-	-	S	S	N	S	S	S	-
1187	3	BRCC	-	-	-	S	S	N	S	S	S	-
1187	4	SEED	-	-	-	S	S	N	S	S	-	-
1187	5	IMAC	-	-	S	S	S	S	S	S	S	-
1188	1	CTXR	-	-	-	S	S	N	S	S	S	-
1188	2	XNET	-	-	-	S	S	N	S	S	S	-
1188	3	AMCN	-	-	-	S	S	N	S	S	S	-
1196	1	UPC	-	-	S	S	S	S	S	S	S	-
1196	2	CYAN	-	-	S	S	S	S	S	S	S	-
1197	1	LODE	S	-	-	S	S	N	S	S	S	-
1197	2	MBOT	-	-	-	S	S	N	S	S	S	-
1197	3	TSLA	-	-	-	S	S	S	S	S	S	-
1197	4	RXT	-	-	S	S	S	N	S	S	S	-
1198	1	CTRM	-	-	-	S	S	N	S	S	S	-
1198	2	EDSA	-	-	-	S	S	N	S	S	S	-
1198	3	OPGN	-	-	-	S	S	N	S	S	S	-
1198	4	CTRM	-	-	-	S	S	N	S	S	S	-
1199	1	OJEN	-	-	-	S	S	N	S	S	S	-
1199	2	TIK	-	-	-	S	S	N	S	S	S	-
1199	3	SGLB	-	-	-	S	S	N	S	S	S	-
1199	4	TOPS	-	-	-	S	S	N	S	S	S	-
1200	1	BATL	-	-	-	-	S	-	S	-	-	-	-
1200	2	PRSO	-	-	-	S	S	-	-	S	-	-	-
1200	3	INDO	-	-	-	-	S	-	-	S	-	-	-
1200	4	SYNX	-	-	-	S	S	-	S	S	-	-	-
1202	1	NASN	-	-	-	S	S	-	-	S	-	-	S
1202	2	OSRH	-	-	-	S	S	-	-	S	-	-	S
1202	3	MLGO	-	-	-	-	S	-	S	-	-	-	S
1203	1	TISK	-	-	-	S	S	-	-	S	-	-	-
1203	2	FFHL	-	-	-	-	S	-	S	-	-	-	-
1204	1	APOP	-	-	-	S	S	-	-	S	-	-	S
1204	2	OPGN	-	-	-	S	S	-	S	-	-	-	S
1204	3	PTSDB	-	-	-	S	S	-	S	-	-	-	S
1204	4	SLGG	-	-	-	-	S	-	S	-	-	-	S
1205	1	AMCI	-	-	-	S	S	-	-	S	-	-	-
1206	1	GCTK	-	-	-	S	S	-	-	S	-	-	S
1206	2	HSDT	-	-	-	S	S	-	S	-	-	-	S
1206	3	SABS	-	-	-	S	S	-	-	S	-	-	S
1206	4	MEIP	-	-	-	-	S	-	-	S	-	-	S
1207	1	SLS	-	-	-	S	S	-	S	-	-	-	S
1207	2	MTSL	-	-	-	-	S	-	-	S	-	-	S
1207	3	CSLT	-	-	-	S	S	-	-	S	-	-	S
1208	1	AWXT	-	-	-	S	S	-	-	S	-	-	S
1208	2	ADMA	-	-	-	S	S	-	-	S	-	-	S
1208	3	BPI	-	-	-	S	S	-	-	S	-	-	S
1208	4	BSPM	-	-	-	-	S	-	S	-	-	-	S
1209	1	TNMG	-	-	-	S	S	-	-	S	-	-	S
1210	1	PRPO	-	-	-	-	S	-	S	-	-	-	-
1211	1	AIM	-	-	-	S	S	-	-	S	-	-	S
1211	2	NSP	-	-	-	-	S	-	-	S	-	-	S
1211	3	WWR	-	-	-	S	S	-	S	-	-	-	S
1211	4	CLWT	-	-	-	-	S	-	S	-	-	-	S
1212	1	AMRH	-	-	-	S	S	-	-	S	-	-	S
1212	2	TNDM	-	-	-	-	S	-	-	S	-	-	S
1213	1	CLPS	-	-	-	-	S	-	-	S	-	-	-
1213	2	SAEX	-	-	-	-	S	-	-	S	-	-	-
1213	3	OPGN	-	-	-	S	S	-	S	-	-	-	-
1214	1	MMMD	-	-	-	-	S	-	-	S	-	-	S
1214	2	CTO	-	-	-	-	S	-	S	-	-	-	S
1214	3	ASNS	-	-	-	-	S	-	-	S	-	-	S
1215	1	VMAR	-	-	-	S	S	-	-	S	-	-	S
1216	1	CYN	-	-	-	-	S	-	-	S	-	-	S
1216	2	CYN	-	-	-	S	S	-	S	-	-	-	S
1216	3	CYN	-	-	-	S	S	-	-	S	-	-	S
1216	4	BZI	-	-	-	-	S	-	-	S	-	-	S
1216	5	GNLN	-	-	-	-	S	-	-	S	-	-	S
1217	1	IMNN	-	-	-	S	S	-	-	S	-	-	S
1217	2	CNSP	-	-	-	-	S	-	-	S	-	-	S
1217	3	TWOU	-	-	-	S	S	-	-	S	-	-	S
1217	4	PCSA	-	-	-	S	S	-	-	S	-	-	S
1218	1	MEGL	-	-	-	-	S	-	-	S	-	-	-
1218	2	EVGN	-	-	-	-	S	-	-	S	-	-	-
1218	3	GELS	-	-	-	-	S	-	S	-	-	-	-
1220	1	ZENA	-	-	-	-	S	-	-	S	-	S	S
1221	1	INPX	-	-	-	S	S	-	-	S	-	-	S
1221	2	AAI	-	-	-	-	S	-	-	S	-	-	S
1221	3	CCNI	-	-	-	-	S	-	S	-	-	-	S
1221	4	SF	-	-	-	S	S	-	-	S	-	-	S
1225	1	RDBX	-	-	-	-	S	-	-	S	-	-	-
1225	2	SOUND	-	-	-	S	S	-	-	S	-	-	-
1225	3	MINM	-	-	-	-	S	-	-	S	-	-	-
1227	1	MINM	-	-	-	-	S	-	-	S	-	-	S
1227	2	ADIL	-	-	-	-	S	-	-	S	-	-	S
1228	1	RAY	-	-	-	-	S	-	S	-	-	-	-
1228	2	BFRG	-	-	-	-	S	-	S	-	-	-	-
1228	3	LSDI	-	-	-	S	S	-	S	-	-	-	-
1228	4	ZENG	-	-	-	S	S	-	S	-	-	-	-
1228	5	ZENG	-	-	-	S	S	-	S	-	-	-	-
1229	1	MNTS	-	-	-	-	S	-	-	S	-	-	S
1229	2	BZI	-	-	-	-	S	-	-	S	-	-	S
1229	3	NEXI	-	-	-	-	S	-	S	-	-	-	S
1230	1	BBLG	-	-	-	S	S	-	S	-	-	-	S
1230	2	BBLG	-	-	-	S	S	-	-	S	-	-	S
1230	3	BBLG	-	-	-	-	S	-	S	-	-	-	S
1230	4	MDJH	-	-	-	-	S	-	-	S	-	-	S
1230	5	IVP	-	-	-	-	S	-	-	S	-	-	S
1230	6	NRSN	-	-	-	S	S	-	S	-	-	-	S
1230	7	BMEA	-	-	-	-	S	-	S	-	-	-	S
1230	8	WINT	-	-	-	-	S	-	-	S	-	-	S
1231	1	LNAI	-	-	-	S	S	-	S	-	-	-	-
1231	2	LNAI	-	-	-	-	S	-	S	-	-	-	-
1231	3	CCTG	-	-	-	S	S	-	S	-	-	-	-
1232	1	DRCT	-	-	-	S	S	-	-	S	-	-	S
1232	2	BRTX	-	-	-	-	S	-	-	S	-	-	S
1232	3	BNED	-	-	-	-	S	-	S	-	-	-	S
1232	4	LGVN	-	-	-	S	S	-	S	-	-	-	S
1232	5	ZAP	-	-	-	S	S	-	S	-	-	-	S
1232	6	ZAP	-	-	-	S	S	-	-	S	-	-	S
1232	7	GME	-	-	-	-	S	-	-	S	-	-	S
1233	1	SNGX	-	-	-	-	S	-	-	S	-	-	-
1233	2	VTA	-	-	-	S	S	-	S	-	-	-	-
1233	3	PPCB	-	-	-	-	S	-	S	-	-	-	-
1234	1	LC	-	-	-	S	S	-	-	S	-	-	S
1234	2	LC	-	-	-	S	S	-	S	-	-	-	S
1234	3	GSI	-	-	-	S	S	-	-	S	-	-	S
1234	4	YXIA	-	-	-	-	S	-	S	-	-	-	S
1234	5	PEEV	-	-	-	-	S	-	S	-	-	-	S
1235	1	TN	-	-	-	S	S	-	S	-	-	-	-
1235	2	TN	-	-	-	-	S	-	S	-	-	-	-
1235	3	DATS	-	-	-	S	S	-	S	-	-	-	-
1235	4	KBSX	-	-	-	S	S	-	S	-	-	-	-
1235	5	POI	-	-	-	S	S	-	-	S	-	-	-
1235	6	BLNE	-	-	-	-	S	-	-	S	-	-	-
1235	7	ALMS	-	-	-	S	S	-	-	S	-	-	-
1236	1	LIMN	-	-	-	-	S	-	S	-	-	-	S
1236	2	AIHS	-	-	-	-	S	-	-	S	-	-	S
1236	3	MULN	-	-	-	-	S	-	-	S	-	-	S
1236	4	ZJK	-	-	-	S	S	-	S	-	-	-	S
1236	5	ZENA	-	-	-	S	S	-	S	-	-	-	S
1236	6	SCNI	-	-	-	-	S	-	S	-	-	-	S
1237	1	EDBL	-	-	-	-	S	-	-	S	-	-	S
1237	2	SMFL	-	-	-	S	S	-	-	S	-	-	S
1237	3	PIPE	-	-	-	S	S	-	S	-	-	-	S
1238	1	PHUN	-	-	-	S	S	-	-	S	-	-	S
1238	2	KALA	-	-	-	S	S	-	S	-	-	-	S
1238	3	KALA	-	-	-	S	S	-	-	S	-	-	S
1238	4	GRII	-	-	-	-	S	-	S	-	-	-	S
1238	5	BSFC	-	-	-	S	S	-	-	S	-	-	S
1238	6	GOVX	-	-	-	-	S	-	S	-	-	-	S
1238	7	MLGO	-	-	-	S	S	-	S	-	-	-	S
1239	1	SMMT	-	-	-	S	S	-	-	S	-	-	S
1239	2	NVOS	-	-	-	-	S	-	S	-	-	-	S
1239	3	NN	-	-	-	-	S	-	-	S	-	-	S
1240	1	BOXL	-	-	-	-	S	-	-	S	-	-	-
1241	1	SPRT	-	-	-	S	S	-	-	S	-	-	S
1241	2	DYAI	-	-	-	S	S	-	-	S	-	-	S
1241	3	STON	-	-	-	S	S	-	-	S	-	-	S
1242	1	KSCP	-	-	-	S	S	-	-	S	-	-	S
1242	2	INDO	-	-	-	S	S	-	S	-	-	-	S
1242	3	IMP	-	-	-	-	S	-	-	S	-	-	S
1243	1	USEA	-	-	-	S	S	-	-	S	-	-	S
1243	2	EVTL	-	-	-	S	S	-	-	S	-	-	S
1243	3	BRQS	-	-	-	-	S	-	S	-	-	-	S
1243	4	QRTEB	-	-	-	-	S	-	S	-	-	-	S
1244	1	GNS	-	-	-	S	S	-	-	S	-	-	-
1245	1	SINT	-	-	-	S	S	-	-	S	-	-	-
1245	2	OSR	-	-	-	-	S	-	-	S	-	-	-
1245	3	JTI	-	-	-	-	S	-	S	-	-	-	-
1246	1	ACOR	-	-	-	S	S	-	-	S	-	-	S
1246	2	LIVE	-	-	-	-	S	-	-	S	-	-	S
1246	3	QLI	-	-	-	S	S	-	-	S	-	-	S
1246	4	QLI	-	-	-	S	S	-	S	-	-	-	S
1246	5	VUZI	-	-	-	-	S	-	S	-	-	-	S
1247	1	FLYE	-	-	-	S	S	-	-	S	-	-	S
1248	1	BNRG	-	-	-	S	S	-	-	S	-	-	S
1248	2	PRFX	-	-	-	-	S	-	-	S	-	-	S
1249	1	ADD	-	-	-	-	S	-	S	S	-	-	S
1249	2	MG	-	-	-	S	S	-	-	S	-	-	S
1249	3	ZC	-	-	-	-	S	-	-	S	-	-	S
1249	4	HOUR	-	-	-	-	S	-	-	S	-	-	S=== FILE 1250 ===
TRADE_MECHANICS:
| # | FLOAT | GAP% | REL_VOL | PATTERN_TYPE | ENTRY_TRIGGER | ADD_ON_MECHANIC | STOP_CRITERIA | T1_TARGET | TIME_OF_ENTRY | MACD_STATE | HOLD_DURATION |
|---|-------|------|---------|--------------|---------------|-----------------|---------------|-----------|---------------|------------|---------------|
| 1 | - | - | - | gap-and-go | breakout / multiple entries | adds on dips | resistance | resistance | - | unknown | short |
| 2 | - | - | - | gap-and-go | break premarket highs | adds on dips | chop | $6-7 range | - | unknown | short |
=== FILE 1251 ===
TRADE_MECHANICS:
| # | FLOAT | GAP% | REL_VOL | PATTERN_TYPE | ENTRY_TRIGGER | ADD_ON_MECHANIC | STOP_CRITERIA | T1_TARGET | TIME_OF_ENTRY | MACD_STATE | HOLD_DURATION |
|---|-------|------|---------|--------------|---------------|-----------------|---------------|-----------|---------------|------------|---------------|
| 1 | - | - | - | gap-and-go | break premarket highs | multiple adds | fading volume | $8 high | 7am | unknown | short |
| 2 | - | - | - | micro-pullback | curl-back-up | n/a | fading | resistance | - | unknown | scalp |
| 3 | - | - | - | gap-and-go | breakout attempts | averaging down | reversal | $8 target | - | unknown | short |
| 4 | - | - | - | unknown | cheap stock pop | n/a | rejection | half-dollar | - | unknown | scalp |
| 5 | - | 97% | high | halt-resume | halt resumption dip-rip | scales across range | no clear stop | $17-21 range | post-halt | unknown | short |
=== FILE 1252 ===
TRADE_MECHANICS:
| # | FLOAT | GAP% | REL_VOL | PATTERN_TYPE | ENTRY_TRIGGER | ADD_ON_MECHANIC | STOP_CRITERIA | T1_TARGET | TIME_OF_ENTRY | MACD_STATE | HOLD_DURATION |
|---|-------|------|---------|--------------|---------------|-----------------|---------------|-----------|---------------|------------|---------------|
| 1 | - | - | - | gap-and-go | break $7.75 level | aggressive add | reversal back $7.25 | $8 target | open | unknown | short |
| 2 | - | - | - | unknown | cheap stock scalp | n/a | quick reversal | half-dollar | - | unknown | scalp |
| 3 | - | - | - | micro-pullback | scalp entry | adds on bounces | chop | resistance | - | unknown | short |
| 4 | - | - | - | unknown | manual override entry | large add | reversal flush | $5.10 | - | unknown | short |
=== FILE 1253 ===
TRADE_MECHANICS:
| # | FLOAT | GAP% | REL_VOL | PATTERN_TYPE | ENTRY_TRIGGER | ADD_ON_MECHANIC | STOP_CRITERIA | T1_TARGET | TIME_OF_ENTRY | MACD_STATE | HOLD_DURATION |
|---|-------|------|---------|--------------|---------------|-----------------|---------------|-----------|---------------|------------|---------------|
| 1 | - | - | - | gap-and-go | break pivot $6.80 | n/a | failed breakout | $6.80 | open | unknown | scalp |
| 2 | - | - | - | daily-breakout | daily high breakout | n/a | daily low break | resistance | - | unknown | short |
| 3 | - | - | - | micro-pullback | scalp entries | aggressive adds | n/a | $3.45 high | - | unknown | short |
| 4 | - | - | - | unknown | false breakout | n/a | false breakout | - | - | unknown | scalp |
=== FILE 1254 ===
TRADE_MECHANICS:
| # | FLOAT | GAP% | REL_VOL | PATTERN_TYPE | ENTRY_TRIGGER | ADD_ON_MECHANIC | STOP_CRITERIA | T1_TARGET | TIME_OF_ENTRY | MACD_STATE | HOLD_DURATION |
|---|-------|------|---------|--------------|---------------|-----------------|---------------|-----------|---------------|------------|---------------|
| 1 | - | 30% | - | gap-and-go | gap curl-back-up | n/a | immediate flush | gap high | open | unknown | short |
| 2 | - | - | - | unknown | curl-back-up | bounce add | seller pressure | resistance | - | unknown | scalp |
| 3 | - | - | - | unknown | momentum scalp | n/a | momentum loss | $1.40 | - | unknown | scalp |
| 4 | - | - | - | unknown | momentum spike | n/a | fade loss | $2.40 | - | unknown | scalp |
=== FILE 1255 ===
TRADE_MECHANICS:
| # | FLOAT | GAP% | REL_VOL | PATTERN_TYPE | ENTRY_TRIGGER | ADD_ON_MECHANIC | STOP_CRITERIA | T1_TARGET | TIME_OF_ENTRY | MACD_STATE | HOLD_DURATION |
|---|-------|------|---------|--------------|---------------|-----------------|---------------|-----------|---------------|------------|---------------|
| 1 | - | - | - | dip-buy | pop and dip recovery | n/a | rejection | dip high | - | unknown | scalp |
| 2 | - | - | - | dip-buy | second dip entry | n/a | rejection | dip high | - | unknown | scalp |
| 3 | - | - | - | halt-resume | halt resumption dip-rip | n/a | false breakout | round-trip squeeze | post-halt | unknown | short |
=== FILE 1256 ===
TRADE_MECHANICS:
| # | FLOAT | GAP% | REL_VOL | PATTERN_TYPE | ENTRY_TRIGGER | ADD_ON_MECHANIC | STOP_CRITERIA | T1_TARGET | TIME_OF_ENTRY | MACD_STATE | HOLD_DURATION |
|---|-------|------|---------|--------------|---------------|-----------------|---------------|-----------|---------------|------------|---------------|
| 1 | - | - | - | micro-pullback | pullback re-entry | multiple dip entries | whipsaw/flush | $5 profit | - | unknown | short |
| 2 | - | - | - | gap-and-go | break $2.70 squeeze | aggressive sizing | breakout failure | squeeze target | - | unknown | short |
| 3 | - | - | - | unknown | pre-market light volume | n/a | light volume rejection | - | pre-market | unknown | scalp |
| 4 | - | - | - | unknown | desperate add-on | multiple oversized position | sell-off | half-dollar | - | unknown | scalp |
| 5 | - | - | - | unknown | aggressive re-entry | oversized position | flushed | - | - | unknown | scalp |
=== FILE 1257 ===
TRADE_MECHANICS:
| # | FLOAT | GAP% | REL_VOL | PATTERN_TYPE | ENTRY_TRIGGER | ADD_ON_MECHANIC | STOP_CRITERIA | T1_TARGET | TIME_OF_ENTRY | MACD_STATE | HOLD_DURATION |
|---|-------|------|---------|--------------|---------------|-----------------|---------------|-----------|---------------|------------|---------------|
| 1 | - | - | high | halt-resume | halt resumption aggressive adds | escalating adds | halt-down reversal | $12+ | post-halt | unknown | short |
=== FILE 1258 ===
TRADE_MECHANICS:
| # | FLOAT | GAP% | REL_VOL | PATTERN_TYPE | ENTRY_TRIGGER | ADD_ON_MECHANIC | STOP_CRITERIA | T1_TARGET | TIME_OF_ENTRY | MACD_STATE | HOLD_DURATION |
|---|-------|------|---------|--------------|---------------|-----------------|---------------|-----------|---------------|------------|---------------|
| 1 | - | - | - | gap-and-go | break gap $7 | multiple loss attempts | shelf-registration risk | $7+ | open | unknown | short |
| 2 | - | - | - | unknown | one-minute breakout | aggressive add | halt-down | breakout target | morning | unknown | short |
=== FILE 1259 ===
TRADE_MECHANICS:
| # | FLOAT | GAP% | REL_VOL | PATTERN_TYPE | ENTRY_TRIGGER | ADD_ON_MECHANIC | STOP_CRITERIA | T1_TARGET | TIME_OF_ENTRY | MACD_STATE | HOLD_DURATION |
|---|-------|------|---------|--------------|---------------|-----------------|---------------|-----------|---------------|------------|---------------|
| 1 | - | - | - | gap-and-go | break premarket high | n/a | quick stop | premarket high | open | unknown | scalp |
| 2 | - | - | - | continuation | continuation play dip re-entry | dip re-entry | pullback reversal | day-high retest | - | unknown | short |
| 3 | - | - | - | micro-pullback | momentum break | hot-key entry | scalp | half-dollar | - | unknown | scalp |
| 4 | - | - | - | halt-resume | halt resumption aggressive adds | aggressive adds | reversal flush | day-high | post-halt | unknown | short |
| 5 | - | - | - | unknown | impulsive breakout | n/a | immediate rejection | breakout level | - | unknown | scalp |
=== FILE 1260 ===
TRADE_MECHANICS:
| # | FLOAT | GAP% | REL_VOL | PATTERN_TYPE | ENTRY_TRIGGER | ADD_ON_MECHANIC | STOP_CRITERIA | T1_TARGET | TIME_OF_ENTRY | MACD_STATE | HOLD_DURATION |
|---|-------|------|---------|--------------|---------------|-----------------|---------------|-----------|---------------|------------|---------------|
| 1 | - | - | - | gap-and-go | break premarket high | n/a | failed breakout | $18 | open | unknown | scalp |
| 2 | - | - | - | micro-pullback | dip squeeze pattern | reversal on adds | reversal | resistance | - | unknown | short |
| 3 | - | - | - | unknown | halt-related | n/a | quick exit | quick exit | - | unknown | scalp |
| 4 | - | - | - | red-to-green | red-to-green move | n/a | reversal | breakout | - | unknown | scalp |
| 5 | - | - | - | unknown | bottom-bounce flag break | n/a | failed continuation | support bounce | - | unknown | scalp |
=== FILE 1261 ===
TRADE_MECHANICS:
| # | FLOAT | GAP% | REL_VOL | PATTERN_TYPE | ENTRY_TRIGGER | ADD_ON_MECHANIC | STOP_CRITERIA | T1_TARGET | TIME_OF_ENTRY | MACD_STATE | HOLD_DURATION |
|---|-------|------|---------|--------------|---------------|-----------------|---------------|-----------|---------------|------------|---------------|
| 1 | - | - | - | unknown | momentum spike | n/a | complete flush reversal | momentum level | open | unknown | scalp |
=== FILE 1262 ===
TRADE_MECHANICS:
| # | FLOAT | GAP% | REL_VOL | PATTERN_TYPE | ENTRY_TRIGGER | ADD_ON_MECHANIC | STOP_CRITERIA | T1_TARGET | TIME_OF_ENTRY | MACD_STATE | HOLD_DURATION |
|---|-------|------|---------|--------------|---------------|-----------------|---------------|-----------|---------------|------------|---------------|
| 1 | - | - | - | unknown | vwap break | n/a | reversal | vwap level | - | unknown | scalp |
| 2 | - | - | - | unknown | first break with add | second add | reversal loss | resistance | - | unknown | short |
| 3 | - | - | - | micro-pullback | momentum squeeze | n/a | immediate top | momentum high | - | unknown | scalp |
| 4 | - | - | - | unknown | squeeze to $9 | n/a | reversal | $9 target | - | unknown | scalp |
| 5 | - | - | - | halt-resume | halt resumption multi-halts | n/a | multiple failed resumes | halt level | - | unknown | short |
| 6 | - | - | high | gap-and-go | news pop early spike | n/a | seller pressure | initial spike | 7am | unknown | scalp |
=== FILE 1263 ===
TRADE_MECHANICS:
| # | FLOAT | GAP% | REL_VOL | PATTERN_TYPE | ENTRY_TRIGGER | ADD_ON_MECHANIC | STOP_CRITERIA | T1_TARGET | TIME_OF_ENTRY | MACD_STATE | HOLD_DURATION |
|---|-------|------|---------|--------------|---------------|-----------------|---------------|-----------|---------------|------------|---------------|
| 1 | - | - | - | unknown | vwap test market open | n/a | false breakout reversal | vwap level | open | unknown | scalp |
| 2 | - | - | - | red-to-green | red-to-green break | n/a | seller pressure reversal | initial break | - | unknown | scalp |
| 3 | - | - | - | dip-buy | news catalyst dip-buy | n/a | halt-related flush | support level | - | unknown | short |
=== FILE 1264 ===
TRADE_MECHANICS:
| # | FLOAT | GAP% | REL_VOL | PATTERN_TYPE | ENTRY_TRIGGER | ADD_ON_MECHANIC | STOP_CRITERIA | T1_TARGET | TIME_OF_ENTRY | MACD_STATE | HOLD_DURATION |
|---|-------|------|---------|--------------|---------------|-----------------|---------------|-----------|---------------|------------|---------------|
| 1 | - | - | - | gap-and-go | break daily high | multiple adds | third pullback failed | daily high | open | unknown | short |
| 2 | - | - | - | unknown | top-tick entry | adds on breaks | reversal | $4.44 high | - | unknown | short |
| 3 | - | - | - | unknown | momentum break | n/a | momentum exit | breakout | - | unknown | scalp |
| 4 | - | - | - | unknown | quick setup | n/a | quick setup | quick setup | - | unknown | scalp |
| 5 | - | - | - | unknown | quick setup | n/a | chop reversal | resistance | - | unknown | scalp |
| 6 | - | - | - | unknown | quick setup | n/a | reversal chop | resistance | - | unknown | scalp |
| 7 | - | - | - | daily-breakout | daily breakout | n/a | immediate reversal | $20 | - | unknown | scalp |
=== FILE 1265 ===
TRADE_MECHANICS:
| # | FLOAT | GAP% | REL_VOL | PATTERN_TYPE | ENTRY_TRIGGER | ADD_ON_MECHANIC | STOP_CRITERIA | T1_TARGET | TIME_OF_ENTRY | MACD_STATE | HOLD_DURATION |
|---|-------|------|---------|--------------|---------------|-----------------|---------------|-----------|---------------|------------|---------------|
| 1 | - | - | - | gap-and-go | break daily high | aggressive add-ons | extended exit poor fill | $3-4K gain | open | unknown | short |
| 2 | - | - | - | daily-breakout | break daily high | break on adds | immediate flush | $20 | - | unknown | scalp |
| 3 | - | - | - | unknown | quick setup | n/a | chop flushed | quick setup | - | unknown | scalp |
| 4 | - | - | - | unknown | quick scalp false breakout | n/a | reversal flushed | momentum level | - | unknown | scalp |
| 5 | - | - | - | halt-resume | halt momentum | n/a | quick exit | halt level | - | unknown | scalp |
| 6 | - | - | - | red-to-green | red-to-green momentum | n/a | reversal flushed | breakout | - | unknown | scalp |
| 7 | - | - | - | unknown | bottom-bounce support | n/a | aggressive hold cost | support bounce | - | unknown | short |
=== FILE 1266 ===
TRADE_MECHANICS:
| # | FLOAT | GAP% | REL_VOL | PATTERN_TYPE | ENTRY_TRIGGER | ADD_ON_MECHANIC | STOP_CRITERIA | T1_TARGET | TIME_OF_ENTRY | MACD_STATE | HOLD_DURATION |
|---|-------|------|---------|--------------|---------------|-----------------|---------------|-----------|---------------|------------|---------------|
| 1 | - | - | - | gap-and-go | gap breakout continuation | partial scalp | top-tick | $4.44 high | - | unknown | short |
| 2 | - | - | - | unknown | quick setup | n/a | small win | quick setup | - | unknown | scalp |
| 3 | - | - | - | unknown | quick scalp | n/a | small scalp | quick scalp | - | unknown | scalp |
| 4 | - | - | - | unknown | quick setup | n/a | quick loss | quick attempt | - | unknown | scalp |
| 5 | - | - | - | unknown | setup attempt | n/a | chopping loss | chop | - | unknown | scalp |
=== FILE 1267 ===
TRADE_MECHANICS:
| # | FLOAT | GAP% | REL_VOL | PATTERN_TYPE | ENTRY_TRIGGER | ADD_ON_MECHANIC | STOP_CRITERIA | T1_TARGET | TIME_OF_ENTRY | MACD_STATE | HOLD_DURATION |
|---|-------|------|---------|--------------|---------------|-----------------|---------------|-----------|---------------|------------|---------------|
| 1 | - | - | high | gap-and-go | news spike aggressive add | aggressive add | reversal flush | squeeze high | open | unknown | short |
| 2 | - | - | - | unknown | one-minute breakout | anticipation | break-through | daily high | - | unknown | scalp |
| 3 | - | - | high | gap-and-go | news spike momentum | n/a | quick exit | initial spike | - | unknown | scalp |
| 4 | - | - | - | unknown | quick setup | small trades | small scalp | half-dollar | - | unknown | scalp |
| 5 | - | - | high | gap-and-go | news spike | n/a | quick loss news fail | news level | - | unknown | scalp |
| 6 | - | - | - | unknown | support break | n/a | immediate reversal | support level | - | unknown | scalp |
| 7 | - | - | - | continuation | daily continuation | n/a | failed continuation | daily high | - | unknown | short |
=== FILE 1268 ===
TRADE_MECHANICS:
| # | FLOAT | GAP% | REL_VOL | PATTERN_TYPE | ENTRY_TRIGGER | ADD_ON_MECHANIC | STOP_CRITERIA | T1_TARGET | TIME_OF_ENTRY | MACD_STATE | HOLD_DURATION |
|---|-------|------|---------|--------------|---------------|-----------------|---------------|-----------|---------------|------------|---------------|
| 1 | - | - | - | unknown | reverse-split breakout | n/a | failed level hold | $4.00 | - | unknown | scalp |
| 2 | - | - | - | unknown | break daily high | n/a | failed break reversal | whole-dollar | - | unknown | scalp |
| 3 | - | - | - | gap-and-go | low-float gap squeeze | n/a | halt/seller pressure | $5+ | open | unknown | short |
=== FILE 1269 ===
TRADE_MECHANICS:
| # | FLOAT | GAP% | REL_VOL | PATTERN_TYPE | ENTRY_TRIGGER | ADD_ON_MECHANIC | STOP_CRITERIA | T1_TARGET | TIME_OF_ENTRY | MACD_STATE | HOLD_DURATION |
|---|-------|------|---------|--------------|---------------|-----------------|---------------|-----------|---------------|------------|---------------|
| 1 | - | 300% | high | gap-and-go | first new high break | aggressive adds at resistance | flushed back | $5 target | open | unknown | short |
| 2 | - | - | high | gap-and-go | momentum spike rip | scaled exits | squeeze target | $10.50 after-hours | - | unknown | short |
=== FILE 1270 ===
TRADE_MECHANICS:
| # | FLOAT | GAP% | REL_VOL | PATTERN_TYPE | ENTRY_TRIGGER | ADD_ON_MECHANIC | STOP_CRITERIA | T1_TARGET | TIME_OF_ENTRY | MACD_STATE | HOLD_DURATION |
|---|-------|------|---------|--------------|---------------|-----------------|---------------|-----------|---------------|------------|---------------|
| 1 | - | - | - | vwap-reclaim | vwap reclaim micro-pullback | aggressive adds at worse prices | reversal | vwap level | - | unknown | short |
| 2 | - | - | - | dip-buy | dip-buy breakout range | disciplined scalps | scalp management | $2.75-$3.00 | - | unknown | short |
| 3 | - | - | - | unknown | opening range breakout | add high | immediate flush | opening range | open | unknown | scalp |
| 4 | - | - | - | unknown | secondary scalp | n/a | quick loss | small scalp | - | unknown | scalp |
=== FILE 1271 ===
TRADE_MECHANICS:
| # | FLOAT | GAP% | REL_VOL | PATTERN_TYPE | ENTRY_TRIGGER | ADD_ON_MECHANIC | STOP_CRITERIA | T1_TARGET | TIME_OF_ENTRY | MACD_STATE | HOLD_DURATION |
|---|-------|------|---------|--------------|---------------|-----------------|---------------|-----------|---------------|------------|---------------|
| 1 | - | - | - | unknown | break $17 level | dip re-entry | failed break reversal | $17 level | - | unknown | short |
| 2 | - | - | - | halt-resume | halt breakout anticipation | n/a | halt-pending | halt-resume level | - | unknown | short |
| 3 | - | - | - | halt-resume | dip-and-rip halt resumption | n/a | bounce squeeze | squeeze level | - | unknown | short |
| 4 | - | - | - | halt-resume | squeeze above halt jump-in | n/a | dip-rip above | above-halt level | - | unknown | short |
| 5 | - | - | - | unknown | multi-trade churn scalps | n/a | small exits | small targets | - | unknown | scalp |
=== FILE 1272 ===
TRADE_MECHANICS:
| # | FLOAT | GAP% | REL_VOL | PATTERN_TYPE | ENTRY_TRIGGER | ADD_ON_MECHANIC | STOP_CRITERIA | T1_TARGET | TIME_OF_ENTRY | MACD_STATE | HOLD_DURATION |
|---|-------|------|---------|--------------|---------------|-----------------|---------------|-----------|---------------|------------|---------------|
| 1 | - | - | - | gap-and-go | gap squeeze | n/a | failed follow reversal | gap-high | open | unknown | short |
| 2 | - | - | - | unknown | break resistance daily | n/a | failed level dip | whole-dollar | - | unknown | short |
| 3 | - | - | - | unknown | descending resistance break | n/a | breakout squeeze | $13.46 | - | unknown | short |
=== FILE 1273 ===
TRADE_MECHANICS:
| # | FLOAT | GAP% | REL_VOL | PATTERN_TYPE | ENTRY_TRIGGER | ADD_ON_MECHANIC | STOP_CRITERIA | T1_TARGET | TIME_OF_ENTRY | MACD_STATE | HOLD_DURATION |
|---|-------|------|---------|--------------|---------------|-----------------|---------------|-----------|---------------|------------|---------------|
| 1 | - | - | - | unknown | squeeze from premarket high | n/a | scalp close | $3.80 | - | unknown | scalp |
| 2 | - | - | - | unknown | break $1.87 level | n/a | failed level poor exit | $2.00 level | - | unknown | short |
| 3 | - | - | - | dip-buy | dip-buy re-entry | follow-through adds | second push | $18-$19 | - | unknown | short |
| 4 | - | - | - | unknown | squeeze higher $9.50 target | n/a | flush hard | $9.50 break | - | unknown | scalp |
=== FILE 1274 ===
TRADE_MECHANICS:
| # | FLOAT | GAP% | REL_VOL | PATTERN_TYPE | ENTRY_TRIGGER | ADD_ON_MECHANIC | STOP_CRITERIA | T1_TARGET | TIME_OF_ENTRY | MACD_STATE | HOLD_DURATION |
|---|-------|------|---------|--------------|---------------|-----------------|---------------|-----------|---------------|------------|---------------|
| 1 | - | 300% | high | gap-and-go | premarket high break | scaled adds | n/a | $28.90 | open | unknown | short |
| 2 | - | - | - | unknown | break $12.00 level | n/a | instant rejection | $12+ | - | unknown | scalp |
| 3 | - | - | high | gap-and-go | open squeeze gap attempt | n/a | flush to support | gap-high | open | unknown | short |
| 4 | - | - | high | gap-and-go | breakout above level | added at high | scalp | $20.30 | - | unknown | scalp |
| 5 | - | - | high | unknown | dip break of $21 | scalp high | scalp into halt | $21+ | - | unknown | scalp |
| 6 | - | - | high | halt-resume | halt-resume dip-buy | add on rips | recovery from drawdown | $27.00 | post-halt | unknown | short |
| 7 | - | - | - | unknown | momentum scalp | n/a | minimal scalp | momentum level | - | unknown | scalp |
=== TSV_AUDIT ===
1250	1	BGLC	-	-	-	S	S	S	S	S	-	S
1250	2	IMN	-	-	-	S	S	S	S	S	-	S
1251	1	YMAT	-	-	-	S	S	S	S	S	-	S
1251	2	PAPL	-	-	-	S	S	N	S	-	-	S
1251	3	PBM	-	-	-	S	S	S	S	S	-	S
1251	4	SGNX	-	-	-	-	S	N	S	-	-	S
1251	5	SLXN	-	-	S	S	S	S	-	S	-	S
1252	1	CRK	-	-	-	S	S	S	S	S	-	S
1252	2	DAR	-	-	-	-	S	N	S	-	-	S
1252	3	MTSL	-	-	-	S	S	S	S	-	-	S
1252	4	LEDS	-	-	-	-	S	S	S	-	-	S
1253	1	VXRT	-	-	-	S	S	N	S	S	-	S
1253	2	HAR	-	-	-	S	S	N	S	-	-	S
1253	3	VLRX	-	-	-	S	S	S	N	S	-	S
1253	4	ANYP	-	-	-	-	S	N	S	-	-	S
1254	1	DXR	-	S	-	S	S	N	S	S	-	S
1254	2	OPGM	-	-	-	-	S	S	S	-	-	S
1254	3	SNOI	-	-	-	-	S	N	S	-	-	S
1254	4	VT	-	-	-	-	S	N	S	-	-	S
1255	1	PIXIE	-	-	-	S	S	N	S	-	-	S
1255	2	PIXIE	-	-	-	S	S	N	S	-	-	S
1255	3	UU	-	-	-	S	S	N	S	-	-	S
1256	1	JAM	-	-	-	S	S	S	S	-	-	S
1256	2	AUVI	-	-	-	S	S	S	S	-	-	S
1256	3	APBO	-	-	-	-	S	N	S	-	-	S
1256	4	AERC	-	-	-	-	S	N	S	-	-	S
1256	5	PBTS	-	-	-	-	S	S	S	-	-	S
1257	1	NURO	-	-	S	S	S	S	-	-	-	S
1258	1	ZEVO	-	-	-	S	S	S	S	-	-	S
1258	2	ACY	-	-	-	-	S	S	S	-	-	S
1259	1	LTBR	-	-	-	S	S	N	S	-	-	S
1259	2	ITUS	-	-	-	S	S	S	S	-	-	S
1259	3	CANF	-	-	-	S	S	N	S	-	-	S
1259	4	OGEN	-	-	-	S	S	S	S	-	-	S
1259	5	SISL	-	-	-	-	S	N	S	-	-	S
1260	1	DXR	-	-	-	S	S	N	S	-	-	S
1260	2	APDN	-	-	-	S	S	S	S	-	-	S
1260	3	POA	-	-	-	-	S	N	S	-	-	S
1260	4	OPGN	-	-	-	S	S	N	S	-	-	S
1260	5	NCNA	-	-	-	-	S	N	S	-	-	S
1261	1	AEI	-	-	-	-	S	N	S	-	-	S
1262	1	PETZ	-	-	-	-	S	N	S	-	-	S
1262	2	APN	-	-	-	-	S	S	S	-	-	S
1262	3	VERU	-	-	-	S	S	N	S	-	-	S
1262	4	GOSS	-	-	-	-	S	N	S	-	-	S
1262	5	QRTEB	-	-	-	S	S	N	S	-	-	S
1262	6	XRTX	-	-	S	S	S	N	-	-	-	S
1263	1	SPY	-	-	-	-	S	N	S	-	-	S
1263	2	BWV	-	-	-	S	S	N	S	-	-	S
1263	3	RDBX	-	-	-	S	S	N	S	-	-	S
1264	1	DATS	-	-	-	S	S	S	S	-	-	S
1264	2	CEL-Z	-	-	-	-	S	S	S	-	-	S
1264	3	FRGE	-	-	-	-	S	N	S	-	-	S
1264	4	DRTS	-	-	-	-	S	N	S	-	-	S
1264	5	LL	-	-	-	-	S	N	S	-	-	S
1264	6	LLAP	-	-	-	-	S	N	S	-	-	S
1264	7	ALLG	-	-	-	S	S	N	S	-	-	S
1265	1	DATS	-	-	-	S	S	S	S	-	-	S
1265	2	ALLG	-	-	-	S	S	N	S	-	-	S
1265	3	LLAP	-	-	-	-	S	N	S	-	-	S
1265	4	XAI	-	-	-	-	S	N	S	-	-	S
1265	5	POA	-	-	-	-	S	N	S	-	-	S
1265	6	OPGN	-	-	-	-	S	N	S	-	-	S
1265	7	NCNA	-	-	-	-	S	N	S	-	-	S
1266	1	CEL-Z	-	-	-	S	S	S	S	-	-	S
1266	2	DGII	-	-	-	-	S	N	S	-	-	S
1266	3	DRTS	-	-	-	-	S	N	S	-	-	S
1266	4	LL	-	-	-	-	S	N	S	-	-	S
1266	5	LLAP	-	-	-	-	S	N	S	-	-	S
1267	1	SISI	-	-	S	S	S	S	S	-	-	S
1267	2	CLNN	-	-	-	-	S	S	S	-	-	S
1267	3	EVGO	-	-	S	S	S	N	S	-	-	S
1267	4	QRTEB	-	-	-	-	S	S	S	-	-	S
1267	5	STRN	-	-	S	S	S	N	S	-	-	S
1267	6	GOEV	-	-	-	-	S	N	S	-	-	S
1267	7	VIRU	-	-	-	S	S	N	S	-	-	S
1268	1	CEG-IX	-	-	-	-	S	N	S	-	-	S
1268	2	TROV	-	-	-	-	S	N	S	-	-	S
1268	3	TWMC	-	-	-	S	S	N	S	-	-	S
1269	1	VVUS	-	S	S	S	S	S	S	-	-	S
1269	2	SGPX	-	-	S	S	S	S	S	-	-	S
1270	1	MLGO	-	-	-	S	S	S	S	-	-	S
1270	2	CTO	-	-	-	S	S	S	S	-	-	S
1270	3	XTLB	-	-	-	-	S	S	S	-	-	S
1270	4	CZ	-	-	-	-	S	N	S	-	-	S
1271	1	AMBI	-	-	-	-	S	S	S	-	-	S
1271	2	PACW	-	-	-	S	S	N	S	-	-	S
1271	3	WALL	-	-	-	S	S	N	S	-	-	S
1271	4	FRC	-	-	-	S	S	N	S	-	-	S
1271	5	THMO	-	-	-	-	S	N	S	-	-	S
1272	1	ROMA	-	-	-	S	S	N	S	-	-	S
1272	2	UMD	-	-	-	-	S	N	S	-	-	S
1272	3	NEXI	-	-	-	-	S	N	S	-	-	S
1273	1	SI	-	-	-	-	S	N	S	-	-	S
1273	2	CING	-	-	-	-	S	N	S	-	-	S
1273	3	LUNAR	-	-	-	S	S	S	S	-	-	S
1273	4	OCEAN	-	-	-	-	S	N	S	-	-	S
1274	1	RENT	-	S	S	S	S	S	S	-	-	S
1274	2	MNDR	-	-	-	-	S	N	S	-	-	S
1274	3	RENT	-	-	S	S	S	N	S	-	-	S
1274	4	RENT	-	-	S	S	S	N	S	-	-	S
1274	5	RENT	-	-	S	-	S	N	S	-	-	S
1274	6	RENT	-	-	S	S	S	S	S	-	-	S
1274	7	ALRM	-	-	-	-	S	N	S	-	-	S
=== FILE 1275 ===
TRADE_MECHANICS:
| # | FLOAT | GAP% | REL_VOL | PATTERN_TYPE | ENTRY_TRIGGER | ADD_ON_MECHANIC | STOP_CRITERIA | T1_TARGET | TIME_OF_ENTRY | MACD_STATE | HOLD_DURATION |
|---|-------|------|---------|--------------|---------------|-----------------|---------------|-----------|---------------|------------|---------------|
| 1 | - | - | - | gap-and-go | aggressive squeeze entry | added through squeeze | sellers flush to $13.21 | - | 7am-10am | unknown | short |
| 2 | - | - | - | red-to-green | entry $3.50, adds at $4.25 | escalating adds at $4.25 | rejection at $4.60 | $4.25 support | 7am-10am | unknown | short |
| 3 | - | - | - | dip-buy | daily setup test | light testing entry | rejection on test | - | 7am-10am | unknown | scalp |
=== FILE 1276 ===
TRADE_MECHANICS:
| # | FLOAT | GAP% | REL_VOL | PATTERN_TYPE | ENTRY_TRIGGER | ADD_ON_MECHANIC | STOP_CRITERIA | T1_TARGET | TIME_OF_ENTRY | MACD_STATE | HOLD_DURATION |
|---|-------|------|---------|--------------|---------------|-----------------|---------------|-----------|---------------|------------|---------------|
| 1 | - | - | - | gap-and-go | 10-cent target break | n/a | target hit | $4.90 | 7am | unknown | scalp |
| 2 | - | - | - | gap-and-go | consolidation break | n/a | partial fill achieved | target | 7am | unknown | scalp |
| 3 | - | - | - | gap-and-go | support hold at $3.65 | n/a | reversal under support | $3.70 | 7am | unknown | short |
| 4 | - | - | - | gap-and-go | VWAP breakout | n/a | halt-pending near $8.43 | $8.43+ | 7am | unknown | short |
=== FILE 1277 ===
TRADE_MECHANICS:
| # | FLOAT | GAP% | REL_VOL | PATTERN_TYPE | ENTRY_TRIGGER | ADD_ON_MECHANIC | STOP_CRITERIA | T1_TARGET | TIME_OF_ENTRY | MACD_STATE | HOLD_DURATION |
|---|-------|------|---------|--------------|---------------|-----------------|---------------|-----------|---------------|------------|---------------|
| 1 | - | - | - | red-to-green | news spike pop | n/a | flush reversal | - | early morning | unknown | scalp |
| 2 | - | - | - | gap-and-go | opening gap-and-go | n/a | can't hold above $7.50 | $7.50 | 7am | unknown | short |
| 3 | - | - | - | gap-and-go | post-news pop | n/a | gap-and-fade | - | 8am | unknown | scalp |
| 4 | - | - | - | gap-and-go | scanner pop | added multiple times | instant reversal | $5.50 | 8am | unknown | short |
=== FILE 1278 ===
TRADE_MECHANICS:
| # | FLOAT | GAP% | REL_VOL | PATTERN_TYPE | ENTRY_TRIGGER | ADD_ON_MECHANIC | STOP_CRITERIA | T1_TARGET | TIME_OF_ENTRY | MACD_STATE | HOLD_DURATION |
|---|-------|------|---------|--------------|---------------|-----------------|---------------|-----------|---------------|------------|---------------|
| 1 | - | - | - | gap-and-go | pre-market resistance break | n/a | clean scalp | - | pre-market | unknown | scalp |
| 2 | - | - | - | gap-and-go | pre-market high break | added on micro-pullback | half-dollar rejection | $7.50 | pre-market | unknown | short |
| 3 | - | - | - | gap-and-go | first 1-min candle new high | n/a | level can't break | - | 8am | unknown | scalp |
| 4 | - | - | - | gap-and-go | scanner pop | n/a | volume fade | - | 8am | unknown | short |
| 5 | - | - | - | dip-buy | reversal dip on MA | n/a | reversal flush | - | 8am | unknown | short |
=== FILE 1279 ===
TRADE_MECHANICS:
| # | FLOAT | GAP% | REL_VOL | PATTERN_TYPE | ENTRY_TRIGGER | ADD_ON_MECHANIC | STOP_CRITERIA | T1_TARGET | TIME_OF_ENTRY | MACD_STATE | HOLD_DURATION |
|---|-------|------|---------|--------------|---------------|-----------------|---------------|-----------|---------------|------------|---------------|
| 1 | - | - | - | gap-and-go | gap-and-go anticipation | n/a | instant reversal | - | pre-open | unknown | scalp |
| 2 | 25M+ | high | high | red-to-green | momentum spike | added at higher prices | hard flush to $3.74 | $4.57 | 8am | unknown | short |
| 3 | 25M+ | high | high | red-to-green | bounce recovery add | added at $4.57 | hard flush | $4.75+ | 8am | unknown | short |
| 4 | - | - | - | gap-and-go | first candle new high | added multiple times | spike to $4.75 scalp | $4.75 | 8am | unknown | short |
| 5 | - | - | - | dip-buy | second entry dip-buy | n/a | decline to pullback | - | 8am | unknown | short |
=== FILE 1280 ===
TRADE_MECHANICS:
| # | FLOAT | GAP% | REL_VOL | PATTERN_TYPE | ENTRY_TRIGGER | ADD_ON_MECHANIC | STOP_CRITERIA | T1_TARGET | TIME_OF_ENTRY | MACD_STATE | HOLD_DURATION |
|---|-------|------|---------|--------------|---------------|-----------------|---------------|-----------|---------------|------------|---------------|
| 1 | - | - | - | gap-and-go | break of resistance | n/a | scaled at $8.50 | $8.50 | pre-market | unknown | short |
| 2 | - | - | - | gap-and-go | choppy consolidation | n/a | bid drops / failed breakout | - | 8am | unknown | short |
| 3 | - | - | - | dip-buy | flush dip bounce | n/a | rebound entry | - | 8am | unknown | scalp |
| 4 | - | - | - | dip-buy | pullback dip entry | n/a | bounce to resistance | - | 8am | unknown | scalp |
=== FILE 1281 ===
TRADE_MECHANICS:
| # | FLOAT | GAP% | REL_VOL | PATTERN_TYPE | ENTRY_TRIGGER | ADD_ON_MECHANIC | STOP_CRITERIA | T1_TARGET | TIME_OF_ENTRY | MACD_STATE | HOLD_DURATION |
|---|-------|------|---------|--------------|---------------|-----------------|---------------|-----------|---------------|------------|---------------|
| 1 | 2.6M | 279% | high | gap-and-go | early pop squeeze | scaled at $36-$36.80 | squeeze through $38 | $36+ | 7am | unknown | short |
| 2 | 2.6M | 279% | high | gap-and-go | squeeze continuation | added at higher levels | large seller at $35-$38 | $38+ | 8am | unknown | short |
| 3 | - | - | - | micro-pullback | scalp micro-entries | multiple adds against ask | higher bid/ask reloads | various | 8am | unknown | short |
| 4 | - | - | - | red-to-green | dip entry anticipating break | n/a | sharp reversal to $4.50 | $5.00+ | 8am | unknown | scalp |
=== FILE 1282 ===
TRADE_MECHANICS:
| # | FLOAT | GAP% | REL_VOL | PATTERN_TYPE | ENTRY_TRIGGER | ADD_ON_MECHANIC | STOP_CRITERIA | T1_TARGET | TIME_OF_ENTRY | MACD_STATE | HOLD_DURATION |
|---|-------|------|---------|--------------|---------------|-----------------|---------------|-----------|---------------|------------|---------------|
| 1 | - | - | - | gap-and-go | first 1-min candle new high | n/a | immediate reversal | - | gap-scanner open | scalp |
| 2 | - | - | - | gap-and-go | breakout recovery | n/a | quick scalp | - | 8am | unknown | scalp |
| 3 | - | - | - | gap-and-go | scalp entries multiple adds | added multiple times | liquidation and reversal | - | 8am | unknown | short |
| 4 | - | - | - | gap-and-go | squeeze breakout | n/a | partial scalp | - | 8am | unknown | scalp |
| 5 | - | - | - | halt-resume | halt-resume continuation | n/a | failed breakout post-resume | - | halt-resume | unknown | short |
=== FILE 1283 ===
TRADE_MECHANICS:
| # | FLOAT | GAP% | REL_VOL | PATTERN_TYPE | ENTRY_TRIGGER | ADD_ON_MECHANIC | STOP_CRITERIA | T1_TARGET | TIME_OF_ENTRY | MACD_STATE | HOLD_DURATION |
|---|-------|------|---------|--------------|---------------|-----------------|---------------|-----------|---------------|------------|---------------|
| 1 | - | - | - | gap-and-go | first 1-min candle new high | added multiple times | multiple failed breakouts | $2.50+ | 8am | unknown | short |
| 2 | - | - | - | red-to-green | momentum pop | n/a | sharp reversal to $2.30 | - | 8am | unknown | scalp |
=== FILE 1284 ===
TRADE_MECHANICS:
| # | FLOAT | GAP% | REL_VOL | PATTERN_TYPE | ENTRY_TRIGGER | ADD_ON_MECHANIC | STOP_CRITERIA | T1_TARGET | TIME_OF_ENTRY | MACD_STATE | HOLD_DURATION |
|---|-------|------|---------|--------------|---------------|-----------------|---------------|-----------|---------------|------------|---------------|
| 1 | 2.6M | 119% | 400K premarket | gap-and-go | gap up first minute consolidation | n/a | failed breakout at $6.65 | $6.65+ | 7am | unknown | scalp |
| 2 | 2.6M | 119% | 400K premarket | gap-and-go | break of resistance recovery | n/a | quick scalp rebound | - | 8am | unknown | scalp |
| 3 | 2.6M | 119% | 400K premarket | gap-and-go | break of key resistance level | n/a | pullback near breakeven | - | 8am | unknown | scalp |
| 4 | 2.6M | 119% | 400K premarket | gap-and-go | break of half-dollar momentum | n/a | hard reversal max-loss | $7.50+ | 8am | unknown | short |
=== FILE 1285 ===
TRADE_MECHANICS:
| # | FLOAT | GAP% | REL_VOL | PATTERN_TYPE | ENTRY_TRIGGER | ADD_ON_MECHANIC | STOP_CRITERIA | T1_TARGET | TIME_OF_ENTRY | MACD_STATE | HOLD_DURATION |
|---|-------|------|---------|--------------|---------------|-----------------|---------------|-----------|---------------|------------|---------------|
| 1 | - | - | - | gap-and-go | gap continuation | added at $2.64-$2.65 | stock spike to $2.99 | $2.70-$2.99 | pre-market | unknown | short |
| 2 | - | - | - | red-to-green | red-to-green reversal | added at higher prices | partial exits at resistance | $2.16-$2.48 | 8am | unknown | short |
=== FILE 1286 ===
TRADE_MECHANICS:
| # | FLOAT | GAP% | REL_VOL | PATTERN_TYPE | ENTRY_TRIGGER | ADD_ON_MECHANIC | STOP_CRITERIA | T1_TARGET | TIME_OF_ENTRY | MACD_STATE | HOLD_DURATION |
|---|-------|------|---------|--------------|---------------|-----------------|---------------|-----------|---------------|------------|---------------|
| 1 | - | - | - | gap-and-go | gap-and-go pullback reentry | scaled out at resistance | stock pulls back after scaling | resistance levels | 8am | unknown | short |
| 2 | - | - | - | gap-and-go | breakout attempt | n/a | failed-breakout near $19.44 | $25 | 8am | unknown | scalp |
=== FILE 1287 ===
TRADE_MECHANICS:
| # | FLOAT | GAP% | REL_VOL | PATTERN_TYPE | ENTRY_TRIGGER | ADD_ON_MECHANIC | STOP_CRITERIA | T1_TARGET | TIME_OF_ENTRY | MACD_STATE | HOLD_DURATION |
|---|-------|------|---------|--------------|---------------|-----------------|---------------|-----------|---------------|------------|---------------|
| 1 | 2.6M | 119% | high | gap-and-go | multiple adds anticipating squeeze | added at $9.16 and $9.30 | failed breakout short trap | $9.70+ | pre-market | unknown | short |
| 2 | - | - | - | gap-and-go | scanner pop | n/a | flush failed breakout | - | 8am | unknown | short |
| 3 | - | - | - | abcd | ABCD setup resistance break | n/a | bad setup dropped to low | - | 8am | unknown | short |
=== FILE 1288 ===
TRADE_MECHANICS:
| # | FLOAT | GAP% | REL_VOL | PATTERN_TYPE | ENTRY_TRIGGER | ADD_ON_MECHANIC | STOP_CRITERIA | T1_TARGET | TIME_OF_ENTRY | MACD_STATE | HOLD_DURATION |
|---|-------|------|---------|--------------|---------------|-----------------|---------------|-----------|---------------|------------|---------------|
| 1 | - | - | - | halt-resume | halt-resume setup | n/a | gap down on open | - | pre-market | unknown | scalp |
| 2 | - | - | - | dip-buy | bottom-bounce after halt | added at $31+ | sharp reversal | $40+ | 8am | unknown | short |
| 3 | - | - | - | gap-and-go | breakout entry | n/a | quick scalp | - | 8am | unknown | scalp |
| 4 | - | - | - | red-to-green | momentum pop | n/a | breakout scalp | - | 8am | unknown | scalp |
=== FILE 1289 ===
TRADE_MECHANICS:
| # | FLOAT | GAP% | REL_VOL | PATTERN_TYPE | ENTRY_TRIGGER | ADD_ON_MECHANIC | STOP_CRITERIA | T1_TARGET | TIME_OF_ENTRY | MACD_STATE | HOLD_DURATION |
|---|-------|------|---------|--------------|---------------|-----------------|---------------|-----------|---------------|------------|---------------|
| 1 | 3.6M | 28% | - | gap-and-go | pre-market consolidation break | added at $7.25 | flush back to $6.85 | $7.50+ | pre-open | unknown | short |
| 2 | 3.6M | 28% | - | gap-and-go | re-entry recovery | n/a | partial recovery break | - | 8am | unknown | scalp |
=== FILE 1290 ===
TRADE_MECHANICS:
| # | FLOAT | GAP% | REL_VOL | PATTERN_TYPE | ENTRY_TRIGGER | ADD_ON_MECHANIC | STOP_CRITERIA | T1_TARGET | TIME_OF_ENTRY | MACD_STATE | HOLD_DURATION |
|---|-------|------|---------|--------------|---------------|-----------------|---------------|-----------|---------------|------------|---------------|
| 1 | - | - | - | gap-and-go | premarket watchlist consolidation | n/a | multiple rejections wick reclaims | - | pre-market | unknown | short |
| 2 | - | - | - | red-to-green | sympathetic reverse-split move | n/a | failed breakout early exit | - | 8am | unknown | scalp |
=== FILE 1291 ===
TRADE_MECHANICS:
| # | FLOAT | GAP% | REL_VOL | PATTERN_TYPE | ENTRY_TRIGGER | ADD_ON_MECHANIC | STOP_CRITERIA | T1_TARGET | TIME_OF_ENTRY | MACD_STATE | HOLD_DURATION |
|---|-------|------|---------|--------------|---------------|-----------------|---------------|-----------|---------------|------------|---------------|
| 1 | - | - | - | gap-and-go | news spike dead-cat bounce | scaled out multiple exits | squeeze to $28 | $28+ | 8am | unknown | extended |
| 2 | - | - | - | halt-resume | dip-and-rip halt-resume | n/a | failed follow-through | - | 8am | unknown | scalp |
| 3 | - | - | - | gap-and-go | news-driven entry algo spike | n/a | early stop cutting losses | - | 8am | unknown | scalp |
=== FILE 1292 ===
TRADE_MECHANICS:
| # | FLOAT | GAP% | REL_VOL | PATTERN_TYPE | ENTRY_TRIGGER | ADD_ON_MECHANIC | STOP_CRITERIA | T1_TARGET | TIME_OF_ENTRY | MACD_STATE | HOLD_DURATION |
|---|-------|------|---------|--------------|---------------|-----------------|---------------|-----------|---------------|------------|---------------|
| 1 | - | - | - | dip-buy | dip-and-bounce attempt | n/a | reversal no follow-through | - | 8am | unknown | scalp |
| 2 | - | - | - | gap-and-go | pattern recognition continuation | n/a | failed breakout violent rejection | - | 8am | unknown | short |
| 3 | - | - | - | gap-and-go | gap squeeze scanner pop | n/a | multiple reversals giving up | - | 8am | unknown | short |
=== FILE 1293 ===
TRADE_MECHANICS:
| # | FLOAT | GAP% | REL_VOL | PATTERN_TYPE | ENTRY_TRIGGER | ADD_ON_MECHANIC | STOP_CRITERIA | T1_TARGET | TIME_OF_ENTRY | MACD_STATE | HOLD_DURATION |
|---|-------|------|---------|--------------|---------------|-----------------|---------------|-----------|---------------|------------|---------------|
| 1 | - | - | - | gap-and-go | gap-and-go premarket strength | n/a | wrong account fomo weakness | - | pre-market | unknown | short |
| 2 | - | - | - | dip-buy | dip re-entry recovery | n/a | bounce partial recovery | - | 8am | unknown | scalp |
| 3 | - | - | - | gap-and-go | penny-stock leading gapper | n/a | quick scalp | - | 8am | unknown | scalp |
| 4 | - | - | - | red-to-green | breaking news entry | n/a | rejection halt down | - | 8am | unknown | scalp |
| 5 | - | - | - | red-to-green | news-driven entry | n/a | reversal after pre-market | - | 8am | unknown | scalp |
=== FILE 1294 ===
TRADE_MECHANICS:
| # | FLOAT | GAP% | REL_VOL | PATTERN_TYPE | ENTRY_TRIGGER | ADD_ON_MECHANIC | STOP_CRITERIA | T1_TARGET | TIME_OF_ENTRY | MACD_STATE | HOLD_DURATION |
|---|-------|------|---------|--------------|---------------|-----------------|---------------|-----------|---------------|------------|---------------|
| 1 | - | - | - | gap-and-go | squeeze attempt early entry | n/a | failed breakout reversal | - | 7am | unknown | scalp |
| 2 | - | - | - | gap-and-go | gap-and-go news catalyst | scaled exits at multiple levels | squeeze to $2.02 | $1.73-$2.02 | 7:17am | unknown | short |
| 3 | - | - | - | red-to-green | news pop quick entry | n/a | breakeven on news pop | - | 8am | unknown | scalp |
=== FILE 1295 ===
TRADE_MECHANICS:
| # | FLOAT | GAP% | REL_VOL | PATTERN_TYPE | ENTRY_TRIGGER | ADD_ON_MECHANIC | STOP_CRITERIA | T1_TARGET | TIME_OF_ENTRY | MACD_STATE | HOLD_DURATION |
|---|-------|------|---------|--------------|---------------|-----------------|---------------|-----------|---------------|------------|---------------|
| 1 | - | - | - | gap-and-go | leading gainer parabolic move | scaled at $27.00-$30.00 | no stop hit / pullback normal | $27-$35 | pre-market | unknown | extended |
| 2 | - | - | - | gap-and-go | second entry dip micro-pullback | n/a | jack-knife sharp reversal | $35+ | 8am | unknown | short |
=== FILE 1296 ===
TRADE_MECHANICS:
| # | FLOAT | GAP% | REL_VOL | PATTERN_TYPE | ENTRY_TRIGGER | ADD_ON_MECHANIC | STOP_CRITERIA | T1_TARGET | TIME_OF_ENTRY | MACD_STATE | HOLD_DURATION |
|---|-------|------|---------|--------------|---------------|-----------------|---------------|-----------|---------------|------------|---------------|
| 1 | - | - | - | gap-and-go | pre-market strength opening squeeze | n/a | breakout exit at squeeze | - | pre-market | unknown | scalp |
| 2 | - | - | - | gap-and-go | pre-market algospike | n/a | scalp on momentum | - | pre-market | unknown | scalp |
| 3 | - | - | - | gap-and-go | momentum continuation | n/a | quick scalp | - | 8am | unknown | scalp |
| 4 | - | - | - | gap-and-go | gap-and-go news momentum | n/a | failed breakout reversal | - | 8am | unknown | short |
| 5 | - | - | - | red-to-green | red-to-green squeeze late-day | added at higher prices | breakout through $12.00 | $12.20+ | 9am | unknown | short |
=== FILE 1297 ===
TRADE_MECHANICS:
| # | FLOAT | GAP% | REL_VOL | PATTERN_TYPE | ENTRY_TRIGGER | ADD_ON_MECHANIC | STOP_CRITERIA | T1_TARGET | TIME_OF_ENTRY | MACD_STATE | HOLD_DURATION |
|---|-------|------|---------|--------------|---------------|-----------------|---------------|-----------|---------------|------------|---------------|
| 1 | 2.6M | 300%+ | - | gap-and-go | penny-stock leading gapper | n/a | halt-down broker risk check | - | pre-open | unknown | scalp |
| 2 | - | - | - | gap-and-go | $6 breakout attempt | n/a | failed profit taking reversal | - | 8am | unknown | short |
=== FILE 1298 ===
TRADE_MECHANICS:
| # | FLOAT | GAP% | REL_VOL | PATTERN_TYPE | ENTRY_TRIGGER | ADD_ON_MECHANIC | STOP_CRITERIA | T1_TARGET | TIME_OF_ENTRY | MACD_STATE | HOLD_DURATION |
|---|-------|------|---------|--------------|---------------|-----------------|---------------|-----------|---------------|------------|---------------|
| 1 | - | 50% | - | gap-and-go | gap-and-go news catalyst | scaled exits at resistance | move to $10.70 | $10.19-$10.70 | pre-market | unknown | short |
=== FILE 1299 ===
TRADE_MECHANICS:
| # | FLOAT | GAP% | REL_VOL | PATTERN_TYPE | ENTRY_TRIGGER | ADD_ON_MECHANIC | STOP_CRITERIA | T1_TARGET | TIME_OF_ENTRY | MACD_STATE | HOLD_DURATION |
|---|-------|------|---------|--------------|---------------|-----------------|---------------|-----------|---------------|------------|---------------|
| 1 | - | - | - | gap-and-go | recent reverse split micro-pullback dip | scaled in gradually | multiple false breakouts through $35 | $35.50+ | pre-market | unknown | short |
| 2 | - | - | - | red-to-green | uplift OTC new listing | n/a | quick scalp | - | pre-market | unknown | scalp |
=== TSV_AUDIT ===
1275	1	REVE	-	-	-	S	S	S	S	-	-	S	-	S
1275	2	CYTO	-	-	-	S	S	S	S	S	-	S	-	S
1275	3	AMAM	-	-	-	S	S	S	S	-	-	S	-	S
1276	1	DRYS	-	-	-	S	S	N	S	S	-	S	-	S
1276	2	BSPM	-	-	-	S	S	N	S	S	-	S	-	S
1276	3	DRYS	-	-	-	S	S	N	S	S	-	S	-	S
1276	4	NETE	-	-	-	S	S	N	S	S	-	S	-	S
1277	1	AEHR	-	-	-	S	S	N	S	-	-	S	-	S
1277	2	CX	-	-	-	S	S	N	S	S	-	S	-	S
1277	3	SKYS	-	-	-	S	S	N	S	-	-	S	-	S
1277	4	RESN	-	-	-	S	S	S	S	S	-	S	-	S
1278	1	PM	-	-	-	S	S	N	S	-	-	S	-	S
1278	2	SGY	-	-	-	S	S	S	S	S	-	S	-	S
1278	3	ZZZ	-	-	-	S	S	N	S	-	-	S	-	S
1278	4	PHMD	-	-	-	S	S	N	S	-	-	S	-	S
1278	5	AAOI	-	-	-	S	S	N	S	-	-	S	-	S
1279	1	DCIX	-	-	-	S	S	N	S	-	-	S	-	S
1279	2	BURG	S	S	S	S	S	S	S	S	-	S	-	S
1279	3	BURG	S	S	S	S	S	S	S	S	-	S	-	S
1279	4	BSPM	-	-	-	S	S	S	S	S	-	S	-	S
1279	5	BSPM	-	-	-	S	S	N	S	-	-	S	-	S
1280	1	CDIO	-	-	-	S	S	S	S	S	-	S	-	S
1280	2	RKDA	-	-	-	S	S	N	S	-	-	S	-	S
1280	3	BRTX	-	-	-	S	S	N	S	-	-	S	-	S
1280	4	ONCS	-	-	-	S	S	N	S	-	-	S	-	S
1281	1	BNAI	S	S	S	S	S	S	S	S	-	S	-	S
1281	2	BNAI	S	S	S	S	S	S	S	S	-	S	-	S
1281	3	ARNA	-	-	-	S	S	S	S	S	-	S	-	S
1281	4	RVSN	-	-	-	S	S	N	S	S	-	S	-	S
1282	1	ADIL	-	-	-	S	S	N	S	-	-	S	-	S
1282	2	ADIL	-	-	-	S	S	N	S	-	-	S	-	S
1282	3	YEN	-	-	-	S	S	S	S	-	-	S	-	S
1282	4	NFEC	-	-	-	S	S	N	S	-	-	S	-	S
1282	5	MRI	-	-	-	S	S	N	S	-	-	S	-	S
1283	1	XIII	-	-	-	S	S	S	S	S	-	S	-	S
1283	2	MYO	-	-	-	S	S	N	S	-	-	S	-	S
1284	1	SYS	S	S	S	S	S	N	S	S	-	S	-	S
1284	2	SYS	S	S	S	S	S	N	S	-	-	S	-	S
1284	3	SYS	S	S	S	S	S	N	S	-	-	S	-	S
1284	4	SYS	S	S	S	S	S	N	S	S	-	S	-	S
1285	1	AMTX	-	-	-	S	S	S	S	S	-	S	-	S
1285	2	KBSF	-	-	-	S	S	S	S	S	-	S	-	S
1286	1	AMTX	-	-	-	S	S	S	S	S	-	S	-	S
1286	2	UNK	-	-	-	S	S	N	S	S	-	S	-	S
1287	1	INO	S	S	S	S	S	S	S	S	-	S	-	S
1287	2	SLS	-	-	-	S	S	N	S	-	-	S	-	S
1287	3	SYS	-	-	-	S	S	N	S	-	-	S	-	S
1288	1	HPIQ	-	-	-	S	S	N	S	-	-	S	-	S
1288	2	HPIQ	-	-	-	S	S	S	S	S	-	S	-	S
1288	3	ALT	-	-	-	S	S	N	S	-	-	S	-	S
1288	4	PROR	-	-	-	S	S	N	S	-	-	S	-	S
1289	1	BIMMY	S	S	-	S	S	S	S	S	-	S	-	S
1289	2	BIMMY	S	S	-	S	S	N	S	-	-	S	-	S
1290	1	MACK	-	-	-	S	S	N	S	-	-	S	-	S
1290	2	KALA	-	-	-	S	S	N	S	-	-	S	-	S
1291	1	PIXIE	-	-	-	S	S	S	S	S	-	S	-	S
1291	2	SHPH	-	-	-	S	S	N	S	-	-	S	-	S
1291	3	RIVN	-	-	-	S	S	N	S	-	-	S	-	S
1292	1	NRBO	-	-	-	S	S	N	S	-	-	S	-	S
1292	2	MINM	-	-	-	S	S	N	S	-	-	S	-	S
1292	3	INBS	-	-	-	S	S	N	S	-	-	S	-	S
1293	1	LICN	-	-	-	S	S	N	S	-	-	S	-	S
1293	2	LICN	-	-	-	S	S	N	S	-	-	S	-	S
1293	3	TST	-	-	-	S	S	N	S	-	-	S	-	S
1293	4	SINT	-	-	-	S	S	N	S	-	-	S	-	S
1293	5	GSUN	-	-	-	S	S	N	S	-	-	S	-	S
1294	1	EDBL	-	-	-	S	S	N	S	-	-	S	-	S
1294	2	HILS	-	-	-	S	S	S	S	S	-	S	-	S
1294	3	MGAM	-	-	-	S	S	N	S	-	-	S	-	S
1295	1	NA	-	-	-	S	S	S	S	S	-	S	-	S
1295	2	NA	-	-	-	S	S	N	S	S	-	S	-	S
1296	1	TBLT	-	-	-	S	S	N	S	-	-	S	-	S
1296	2	KAVL	-	-	-	S	S	N	S	-	-	S	-	S
1296	3	CSIGA	-	-	-	S	S	N	S	-	-	S	-	S
1296	4	FAZE	-	-	-	S	S	N	S	-	-	S	-	S
1296	5	PGY	-	-	-	S	S	S	S	S	-	S	-	S
1297	1	FRGT	S	S	-	S	S	N	S	-	-	S	-	S
1297	2	C4	-	-	-	S	S	N	S	-	-	S	-	S
1298	1	KODK	-	S	-	S	S	S	S	S	-	S	-	S
1299	1	PIXIE	-	-	-	S	S	S	S	S	-	S	-	S
1299	2	INLX	-	-	-	S	S	N	S	-	-	S	-	S
1300	1	CGIX	-	-	-	S	S	S	-	S	-	S	S
1300	2	KNSA	-	-	-	S	S	-	-	S	-	S	S
1300	3	FUV	-	-	-	S	S	S	-	S	-	S	S
1301	1	ATIF	S	S	S	S	S	S	-	S	-	S	S
1301	2	ATIF	S	S	S	S	S	-	S	-	-	S	S
1301	3	ATIF	S	S	S	S	S	-	S	-	-	S	S
1302	1	GME	S	S	S	S	S	-	S	-	-	S	S
1302	2	GME	S	S	S	S	S	-	-	S	-	S	S
1303	1	TBIO	-	-	-	S	S	S	-	S	-	S	S
1303	2	GLMD	-	-	-	S	S	S	-	S	-	S	S
1303	3	VEA	-	-	-	S	S	-	S	-	-	S	S
1303	4	RLV	-	-	-	S	S	-	-	S	-	S	S
1303	5	CRKN	-	-	-	S	S	-	S	-	-	S	S
1303	6	TN	-	-	-	S	S	-	-	-	-	S	S
1303	7	PRTG	-	-	-	S	S	-	-	-	-	S	S
1303	8	GLMD	-	-	-	S	S	S	-	-	-	S	S
1303	9	TBIO	-	-	-	S	S	S	-	S	-	S	S
1303	10	FUV	-	-	-	S	S	S	-	-	-	S	S
1304	1	AGRI	-	S	-	S	S	S	-	S	-	S	S
1304	2	AGRI	-	S	-	S	S	S	-	S	-	S	S
1304	3	GRVI	-	S	-	S	S	S	-	S	-	S	S
1304	4	SPRC	-	-	-	S	S	S	-	S	-	S	S
1305	1	ALG	-	-	-	S	S	-	S	-	-	S	S
1305	2	CELZ	-	S	S	S	S	S	-	S	-	S	S
1306	1	SNOA	-	-	-	S	S	-	-	S	-	S	S
1306	2	DLPN	-	-	-	S	S	-	-	S	-	S	S
1306	3	LFIN	-	-	-	S	S	-	-	S	-	S	S
1307	1	ACHV	-	-	-	S	S	-	S	-	-	S	S
1307	2	MDGS	-	-	-	S	S	S	-	S	-	S	S
1307	3	MYOS	-	-	-	S	S	-	-	S	-	S	S
1307	4	AEY	-	-	-	S	S	-	S	-	-	S	S
1307	5	MYOS	-	-	-	S	S	S	-	S	-	S	S
1307	6	BYOC	-	-	-	S	S	S	-	S	-	S	S
1307	7	SEED	-	-	-	S	S	S	-	S	-	S	S
1307	8	YECO	-	-	-	S	S	S	S	-	-	S	S
1308	1	ALG	-	-	-	S	S	S	-	S	-	S	S
1308	2	LL	-	-	-	S	S	-	-	S	-	S	S
1308	3	DRTS	-	-	-	S	S	-	-	S	-	S	S
1308	4	IXHL	-	-	-	S	S	-	-	-	-	S	S
1309	1	RHE	-	-	-	S	S	S	-	S	-	S	S
1309	2	AREB	-	-	-	S	S	S	-	S	-	S	S
1309	3	BRCC	-	-	-	S	S	-	S	-	-	S	S
1309	4	NVCT	-	-	-	S	S	-	-	-	-	S	S
1310	1	SBOT	-	S	S	S	S	-	S	-	-	S	S
1310	2	XBIO	-	S	S	S	S	S	-	S	-	S	S
1310	3	ABIL	-	-	-	S	S	S	-	S	-	S	S
1311	1	VVPR	-	-	-	S	S	S	-	S	-	S	S
1311	2	OFRD	-	-	-	S	S	S	-	S	-	S	S
1311	3	APDE	-	-	-	S	S	-	S	-	-	S	S
1311	4	DFBG	-	-	-	S	S	-	-	S	-	S	S
1311	5	ABIL	-	-	-	S	S	-	-	S	-	S	S
1312	1	GEVO	-	S	S	S	S	-	S	-	-	S	S
1312	2	XSPL	-	S	S	S	S	S	-	S	-	S	S
1313	1	CLBS	-	-	-	S	S	-	S	-	-	S	S
1313	2	AKDA	-	-	-	S	S	-	S	-	-	S	S
1314	1	YECOU	-	S	S	S	S	S	-	S	-	S	S
1314	2	XBIO	-	-	-	S	S	S	-	S	-	S	S
1314	3	ABIL	-	-	-	S	S	-	-	S	-	S	S
1314	4	CLDC	-	-	-	S	S	S	-	S	-	S	S
1315	1	XBIO	-	-	-	S	S	S	-	S	-	S	S
1315	2	ABIL	-	-	-	S	S	-	-	S	-	S	S
1315	3	CLDC	-	-	-	S	S	S	-	S	-	S	S
1316	1	CLPS	-	-	-	S	S	S	-	S	-	S	S
1316	2	CLPS	-	-	-	S	S	-	S	-	-	S	S
1316	3	AWDX	-	-	-	S	S	-	S	-	-	S	S
1316	4	AMBO	-	-	-	S	S	-	-	S	-	S	S
1317	1	ASTC	-	S	-	S	S	S	-	S	-	S	S
1317	2	ASTC	-	S	-	S	S	-	S	-	-	S	S
1318	1	ASTC	-	S	-	S	S	-	-	S	-	S	S
1318	2	CADC	-	-	-	S	S	S	-	S	-	S	S
1318	3	YECHO	-	-	-	S	S	S	-	S	-	S	S
1318	4	CHNR	-	-	-	S	S	S	-	-	-	S	S
1318	5	CNET	-	-	-	S	S	-	-	-	-	S	S
1319	1	GEVO	-	-	-	S	S	S	-	S	-	S	S
1319	2	GEVO	-	-	-	S	S	-	S	-	-	S	S
1320	1	GBR	-	-	-	S	S	S	-	S	-	S	S
1320	2	PED	-	-	-	S	S	-	-	-	-	S	N
1320	3	CEI	-	-	-	S	S	-	S	-	-	S	S
1320	4	USCG	-	-	-	S	S	S	-	S	-	S	S
1320	5	CHNR	-	-	-	S	S	S	-	S	-	S	S
1320	6	XPLR	-	-	-	S	S	-	S	-	-	S	S
1320	7	ASNS	-	-	-	S	S	-	-	S	-	S	S
1321	1	MDGS	-	-	-	S	S	S	-	S	-	S	S
1321	2	CODA	-	-	-	S	S	-	-	-	-	S	N
1321	3	CALI	-	-	-	S	S	-	-	S	-	S	S
1321	4	KALI	-	-	-	S	S	-	-	S	-	S	S
1321	5	KALI	-	-	-	S	S	S	S	-	-	S	S
1322	1	PTI	-	-	-	S	S	-	-	-	-	S	S
1322	2	CCCL	-	-	-	S	S	S	-	S	-	S	S
1322	3	JMU	-	-	-	S	S	-	-	-	-	S	S
1322	4	VJET	-	-	-	S	S	-	-	-	-	S	S
1322	5	CREG	-	-	-	S	S	S	-	S	-	S	S
1322	6	CREG	-	-	-	S	S	-	S	-	-	S	S
1322	7	CADC	-	-	-	S	S	-	S	-	-	S	S
1322	8	CLWT	-	-	-	S	S	-	S	-	-	S	S
1323	1	CODX	-	-	-	S	S	S	-	S	-	S	S
1323	2	JVA	-	-	-	S	S	-	S	-	-	S	S
1323	3	SXTC	-	-	-	S	S	S	-	S	-	S	S
1324	1	LGVN	-	-	-	S	S	-	S	-	-	S	S
1324	2	FRGE	-	-	-	S	S	S	-	-	-	S	S
1325	1	COSTS	-	-	-	S	S	S	-	-	-	S	S
1326	1	CELZ	-	-	-	S	S	S	-	S	-	S	S
1326	2	LLAP	-	-	-	S	S	-	S	-	-	S	S
1326	3	FRGE	-	-	-	S	S	-	-	-	-	S	S
1328	1	SXTC	-	-	-	S	S	S	-	S	-	S	S
1329	1	CRXL	-	-	-	S	S	-	S	-	-	S	S
1329	2	MCTY	-	-	-	S	S	-	S	-	-	S	-
1329	3	BXEL	-	-	-	S	S	-	S	-	-	S	S
1329	4	YTVR	-	-	-	S	S	-	S	-	-	S	S
1330	1	OSTX	-	-	-	S	S	S	-	S	-	S	S
1330	2	EVAX	-	-	-	S	S	-	-	S	-	S	S
1330	3	XXI	-	-	-	S	S	-	-	S	-	S	S
1330	4	SGBX	-	-	-	S	S	-	-	-	-	S	S
1331	1	TIVC	-	-	-	S	S	S	-	S	-	S	S
1331	2	OSR	-	-	-	S	S	S	-	S	-	S	S
1332	1	HSDT	-	-	-	S	S	-	S	-	-	S	S
1332	2	HSDT	-	-	-	S	S	-	-	S	-	S	S
1332	3	HSDT	-	-	-	S	S	-	-	S	-	S	S
1332	4	VVPR	-	-	-	S	S	S	-	S	-	S	S
1332	5	ABIO	-	-	-	S	S	-	-	-	-	S	N
1333	1	EFSH	-	-	-	S	S	-	-	S	-	S	S
1333	2	LLAP	-	-	-	S	S	-	-	-	-	S	S
1334	1	SILO	-	-	-	S	S	-	S	-	-	S	S
1334	2	INDO	-	-	-	S	S	-	S	-	-	S	S
1334	3	NUZE	-	-	-	S	S	S	-	S	-	S	S
1335	1	STSS	-	-	-	S	S	S	-	S	-	S	S
1335	2	DFFN	-	-	-	S	S	-	-	S	-	S	S
1336	1	AWX	-	S	-	S	S	-	S	-	-	S	S
1336	2	IHT	-	-	-	S	S	-	S	-	-	S	S
1336	3	INT	-	-	-	S	S	-	-	-	-	S	S
1336	4	VRAY	-	-	-	S	S	-	S	-	-	S	S
1336	5	GBR	-	-	-	S	S	-	-	S	-	S	S
1336	6	AWX	-	S	-	S	S	-	S	-	-	S	S
1337	1	OPT	-	S	-	S	S	-	-	S	-	S	S
1337	2	OPT	-	S	-	S	S	-	S	-	-	S	S
1340	1	SAVE	-	S	-	S	S	S	-	S	-	S	S
1340	2	NBVE	-	-	-	S	S	S	S	-	-	S	S
1341	1	ATXI	-	-	-	S	S	S	-	S	-	S	S
1343	1	PALT	-	-	-	S	S	S	-	S	-	S	S
1344	1	SLN	-	-	-	S	S	S	-	S	-	S	S
1344	2	REBN	-	-	-	S	S	S	-	-	-	S	S
1344	3	TC	-	-	-	S	S	S	-	S	-	S	S
1344	4	IVP	-	-	-	S	S	-	S	-	-	S	S
1345	1	BJDX	-	S	-	S	S	S	-	S	-	S	S
1345	2	TERA	-	-	-	S	S	S	-	S	-	S	S
1345	3	RCDA	-	-	-	S	S	-	S	-	-	S	S
1345	4	FOX	-	-	-	S	-	-	S	-	-	S	S
1346	1	FCSC	-	S	-	S	S	S	-	S	-	S	S
1346	2	AAI	-	-	-	S	S	-	-	S	-	S	S
1346	3	BPTH	-	-	-	S	S	-	-	S	-	S	S
1347	1	AIDS	-	-	-	S	S	-	-	S	-	S	S
1348	1	CYAR	-	-	-	S	S	-	-	-	-	S	S
1348	2	CEODX	-	-	-	S	S	-	S	-	-	S	S
1349	1	BLIN	-	-	-	S	S	-	S	-	-	S	S
1349	2	SYBX	-	-	-	S	S	S	-	-	-	S	S
1349	3	IMRN	-	-	-	S	S	S	-	S	-	S	S
=== FILE 1350 ===
TRADE_MECHANICS:
| # | FLOAT | GAP% | REL_VOL | PATTERN_TYPE | ENTRY_TRIGGER | ADD_ON_MECHANIC | STOP_CRITERIA | T1_TARGET | TIME_OF_ENTRY | MACD_STATE | HOLD_DURATION |
|---|-------|------|---------|--------------|---------------|-----------------|---------------|-----------|---------------|------------|---------------|
| 1 | - | - | - | gap-and-go | break of premarket high | scaled at $8.45, $8.68, $8.80 | reversal | $8.80 | - | unknown | short |
| 2 | - | - | - | dip-buy | second entry continuation | dip entries | reversal | $9.20 | - | unknown | scalp |
| 3 | - | - | - | whole-dollar-break | break of high | third entry | reversal | $9.20 | - | unknown | scalp |
| 4 | - | - | - | dip-buy | dip buy / bear trap | none | reversal | $27.25 | - | unknown | short |
=== FILE 1351 ===
TRADE_MECHANICS:
| # | FLOAT | GAP% | REL_VOL | PATTERN_TYPE | ENTRY_TRIGGER | ADD_ON_MECHANIC | STOP_CRITERIA | T1_TARGET | TIME_OF_ENTRY | MACD_STATE | HOLD_DURATION |
|---|-------|------|---------|--------------|---------------|-----------------|---------------|-----------|---------------|------------|---------------|
| 1 | 86M | - | - | flat-top | double bottom breakout / W pattern at $10 | scaled in $10.10, out at $10.19 | - | $10.55 | afternoon | unknown | short |
=== FILE 1352 ===
TRADE_MECHANICS:
| # | FLOAT | GAP% | REL_VOL | PATTERN_TYPE | ENTRY_TRIGGER | ADD_ON_MECHANIC | STOP_CRITERIA | T1_TARGET | TIME_OF_ENTRY | MACD_STATE | HOLD_DURATION |
|---|-------|------|---------|--------------|---------------|-----------------|---------------|-----------|---------------|------------|---------------|
| 1 | - | - | - | gap-and-go | seller absorbed at premarket high | scaled at $13.03 and $13.15 | below stop | $13.15 | 9:30 am | unknown | scalp |
=== FILE 1353 ===
TRADE_MECHANICS:
| # | FLOAT | GAP% | REL_VOL | PATTERN_TYPE | ENTRY_TRIGGER | ADD_ON_MECHANIC | STOP_CRITERIA | T1_TARGET | TIME_OF_ENTRY | MACD_STATE | HOLD_DURATION |
|---|-------|------|---------|--------------|---------------|-----------------|---------------|-----------|---------------|------------|---------------|
| 1 | - | - | - | dip-buy | dip buy after news spike / break above $6.91 | none | below $6.40-$6.45 | $7.05 | 9:am | unknown | short |
=== FILE 1354 ===
[NO OUTPUT - NO TRADES TAKEN]
=== FILE 1355 ===
TRADE_MECHANICS:
| # | FLOAT | GAP% | REL_VOL | PATTERN_TYPE | ENTRY_TRIGGER | ADD_ON_MECHANIC | STOP_CRITERIA | T1_TARGET | TIME_OF_ENTRY | MACD_STATE | HOLD_DURATION |
|---|-------|------|---------|--------------|---------------|-----------------|---------------|-----------|---------------|------------|---------------|
| 1 | - | - | high | momentum-pop | momentum pop / sector continuation | quick scalp | reversal | $1.24 | - | unknown | scalp |
| 2 | - | - | high | micro-pullback | break of 5-min high | scaled at $4.25 and $4.29 | reversal | $4.29 | - | unknown | short |
=== FILE 1356 ===
TRADE_MECHANICS:
| # | FLOAT | GAP% | REL_VOL | PATTERN_TYPE | ENTRY_TRIGGER | ADD_ON_MECHANIC | STOP_CRITERIA | T1_TARGET | TIME_OF_ENTRY | MACD_STATE | HOLD_DURATION |
|---|-------|------|---------|--------------|---------------|-----------------|---------------|-----------|---------------|------------|---------------|
| 1 | - | - | - | gap-and-go | break of premarket high / uplist catalyst | scaled at $9.45-$10.52 | reversal | $10.52 | - | unknown | short |
| 2 | - | - | - | whole-dollar-break | break of $6.00 level | none | reversal | $6.05 | - | unknown | scalp |
=== FILE 1357 ===
TRADE_MECHANICS:
| # | FLOAT | GAP% | REL_VOL | PATTERN_TYPE | ENTRY_TRIGGER | ADD_ON_MECHANIC | STOP_CRITERIA | T1_TARGET | TIME_OF_ENTRY | MACD_STATE | HOLD_DURATION |
|---|-------|------|---------|--------------|---------------|-----------------|---------------|-----------|---------------|------------|---------------|
| 1 | 30-40k | - | - | gap-and-go | break of $1.00 | scaled through $1.00-$2.00 | below $1.00 | $2.00 | open | unknown | short |
| 2 | - | - | - | dip-buy | dip buy / continuation break of $2.15 | scaled $2.15-$2.27 | reversal | $2.27 | - | unknown | short |
| 3 | - | - | - | gap-and-go | pre-market news / multiple breakout attempts | multiple entries | reversal | $2.00 | premarket | unknown | scalp |
| 4 | - | - | - | dip-buy | premarket pullback dip entry | none | reversal | $unknown | premarket | unknown | short |
| 5 | - | - | - | halt-resume | halt resume / squeezed on resumption | none | failed-breakout | $unknown | - | unknown | scalp |
| 6 | - | - | - | whole-dollar-break | break of $5.00 level | none | failed-breakout | $5.00 | - | unknown | scalp |
| 7 | - | - | - | swing-trade | swing trade from prior Friday | none | - | $unknown | prior Friday | unknown | extended |
=== FILE 1358 ===
TRADE_MECHANICS:
| # | FLOAT | GAP% | REL_VOL | PATTERN_TYPE | ENTRY_TRIGGER | ADD_ON_MECHANIC | STOP_CRITERIA | T1_TARGET | TIME_OF_ENTRY | MACD_STATE | HOLD_DURATION |
|---|-------|------|---------|--------------|---------------|-----------------|---------------|-----------|---------------|------------|---------------|
| 1 | - | - | high | momentum-continuation | multiple entries throughout morning | scaled at $31, $32, $34 | reversal | $34 | open | unknown | extended |
| 2 | - | - | - | continuation-squeeze | continuation squeeze / adds at $23, $24.50, $28 | adds at $23, $24.50, $28 | reversal | $28.44 | - | unknown | short |
=== FILE 1359 ===
TRADE_MECHANICS:
| # | FLOAT | GAP% | REL_VOL | PATTERN_TYPE | ENTRY_TRIGGER | ADD_ON_MECHANIC | STOP_CRITERIA | T1_TARGET | TIME_OF_ENTRY | MACD_STATE | HOLD_DURATION |
|---|-------|------|---------|--------------|---------------|-----------------|---------------|-----------|---------------|------------|---------------|
| 1 | - | - | - | gap-and-go | news pop / break over $4 / adds at $4.50 | added at $4.50 | reversal | $5.00 | 8:30 am | unknown | short |
| 2 | - | - | - | flat-top | flat-top breakout / break over $0.83 | none | failed-breakout | $0.83 | - | unknown | scalp |
| 3 | - | - | - | halt-resume | halt resume / dip buy post-halt | dip buy | reversal | $25.44 | - | unknown | short |
| 4 | - | - | - | vwap-reclaim | multiple VWAP reclaim attempts | added at $38-$39, $39+ | reversal | $48 | multiple | unknown | short |
=== FILE 1360 ===
TRADE_MECHANICS:
| # | FLOAT | GAP% | REL_VOL | PATTERN_TYPE | ENTRY_TRIGGER | ADD_ON_MECHANIC | STOP_CRITERIA | T1_TARGET | TIME_OF_ENTRY | MACD_STATE | HOLD_DURATION |
|---|-------|------|---------|--------------|---------------|-----------------|---------------|-----------|---------------|------------|---------------|
| 1 | - | - | - | halt-resume | halt resume / dip buy | scaled at $5.00 | reversal | $5.00 | 11 am | unknown | short |
=== FILE 1361 ===
TRADE_MECHANICS:
| # | FLOAT | GAP% | REL_VOL | PATTERN_TYPE | ENTRY_TRIGGER | ADD_ON_MECHANIC | STOP_CRITERIA | T1_TARGET | TIME_OF_ENTRY | MACD_STATE | HOLD_DURATION |
|---|-------|------|---------|--------------|---------------|-----------------|---------------|-----------|---------------|------------|---------------|
| 1 | - | - | - | whole-dollar-break | break of half-dollar on squeeze | scaled at $4.03 | reversal | $4.03 | - | unknown | scalp |
| 2 | - | - | high | gap-and-go | break of premarket high / add on pullback | progressively added through $2.91 | reversal | $3.19 | open | unknown | short |
=== FILE 1362 ===
[NO OUTPUT - NO TRADES TAKEN]
=== FILE 1363 ===
TRADE_MECHANICS:
| # | FLOAT | GAP% | REL_VOL | PATTERN_TYPE | ENTRY_TRIGGER | ADD_ON_MECHANIC | STOP_CRITERIA | T1_TARGET | TIME_OF_ENTRY | MACD_STATE | HOLD_DURATION |
|---|-------|------|---------|--------------|---------------|-----------------|---------------|-----------|---------------|------------|---------------|
| 1 | - | - | high | whole-dollar-break | break of $8 on crypto news rip | scaled at $10.00-$10.50 | reversal / topping tail | $10.50 | 7:am | unknown | short |
| 2 | - | - | - | whole-dollar-break | break of $3 whole-dollar level | none | reversal | $3.00 | - | unknown | scalp |
=== FILE 1364 ===
TRADE_MECHANICS:
| # | FLOAT | GAP% | REL_VOL | PATTERN_TYPE | ENTRY_TRIGGER | ADD_ON_MECHANIC | STOP_CRITERIA | T1_TARGET | TIME_OF_ENTRY | MACD_STATE | HOLD_DURATION |
|---|-------|------|---------|--------------|---------------|-----------------|---------------|-----------|---------------|------------|---------------|
| 1 | - | 120% | - | whole-dollar-break | break of $3 whole-dollar consolidation | scaled out $3.96-$3.99 | selling pressure / spread issues | $3.99 | open | unknown | short |
=== FILE 1365 ===
TRADE_MECHANICS:
| # | FLOAT | GAP% | REL_VOL | PATTERN_TYPE | ENTRY_TRIGGER | ADD_ON_MECHANIC | STOP_CRITERIA | T1_TARGET | TIME_OF_ENTRY | MACD_STATE | HOLD_DURATION |
|---|-------|------|---------|--------------|---------------|-----------------|---------------|-----------|---------------|------------|---------------|
| 1 | - | - | - | dip-buy | dip buy for first candle new high | none | reversal / gap-down | $3.45 | 9:30 am | unknown | scalp |
| 2 | - | - | - | whole-dollar-break | break of descending resistance | dip entries / adds | reversal | $15.00+ | 7:30 am | unknown | short |
| 3 | - | - | - | whole-dollar-break | break of $4 whole-dollar level | none | failed-breakout | $4.00 | - | unknown | scalp |
| 4 | - | - | - | whole-dollar-break | break through high on 13G filing | none | reversal | $20.50+ | - | unknown | scalp |
| 5 | - | - | - | swing-trade | swing position close | none | - | $unknown | prior period | unknown | extended |
=== FILE 1366 ===
TRADE_MECHANICS:
| # | FLOAT | GAP% | REL_VOL | PATTERN_TYPE | ENTRY_TRIGGER | ADD_ON_MECHANIC | STOP_CRITERIA | T1_TARGET | TIME_OF_ENTRY | MACD_STATE | HOLD_DURATION |
|---|-------|------|---------|--------------|---------------|-----------------|---------------|-----------|---------------|------------|---------------|
| 1 | - | - | high | whole-dollar-break | break of resistance on scanner heat | none | MACD negative | $2.40 | - | negative | scalp |
| 2 | - | - | - | vwap-reclaim | break of VWAP dip buy | none | reversal | $2.50 | - | unknown | scalp |
| 3 | - | - | high | dip-buy | dip off ascending support line / break of descending resistance | none | reversal | $16-$17 | - | unknown | short |
| 4 | - | - | - | halt-resume | halt resume / break through resumption level on SpaceX news | added after second halt | reversal | $6.50+ | 9:35 am | unknown | short |
=== FILE 1367 ===
[NO OUTPUT - NO TRADES TAKEN]
=== FILE 1368 ===
TRADE_MECHANICS:
| # | FLOAT | GAP% | REL_VOL | PATTERN_TYPE | ENTRY_TRIGGER | ADD_ON_MECHANIC | STOP_CRITERIA | T1_TARGET | TIME_OF_ENTRY | MACD_STATE | HOLD_DURATION |
|---|-------|------|---------|--------------|---------------|-----------------|---------------|-----------|---------------|------------|---------------|
| 1 | - | 85% | - | whole-dollar-break | gap-and-go / break of whole-dollar level | none | failed-breakout at $5 | $5.00 | open | unknown | scalp |
| 2 | - | - | - | whole-dollar-break | break of whole-dollar level | none | reversal / flush | $1.00 | - | unknown | scalp |
| 3 | - | - | - | dip-buy | dip entries and adds on continuation pullbacks | dip entries and adds | reversal | $4.87 | - | unknown | short |
| 4 | - | - | - | whole-dollar-break | break / add on pullback | add on pullback | reversal | $2.60 | - | unknown | scalp |
| 5 | - | - | - | dip-buy | dip / add on continuation rip | add on continuation | reversal | $1.20 | - | unknown | short |
| 6 | - | - | - | whole-dollar-break | break / pop | none | reversal | $4.50 | - | unknown | scalp |
=== FILE 1369 ===
TRADE_MECHANICS:
| # | FLOAT | GAP% | REL_VOL | PATTERN_TYPE | ENTRY_TRIGGER | ADD_ON_MECHANIC | STOP_CRITERIA | T1_TARGET | TIME_OF_ENTRY | MACD_STATE | HOLD_DURATION |
|---|-------|------|---------|--------------|---------------|-----------------|---------------|-----------|---------------|------------|---------------|
| 1 | - | 35% | - | gap-and-go | gap-and-go / break of $3.50 whole-dollar | none | failed-breakout | $3.50 | 9:30 am | unknown | scalp |
| 2 | - | 35% | - | dip-buy | dip entries / add on bounce | multiple dip re-entries | failed-breakout | $3.90 | - | unknown | short |
| 3 | - | - | - | whole-dollar-break | breakout dip on consolidation | none | reversal | $1.50 | - | unknown | scalp |
=== FILE 1370 ===
TRADE_MECHANICS:
| # | FLOAT | GAP% | REL_VOL | PATTERN_TYPE | ENTRY_TRIGGER | ADD_ON_MECHANIC | STOP_CRITERIA | T1_TARGET | TIME_OF_ENTRY | MACD_STATE | HOLD_DURATION |
|---|-------|------|---------|--------------|---------------|-----------------|---------------|-----------|---------------|------------|---------------|
| 1 | - | - | - | gap-and-go | gap-and-go / break of whole-dollar | scaled at $3.04 | reversal | $3.04 | open | unknown | scalp |
| 2 | - | - | high | continuation-squeeze | continuation / squeeze after premarket box breakout | aggressive scaling | reversal | $10.70+ | open | unknown | short |
| 3 | - | - | - | halt-resume | halt resume / continuation long after initial squeeze | scaled multiple exits | reversal | $3.63 | 9:30 am | unknown | short |
=== FILE 1371 ===
TRADE_MECHANICS:
| # | FLOAT | GAP% | REL_VOL | PATTERN_TYPE | ENTRY_TRIGGER | ADD_ON_MECHANIC | STOP_CRITERIA | T1_TARGET | TIME_OF_ENTRY | MACD_STATE | HOLD_DURATION |
|---|-------|------|---------|--------------|---------------|-----------------|---------------|-----------|---------------|------------|---------------|
| 1 | - | 85% | - | gap-and-go | gap-and-go / break over $3 | scalp at $3.02 | reversal | $3.02 | open | unknown | scalp |
| 2 | - | - | - | whole-dollar-break | initial surge / adds on dips | adds on dips at resistance breaks | reversal | $3.49 | open | unknown | short |
| 3 | - | 100% | high | gap-and-go | pre-halt surge / added on squeeze | added on squeeze | reversal / halt-pending flush | $6.72 | open | unknown | short |
| 4 | - | - | - | red-to-green | reverse-split follow-up | quick entry | reversal | $4.41 | - | unknown | scalp |
=== FILE 1372 ===
TRADE_MECHANICS:
| # | FLOAT | GAP% | REL_VOL | PATTERN_TYPE | ENTRY_TRIGGER | ADD_ON_MECHANIC | STOP_CRITERIA | T1_TARGET | TIME_OF_ENTRY | MACD_STATE | HOLD_DURATION |
|---|-------|------|---------|--------------|---------------|-----------------|---------------|-----------|---------------|------------|---------------|
| 1 | - | - | - | flat-top | flag breakout / break of half-dollar | none | failed-breakout | $1.50 | - | unknown | scalp |
| 2 | - | - | high | gap-and-go | gap-and-go / premarket high breakout | adds through $1.80-$2.00 | reversal | $2.00+ | 9:30 am | unknown | short |
| 3 | - | - | - | whole-dollar-break | half-dollar break | none | failed-breakout | $0.54 | - | unknown | scalp |
=== FILE 1373 ===
TRADE_MECHANICS:
| # | FLOAT | GAP% | REL_VOL | PATTERN_TYPE | ENTRY_TRIGGER | ADD_ON_MECHANIC | STOP_CRITERIA | T1_TARGET | TIME_OF_ENTRY | MACD_STATE | HOLD_DURATION |
|---|-------|------|---------|--------------|---------------|-----------------|---------------|-----------|---------------|------------|---------------|
| 1 | - | 100%+ | - | micro-pullback | pullback micro-entry on consolidation | scaled multiple levels | reversal | $0.90 | - | unknown | short |
| 2 | - | - | - | whole-dollar-break | breakout attempt / multiple entries | multiple entries with halts | reversal / wide spreads | $12.00 | - | unknown | short |
=== FILE 1374 ===
TRADE_MECHANICS:
| # | FLOAT | GAP% | REL_VOL | PATTERN_TYPE | ENTRY_TRIGGER | ADD_ON_MECHANIC | STOP_CRITERIA | T1_TARGET | TIME_OF_ENTRY | MACD_STATE | HOLD_DURATION |
|---|-------|------|---------|--------------|---------------|-----------------|---------------|-----------|---------------|------------|---------------|
| 1 | - | 66% | - | gap-and-go | pullback entry after initial hesitation | none | reversal | $4.18 | open | unknown | scalp |
| 2 | - | 45% | - | gap-and-go | multiple micro-pullback scalps / aggressive adds | adds on micro-pullbacks | reversal | $7.15 | open | unknown | short |
=== FILE 1375 ===
TRADE_MECHANICS:
| # | FLOAT | GAP% | REL_VOL | PATTERN_TYPE | ENTRY_TRIGGER | ADD_ON_MECHANIC | STOP_CRITERIA | T1_TARGET | TIME_OF_ENTRY | MACD_STATE | HOLD_DURATION |
|---|-------|------|---------|--------------|---------------|-----------------|---------------|-----------|---------------|------------|---------------|
| 1 | - | 100% | high | gap-and-go | micro-pullback entries / squeeze anticipation | adds on dips | reversal | $7.44 | open | unknown | short |
| 2 | - | - | - | whole-dollar-break | breakout attempt / dip trade | multiple false breaks | reversal | $2.70 | - | unknown | short |
| 3 | - | - | - | whole-dollar-break | quick half-dollar break scalp | none | reversal | $2.70 | - | unknown | scalp |
=== FILE 1376 ===
[NO OUTPUT - NO TRADES TAKEN]
=== FILE 1377 ===
TRADE_MECHANICS:
| # | FLOAT | GAP% | REL_VOL | PATTERN_TYPE | ENTRY_TRIGGER | ADD_ON_MECHANIC | STOP_CRITERIA | T1_TARGET | TIME_OF_ENTRY | MACD_STATE | HOLD_DURATION |
|---|-------|------|---------|--------------|---------------|-----------------|---------------|-----------|---------------|------------|---------------|
| 1 | - | - | - | dip-buy | quick entry / accidental 3k shares | none | reversal | $2.30 | - | unknown | scalp |
| 2 | - | - | - | whole-dollar-break | attempted breakout / halt resumed | none | failed-breakout after halt | $9.00 | - | unknown | scalp |
| 3 | - | - | - | halt-resume | afternoon re-entry after reconnection | none | reversal | $18.73 | 4:00 pm | unknown | scalp |
=== FILE 1378 ===
[NO OUTPUT - NO TRADES TAKEN]
=== FILE 1379 ===
TRADE_MECHANICS:
| # | FLOAT | GAP% | REL_VOL | PATTERN_TYPE | ENTRY_TRIGGER | ADD_ON_MECHANIC | STOP_CRITERIA | T1_TARGET | TIME_OF_ENTRY | MACD_STATE | HOLD_DURATION |
|---|-------|------|---------|--------------|---------------|-----------------|---------------|-----------|---------------|------------|---------------|
| 1 | - | - | - | halt-resume | IPO halt resume entry / aggressive add | added at $22 | reversal | $22.00 | halt-resume | unknown | scalp |
| 2 | - | - | - | whole-dollar-break | frustrated revenge-trade / break | none | failed-breakout | $5.30 | - | unknown | short |
| 3 | - | - | - | halt-resume | long entry / halt resume | none | reversal after small gain | $7.44 | - | unknown | scalp |
| 4 | - | - | - | whole-dollar-break | quick breakout entry | none | failed-breakout | $0.45 | - | unknown | scalp |
| 5 | - | - | - | whole-dollar-break | breakout attempt | none | reversal | $1.50 | - | unknown | scalp |
| 6 | - | - | - | dip-buy | recovery trade after down | none | fought back | $21.30 | - | unknown | short |
| 7 | - | - | - | halt-resume | halt resume attempt | none | reversal | $2.50 | halt-resume | unknown | scalp |
| 8 | - | - | - | whole-dollar-break | breakout for 6-dollar | none | immediate rejection | $6.00 | - | unknown | scalp |
=== FILE 1380 ===
TRADE_MECHANICS:
| # | FLOAT | GAP% | REL_VOL | PATTERN_TYPE | ENTRY_TRIGGER | ADD_ON_MECHANIC | STOP_CRITERIA | T1_TARGET | TIME_OF_ENTRY | MACD_STATE | HOLD_DURATION |
|---|-------|------|---------|--------------|---------------|-----------------|---------------|-----------|---------------|------------|---------------|
| 1 | 2.2M | 60% | high | gap-and-go | gap-and-go / break of premarket high | added as approached $21 | failed-breakout | $21.00 | 9:30 am | unknown | short |
=== FILE 1381 ===
TRADE_MECHANICS:
| # | FLOAT | GAP% | REL_VOL | PATTERN_TYPE | ENTRY_TRIGGER | ADD_ON_MECHANIC | STOP_CRITERIA | T1_TARGET | TIME_OF_ENTRY | MACD_STATE | HOLD_DURATION |
|---|-------|------|---------|--------------|---------------|-----------------|---------------|-----------|---------------|------------|---------------|
| 1 | - | - | - | whole-dollar-break | break of high-of-day momentum | none | reversal | $3.10-$3.20 | - | unknown | scalp |
=== FILE 1382 ===
TRADE_MECHANICS:
| # | FLOAT | GAP% | REL_VOL | PATTERN_TYPE | ENTRY_TRIGGER | ADD_ON_MECHANIC | STOP_CRITERIA | T1_TARGET | TIME_OF_ENTRY | MACD_STATE | HOLD_DURATION |
|---|-------|------|---------|--------------|---------------|-----------------|---------------|-----------|---------------|------------|---------------|
| 1 | 48M | 153% | high | gap-and-go | gap-and-go / recent IPO at premarket high | added at $63, $65, $72 | multiple halt-downs | $85 | open | unknown | short |
| 2 | - | 89% | - | gap-and-go | premarket watchlist continuation | none | reversal | $31.23 | open | unknown | scalp |
| 3 | - | - | high | dip-buy | dip trades / halt bounce attempts | re-entered too high | reversal / washout | $38.25 | open | unknown | short |
=== FILE 1383 ===
[NO OUTPUT - NO TRADES TAKEN]
=== FILE 1384 ===
TRADE_MECHANICS:
| # | FLOAT | GAP% | REL_VOL | PATTERN_TYPE | ENTRY_TRIGGER | ADD_ON_MECHANIC | STOP_CRITERIA | T1_TARGET | TIME_OF_ENTRY | MACD_STATE | HOLD_DURATION |
|---|-------|------|---------|--------------|---------------|-----------------|---------------|-----------|---------------|------------|---------------|
| 1 | - | - | - | micro-pullback | first candle new high after down | none | hidden sellers | $37.94 | - | unknown | scalp |
| 2 | - | 2% | - | gap-and-go | gap-and-go / pre-market chart strength | none | reversal / hidden sellers | $2.00 | open | unknown | scalp |
=== FILE 1385 ===
TRADE_MECHANICS:
| # | FLOAT | GAP% | REL_VOL | PATTERN_TYPE | ENTRY_TRIGGER | ADD_ON_MECHANIC | STOP_CRITERIA | T1_TARGET | TIME_OF_ENTRY | MACD_STATE | HOLD_DURATION |
|---|-------|------|---------|--------------|---------------|-----------------|---------------|-----------|---------------|------------|---------------|
| 1 | - | 80% | high | gap-and-go | pre-market watchlist / gap-and-go surprise news 9am | micro pullback dips | topping tail / resistance | $6.00 | 9:00 am | unknown | short |
=== FILE 1386 ===
TRADE_MECHANICS:
| # | FLOAT | GAP% | REL_VOL | PATTERN_TYPE | ENTRY_TRIGGER | ADD_ON_MECHANIC | STOP_CRITERIA | T1_TARGET | TIME_OF_ENTRY | MACD_STATE | HOLD_DURATION |
|---|-------|------|---------|--------------|---------------|-----------------|---------------|-----------|---------------|------------|---------------|
| 1 | - | 70% | high | whole-dollar-break | gap pop at open / double-top test / momentum | none | reversal / resistance | $4.27 | open | unknown | short |
| 2 | - | - | - | halt-resume | halt resume breakout / break of previous highs | multi-entry scale | reversal | $6.30 | halt-resume | unknown | short |
=== FILE 1387 ===
TRADE_MECHANICS:
| # | FLOAT | GAP% | REL_VOL | PATTERN_TYPE | ENTRY_TRIGGER | ADD_ON_MECHANIC | STOP_CRITERIA | T1_TARGET | TIME_OF_ENTRY | MACD_STATE | HOLD_DURATION |
|---|-------|------|---------|--------------|---------------|-----------------|---------------|-----------|---------------|------------|---------------|
| 1 | - | - | high | gap-and-go | gap-and-go / pre-market watchlist | dip entries / hold through squeeze | jack-knife reversal risk | $7.30 | 8:30 am | unknown | short |
=== FILE 1388 ===
TRADE_MECHANICS:
| # | FLOAT | GAP% | REL_VOL | PATTERN_TYPE | ENTRY_TRIGGER | ADD_ON_MECHANIC | STOP_CRITERIA | T1_TARGET | TIME_OF_ENTRY | MACD_STATE | HOLD_DURATION |
|---|-------|------|---------|--------------|---------------|-----------------|---------------|-----------|---------------|------------|---------------|
| 1 | - | - | - | halt-resume | halt resume continuation / pre-market watchlist | multi-entry scale | reversal | $9.06 | mid-morning | unknown | short |
=== FILE 1389 ===
TRADE_MECHANICS:
| # | FLOAT | GAP% | REL_VOL | PATTERN_TYPE | ENTRY_TRIGGER | ADD_ON_MECHANIC | STOP_CRITERIA | T1_TARGET | TIME_OF_ENTRY | MACD_STATE | HOLD_DURATION |
|---|-------|------|---------|--------------|---------------|-----------------|---------------|-----------|---------------|------------|---------------|
| 1 | - | - | - | gap-and-go | pre-market pop / breakout anticipation / multiple micro-pulls | dip entries and exits | topping tails / resistance | $10.20 | 7:00 am | unknown | short |
=== FILE 1390 ===
TRADE_MECHANICS:
| # | FLOAT | GAP% | REL_VOL | PATTERN_TYPE | ENTRY_TRIGGER | ADD_ON_MECHANIC | STOP_CRITERIA | T1_TARGET | TIME_OF_ENTRY | MACD_STATE | HOLD_DURATION |
|---|-------|------|---------|--------------|---------------|-----------------|---------------|-----------|---------------|------------|---------------|
| 1 | - | 150%+ | - | gap-and-go | gap-and-go / pre-market pop / VWAP dip | multiple dips | reversal | $15.74 | open | unknown | short |
| 2 | - | - | - | whole-dollar-break | micro-pullback breakout entry | none | failed-breakout | $18.00 | - | unknown | short |
| 3 | - | - | - | micro-pullback | micro-pullback entry / dip add | adds | reversal | $8.47 | - | unknown | short |
| 4 | - | - | - | whole-dollar-break | breakout entry | adds | flush | $6.70 | - | unknown | short |
| 5 | - | - | - | dip-buy | dip buy / second breakover | adds | reversal | $3.05 | - | unknown | short |
| 6 | - | - | - | whole-dollar-break | breakthrough breakout entry | none | reversal | $1.19 | - | unknown | short |
=== FILE 1391 ===
TRADE_MECHANICS:
| # | FLOAT | GAP% | REL_VOL | PATTERN_TYPE | ENTRY_TRIGGER | ADD_ON_MECHANIC | STOP_CRITERIA | T1_TARGET | TIME_OF_ENTRY | MACD_STATE | HOLD_DURATION |
|---|-------|------|---------|--------------|---------------|-----------------|---------------|-----------|---------------|------------|---------------|
| 1 | - | - | high | gap-and-go | VWAP breakout / micro-pullback dips | icebreaker 5000 entry | divergence / sellers | $6.15 | 9:30 am | positive | short |
| 2 | - | - | - | vwap-reclaim | VWAP breakback entry | icebreaker 5000 position | chart divergence | $6.15 | - | unknown | scalp |
=== FILE 1392 ===
TRADE_MECHANICS:
| # | FLOAT | GAP% | REL_VOL | PATTERN_TYPE | ENTRY_TRIGGER | ADD_ON_MECHANIC | STOP_CRITERIA | T1_TARGET | TIME_OF_ENTRY | MACD_STATE | HOLD_DURATION |
|---|-------|------|---------|--------------|---------------|-----------------|---------------|-----------|---------------|------------|---------------|
| 1 | - | 68% | - | gap-and-go | distribution agreement news / dip to 70c | none | reversal | $0.90 | open | unknown | scalp |
| 2 | - | 100%+ | - | gap-and-go | pop / icebreaker 2500 / adds | multi-entry scale | reversal | $4.80 | open | unknown | short |
=== FILE 1393 ===
TRADE_MECHANICS:
| # | FLOAT | GAP% | REL_VOL | PATTERN_TYPE | ENTRY_TRIGGER | ADD_ON_MECHANIC | STOP_CRITERIA | T1_TARGET | TIME_OF_ENTRY | MACD_STATE | HOLD_DURATION |
|---|-------|------|---------|--------------|---------------|-----------------|---------------|-----------|---------------|------------|---------------|
| 1 | - | - | - | gap-and-go | gap-and-go / leading gapper breakout at 4 | none | momentum spike | $4.13 | 9:30 am | unknown | short |
| 2 | - | - | - | gap-and-go | pre-market pop / dip into 7 | none | reversal | $7.00 | open | unknown | scalp |
| 3 | - | - | high | whole-dollar-break | breakthrough breakout at 9 / double bottom dip | adds on dips | reversal / ascending support | $10.00 | open | unknown | short |
| 4 | - | - | - | gap-and-go | private placement news breakout | none | news rehash / reversal | $6.50 | - | unknown | scalp |
| 5 | - | - | - | dip-buy | flush trade / reversal dip buy | none | reversal | $4.00 | - | unknown | scalp |
| 6 | - | - | - | dip-buy | pop / dip trade | none | reversal | $10.80 | - | unknown | scalp |
| 7 | - | - | high | whole-dollar-break | squeeze entry / loss then recovery | re-entry add | reversal | $12.20 | open | unknown | short |
| 8 | - | 300%+ | high | halt-resume | micro-pullback entry / add at 2.85 | sized aggressive / adds | halt-resume | $3.88 | open | unknown | short |
=== FILE 1394 ===
TRADE_MECHANICS:
| # | FLOAT | GAP% | REL_VOL | PATTERN_TYPE | ENTRY_TRIGGER | ADD_ON_MECHANIC | STOP_CRITERIA | T1_TARGET | TIME_OF_ENTRY | MACD_STATE | HOLD_DURATION |
|---|-------|------|---------|--------------|---------------|-----------------|---------------|-----------|---------------|------------|---------------|
| 1 | 1.3M | - | high | gap-and-go | catalyst-driven squeeze / micro-pullback at 6 | dip entries / bounces | momentum fade | $6.60 | 8:30 am | unknown | short |
=== FILE 1395 ===
TRADE_MECHANICS:
| # | FLOAT | GAP% | REL_VOL | PATTERN_TYPE | ENTRY_TRIGGER | ADD_ON_MECHANIC | STOP_CRITERIA | T1_TARGET | TIME_OF_ENTRY | MACD_STATE | HOLD_DURATION |
|---|-------|------|---------|--------------|---------------|-----------------|---------------|-----------|---------------|------------|---------------|
| 1 | - | - | - | gap-and-go | small position entry / pop and pullback | none | reversal | - | open | unknown | scalp |
=== FILE 1396 ===
TRADE_MECHANICS:
| # | FLOAT | GAP% | REL_VOL | PATTERN_TYPE | ENTRY_TRIGGER | ADD_ON_MECHANIC | STOP_CRITERIA | T1_TARGET | TIME_OF_ENTRY | MACD_STATE | HOLD_DURATION |
|---|-------|------|---------|--------------|---------------|-----------------|---------------|-----------|---------------|------------|---------------|
| 1 | - | 100%+ | - | flat-top | recent reverse split / flat-top breakout at 6 | dip adds | bounce off support | $7.20 | open | unknown | short |
| 2 | - | - | - | whole-dollar-break | breakout at 6.40 | none | reversal | $6.90 | open | unknown | scalp |
| 3 | - | - | - | whole-dollar-break | breakout 6.90 to 7 | none | reversal / offering | $7.00 | - | unknown | scalp |
| 4 | - | - | - | devil-horns | devil horns pattern warning | small positions 500/250 | reversal at halts | $20+ | open | unknown | short |
=== FILE 1397 ===
[NO OUTPUT - NO TRADES TAKEN]
=== FILE 1398 ===
TRADE_MECHANICS:
| # | FLOAT | GAP% | REL_VOL | PATTERN_TYPE | ENTRY_TRIGGER | ADD_ON_MECHANIC | STOP_CRITERIA | T1_TARGET | TIME_OF_ENTRY | MACD_STATE | HOLD_DURATION |
|---|-------|------|---------|--------------|---------------|-----------------|---------------|-----------|---------------|------------|---------------|
| 1 | - | - | - | gap-and-go | leading third gapper / watched for entry / micro-pullback | scaled aggressive on halt | halt resume | $3.88 | 9:30 am | unknown | short |
=== FILE 1399 ===
TRADE_MECHANICS:
| # | FLOAT | GAP% | REL_VOL | PATTERN_TYPE | ENTRY_TRIGGER | ADD_ON_MECHANIC | STOP_CRITERIA | T1_TARGET | TIME_OF_ENTRY | MACD_STATE | HOLD_DURATION |
|---|-------|------|---------|--------------|---------------|-----------------|---------------|-----------|---------------|------------|---------------|
| 1 | 3M | 200%+ | - | gap-and-go | gap-and-go / partial fill on 3k | none | gap-and-sell pattern | $8.88 | 9:30 am | unknown | scalp |
=== TSV_AUDIT ===
1350	1	OSAT	-	-	-	S	S	S	S	S	-	S
1350	2	OSAT	-	-	-	S	S	S	S	S	-	S
1350	3	OSAT	-	-	-	S	S	S	S	S	-	S
1350	4	SQBG	-	-	-	S	S	-	S	S	-	S
1351	1	OSAT	S	-	-	S	S	S	-	S	S	S
1352	1	DTST	-	-	-	S	S	S	S	S	S	S
1353	1	DBGI	-	-	-	S	S	-	S	S	S	S
1355	1	DYNT	-	-	S	S	S	-	S	S	-	S
1355	2	TLSI	-	-	S	S	S	S	S	S	-	S
1356	1	BTCS	-	-	-	S	S	S	S	S	-	S
1356	2	BLUE	-	-	-	S	S	-	S	S	-	S
1357	1	PED	-	-	-	S	S	S	S	S	S	S
1357	2	PED	-	-	-	S	S	S	S	S	-	S
1357	3	AIM	-	-	-	S	S	S	S	S	S	S
1357	4	MOXC	-	-	-	S	S	-	S	S	S	S
1357	5	REKR	-	-	-	S	S	-	S	S	-	S
1357	6	VBIV	-	-	-	S	S	-	S	S	-	S
1357	7	TSLA	-	-	-	S	S	-	-	S	S	S
1358	1	AMC	-	-	S	S	S	S	S	S	S	S
1358	2	ALLG	-	-	-	S	S	S	S	S	-	S
1359	1	CELZ	-	-	-	S	S	S	S	S	S	S
1359	2	LGVN	-	-	-	S	S	-	S	S	-	S
1359	3	IMTE	-	-	-	S	S	-	S	S	-	S
1359	4	FRGE	-	-	-	S	S	S	S	S	-	S
1360	1	LLL	-	-	-	S	S	S	S	S	S	S
1361	1	BOXL	-	-	-	S	S	-	S	S	-	S
1361	2	ABAC	-	-	S	S	S	S	S	S	S	S
1363	1	KDLY	-	-	S	S	S	S	S	S	S	S
1363	2	BAOS	-	-	-	S	S	-	S	S	-	S
1364	1	ELAB	-	S	-	S	S	S	S	S	S	S
1365	1	BCDA	-	-	-	S	S	-	S	S	S	S
1365	2	TURB	-	-	-	S	S	S	S	S	S	S
1365	3	LC	-	-	-	S	S	-	S	S	-	S
1365	4	APVO	-	-	-	S	S	-	S	S	-	S
1365	5	TSLA	-	-	-	S	S	-	-	S	S	S
1366	1	VCIG	-	-	-	S	S	-	S	S	-	S
1366	2	ISPC	-	-	-	S	S	-	S	S	-	S
1366	3	WHLR	-	-	S	S	S	-	S	S	S	S
1366	4	WKEY	-	-	-	S	S	S	S	S	S	S
1368	1	BMTC	-	S	-	S	S	-	S	S	S	S
1368	2	SSY	-	-	-	S	S	-	S	S	-	S
1368	3	STAFF	-	-	-	S	S	S	S	S	-	S
1368	4	LB	-	-	-	S	S	-	S	S	-	S
1368	5	TGC	-	-	-	S	S	-	S	S	-	S
1368	6	SEC	-	-	-	S	S	-	S	S	-	S
1369	1	HTBX	-	S	-	S	S	-	S	S	S	S
1369	2	HTBX	-	S	-	S	S	S	S	S	-	S
1369	3	CHEK	-	-	-	S	S	-	S	S	-	S
1370	1	BPTH	-	-	-	S	S	-	S	S	S	S
1370	2	SLS	-	-	S	S	S	S	S	S	S	S
1370	3	MYND	-	-	-	S	S	S	S	S	S	S
1371	1	IGCE	-	S	-	S	S	-	S	S	S	S
1371	2	BPTH	-	-	-	S	S	S	S	S	S	S
1371	3	GSB	-	S	S	S	S	S	S	S	S	S
1371	4	XSPA	-	-	-	S	S	-	S	S	S	S
1372	1	CHEK	-	-	-	S	S	-	S	S	-	S
1372	2	NCTY	-	-	S	S	S	S	S	S	S	S
1372	3	ATA	-	-	-	S	S	-	S	S	-	S
1373	1	PULM	-	100%+	-	S	S	S	S	S	S	S
1373	2	PHAS	-	-	-	S	S	S	S	S	-	S
1374	1	ARTL	-	S	-	S	S	-	S	S	S	S
1374	2	BIMI	-	S	-	S	S	S	S	S	S	S
1375	1	GOVX	-	S	S	S	S	S	S	S	S	S
1375	2	OCGX	-	-	-	S	S	S	S	S	-	S
1375	3	HAPP	-	-	-	S	S	-	S	S	-	S
1377	1	DBGI	-	-	-	S	S	-	S	S	-	S
1377	2	ICCT	-	-	-	S	S	-	S	S	-	S
1377	3	ICCT	-	-	-	S	S	-	S	S	S	S
1379	1	QLI	-	-	-	S	S	S	S	S	S	S
1379	2	DLPN	-	-	-	S	S	-	S	S	-	S
1379	3	BMRA	-	-	-	S	S	-	S	S	-	S
1379	4	ATIF	-	-	-	S	S	-	S	S	-	S
1379	5	IRIX	-	-	-	S	S	-	S	S	-	S
1379	6	ACTC	-	-	-	S	S	-	S	S	-	S
1379	7	KUKE	-	-	-	S	S	-	S	S	S	S
1379	8	CAPR	-	-	-	S	S	-	S	S	-	S
1380	1	BLPH	S	S	S	S	S	S	S	S	S	S
1381	1	FRSX	-	-	-	S	S	-	S	S	-	S
1382	1	IXHL	S	S	S	S	S	S	S	S	S	S
1382	2	HYMC	-	S	-	S	S	-	S	S	S	S
1382	3	VIXX	-	-	S	S	S	S	S	S	S	S
1384	1	MNK	-	-	-	S	S	-	S	S	-	S
1384	2	CRB	-	S	-	S	S	-	S	S	S	S
1385	1	GV	-	S	-	S	S	S	S	S	S	S
1386	1	WHLR	-	S	S	S	S	-	S	S	S	S
1386	2	DATS	-	-	-	S	S	S	S	S	S	S
1387	1	BZSI	-	-	S	S	S	S	S	S	S	S
1388	1	VTSI	-	-	-	S	S	S	S	S	S	S
1389	1	CMCT	-	-	-	S	S	S	S	S	S	S
1390	1	CARV	-	S	-	S	S	S	S	S	S	S
1390	2	WKHS	-	-	-	S	S	-	S	S	-	S
1390	3	VXRT	-	-	-	S	S	S	S	S	-	S
1390	4	BLNK	-	-	-	S	S	S	S	S	-	S
1390	5	POLA	-	-	-	S	S	S	S	S	-	S
1390	6	APEX	-	-	-	S	S	-	S	S	-	S
1391	1	HCWB	-	-	S	S	S	S	S	S	S	S
1391	2	ASST	-	-	-	S	S	-	S	S	-	S
1392	1	ARB	-	S	-	S	S	-	S	S	S	S
1392	2	MINM	-	S	-	S	S	S	S	S	S	S
1393	1	BSLK	-	-	-	S	S	-	S	S	S	S
1393	2	TRIRX	-	-	-	S	S	-	S	S	S	S
1393	3	BLRX	-	-	S	S	S	S	S	S	S	S
1393	4	VVPR	-	-	-	S	S	-	S	S	-	S
1393	5	BGLC	-	-	-	S	S	-	S	S	-	S
1393	6	VIVK	-	-	-	S	S	-	S	S	-	S
1393	7	SBAT	-	-	S	S	S	S	S	S	S	S
1393	8	GITS	-	S	S	S	S	S	S	S	S	S
1394	1	GNLN	S	-	S	S	S	S	S	S	S	S
1395	1	ARB	-	-	-	S	S	-	S	-	S	S
1396	1	PBLA	-	S	-	S	S	S	S	S	S	S
1396	2	PCSA	-	-	-	S	S	-	S	S	S	S
1396	3	PCSA	-	-	-	S	S	-	S	S	-	S
1396	4	CRBP	-	-	-	S	S	S	S	S	S	S
1398	1	TWMC	-	-	-	S	S	S	S	S	S	S
1399	1	WLK	S	S	-	S	S	-	S	S	S	S
1400	1	OHRG	-	-	-	S	S	-	S	S	-	S	S
1400	2	OPTT	-	S	S	S	S	S	S	S	S	S	S
1400	3	BPTH	-	-	-	S	S	-	S	-	-	S	S
1400	4	ALQA	-	-	-	S	S	-	S	-	-	S	S
1400	5	VVPR	-	-	-	S	S	S	S	S	-	S	S
1401	1	CGIX	-	-	-	S	S	-	S	-	S	S	S
1401	2	BBI	-	-	S	S	S	S	-	-	-	S	S
1401	3	JMIA	-	-	S	S	S	-	-	-	-	S	S
1401	4	ASNA	-	-	-	S	S	-	S	-	-	S	S
1401	5	GNPX	-	-	-	S	S	-	S	-	-	S	S
1401	6	BH80	-	-	-	S	S	-	S	-	-	S	S
1401	7	UNKL	-	-	-	S	-	-	S	-	-	S	S
1402	1	MTC	-	-	S	S	S	S	S	S	S	S	S
1402	2	VTSI	-	-	S	S	S	S	S	S	S	S	S
1404	1	AUVI	-	-	S	S	S	-	S	S	S	S	S
1404	2	SPRC	-	-	S	S	S	-	S	S	S	S	S
1404	3	QRX	-	-	S	S	S	-	S	S	S	S	S
1405	1	VLCN	-	-	S	S	S	S	S	S	S	S	S
1405	2	VLCN	-	-	S	S	S	-	S	S	-	S	S
1405	3	VLCN	-	-	S	S	S	-	S	-	-	S	S
1405	4	MRKR	-	-	S	S	S	-	S	S	-	S	S
1405	5	MRKR	-	-	S	S	S	-	S	-	-	S	S
1406	1	XTI	-	-	-	S	S	-	S	-	-	S	S
1406	2	AINC	-	-	S	S	S	-	-	-	-	S	S
1406	3	ADTX	-	-	S	S	S	-	-	-	-	S	S
1406	4	VVPR	S	S	S	S	S	S	S	S	S	S	S
1406	5	ADTX	-	-	S	S	S	-	-	S	-	S	S
1406	6	CZO	-	-	-	S	S	-	S	-	-	S	S
1408	1	WHLR	-	S	S	S	S	-	S	S	S	S	S
1408	2	WHLR	-	-	S	S	S	-	S	-	-	S	S
1408	3	WHLR	-	-	-	S	S	-	S	-	-	S	S
1408	4	WHLR	-	-	S	S	S	-	-	-	-	S	S
1408	5	TVOX	-	-	S	S	S	-	S	-	-	S	S
1408	6	TVOX	-	-	S	S	S	-	S	-	-	S	S
1408	7	CZX	-	-	-	S	S	-	S	-	-	S	S
1409	1	ADVS	-	S	S	S	S	-	S	S	S	S	S
1409	2	ADX	-	-	S	S	S	-	S	S	-	S	S
1409	3	ADX	-	-	S	S	S	S	S	-	-	S	S
1409	4	ADX	-	-	S	S	S	-	S	S	-	S	S
1409	5	ADX	-	-	S	S	S	-	-	-	-	S	S
1409	6	ADX	-	-	-	S	S	-	S	S	-	S	S
1409	7	TRB	-	-	-	S	S	-	S	-	-	S	S
1410	1	ACHV	S	S	S	S	S	-	S	S	S	S	S
1410	2	PTGX	-	-	-	S	S	-	S	-	-	S	S
1410	3	ARXI	-	-	S	S	S	-	S	S	-	S	S
1410	4	JMUA	-	-	S	S	S	-	-	S	-	S	S
1411	1	GEVO	-	-	-	S	S	-	S	S	-	S	S
1411	2	GEVO	-	-	-	S	S	S	S	S	-	S	S
1412	1	TBLT	-	-	S	S	S	S	S	S	S	S	S
1412	2	RBZ	-	-	-	S	S	-	S	-	-	S	S
1412	3	CLPS	-	-	S	S	S	-	S	S	-	S	S
1412	4	BIOC	-	-	-	S	S	-	S	-	-	S	S
1412	5	TBLT	-	-	-	S	S	-	S	-	-	S	S
1413	1	ASNS	-	-	-	S	S	-	S	S	-	S	S
1413	2	ALQA	-	-	-	S	S	-	S	S	-	S	S
1413	3	CDTI	-	-	S	S	S	-	S	-	-	S	S
1413	4	AGE	-	-	S	S	S	-	S	S	-	S	S
1414	1	ARTW	-	S	-	S	S	-	S	-	-	S	S
1414	2	ARTW	-	-	-	S	S	-	S	-	-	S	S
1414	3	FUV	-	-	-	S	S	-	-	-	-	S	S
1414	4	OCC	-	-	S	S	S	S	-	S	-	S	S
1415	1	BOXL	-	-	-	S	S	-	S	-	-	S	S
1415	2	JVA	-	-	S	S	S	S	S	-	-	S	S
1415	3	OCX	-	-	S	S	S	S	S	S	-	S	S
1415	4	OCX	-	-	S	S	S	-	S	S	-	S	S
1415	5	HYRE	-	-	S	S	S	-	S	S	-	S	S
1415	6	MDGS	-	-	S	S	S	-	S	S	-	S	S
1416	1	VRME	-	S	S	S	S	-	S	S	S	S	S
1416	2	APM	-	-	S	S	S	-	S	S	-	S	S
1416	3	MLGO	-	S	S	S	S	S	S	S	S	S	S
1416	4	ALBT	-	-	S	S	S	S	S	-	S	S	S
1416	5	DARE	-	-	S	S	S	S	S	-	S	S	S
1416	6	SLE	-	-	S	S	S	-	S	-	-	S	S
1416	7	LGHL	-	-	-	S	S	-	S	-	-	S	S
1417	1	VT	-	-	-	S	S	S	-	S	-	S	S
1417	2	GCAP	-	-	-	S	S	-	S	S	-	S	S
1417	3	COSS	-	-	-	S	S	-	S	S	-	S	S
1418	1	SQFT	-	-	S	S	S	-	S	S	-	S	S
1418	2	SQFT	-	-	S	S	S	-	S	S	-	S	S
1418	3	ALBT	-	-	S	S	S	S	S	-	-	S	S
1418	4	DARE	-	-	S	S	S	S	S	-	-	S	S
1418	5	SLE	-	-	S	S	S	-	S	-	-	S	S
1418	6	LGHL	-	-	-	S	S	-	S	-	-	S	S
1419	1	NVAX	-	S	S	S	S	S	S	-	S	S	S
1419	2	AEHL	-	-	S	S	S	-	S	-	S	S	S
1419	3	AMD	-	-	-	S	S	-	S	-	-	S	S
1419	4	SGBX	-	-	S	S	S	-	S	S	-	S	S
1419	5	SMFL	-	-	-	S	S	-	S	-	-	S	S
1420	1	CNSP	-	-	-	S	S	S	S	S	-	S	S
1420	2	APDN	-	-	-	S	S	-	S	S	-	S	S
1420	3	CPAH	-	-	S	S	S	S	S	S	-	S	S
1420	4	NBEV	-	-	S	S	S	S	S	S	-	S	S
1421	1	POAI	-	S	S	S	S	-	S	S	-	S	S
1421	2	POAI	-	-	-	S	S	-	S	S	-	S	S
1421	3	VXX	-	-	S	S	S	-	S	S	-	S	S
1421	4	INMD	-	-	S	S	S	-	S	S	-	S	S
1421	5	CODX	-	-	S	S	S	-	S	S	-	S	S
1421	6	APTV	-	-	S	S	S	-	S	S	-	S	S
1421	7	POAI	-	-	S	S	S	-	S	S	-	S	S
1423	1	CHEA	-	-	-	S	S	S	S	S	-	S	S
1423	2	SNES	-	-	S	S	S	-	S	-	-	S	S
1423	3	GNPX	-	-	-	S	S	-	S	S	-	S	S
1423	4	VCLN	-	-	-	S	S	-	S	-	-	S	S
1426	1	HARP	-	S	-	S	S	-	S	S	-	S	S
1426	2	ACON	-	-	S	S	S	S	S	-	S	-	S
1427	1	NCNA	-	-	S	S	S	S	S	S	S	S	S
1427	2	VRAX	-	-	-	S	S	-	S	-	-	S	S
1427	3	OBG	-	-	S	S	S	-	S	S	-	S	S
1427	4	TN	-	-	-	S	S	-	S	-	-	S	S
1427	5	WHLR	-	-	-	S	S	-	S	S	-	S	S
1427	6	NCNA	-	-	-	S	S	S	S	S	-	S	S
1428	1	ZEO	-	-	-	S	S	S	S	S	-	S	S
1429	1	ARTL	S	S	S	S	S	S	S	S	-	S	S
1430	1	CREV	-	-	-	S	S	-	S	S	-	S	S
1430	2	KDLY	-	-	S	S	S	-	S	S	S	S	S
1430	3	ATXG	-	-	S	S	S	S	S	-	-	S	S
1431	1	ASST	-	-	S	S	S	S	S	-	S	S	S
1431	2	JAY	-	-	S	S	S	-	S	-	-	S	S
1431	3	VEE	-	-	S	S	S	S	S	-	S	-	S
1431	4	WGRX	-	-	S	S	S	-	S	-	-	S	S
1431	5	GPU	-	-	S	S	S	-	S	-	-	S	S
1431	6	MIR	-	-	S	S	S	-	S	-	-	S	S
1432	1	ICCT	-	-	-	S	S	-	S	-	-	S	S
1432	2	USR	-	-	-	S	S	-	S	-	-	S	S
1432	3	ARB	S	S	S	S	S	S	S	S	-	S	S
1434	1	ALG	-	-	-	S	S	-	S	-	-	S	S
1434	2	DRTS	-	-	S	S	S	-	-	-	-	S	S
1434	3	LLL	-	-	S	S	S	-	S	S	-	S	S
1435	1	BLIN	S	S	S	S	S	S	S	-	-	S	S
1435	2	BLIN	S	-	S	S	S	S	S	S	-	S	S
1439	1	SOLO	-	S	-	S	S	-	S	S	S	S	S
1439	2	SOLO	-	-	-	S	S	-	S	S	-	S	S
1439	3	UUU	-	-	-	S	S	-	S	-	-	S	S
1439	4	SOLO	-	-	S	S	S	S	S	-	-	S	S
1439	5	CCCL	-	-	-	S	S	-	S	-	-	S	S
1440	1	VLCN	-	-	S	S	S	-	S	S	-	S	S
1440	2	CYN	-	-	S	S	S	S	S	-	S	S	S
1440	3	KZI	-	-	S	S	S	-	S	S	-	S	S
1440	4	BDRX	-	-	S	S	S	-	S	S	-	S	S
1440	5	HSCS	-	-	S	S	S	-	S	S	S	S	S
1440	6	LCFY	-	-	S	S	S	-	S	S	-	S	S
1440	7	NEXI	-	-	S	S	S	-	S	S	-	S	S
1440	8	FORD	-	-	-	S	S	-	S	S	-	S	S
1441	1	NUAAI	-	-	-	S	S	-	S	S	-	S	S
1441	2	FTEEL	-	-	-	S	S	S	S	S	S	S	S
1442	1	ELTK	-	-	-	S	S	-	S	S	-	S	S
1443	1	ATNF	-	-	S	S	S	S	S	-	-	S	S
1443	2	BSLK	-	-	S	S	S	-	S	S	-	S	S
1444	1	VXRT	-	-	S	S	S	S	S	-	S	S	S
1444	2	WMLP	-	-	S	S	S	-	S	S	-	S	S
1444	3	YGY	-	S	S	S	S	-	S	S	-	S	S
1444	4	SNOA	-	-	S	S	S	-	S	S	-	S	S
1444	5	VXRT	-	-	-	S	S	-	S	S	-	S	S
1444	6	VXRT	-	-	-	S	S	-	S	S	-	S	S
1444	7	VXRT	-	-	-	S	S	-	S	S	-	S	S
1445	1	BAOS	-	-	-	S	S	-	S	S	S	S	S
1445	2	MCTR	-	-	S	S	S	S	S	S	-	S	S
1445	3	NCEW	-	-	S	S	S	S	S	-	-	S	S
1445	4	UKA	-	-	S	S	S	-	S	S	-	S	S
1445	5	STSS	-	-	S	S	S	S	S	-	S	S	S
1445	6	KWM	-	-	S	S	S	-	S	S	-	S	S
1445	7	PNTM	-	-	S	S	S	-	S	-	-	S	S
1445	8	CDT	-	-	S	S	S	-	S	-	-	S	S
1448	1	GLMD	-	-	-	S	S	-	S	S	-	S	S
1448	2	GLMD	-	-	-	S	S	-	S	S	-	S	S
1448	3	GLMD	-	-	-	S	S	-	S	-	-	S	S
1448	4	VVPR	-	-	S	S	S	-	S	-	-	S	S
1448	5	SNOA	-	-	S	S	S	-	S	S	S	S	S
1448	6	WHLR	-	-	-	S	S	-	S	S	-	S	S
1448	7	GLMD	-	-	S	S	S	-	S	S	-	S	S
1449	1	FRGT	-	-	S	S	S	-	S	S	S	S	S
1449	2	FRGT	-	S	S	S	S	S	S	-	S	S	S
=== FILE 1450 ===
TRADE_MECHANICS:
| # | FLOAT | GAP% | REL_VOL | PATTERN_TYPE | ENTRY_TRIGGER | ADD_ON_MECHANIC | STOP_CRITERIA | T1_TARGET | TIME_OF_ENTRY | MACD_STATE | HOLD_DURATION |
|---|-------|------|---------|--------------|---------------|-----------------|---------------|-----------|---------------|------------|---------------|
| 1 | - | 171% | - | micro-pullback | dip entries | scaled out on momentum | halt bands, declining volume | $20 | - | unknown | extended |
| 2 | - | - | - | momentum | push toward high | took before further push | - | high | - | unknown | short |
| 3 | - | - | - | dip-buy | deadcat bounce | - | - | low | - | unknown | short |
=== FILE 1451 ===
TRADE_MECHANICS:
| # | FLOAT | GAP% | REL_VOL | PATTERN_TYPE | ENTRY_TRIGGER | ADD_ON_MECHANIC | STOP_CRITERIA | T1_TARGET | TIME_OF_ENTRY | MACD_STATE | HOLD_DURATION |
|---|-------|------|---------|--------------|---------------|-----------------|---------------|-----------|---------------|------------|---------------|
| 1 | - | - | high | micro-pullback | VWAP break dip | added on squeezes | - | $13.77 | 8:15am | unknown | short |
| 2 | - | - | high | flat-top | pop from Friday high | rejected on high volume red | - | high | - | unknown | short |
| 3 | - | - | high | consolidation | news pop breakout | sold into news-driven pop | - | high | - | unknown | short |
| 4 | - | - | - | micro-pullback | dip scalp | - | - | $3.30 | - | unknown | scalp |
| 5 | - | - | high | dip-buy | partial fill 848 re-entry | - | wall of selling | $12 | - | unknown | short |
| 6 | - | - | high | break | added break $12.30 | break $13 | reversal | $13.77-$13.50 | - | unknown | short |
| 7 | - | - | high | re-entry | pullback recovery | added at break | reversal | $14.50 | - | unknown | short |
| 8 | - | - | high | added | break $14.50 | - | reversal | high | - | unknown | short |
=== FILE 1452 ===
TRADE_MECHANICS:
| # | FLOAT | GAP% | REL_VOL | PATTERN_TYPE | ENTRY_TRIGGER | ADD_ON_MECHANIC | STOP_CRITERIA | T1_TARGET | TIME_OF_ENTRY | MACD_STATE | HOLD_DURATION |
|---|-------|------|---------|--------------|---------------|-----------------|---------------|-----------|---------------|------------|---------------|
| 1 | - | - | 280M | momentum | late morning pop | scaled at $1.82-$1.83 | - | $1.82-$1.83 | late morning | unknown | short |
=== FILE 1453 ===
TRADE_MECHANICS:
| # | FLOAT | GAP% | REL_VOL | PATTERN_TYPE | ENTRY_TRIGGER | ADD_ON_MECHANIC | STOP_CRITERIA | T1_TARGET | TIME_OF_ENTRY | MACD_STATE | HOLD_DURATION |
|---|-------|------|---------|--------------|---------------|-----------------|---------------|-----------|---------------|------------|---------------|
| 1 | - | - | - | micro-pullback | premarket squeeze | scaled at $3.80-$3.85 | - | $3.80-$3.85 | premarket | unknown | short |
| 2 | - | - | - | micro-pullback | adds on strength | scaled at $4.18 | - | $4.18 | - | unknown | short |
| 3 | - | - | - | flat-top | news pop squeeze | scaled $8.00-$8.60 | - | $8.00-$8.60 | - | unknown | short |
| 4 | - | - | - | dip-buy | VWAP breakout | scaled at $7.00-$7.50 | - | $7.00-$7.50 | - | unknown | short |
| 5 | - | - | - | dip-buy | MACD positive | scalp exits | - | - | - | positive | scalp |
=== FILE 1454 ===
TRADE_MECHANICS:
| # | FLOAT | GAP% | REL_VOL | PATTERN_TYPE | ENTRY_TRIGGER | ADD_ON_MECHANIC | STOP_CRITERIA | T1_TARGET | TIME_OF_ENTRY | MACD_STATE | HOLD_DURATION |
|---|-------|------|---------|--------------|---------------|-----------------|---------------|-----------|---------------|------------|---------------|
| 1 | - | - | - | micro-pullback | $1.40 resistance | - | failed-breakout | $1.40 | 9am | unknown | short |
| 2 | - | - | - | dip-buy | lower dips | - | reversal | lower | - | unknown | short |
| 3 | - | - | - | re-entry | dip recovery | - | reversal | - | - | unknown | short |
| 4 | - | 7:1 reverse | high | gap-scan | $4.00-$5.40 | added to 5000 | - | $5.40 | 9am | unknown | short |
=== FILE 1455 ===
TRADE_MECHANICS:
| # | FLOAT | GAP% | REL_VOL | PATTERN_TYPE | ENTRY_TRIGGER | ADD_ON_MECHANIC | STOP_CRITERIA | T1_TARGET | TIME_OF_ENTRY | MACD_STATE | HOLD_DURATION |
|---|-------|------|---------|--------------|---------------|-----------------|---------------|-----------|---------------|------------|---------------|
| 1 | - | - | - | short | massive level 2 seller | covered on dip | selling below level 2 | $157.96-$158.26 | - | unknown | short |
=== FILE 1456 ===
TRADE_MECHANICS:
| # | FLOAT | GAP% | REL_VOL | PATTERN_TYPE | ENTRY_TRIGGER | ADD_ON_MECHANIC | STOP_CRITERIA | T1_TARGET | TIME_OF_ENTRY | MACD_STATE | HOLD_DURATION |
|---|-------|------|---------|--------------|---------------|-----------------|---------------|-----------|---------------|------------|---------------|
| 1 | - | - | - | dip-buy | dead-cat bounce | scaled at $10.75-$10.80 | - | $10.75-$10.80 | - | unknown | short |
| 2 | - | - | - | micro-pullback | break $12 | - | reversal failed | $12 | - | unknown | short |
| 3 | - | - | - | momentum | breaking news pop | - | intense selling reversal | - | - | unknown | short |
| 4 | - | - | - | dip-buy | bounce scalp | quick exit | - | - | - | unknown | scalp |
| 5 | - | - | - | dip-buy | second re-entry | - | overstayed | - | - | unknown | short |
=== FILE 1457 ===
TRADE_MECHANICS:
| # | FLOAT | GAP% | REL_VOL | PATTERN_TYPE | ENTRY_TRIGGER | ADD_ON_MECHANIC | STOP_CRITERIA | T1_TARGET | TIME_OF_ENTRY | MACD_STATE | HOLD_DURATION |
|---|-------|------|---------|--------------|---------------|-----------------|---------------|-----------|---------------|------------|---------------|
| 1 | - | - | - | dip-and-rip | halt resume + dip | - | - | $3.25 | 9:31am | unknown | scalp |
=== FILE 1458 ===
TRADE_MECHANICS:
| # | FLOAT | GAP% | REL_VOL | PATTERN_TYPE | ENTRY_TRIGGER | ADD_ON_MECHANIC | STOP_CRITERIA | T1_TARGET | TIME_OF_ENTRY | MACD_STATE | HOLD_DURATION |
|---|-------|------|---------|--------------|---------------|-----------------|---------------|-----------|---------------|------------|---------------|
| 1 | - | - | - | pullback-break | resistance break + pullback | - | - | $7.80 | - | unknown | short |
| 2 | - | - | - | leg-higher | leg up continuation | scaled at $7.80 | - | $7.80 | - | unknown | short |
| 3 | - | - | - | premarket-pop | $2.95 scalp | - | - | $3.05 | premarket | unknown | scalp |
| 4 | - | - | - | premarket-pop | double top break | - | - | $9 area | premarket | unknown | short |
=== FILE 1459 ===
[NO TRADES - Educational]
=== FILE 1460 ===
TRADE_MECHANICS:
| # | FLOAT | GAP% | REL_VOL | PATTERN_TYPE | ENTRY_TRIGGER | ADD_ON_MECHANIC | STOP_CRITERIA | T1_TARGET | TIME_OF_ENTRY | MACD_STATE | HOLD_DURATION |
|---|-------|------|---------|--------------|---------------|-----------------|---------------|-----------|---------------|------------|---------------|
| 1 | - | 62% | - | premarket-pop | opening pop scalp | scaled exits | - | $7.99 | 8am | unknown | short |
| 2 | - | - | - | abcd-pattern | break $5.26 resistance | - | - | $5.26 | - | unknown | short |
| 3 | - | - | - | momentum | news pop AI headline | - | - | $2.35 | - | unknown | scalp |
| 4 | - | - | - | break | $5.40 resistance break | - | reversal dropped | $5.40 | - | unknown | short |
| 5 | - | - | - | momentum | momentum breakout | - | reversal high fill drop | - | - | unknown | short |
| 6 | - | - | - | dip-buy | pullback dip entry | - | - | support | - | unknown | short |
=== FILE 1461 ===
TRADE_MECHANICS:
| # | FLOAT | GAP% | REL_VOL | PATTERN_TYPE | ENTRY_TRIGGER | ADD_ON_MECHANIC | STOP_CRITERIA | T1_TARGET | TIME_OF_ENTRY | MACD_STATE | HOLD_DURATION |
|---|-------|------|---------|--------------|---------------|-----------------|---------------|-----------|---------------|------------|---------------|
| 1 | - | - | - | dip-buy | VWAP support + averaging down | added $3K | break $6 resistance | $6 | - | unknown | extended |
| 2 | - | - | - | halt-resume | momentum squeeze | - | halt extension | high | - | unknown | short |
=== FILE 1462 ===
[NO TRADES - Educational]
=== FILE 1463 ===
TRADE_MECHANICS:
| # | FLOAT | GAP% | REL_VOL | PATTERN_TYPE | ENTRY_TRIGGER | ADD_ON_MECHANIC | STOP_CRITERIA | T1_TARGET | TIME_OF_ENTRY | MACD_STATE | HOLD_DURATION |
|---|-------|------|---------|--------------|---------------|-----------------|---------------|-----------|---------------|------------|---------------|
| 1 | - | - | high | dip-buy | 10-second pullback | sold 80% into halt | halt breakout then resume | $11.25 | 11am | unknown | short |
=== FILE 1464 ===
TRADE_MECHANICS:
| # | FLOAT | GAP% | REL_VOL | PATTERN_TYPE | ENTRY_TRIGGER | ADD_ON_MECHANIC | STOP_CRITERIA | T1_TARGET | TIME_OF_ENTRY | MACD_STATE | HOLD_DURATION |
|---|-------|------|---------|--------------|---------------|-----------------|---------------|-----------|---------------|------------|---------------|
| 1 | - | - | - | abcd-pattern | ABCD pattern | - | - | $2.95 | - | unknown | short |
| 2 | - | - | - | micro-pop | news announcement dip | added on pop | - | $11.32 | - | unknown | short |
| 3 | - | - | - | break | $2.75 resistance | - | reversal no follow | - | - | unknown | short |
| 4 | 382k | - | 300x | micro-pullback | adds every $0.50 | adds at breaks | - | $13.50 | 9am | unknown | extended |
=== FILE 1465 ===
TRADE_MECHANICS:
| # | FLOAT | GAP% | REL_VOL | PATTERN_TYPE | ENTRY_TRIGGER | ADD_ON_MECHANIC | STOP_CRITERIA | T1_TARGET | TIME_OF_ENTRY | MACD_STATE | HOLD_DURATION |
|---|-------|------|---------|--------------|---------------|-----------------|---------------|-----------|---------------|------------|---------------|
| 1 | - | - | - | gap-and-go | premarket surge scalp | - | - | $4.50 | premarket | unknown | scalp |
| 2 | - | - | - | premarket-pop | cautious entry pop | small scalp | - | pop level | premarket | unknown | short |
| 3 | - | - | - | dip-buy | dip entry + break | scaled on bounces | - | $4.15 | - | unknown | short |
=== FILE 1466 ===
TRADE_MECHANICS:
| # | FLOAT | GAP% | REL_VOL | PATTERN_TYPE | ENTRY_TRIGGER | ADD_ON_MECHANIC | STOP_CRITERIA | T1_TARGET | TIME_OF_ENTRY | MACD_STATE | HOLD_DURATION |
|---|-------|------|---------|--------------|---------------|-----------------|---------------|-----------|---------------|------------|---------------|
| 1 | - | high | - | premarket-squeeze | dip buy open | - | reversal on dip | VWAP | open | unknown | short |
| 2 | - | high | - | dip-buy | bounce off support | - | - | VWAP | - | unknown | short |
| 3 | - | - | - | micro-pullback | pullback entry | scaled into pull | - | $8.20 | - | unknown | short |
| 4 | - | - | - | momentum | continuation | quick scalp | - | high | - | unknown | short |
=== FILE 1467 ===
[NO TRADES - Educational]
=== FILE 1468 ===
TRADE_MECHANICS:
| # | FLOAT | GAP% | REL_VOL | PATTERN_TYPE | ENTRY_TRIGGER | ADD_ON_MECHANIC | STOP_CRITERIA | T1_TARGET | TIME_OF_ENTRY | MACD_STATE | HOLD_DURATION |
|---|-------|------|---------|--------------|---------------|-----------------|---------------|-----------|---------------|------------|---------------|
| 1 | - | 130% | high | gap-and-go | aggressive add at $4.60 | - | flash crash | $5.50 | 7am | unknown | short |
| 2 | - | 130% | - | basing | bottoming tails support | added higher | - | $10.50 | - | unknown | short |
| 3 | - | - | - | dip-buy | dip scalp quick | - | - | quick exit | - | unknown | scalp |
| 4 | - | - | - | pullback | break attempt + re-entry | scaled halfway | - | high | - | unknown | short |
| 5 | - | - | - | break | 19.50 resistance | - | no follow | - | - | unknown | short |
| 6 | - | - | - | news-pop | first candle new high | added break | - | $15 | - | unknown | short |
| 7 | - | - | - | break | 200 EMA break | adds higher | - | high | - | unknown | extended |
=== FILE 1469 ===
TRADE_MECHANICS:
| # | FLOAT | GAP% | REL_VOL | PATTERN_TYPE | ENTRY_TRIGGER | ADD_ON_MECHANIC | STOP_CRITERIA | T1_TARGET | TIME_OF_ENTRY | MACD_STATE | HOLD_DURATION |
|---|-------|------|---------|--------------|---------------|-----------------|---------------|-----------|---------------|------------|---------------|
| 1 | - | - | - | continuation | second day scalp | - | - | high | - | unknown | short |
| 2 | - | - | - | break | FDA fast-track news | - | failed break | $9 | - | unknown | short |
| 3 | - | - | - | dip-buy | repeated dips/rips | scaled squeeze | - | $7 | - | unknown | short |
| 4 | - | - | - | unknown | breakeven exit | - | - | - | - | unknown | short |
| 5 | - | - | - | break | chop action | - | rejections | - | - | unknown | short |
=== FILE 1470 ===
[NO TRADES - Educational]
=== FILE 1471 ===
TRADE_MECHANICS:
| # | FLOAT | GAP% | REL_VOL | PATTERN_TYPE | ENTRY_TRIGGER | ADD_ON_MECHANIC | STOP_CRITERIA | T1_TARGET | TIME_OF_ENTRY | MACD_STATE | HOLD_DURATION |
|---|-------|------|---------|--------------|---------------|-----------------|---------------|-----------|---------------|------------|---------------|
| 1 | - | - | - | dip-buy | VWAP curl dip | - | failed-breakout | - | 7am | unknown | short |
| 2 | - | - | - | gap-and-go | first squeeze | scaled profit | - | high | early | unknown | short |
| 3 | - | - | - | flat-top | dip breakout | scaled exit | - | $3.10 | - | unknown | short |
| 4 | - | - | high | reverse-split | momentum pop | - | flush down | $9 | early | unknown | short |
| 5 | - | - | - | dip-buy | dip on flag | - | - | flag | - | unknown | short |
| 6 | - | - | - | dip-buy | halt resume | - | halt-down trap | high | - | unknown | short |
| 7 | - | - | - | dip-buy | halt resume | scaled micro | - | $3 | - | unknown | short |
=== FILE 1472 ===
TRADE_MECHANICS:
| # | FLOAT | GAP% | REL_VOL | PATTERN_TYPE | ENTRY_TRIGGER | ADD_ON_MECHANIC | STOP_CRITERIA | T1_TARGET | TIME_OF_ENTRY | MACD_STATE | HOLD_DURATION |
|---|-------|------|---------|--------------|---------------|-----------------|---------------|-----------|---------------|------------|---------------|
| 1 | - | - | - | gap-and-go | $5.34 premarket | quick scalp | false-breakout | $5.46 | 7am | unknown | scalp |
| 2 | - | - | - | micro-pullback | $5.70 add-on | - | false-breakout | - | - | unknown | short |
| 3 | - | - | - | micro-pullback | pop dip scalp | quick exit | - | - | - | unknown | scalp |
| 4 | - | - | - | micro-pullback | dip buy | scaled on move | - | $3.71+ | - | unknown | short |
| 5 | - | - | - | micro-pullback | halt resume | - | failed-breakout | - | - | unknown | short |
| 6 | - | - | - | dip-buy | re-entry attempt | - | halt-down trap | - | - | unknown | short |
| 7 | - | - | - | dip-buy | halt resume | scaled micros | - | $3 | - | unknown | short |
| 8 | - | - | - | dip-buy | add on dip break | scaled $3.00+ | - | $3 | - | unknown | short |
=== FILE 1473 ===
TRADE_MECHANICS:
| # | FLOAT | GAP% | REL_VOL | PATTERN_TYPE | ENTRY_TRIGGER | ADD_ON_MECHANIC | STOP_CRITERIA | T1_TARGET | TIME_OF_ENTRY | MACD_STATE | HOLD_DURATION |
|---|-------|------|---------|--------------|---------------|-----------------|---------------|-----------|---------------|------------|---------------|
| 1 | - | 971% | - | premarket-pop | 7am premarket dip | - | - | $13.84-$14.10 | 7am | unknown | short |
| 2 | - | - | - | momentum | momentum pop | - | reversal | high | - | unknown | short |
| 3 | - | - | - | dip-buy | earnings sell support | - | earnings dump | - | - | unknown | short |
| 4 | - | 971% | - | flag-breakout | flag break higher | scaled higher | - | open high | - | unknown | short |
=== FILE 1474 ===
TRADE_MECHANICS:
| # | FLOAT | GAP% | REL_VOL | PATTERN_TYPE | ENTRY_TRIGGER | ADD_ON_MECHANIC | STOP_CRITERIA | T1_TARGET | TIME_OF_ENTRY | MACD_STATE | HOLD_DURATION |
|---|-------|------|---------|--------------|---------------|-----------------|---------------|-----------|---------------|------------|---------------|
| 1 | - | 200% | - | spac-merger | $19-$56 pullback dips | scalped 150-400 blocks | - | $56 | - | unknown | extended |
| 2 | - | - | - | momentum | gap-and-go | - | reversal | - | early | unknown | short |
=== FILE 1475 ===
TRADE_MECHANICS:
| # | FLOAT | GAP% | REL_VOL | PATTERN_TYPE | ENTRY_TRIGGER | ADD_ON_MECHANIC | STOP_CRITERIA | T1_TARGET | TIME_OF_ENTRY | MACD_STATE | HOLD_DURATION |
|---|-------|------|---------|--------------|---------------|-----------------|---------------|-----------|---------------|------------|---------------|
| 1 | - | - | - | news-pop | news pop spike | scaled exits | - | $7.89 | 8am | unknown | short |
| 2 | - | - | - | momentum | momentum entry | - | - | high | - | unknown | scalp |
| 3 | - | - | - | dip-buy | early pop dip | - | halt failed | - | - | unknown | short |
| 4 | - | - | - | dip-buy | initial pop dip | - | flush down | - | - | unknown | short |
| 5 | - | - | - | dip-buy | re-entry attempt | - | reversal | - | - | unknown | short |
=== FILE 1476 ===
TRADE_MECHANICS:
| # | FLOAT | GAP% | REL_VOL | PATTERN_TYPE | ENTRY_TRIGGER | ADD_ON_MECHANIC | STOP_CRITERIA | T1_TARGET | TIME_OF_ENTRY | MACD_STATE | HOLD_DURATION |
|---|-------|------|---------|--------------|---------------|-----------------|---------------|-----------|---------------|------------|---------------|
| 1 | - | - | - | dip-buy | daily lows dip | scaled breaks | - | $12.40-$13 | - | unknown | short |
=== FILE 1477 ===
TRADE_MECHANICS:
| # | FLOAT | GAP% | REL_VOL | PATTERN_TYPE | ENTRY_TRIGGER | ADD_ON_MECHANIC | STOP_CRITERIA | T1_TARGET | TIME_OF_ENTRY | MACD_STATE | HOLD_DURATION |
|---|-------|------|---------|--------------|---------------|-----------------|---------------|-----------|---------------|------------|---------------|
| 1 | - | - | - | premarket-pop | news pop gap | - | - | $12-$13 | 8am | unknown | short |
| 2 | - | - | - | break | $10 resistance | - | false-breakout | - | - | unknown | short |
| 3 | - | - | - | break | $11 resistance | scaled exits | - | $12 | - | unknown | short |
| 4 | - | - | - | momentum | continuation | - | reversal | - | - | unknown | short |
| 5 | - | - | - | dip-buy | micro pullback | - | - | - | - | unknown | scalp |
=== FILE 1478 ===
TRADE_MECHANICS:
| # | FLOAT | GAP% | REL_VOL | PATTERN_TYPE | ENTRY_TRIGGER | ADD_ON_MECHANIC | STOP_CRITERIA | T1_TARGET | TIME_OF_ENTRY | MACD_STATE | HOLD_DURATION |
|---|-------|------|---------|--------------|---------------|-----------------|---------------|-----------|---------------|------------|---------------|
| 1 | - | - | - | gap-and-go | reverse-split gap | - | chased fill | - | early | unknown | short |
| 2 | - | - | - | momentum | watchlist break | - | reversal | - | - | unknown | short |
| 3 | - | - | high | micro-pullback | halt resume dip | - | halt down | $8.23 | early | unknown | short |
=== FILE 1479 ===
TRADE_MECHANICS:
| # | FLOAT | GAP% | REL_VOL | PATTERN_TYPE | ENTRY_TRIGGER | ADD_ON_MECHANIC | STOP_CRITERIA | T1_TARGET | TIME_OF_ENTRY | MACD_STATE | HOLD_DURATION |
|---|-------|------|---------|--------------|---------------|-----------------|---------------|-----------|---------------|------------|---------------|
| 1 | - | - | - | dip-buy | premarket dip-buy | - | reversal | - | premarket | unknown | short |
| 2 | - | - | - | short | perceived reversal | - | short-covered loss | - | - | unknown | short |
| 3 | - | - | - | flip | short to long | - | false-breakout | - | - | unknown | short |
| 4 | - | - | - | dip-buy | pullback dip | - | VWAP breach | - | - | unknown | short |
| 5 | - | - | - | dip-buy | pullback dip-buy | scaled exits | - | high | - | unknown | short |
| 6 | - | - | - | first-minute | first minute candle | small scalp | - | - | - | unknown | scalp |
=== FILE 1480 ===
TRADE_MECHANICS:
| # | FLOAT | GAP% | REL_VOL | PATTERN_TYPE | ENTRY_TRIGGER | ADD_ON_MECHANIC | STOP_CRITERIA | T1_TARGET | TIME_OF_ENTRY | MACD_STATE | HOLD_DURATION |
|---|-------|------|---------|--------------|---------------|-----------------|---------------|-----------|---------------|------------|---------------|
| 1 | - | 300% | high | gap-and-go | gap momentum | scaled scalps | drop reversal | $7.50 | 9am | unknown | extended |
| 2 | - | - | - | momentum | squeeze to high | - | reversal | $3 | - | unknown | short |
| 3 | - | - | - | dip-buy | half-dollar break | re-entry | reversal | $3 | - | unknown | short |
| 4 | - | - | - | momentum | scanner pop | - | reversal | - | - | unknown | short |
| 5 | - | - | - | dip-buy | dip re-entry | half-dollar break | reversal | - | - | unknown | short |
| 6 | - | - | - | continuation | add at high | - | reversal | - | - | unknown | short |
=== FILE 1481 ===
TRADE_MECHANICS:
| # | FLOAT | GAP% | REL_VOL | PATTERN_TYPE | ENTRY_TRIGGER | ADD_ON_MECHANIC | STOP_CRITERIA | T1_TARGET | TIME_OF_ENTRY | MACD_STATE | HOLD_DURATION |
|---|-------|------|---------|--------------|---------------|-----------------|---------------|-----------|---------------|------------|---------------|
| 1 | - | - | - | momentum | scanner entry pop | pullback exit | - | $3.53 | - | unknown | short |
| 2 | - | - | - | consolidation | high-day re-entry | scaled exits | - | $3.50-$3.53 | - | unknown | short |
| 3 | - | - | - | break | high-day break | oversize add | reversal | - | - | unknown | short |
| 4 | - | - | - | momentum | scanner pop | - | - | - | - | unknown | scalp |
| 5 | - | - | - | momentum | scanner pop | - | reversal | - | - | unknown | short |
| 6 | - | - | - | micro-pullback | dip buy | - | reversal | - | - | unknown | short |
| 7 | - | - | - | break | whole-dollar break | - | reversal | - | - | unknown | short |
=== FILE 1482 ===
TRADE_MECHANICS:
| # | FLOAT | GAP% | REL_VOL | PATTERN_TYPE | ENTRY_TRIGGER | ADD_ON_MECHANIC | STOP_CRITERIA | T1_TARGET | TIME_OF_ENTRY | MACD_STATE | HOLD_DURATION |
|---|-------|------|---------|--------------|---------------|-----------------|---------------|-----------|---------------|------------|---------------|
| 1 | - | - | - | gap-and-go | gap-up scalp | multiple re-entries | - | $7.46 | open | unknown | short |
| 2 | - | - | high | halt-resume | halt resume squeeze | added levels | - | $5.40 | open | unknown | short |
=== FILE 1483 ===
TRADE_MECHANICS:
| # | FLOAT | GAP% | REL_VOL | PATTERN_TYPE | ENTRY_TRIGGER | ADD_ON_MECHANIC | STOP_CRITERIA | T1_TARGET | TIME_OF_ENTRY | MACD_STATE | HOLD_DURATION |
|---|-------|------|---------|--------------|---------------|-----------------|---------------|-----------|---------------|------------|---------------|
| 1 | - | - | - | gap-and-go | VWAP bounce attempt | - | VWAP breach | - | early | unknown | short |
| 2 | - | - | - | red-to-green | red-to-green move | - | failed-breakout | - | - | unknown | short |
| 3 | - | - | - | momentum | high-day pop | scaled into | - | $3.39 | - | unknown | short |
| 4 | - | - | - | dip-buy | dip-buy below | - | flush reversal | - | - | unknown | short |
| 5 | - | - | - | breakout | momentum breakout | - | - | - | - | unknown | scalp |
| 6 | - | - | - | halt-resume | halt resume squeeze | - | - | $8 | - | unknown | short |
| 7 | - | - | - | pullback | impulsive pullback | - | reversal | - | - | unknown | short |
| 8 | - | - | - | red-to-green | red-to-green re-entry | - | - | - | - | unknown | scalp |
| 9 | - | - | - | bounce | bounce dip-buy | - | - | - | - | unknown | scalp |
| 10 | - | - | - | whole-dollar | whole-dollar break | oversize add | reversal | - | - | unknown | short |
| 11 | - | - | - | dip-buy | post-lunch dip | - | reversal | - | afternoon | unknown | short |
| 12 | - | - | - | momentum | momentum entry | - | reversal | - | - | unknown | short |
| 13 | - | - | - | momentum | momentum entry | - | reversal | - | - | unknown | short |
=== FILE 1484 ===
TRADE_MECHANICS:
| # | FLOAT | GAP% | REL_VOL | PATTERN_TYPE | ENTRY_TRIGGER | ADD_ON_MECHANIC | STOP_CRITERIA | T1_TARGET | TIME_OF_ENTRY | MACD_STATE | HOLD_DURATION |
|---|-------|------|---------|--------------|---------------|-----------------|---------------|-----------|---------------|------------|---------------|
| 1 | - | - | high | first-pullback | first pullback gap | scaled higher | - | $17.57+ | early | unknown | extended |
| 2 | - | - | high | break | high-day break | - | knife reversal | - | - | unknown | short |
| 3 | - | - | - | break | break $6 news | - | fade on news | - | - | unknown | short |
=== FILE 1485 ===
TRADE_MECHANICS:
| # | FLOAT | GAP% | REL_VOL | PATTERN_TYPE | ENTRY_TRIGGER | ADD_ON_MECHANIC | STOP_CRITERIA | T1_TARGET | TIME_OF_ENTRY | MACD_STATE | HOLD_DURATION |
|---|-------|------|---------|--------------|---------------|-----------------|---------------|-----------|---------------|------------|---------------|
| 1 | - | 274% | - | micro-pullback | VWAP support starter | multiple re-entries | flat-top fail | $23.50 | early | unknown | short |
| 2 | - | - | - | halt-resume | halt resume spike | - | - | $3.20 | early | unknown | short |
| 3 | - | - | - | double-top | double-top break | - | reversal to $17 | - | - | unknown | short |
| 4 | - | - | - | dip-buy | grind higher dip | - | reversal | - | - | unknown | short |
=== FILE 1486 ===
TRADE_MECHANICS:
| # | FLOAT | GAP% | REL_VOL | PATTERN_TYPE | ENTRY_TRIGGER | ADD_ON_MECHANIC | STOP_CRITERIA | T1_TARGET | TIME_OF_ENTRY | MACD_STATE | HOLD_DURATION |
|---|-------|------|---------|--------------|---------------|-----------------|---------------|-----------|---------------|------------|---------------|
| 1 | - | - | high | dip-buy | DOJ contract dip | scaled across moves | - | $3.50 | early | unknown | extended |
| 2 | - | - | - | vwap-break | VWAP break momentum | - | - | high | - | unknown | scalp |
| 3 | - | - | - | dip-buy | pullback dip-buy | - | - | quick | - | unknown | short |
| 4 | - | - | - | momentum | scanner momentum | - | - | - | - | unknown | scalp |
| 5 | - | - | - | momentum | scanner entry | - | - | - | - | unknown | scalp |
| 6 | - | - | - | momentum | scanner entry | - | - | - | - | unknown | scalp |
| 7 | - | - | - | momentum | momentum entry | - | reversal | - | - | unknown | short |
=== FILE 1487 ===
TRADE_MECHANICS:
| # | FLOAT | GAP% | REL_VOL | PATTERN_TYPE | ENTRY_TRIGGER | ADD_ON_MECHANIC | STOP_CRITERIA | T1_TARGET | TIME_OF_ENTRY | MACD_STATE | HOLD_DURATION |
|---|-------|------|---------|--------------|---------------|-----------------|---------------|-----------|---------------|------------|---------------|
| 1 | - | - | - | dip-buy | scanner dip-buy | - | - | high | - | unknown | scalp |
| 2 | - | - | 250%+ | micro-pullback | micro-pullback $3 support | added dip | - | $3.40-$5 | early | unknown | extended |
| 3 | - | - | - | vwap-break | VWAP break | re-entries | reversal | - | - | unknown | short |
| 4 | - | - | - | news-pop | news pop | - | - | - | - | unknown | scalp |
=== FILE 1488 ===
TRADE_MECHANICS:
| # | FLOAT | GAP% | REL_VOL | PATTERN_TYPE | ENTRY_TRIGGER | ADD_ON_MECHANIC | STOP_CRITERIA | T1_TARGET | TIME_OF_ENTRY | MACD_STATE | HOLD_DURATION |
|---|-------|------|---------|--------------|---------------|-----------------|---------------|-----------|---------------|------------|---------------|
| 1 | - | - | - | dip-buy | continuation dip | - | - | $12 area | early | unknown | short |
| 2 | - | - | - | flat-top | flat-top break | - | reversal | - | - | unknown | short |
| 3 | - | - | - | news-pop | news pop scalp | - | - | $7 | - | unknown | scalp |
| 4 | - | - | - | news-pop | news pop dip-buy | - | - | high | - | unknown | scalp |
| 5 | - | - | - | momentum | momentum pop re-entry | break add | - | $1.30 | - | unknown | short |
| 6 | - | - | - | vwap-consolidation | VWAP consolidation | added break | - | $13.60 | - | unknown | short |
| 7 | - | - | - | halt-resume | halt resume dip | partial exit | $5 fail | high | - | unknown | short |
=== FILE 1489 ===
TRADE_MECHANICS:
| # | FLOAT | GAP% | REL_VOL | PATTERN_TYPE | ENTRY_TRIGGER | ADD_ON_MECHANIC | STOP_CRITERIA | T1_TARGET | TIME_OF_ENTRY | MACD_STATE | HOLD_DURATION |
|---|-------|------|---------|--------------|---------------|-----------------|---------------|-----------|---------------|------------|---------------|
| 1 | - | - | - | continuation | continuation micro-pullback | multiple adds | double-top | $7.70 | early | unknown | extended |
| 2 | - | - | - | news-pop | news pop squeeze | - | - | $3.40 | - | unknown | short |
| 3 | - | - | - | continuation | continuation re-entry | - | - | breakeven | - | unknown | short |
| 4 | - | - | - | break | 200 MA break | - | reversal | - | - | unknown | short |
| 5 | - | - | - | dip-buy | $3 break re-entry | - | reversal | - | - | unknown | short |
=== FILE 1490 ===
TRADE_MECHANICS:
| # | FLOAT | GAP% | REL_VOL | PATTERN_TYPE | ENTRY_TRIGGER | ADD_ON_MECHANIC | STOP_CRITERIA | T1_TARGET | TIME_OF_ENTRY | MACD_STATE | HOLD_DURATION |
|---|-------|------|---------|--------------|---------------|-----------------|---------------|-----------|---------------|------------|---------------|
| 1 | - | 235% | - | gap-and-go | micro pullback dip | scalped micros | - | $3.20 | early | unknown | short |
| 2 | - | - | - | double-bottom | double bottom dip | - | - | $3.15 | - | unknown | short |
| 3 | - | - | - | dip-buy | dip buy support | - | flush through | - | - | unknown | short |
| 4 | - | - | - | momentum | momentum retest | - | reversal | - | - | unknown | short |
| 5 | - | - | - | dip-buy | dip re-entry | smaller size | - | high | - | unknown | short |
=== FILE 1491 ===
TRADE_MECHANICS:
| # | FLOAT | GAP% | REL_VOL | PATTERN_TYPE | ENTRY_TRIGGER | ADD_ON_MECHANIC | STOP_CRITERIA | T1_TARGET | TIME_OF_ENTRY | MACD_STATE | HOLD_DURATION |
|---|-------|------|---------|--------------|---------------|-----------------|---------------|-----------|---------------|------------|---------------|
| 1 | - | - | - | gap-and-go | premarket pivot break | add dips | - | $6.64 | early | unknown | short |
| 2 | - | - | yes | whole-dollar | $6 break with news | dip re-entries | halt-up | $7.60 | early | unknown | extended |
=== FILE 1492 ===
TRADE_MECHANICS:
| # | FLOAT | GAP% | REL_VOL | PATTERN_TYPE | ENTRY_TRIGGER | ADD_ON_MECHANIC | STOP_CRITERIA | T1_TARGET | TIME_OF_ENTRY | MACD_STATE | HOLD_DURATION |
|---|-------|------|---------|--------------|---------------|-----------------|---------------|-----------|---------------|------------|---------------|
| 1 | - | - | - | dip-buy | $14 support dip | adds on breakout | - | $18.56 | early | unknown | extended |
| 2 | - | - | - | double-bottom | $17 double bottom | - | - | $18.23 | - | unknown | short |
| 3 | - | - | - | double-bottom | $17 double bottom | scaled to | - | $18.50 | - | unknown | short |
| 4 | - | - | - | curl-break | curl new high break | scaled near | - | $23 | - | unknown | short |
=== FILE 1493 ===
TRADE_MECHANICS:
| # | FLOAT | GAP% | REL_VOL | PATTERN_TYPE | ENTRY_TRIGGER | ADD_ON_MECHANIC | STOP_CRITERIA | T1_TARGET | TIME_OF_ENTRY | MACD_STATE | HOLD_DURATION |
|---|-------|------|---------|--------------|---------------|-----------------|---------------|-----------|---------------|------------|---------------|
| 1 | - | - | - | premarket-pivot | premarket pivot break | partial exits | re-entry fail | $4.55 | early | unknown | short |
| 2 | - | - | - | momentum | hotkey entry | - | reversal | - | - | unknown | short |
| 3 | - | - | - | micro-pullback | 1-min pullback | - | failed-breakout | - | early | unknown | short |
| 4 | - | - | - | micro-pullback | 1-min micro pullback | - | failed-breakout | - | early | unknown | short |
=== FILE 1494 ===
[NO TRADES - Educational]
=== FILE 1495 ===
TRADE_MECHANICS:
| # | FLOAT | GAP% | REL_VOL | PATTERN_TYPE | ENTRY_TRIGGER | ADD_ON_MECHANIC | STOP_CRITERIA | T1_TARGET | TIME_OF_ENTRY | MACD_STATE | HOLD_DURATION |
|---|-------|------|---------|--------------|---------------|-----------------|---------------|-----------|---------------|------------|---------------|
| 1 | - | - | - | gap-and-go | opening momentum | - | - | high | open | unknown | short |
| 2 | - | - | - | dip-buy | dip after miss | - | reversal | - | - | unknown | short |
| 3 | - | - | - | high-of-day | high-of-day break | avg down | reversal | - | early | unknown | short |
=== FILE 1496 ===
TRADE_MECHANICS:
| # | FLOAT | GAP% | REL_VOL | PATTERN_TYPE | ENTRY_TRIGGER | ADD_ON_MECHANIC | STOP_CRITERIA | T1_TARGET | TIME_OF_ENTRY | MACD_STATE | HOLD_DURATION |
|---|-------|------|---------|--------------|---------------|-----------------|---------------|-----------|---------------|------------|---------------|
| 1 | - | - | - | squeeze | momentum squeeze | - | unfilled orders | - | early | unknown | short |
| 2 | - | - | - | break | high-day break | - | - | $5.33 | early | unknown | short |
| 3 | - | - | - | consolidation | consolidation break | - | - | $0.82 | early | unknown | scalp |
| 4 | - | - | - | squeeze | momentum squeeze | add pullback | - | $5.01 | - | unknown | short |
| 5 | - | - | - | momentum | scanner scalp | - | - | $6.70 | - | unknown | scalp |
=== FILE 1497 ===
TRADE_MECHANICS:
| # | FLOAT | GAP% | REL_VOL | PATTERN_TYPE | ENTRY_TRIGGER | ADD_ON_MECHANIC | STOP_CRITERIA | T1_TARGET | TIME_OF_ENTRY | MACD_STATE | HOLD_DURATION |
|---|-------|------|---------|--------------|---------------|-----------------|---------------|-----------|---------------|------------|---------------|
| 1 | - | - | - | dip-buy | patent news scalp | add bounce | - | $1.72 | early | unknown | short |
| 2 | - | - | - | halt-resume | halt resume bounce | - | fade resume | - | early | unknown | short |
=== FILE 1498 ===
TRADE_MECHANICS:
| # | FLOAT | GAP% | REL_VOL | PATTERN_TYPE | ENTRY_TRIGGER | ADD_ON_MECHANIC | STOP_CRITERIA | T1_TARGET | TIME_OF_ENTRY | MACD_STATE | HOLD_DURATION |
|---|-------|------|---------|--------------|---------------|-----------------|---------------|-----------|---------------|------------|---------------|
| 1 | - | - | - | break | FDA clearance break | scaled exits | - | $4.24 | early | unknown | short |
| 2 | - | - | high | micro-pullback | 1-min micro pullback | add on flag | - | $8.85 | early | unknown | short |
| 3 | - | - | - | momentum | scanner scalp | - | - | $1.70 | - | unknown | scalp |
| 4 | - | - | - | momentum | scanner momentum | - | - | $1.52-$1.53 | - | unknown | scalp |
=== FILE 1499 ===
TRADE_MECHANICS:
| # | FLOAT | GAP% | REL_VOL | PATTERN_TYPE | ENTRY_TRIGGER | ADD_ON_MECHANIC | STOP_CRITERIA | T1_TARGET | TIME_OF_ENTRY | MACD_STATE | HOLD_DURATION |
|---|-------|------|---------|--------------|---------------|-----------------|---------------|-----------|---------------|------------|---------------|
| 1 | 16M | 26% | - | gap-and-go | premarket high break | - | - | $3.89 | premarket | unknown | short |
| 2 | 4M | - | high | micro-pullback | $2.50 half-dollar | adds on anticipation | reversal | $2.60 | - | unknown | short |
=== TSV_AUDIT ===
1450	1	CRO	-	S	-	S	S	S	S	S	-	S
1450	2	HAE	-	-	-	S	S	S	-	S	-	S
1450	3	RBNE	-	-	-	S	S	-	-	S	-	S
1451	1	DXF	-	-	S	S	S	S	-	S	-	S
1451	2	PRTG	-	-	S	S	S	-	-	S	-	S
1451	3	VERB	-	-	S	S	S	-	-	S	-	S
1451	4	STBX	-	-	-	S	S	-	-	S	-	S
1451	5	DXF	-	-	S	S	S	-	S	S	-	S
1451	6	DXF	-	-	S	S	S	S	-	S	-	S
1451	7	DXF	-	-	S	S	S	S	-	S	-	S
1451	8	DXF	-	-	S	S	S	-	S	S	-	S
1452	1	CY	-	-	S	S	S	S	-	S	-	S
1453	1	AL	-	-	-	S	S	S	-	S	-	S
1453	2	AL	-	-	-	S	S	S	-	S	-	S
1453	3	ELAB	-	-	-	S	S	S	-	S	-	S
1453	4	ELAB	-	-	-	S	S	S	-	S	-	S
1453	5	ELAB	-	-	-	S	S	-	-	-	S	S
1454	1	NIF	-	-	-	S	S	-	S	S	-	S
1454	2	NIF	-	-	-	S	S	-	S	-	-	S
1454	3	NIF	-	-	-	S	S	-	S	-	-	S
1454	4	SMFL	-	-	S	S	S	S	-	S	-	S
1455	1	LULU	-	-	-	S	S	-	-	S	-	S
1456	1	HOLO	-	-	-	S	S	S	-	S	-	S
1456	2	HOLO	-	-	-	S	S	-	S	S	-	S
1456	3	LIIX	-	-	-	S	S	-	S	-	-	S
1456	4	LUNAR	-	-	-	S	S	-	-	-	-	S
1456	5	HOLO	-	-	-	S	S	-	S	-	-	S
1457	1	AI	-	-	-	S	S	-	-	S	-	S
1458	1	TOP	-	-	-	S	S	-	-	S	-	S
1458	2	TOP	-	-	-	S	S	S	-	S	-	S
1458	3	LAES	-	-	-	S	S	-	-	S	-	S
1458	4	INBS	-	-	-	S	S	-	-	S	-	S
1460	1	SOGP	-	S	-	S	S	S	-	S	-	S
1460	2	SEED	-	-	-	S	S	-	-	S	-	S
1460	3	VCI	-	-	-	S	S	-	-	S	-	S
1460	4	COP	-	-	-	S	S	-	S	S	-	S
1460	5	VTX	-	-	-	S	S	-	S	-	-	S
1460	6	VTX	-	-	-	S	S	-	-	S	-	S
1461	1	WINT	-	-	-	S	S	S	-	S	-	S
1461	2	FFI	-	-	-	S	S	-	-	S	-	S
1463	1	ATNF	-	-	S	S	S	S	-	S	-	S
1464	1	BCLI	-	-	-	S	S	-	-	S	-	S
1464	2	Q&M	-	-	-	S	S	S	-	S	-	S
1464	3	SYTA	-	-	-	S	S	-	S	-	-	S
1464	4	PTIX	S	-	S	S	S	S	-	S	-	S
1465	1	SOA	-	-	-	S	S	-	-	S	-	S
1465	2	XOS	-	-	-	S	S	-	-	S	-	S
1465	3	XP	-	-	-	S	S	S	-	S	-	S
1466	1	TENN	-	-	-	S	S	-	S	S	-	S
1466	2	TENN	-	-	-	S	S	-	-	S	-	S
1466	3	WIT	-	-	-	S	S	S	-	S	-	S
1466	4	WIT	-	-	-	S	S	-	-	S	-	S
1468	1	BMGL	-	S	-	S	S	S	S	S	-	S
1468	2	SCA	-	S	-	S	S	S	-	S	-	S
1468	3	BCTX	-	-	-	S	S	-	-	S	-	S
1468	4	PR	-	-	-	S	S	S	-	S	-	S
1468	5	ESB	-	-	-	S	S	-	S	-	-	S
1468	6	KZIA	-	-	-	S	S	S	-	S	-	S
1468	7	EVOK	-	-	-	S	S	S	-	S	-	S
1469	1	INHD	-	-	-	S	S	-	-	S	-	S
1469	2	CRO	-	-	-	S	S	-	S	S	-	S
1469	3	PAPL	-	-	-	S	S	S	-	S	-	S
1469	4	MSPR	-	-	-	-	S	-	-	-	-	-
1469	5	HOUR	-	-	-	S	S	-	S	-	-	S
1471	1	NVNI	-	-	-	S	S	-	S	S	-	S
1471	2	CMND	-	-	-	S	S	S	-	S	-	S
1471	3	CMND	-	-	-	S	S	S	-	S	-	S
1471	4	BETS	-	-	-	S	S	-	S	S	-	S
1471	5	BETS	-	-	-	S	S	-	S	-	-	S
1471	6	BETS	-	-	-	S	S	-	S	-	-	S
1471	7	UK	-	-	-	S	S	-	S	-	-	S
1472	1	AKA	-	-	-	S	S	-	-	S	-	S
1472	2	AKA	-	-	-	S	S	-	S	-	-	S
1472	3	DBG	-	-	-	S	S	-	-	S	-	S
1472	4	TIX	-	-	-	S	S	S	-	S	-	S
1472	5	BTTR	-	-	-	S	S	-	S	-	-	S
1472	6	BTTR	-	-	-	S	S	-	S	-	-	S
1472	7	MMD	-	-	-	S	S	S	-	S	-	S
1472	8	MMD	-	-	-	S	S	S	-	S	-	S
1473	1	CG	-	S	-	S	S	-	-	S	-	S
1473	2	SWS	-	-	-	S	S	-	S	-	-	S
1473	3	LRHC	-	-	-	S	S	-	S	-	-	S
1473	4	CG	-	S	-	S	S	S	-	S	-	S
1474	1	GCTS	-	S	-	S	S	S	-	S	-	S
1474	2	CZO	-	-	-	S	S	-	S	-	-	S
1475	1	GCTS	-	-	-	S	S	S	-	S	-	S
1475	2	TERA	-	-	-	S	S	-	-	S	-	S
1475	3	ZOZ	-	-	-	S	S	-	S	-	-	S
1475	4	MDIA	-	-	-	S	S	-	S	-	-	S
1475	5	MDIA	-	-	-	S	S	-	S	-	-	S
1476	1	CZ	-	-	-	S	S	S	-	S	-	S
1477	1	VST	-	-	-	S	S	-	-	S	-	S
1477	2	VST	-	-	-	S	S	-	S	-	-	S
1477	3	VST	-	-	-	S	S	S	-	S	-	S
1477	4	VST	-	-	-	S	S	-	S	-	-	S
1477	5	VST	-	-	-	S	S	-	-	S	-	S
1478	1	INPX	-	-	-	S	S	-	S	-	-	S
1478	2	CIFS	-	-	-	S	S	-	S	-	-	S
1478	3	YECO	-	-	S	S	S	-	S	S	-	S
1479	1	XPEV	-	-	-	S	S	-	S	-	-	S
1479	2	NTNX	-	-	-	S	S	-	S	-	-	S
1479	3	NTNX	-	-	-	S	S	-	S	-	-	S
1479	4	CLEU	-	-	-	S	S	-	S	-	-	S
1479	5	VVPR	-	-	-	S	S	S	-	S	-	S
1479	6	MDGS	-	-	-	S	S	-	-	S	-	S
1480	1	VISL	-	S	S	S	S	S	S	S	-	S
1480	2	VISL	-	S	-	S	S	S	-	S	-	S
1480	3	VISL	-	S	-	S	S	S	-	S	-	S
1480	4	ATIS	-	-	-	S	S	-	S	-	-	S
1480	5	ATIS	-	-	-	S	S	S	-	S	-	S
1480	6	ATIS	-	-	-	S	S	S	-	S	-	S
1481	1	STAF	-	-	-	S	S	-	-	S	-	S
1481	2	STAF	-	-	-	S	S	S	-	S	-	S
1481	3	STAF	-	-	-	S	S	S	S	-	-	S
1481	4	CCIH	-	-	-	S	S	-	-	S	-	S
1481	5	YTN	-	-	-	S	S	-	S	-	-	S
1481	6	JAGX	-	-	-	S	S	-	S	-	-	S
1481	7	ABIL	-	-	-	S	S	-	S	-	-	S
1482	1	TRPX	-	-	-	S	S	S	-	S	-	S
1482	2	HEAR	-	-	S	S	S	S	-	S	-	S
1483	1	CPAH	-	-	-	S	S	-	S	-	-	S
1483	2	APT	-	-	-	S	S	-	S	-	-	S
1483	3	WORX	-	-	-	S	S	S	-	S	-	S
1483	4	HAPP	-	-	-	S	S	-	S	-	-	S
1483	5	NNVC	-	-	-	S	S	-	-	S	-	S
1483	6	MEDS	-	-	-	S	S	-	-	S	-	S
1483	7	EXTN	-	-	-	S	S	-	S	-	-	S
1483	8	CPAH	-	-	-	S	S	-	-	S	-	S
1483	9	ARGX	-	-	-	S	S	-	-	S	-	S
1483	10	GNPX	-	-	-	S	S	S	S	S	-	S
1483	11	BCLI	-	-	-	S	S	-	S	-	-	S
1483	12	BLPH	-	-	-	S	S	-	S	-	-	S
1483	13	BSI	-	-	-	S	S	-	S	-	-	S
1484	1	NWE	-	-	S	S	S	S	-	S	-	S
1484	2	MLEC	-	-	-	S	S	-	S	S	-	S
1484	3	QLGN	-	-	-	S	S	-	S	S	-	S
1485	1	AVTX	-	S	-	S	S	S	S	S	-	S
1485	2	XO	-	-	-	S	S	-	-	S	-	S
1485	3	CZO	-	-	-	S	S	-	S	-	-	S
1485	4	GCTS	-	-	-	S	S	-	S	-	-	S
1486	1	AISP	-	-	-	S	S	S	-	S	-	S
1486	2	PHUN	-	-	-	S	S	-	-	S	-	S
1486	3	LVTX	-	-	-	S	S	-	-	S	-	S
1486	4	BIAFN	-	-	-	S	S	-	-	S	-	S
1486	5	LBPX	-	-	-	S	S	-	-	S	-	S
1486	6	ENCP	-	-	-	S	S	-	-	S	-	S
1486	7	CO	-	-	-	S	S	-	S	-	-	S
1487	1	PLUR	-	-	-	S	S	-	-	S	-	S
1487	2	AUD	-	-	S	S	S	S	-	S	-	S
1487	3	UKAR	-	-	-	S	S	S	S	-	-	S
1487	4	VVPR	-	-	-	S	S	-	-	S	-	S
1488	1	SERV	-	-	-	S	S	-	S	S	-	S
1488	2	MLGO	-	-	-	S	S	-	S	-	-	S
1488	3	CYN	-	-	-	S	S	-	-	S	-	S
1488	4	HEPA	-	-	-	S	S	-	-	S	-	S
1488	5	MEAR	-	-	-	S	S	S	-	S	-	S
1488	6	SERV	-	-	-	S	S	S	-	S	-	S
1488	7	CMAX	-	-	-	S	S	S	-	S	-	S
1489	1	CRVO	-	-	-	S	S	S	-	S	-	S
1489	2	SNES	-	-	-	S	S	-	-	S	-	S
1489	3	ZENA	-	-	-	S	S	-	-	S	-	S
1489	4	LFWD	-	-	-	S	S	-	S	-	-	S
1489	5	LFWD	-	-	-	S	S	-	S	-	-	S
1490	1	HOO	-	S	-	S	S	S	-	S	-	S
1490	2	HOO	-	-	-	S	S	-	-	S	-	S
1490	3	HOO	-	-	-	S	S	-	S	-	-	S
1490	4	BDRX	-	-	-	S	S	-	S	-	-	S
1490	5	HOO	-	-	-	S	S	S	-	S	-	S
1491	1	BSK	-	-	-	S	S	S	-	S	-	S
1491	2	VRAX	-	-	S	S	S	S	-	S	-	S
1492	1	TENX	-	-	-	S	S	S	-	S	-	S
1492	2	TENX	-	-	-	S	S	-	-	S	-	S
1492	3	TENX	-	-	-	S	S	S	-	S	-	S
1492	4	TENX	-	-	-	S	S	-	-	S	-	S
1493	1	RWLK	-	-	-	S	S	S	-	S	-	S
1493	2	RNN	-	-	-	S	S	-	S	-	-	S
1493	3	ASUR	-	-	-	S	S	-	S	-	-	S
1493	4	RBZ	-	-	-	S	S	-	S	-	-	S
1495	1	LGVN	-	-	-	S	S	-	-	S	-	S
1495	2	TIRX	-	-	-	S	S	-	S	-	-	S
1495	3	VTVT	-	-	-	S	S	S	S	-	-	S
1496	1	UO&E	-	-	-	S	S	-	S	-	-	S
1496	2	JVA	-	-	-	S	S	-	-	S	-	S
1496	3	OPHT	-	-	-	S	S	-	-	S	-	S
1496	4	TNXP	-	-	-	S	S	S	-	S	-	S
1496	5	POLA	-	-	-	S	S	-	-	S	-	S
1497	1	OGEN	-	-	-	S	S	S	-	S	-	S
1497	2	GEVO	-	-	-	S	S	-	S	-	-	S
1498	1	EDAP	-	-	-	S	S	S	-	S	-	S
1498	2	TPIV	-	-	S	S	S	S	-	S	-	S
1498	3	MBVX	-	-	-	S	S	-	-	S	-	S
1498	4	DERE	-	-	-	S	S	-	-	S	-	S
1499	1	FRSX	S	S	-	S	S	-	-	S	S	S
1499	2	HEBT	S	-	S	S	S	S	S	S	-	S
1500	1	NNDM	-	S	-	S	S	-	S	S	-	-	S
1500	2	NNDM	-	S	-	S	S	-	S	S	-	-	S
1500	3	NNDM	-	S	-	S	S	-	S	-	-	-	S
1500	4	NNDM	-	S	-	S	S	-	S	-	-	-	S
1500	5	CORV	-	-	-	S	S	-	-	S	-	-	S
1500	6	CORV	-	-	-	S	S	-	S	S	-	-	S
1501	1	CLWT	S	-	S	S	S	-	-	S	-	-	S
1501	2	CREG	-	-	-	S	S	-	-	S	-	-	S
1502	1	SEII	-	-	-	S	S	S	S	S	-	-	S
1503	1	BLNK	-	-	-	S	S	-	-	S	-	-	S
1503	2	BLNK	-	-	-	S	S	-	-	S	-	-	S
1503	3	BLNK	-	-	-	S	S	-	-	S	-	-	S
1503	4	BIOL	-	-	-	S	S	-	S	S	-	-	S
1504	1	SLS	-	-	-	S	S	-	S	S	-	-	S
1504	2	JAGEX	50-100M	-	5x+	S	S	-	S	S	-	-	S
1504	3	CEODX	-	-	-	S	S	-	S	S	-	-	S
1505	1	SLS	-	-	-	S	S	-	S	S	-	-	S
1505	2	JAGEX	50-100M	-	5x+	S	S	-	S	S	-	-	S
1505	3	CEODX	-	-	-	S	S	-	S	S	-	-	S
1506	1	IFON	-	S	-	S	S	-	-	S	-	-	S
1506	2	DST	-	-	-	S	S	-	-	S	-	-	S
1507	1	IPAS	-	-	-	S	S	-	S	S	-	-	S
1507	2	IPAS	-	-	-	S	S	-	S	S	-	-	S
1507	3	LTRX	-	-	-	S	S	-	S	S	-	-	S
1507	4	LTRX	-	-	-	S	S	-	-	S	-	-	S
1507	5	OBLN	-	-	20x+	S	S	S	S	S	-	-	S
1507	6	SLS	-	-	-	S	S	-	S	S	-	-	S
1507	7	AWX	-	-	-	S	S	-	-	S	-	-	S
1510	1	JMU	-	-	-	S	S	-	-	S	-	-	S
1510	2	CIFS	-	-	-	S	S	S	-	S	-	-	S
1510	3	BPTH	-	-	-	S	S	-	-	S	-	-	S
1510	4	GLG	-	-	-	S	S	-	S	S	-	-	S
1511	1	HJLI	-	-	-	S	S	-	S	S	-	-	S
1511	2	WHLM	-	-	-	S	S	S	-	S	-	-	S
1512	1	IVVD	50M	-	-	S	S	-	-	S	-	-	S
1512	2	IVVD	50M	-	-	S	S	-	-	S	-	-	S
1512	3	IVVD	50M	-	-	S	S	-	S	S	-	-	S
1515	1	CLRO	-	-	-	S	S	S	S	S	-	-	S
1515	2	BMNR	-	-	-	S	S	S	S	S	-	-	S
1515	3	BGLC	-	-	-	S	S	-	-	S	-	-	S
1515	4	SNGX	-	-	-	S	S	-	S	S	-	-	S
1515	5	TRNR	-	-	-	S	S	-	S	S	-	-	S
1515	6	TRNR	-	-	-	S	S	-	S	S	-	-	S
1515	7	VVOS	-	-	-	S	S	-	S	S	-	-	S
1515	8	VVOS	-	-	-	S	S	-	-	S	-	-	S
1515	9	VVOS	-	-	-	S	S	-	S	S	-	-	S
1515	10	WTO	-	-	-	S	S	-	-	S	-	-	S
1515	11	WTO	-	-	-	S	S	-	S	S	-	-	S
1516	1	NIVF	-	S	-	S	S	-	-	S	-	-	S
1516	2	TRAW	-	-	-	S	S	S	-	S	-	-	S
1516	3	KPRX	-	-	-	S	S	S	-	S	-	-	S
1516	4	SOAR	-	-	-	S	S	-	-	S	-	-	S
1516	5	RSLS	-	-	-	S	S	-	-	S	-	-	S
1516	6	MCTR	-	-	-	S	S	-	-	S	-	-	S
1517	1	BUU	-	-	-	S	S	-	-	S	-	-	S
1517	2	ALBT	-	-	-	S	S	S	-	S	-	-	S
1517	3	GNLN	-	-	-	S	S	-	-	S	-	-	S
1517	4	GNLN	-	-	2x+	S	S	-	-	S	-	-	S
1519	1	ARBE	27M	-	-	S	S	-	-	S	-	-	S
1519	2	GDTC	-	-	-	S	S	-	-	S	-	-	S
1519	3	RHE	-	-	-	S	S	-	S	S	-	-	S
1520	1	BLNK	-	-	-	S	S	-	S	S	-	-	S
1520	2	BLNK	-	-	-	S	S	-	S	S	-	-	S
1520	3	BLNK	-	-	-	S	S	-	S	S	-	-	S
1520	4	BLNK	-	-	-	S	S	-	S	S	-	-	S
1520	5	AMDA	-	-	-	S	S	S	-	S	-	-	S
1520	6	AMDA	-	-	-	S	S	-	-	S	-	-	S
1520	7	AMDA	-	-	-	S	S	-	S	S	-	-	S
1520	8	GNPX	-	-	-	S	S	S	-	S	-	-	S
1521	1	CEI	-	-	-	S	S	-	-	S	-	-	S
1521	2	ADIL	-	-	-	S	S	S	-	S	-	-	S
1522	1	BLNK	-	-	-	S	S	-	-	S	-	-	S
1522	2	MOTS	-	-	-	S	S	-	-	S	-	-	S
1522	3	MOTS	-	-	-	S	S	-	S	S	-	-	S
1522	4	EMBX	-	-	-	S	S	-	-	S	-	-	S
1522	5	CARV	-	-	-	S	S	S	-	S	-	-	S
1522	6	CARV	-	-	-	S	S	-	-	S	-	-	S
1522	7	CARV	-	-	-	S	S	-	-	S	-	-	S
1522	8	ADVT	-	-	-	S	S	-	S	S	-	-	S
1523	1	DMPI	-	-	-	S	S	-	-	S	-	-	S
1523	2	DMPI	-	-	-	S	S	S	-	S	-	-	S
1523	3	DMPI	-	-	-	S	S	-	S	S	-	-	S
1523	4	DMPI	-	-	-	S	S	-	-	S	-	-	S
1523	5	SGMA	-	-	-	S	S	-	-	S	-	-	S
1524	1	SYTA	-	-	-	S	S	-	-	S	-	-	S
1524	2	EDBL	-	-	-	S	S	S	-	S	-	-	S
1524	3	ASST	-	-	-	S	S	-	S	S	-	-	S
1524	4	ASST	-	-	-	S	S	-	-	S	-	-	S
1524	5	SGMA	-	-	-	S	S	-	S	S	-	-	S
1524	6	ZKIN	-	-	-	S	S	-	S	S	-	-	S
1525	1	ZEO	-	-	-	S	S	-	-	S	-	-	S
1525	2	VCIG	-	-	20x+	S	S	S	-	S	S	-	S
1525	3	ALZN	-	200%+	15x+	S	S	-	-	S	-	-	S
1525	4	WETTO	-	-	-	S	S	-	S	S	-	-	S
1525	5	WETTO	-	-	-	S	S	-	-	S	-	-	S
1526	1	TCAT	-	-	-	S	S	-	-	S	-	-	S
1526	2	TCAT	-	-	-	S	S	-	S	S	-	-	S
1526	3	DLPN	-	-	-	S	S	S	-	S	-	-	S
1526	4	DLPN	-	-	-	S	S	S	-	S	-	-	S
1526	5	YVR	-	-	-	S	S	-	-	S	-	-	S
1526	6	YVR	-	-	-	S	S	-	S	S	-	-	S
1527	1	MBIOO	-	-	-	S	S	-	S	S	-	-	S
1527	2	MBIOO	-	-	-	S	S	-	S	S	-	-	S
1527	3	IMUX	-	-	5x	S	S	-	-	S	-	-	S
1527	4	YUXIN	-	-	-	S	S	-	S	S	-	-	S
1527	5	BOXL	-	-	-	S	S	-	S	S	-	-	S
1528	1	CHCI	-	-	-	S	S	S	-	S	-	-	S
1528	2	IFON	-	-	-	S	S	-	S	S	-	-	S
1528	3	CYTX	-	-	-	S	S	-	S	S	-	-	S
1529	1	JILL	-	-	-	S	S	-	S	S	-	-	S
1529	2	VKTX	-	-	-	S	S	-	-	S	-	-	S
1529	3	VKTX	-	-	-	S	S	-	S	S	-	-	S
1529	4	VKTX	-	-	-	S	S	-	S	S	-	-	S
1529	5	NDRA	-	-	-	S	S	-	S	S	-	-	S
1529	6	BOXL	-	-	-	S	S	-	S	S	-	-	S
1530	1	BKY	-	-	-	S	S	S	-	S	-	-	S
1530	2	AETI	-	-	-	S	S	-	-	S	-	-	S
1530	3	AETI	-	-	-	S	S	-	-	S	-	-	S
1530	4	AETI	-	-	-	S	S	-	-	S	-	-	S
1530	5	CHNR	-	-	-	S	S	-	-	S	-	-	S
1530	6	AETI	-	-	-	S	S	-	-	S	-	-	S
1531	1	AMRH	-	-	-	S	S	-	-	S	-	-	S
1531	2	AMRH	-	-	-	S	S	-	S	S	-	-	S
1531	3	AMRH	-	-	-	S	S	-	-	S	-	-	S
1531	4	CODX	-	-	-	S	S	S	-	S	-	-	S
1531	5	NDRA	-	-	-	S	S	-	S	S	-	-	S
1531	6	NDRA	-	-	-	S	S	S	-	S	-	-	S
1531	7	CHKE	-	-	-	S	S	-	-	S	-	-	S
1532	1	FCSC	-	-	-	S	S	-	S	S	-	-	S
1532	2	FCSC	-	-	-	S	S	-	-	S	-	-	S
1532	3	FCSC	-	-	-	S	S	S	-	S	-	-	S
1532	4	PXSH	-	-	-	S	S	-	-	S	-	-	S
1533	1	CHEK	-	-	-	S	S	-	S	S	-	-	S
1533	2	CARV	-	-	-	S	S	-	S	S	-	-	S
1534	1	AVGO	-	-	-	S	S	-	-	S	-	-	S
1534	2	XSLP	-	-	-	S	S	-	-	S	-	-	S
1534	3	WMLP	-	-	-	S	S	S	-	S	-	-	S
1534	4	WMLP	-	-	-	S	S	S	-	S	-	-	S
1534	5	DCAR	-	-	-	S	S	-	-	S	-	-	S
1534	6	CHKE	-	-	-	S	S	-	S	S	-	-	S
1535	1	BGI	-	-	-	S	S	-	S	S	-	-	S
1535	2	CHCI	-	-	-	S	S	-	S	S	-	-	S
1535	3	CODX	-	-	-	S	S	-	-	S	-	-	S
1535	4	CODX	-	-	-	S	S	-	-	S	-	-	S
1537	1	EDHL	-	-	-	S	S	-	S	S	-	-	S
1537	2	MLEC	-	-	-	S	S	S	-	S	-	-	S
1538	1	INDO	-	-	-	S	S	-	S	S	-	-	S
1538	2	INDO	-	-	-	S	S	S	-	S	-	-	S
1539	1	ATHA	-	-	-	S	S	S	-	S	-	-	S
1539	2	LHAI	-	-	-	S	S	S	-	S	-	-	S
1539	3	PAVS	-	-	-	S	S	-	-	S	-	-	S
1540	1	APM	-	-	-	S	S	-	S	S	-	-	S
1540	2	APM	-	-	-	S	S	-	-	S	-	-	S
1540	3	APM	-	-	-	S	S	S	-	S	-	-	S
1540	4	APM	-	-	-	S	S	-	-	S	-	-	S
1540	5	APM	-	-	-	S	S	S	-	S	-	-	S
1540	6	APM	-	-	-	S	S	-	S	S	-	-	S
1540	7	APM	-	-	-	S	S	-	-	S	-	-	S
1540	8	APM	-	-	-	S	S	S	-	S	-	-	S
1540	9	APM	-	-	-	S	S	-	-	S	-	-	S
1540	10	CHR	-	-	-	S	S	-	-	S	-	-	S
1541	1	LYT	-	-	-	S	S	-	S	S	-	-	S
1541	2	LYT	-	-	-	S	S	-	-	S	-	-	S
1541	3	LYT	-	-	10x+	S	S	S	-	S	-	-	S
1541	4	CEO	-	-	-	S	S	-	-	S	-	-	S
1541	5	CEO	-	-	-	S	S	-	S	S	-	-	S
1541	6	MSAI	-	-	-	S	S	-	S	S	-	-	S
1541	7	APVO	-	-	-	S	S	-	-	S	-	-	S
1541	8	APVO	-	-	-	S	S	-	S	S	-	-	S
1541	9	CZ	-	-	-	S	S	-	-	S	-	-	S
1542	1	CIRC	-	-	S	S	S	S	-	S	-	-	S
1542	2	CIRC	-	-	30x+	S	S	S	-	S	-	-	S
1542	3	CIRC	-	-	30x+	S	S	-	S	S	-	-	S
1543	1	RYA	-	-	-	S	S	S	-	S	-	-	S
1543	2	MOVE	-	-	-	S	S	S	-	S	-	-	S
1543	3	SLE	-	-	-	S	S	S	-	S	-	-	S
1544	1	CSII	-	-	-	S	S	-	S	S	-	-	S
1544	2	MEDS	-	-	-	S	S	-	-	S	-	-	S
1544	3	LR	-	-	-	S	S	-	S	S	-	-	S
1544	4	CMMB	-	-	-	S	S	-	-	S	-	-	S
1544	5	SPRC	-	-	-	S	S	S	-	S	-	-	S
1544	6	CMDD	-	-	-	S	S	-	S	S	-	-	S
1544	7	PRSO	-	-	-	S	S	-	S	S	-	-	S
1544	8	MNPR	-	-	-	S	S	-	S	S	-	-	S
1545	1	CAPR	-	-	-	S	S	-	S	S	-	-	S
1545	2	CHCI	-	-	-	S	S	S	-	S	-	-	S
1545	3	BSPM	-	-	-	S	S	-	S	S	-	-	S
1546	1	PXS	-	-	-	S	S	-	-	S	-	-	S
1546	2	GLBS	-	-	-	S	S	S	-	S	-	-	S
1547	1	YUUMA	-	-	-	S	S	S	-	S	-	-	S
1547	2	YUUMA	-	-	-	S	S	-	S	S	-	-	S
1547	3	???	-	-	-	S	S	-	S	S	-	-	S
1548	1	MGOL	-	-	-	-	-	-	S	-	-	-	S
1548	2	RBLX	-	-	-	S	S	-	S	S	-	-	S
1548	3	EDSA	-	-	-	S	S	S	S	S	-	-	S
1548	4	TCBP	-	-	-	S	S	-	-	S	-	-	S
1548	5	DCFC	-	-	-	S	S	-	-	S	-	-	S
1548	6	DCFC	-	-	-	S	S	-	S	S	-	-	S
1549	1	XSPA	-	S	-	S	S	-	-	S	-	-	S
1549	2	AYTU	-	-	-	S	S	S	-	S	-	-	S
1549	3	AYTU	-	-	-	S	S	-	S	S	-	-	S
1549	4	LEDS	-	-	-	S	S	S	-	S	-	-	S
=== FILE 1551 ===
TRADE_MECHANICS:
| # | FLOAT | GAP% | REL_VOL | PATTERN_TYPE | ENTRY_TRIGGER | ADD_ON_MECHANIC | STOP_CRITERIA | T1_TARGET | TIME_OF_ENTRY | MACD_STATE | HOLD_DURATION |
|---|-------|------|---------|--------------|---------------|-----------------|---------------|-----------|---------------|------------|---------------|
| 1 | - | - | - | gap-and-go | squeeze at open $3.50 to $4.00 | added at $3.95 | - | $4.09-$4.12 | 9:31am | unknown | short |
| 2 | - | - | - | whole-dollar-break | consolidation breakout pop | - | - | $3.83 | - | unknown | scalp |
| 3 | - | - | - | flat-top | 5-min flag breakout squeeze | - | - | quick scalp exit | - | unknown | scalp |
=== FILE 1552 ===
TRADE_MECHANICS:
| # | FLOAT | GAP% | REL_VOL | PATTERN_TYPE | ENTRY_TRIGGER | ADD_ON_MECHANIC | STOP_CRITERIA | T1_TARGET | TIME_OF_ENTRY | MACD_STATE | HOLD_DURATION |
|---|-------|------|---------|--------------|---------------|-----------------|---------------|-----------|---------------|------------|---------------|
| 1 | - | - | - | vwap-reclaim | break of $6.50 resistance | scaled adds | - | $6.50+ | - | unknown | short |
| 2 | - | - | - | dip-buy | dip re-entry retest high | - | - | dip level | - | unknown | short |
| 3 | - | - | - | volatility-pop | volatility pop squeeze | - | - | resistance | - | unknown | scalp |
| 4 | - | yes | - | dip-buy | consolidation dip | - | - | quick scalp | - | unknown | scalp |
| 5 | - | - | - | vwap-reclaim | VWAP reclaim break of $7.00 | scaled adds | - | $7.00+ | - | unknown | extended |
=== FILE 1553 ===
TRADE_MECHANICS:
| # | FLOAT | GAP% | REL_VOL | PATTERN_TYPE | ENTRY_TRIGGER | ADD_ON_MECHANIC | STOP_CRITERIA | T1_TARGET | TIME_OF_ENTRY | MACD_STATE | HOLD_DURATION |
|---|-------|------|---------|--------------|---------------|-----------------|---------------|-----------|---------------|------------|---------------|
| 1 | - | - | - | unknown | unknown | - | reversal | - | - | unknown | unknown |
| 2 | - | - | - | dip-buy | dip buy consolidation | - | reversal at $4.40 | $5.00 support | - | unknown | short |
=== FILE 1554 ===
TRADE_MECHANICS:
| # | FLOAT | GAP% | REL_VOL | PATTERN_TYPE | ENTRY_TRIGGER | ADD_ON_MECHANIC | STOP_CRITERIA | T1_TARGET | TIME_OF_ENTRY | MACD_STATE | HOLD_DURATION |
|---|-------|------|---------|--------------|---------------|-----------------|---------------|-----------|---------------|------------|---------------|
| 1 | - | - | - | red-to-green | daily breakout | - | failed breakout reversal | $1.85-$1.89 | - | unknown | short |
| 2 | - | - | - | dip-buy | bounce dip entry | - | reversal at $1.70 | $2.00+ | - | unknown | short |
| 3 | - | - | 120%+ | gap-and-go | break of premarket high | scaled across range | - | $4.65 | 10:00-10:12am | unknown | extended |
=== FILE 1555 ===
TRADE_MECHANICS:
| # | FLOAT | GAP% | REL_VOL | PATTERN_TYPE | ENTRY_TRIGGER | ADD_ON_MECHANIC | STOP_CRITERIA | T1_TARGET | TIME_OF_ENTRY | MACD_STATE | HOLD_DURATION |
|---|-------|------|---------|--------------|---------------|-----------------|---------------|-----------|---------------|------------|---------------|
| 1 | - | yes | - | whole-dollar-break | Bitcoin sympathy news pop | - | quick scalp | - | - | unknown | scalp |
| 2 | - | - | - | gap-and-go | board approves BTC treasury | scaled adds | reversal at $5.80 | $6.00+ | - | unknown | short |
| 3 | - | - | - | cup-and-handle | cup-and-handle breakout strength | scaled through resistance | insider walls | $6.50-$7.00 | - | unknown | extended |
=== FILE 1557 ===
TRADE_MECHANICS:
| # | FLOAT | GAP% | REL_VOL | PATTERN_TYPE | ENTRY_TRIGGER | ADD_ON_MECHANIC | STOP_CRITERIA | T1_TARGET | TIME_OF_ENTRY | MACD_STATE | HOLD_DURATION |
|---|-------|------|---------|--------------|---------------|-----------------|---------------|-----------|---------------|------------|---------------|
| 1 | - | - | - | micro-pullback | opening range pullback | scaled adds | - | $8.10 | - | unknown | short |
| 2 | - | - | - | gap-and-go | opening range breakout gap pop | scaled through resistance | circuit breaker halt | $5.50-$6.25 | 8:00am | unknown | extended |
=== FILE 1558 ===
TRADE_MECHANICS:
| # | FLOAT | GAP% | REL_VOL | PATTERN_TYPE | ENTRY_TRIGGER | ADD_ON_MECHANIC | STOP_CRITERIA | T1_TARGET | TIME_OF_ENTRY | MACD_STATE | HOLD_DURATION |
|---|-------|------|---------|--------------|---------------|-----------------|---------------|-----------|---------------|------------|---------------|
| 1 | - | - | - | gap-and-go | momentum squeeze | - | failed momentum | $4.43 | - | unknown | scalp |
| 2 | - | yes | - | whole-dollar-break | news-driven half-dollar break | scaled adds | - | $5.28 | 10:00am | unknown | short |
=== FILE 1559 ===
TRADE_MECHANICS:
| # | FLOAT | GAP% | REL_VOL | PATTERN_TYPE | ENTRY_TRIGGER | ADD_ON_MECHANIC | STOP_CRITERIA | T1_TARGET | TIME_OF_ENTRY | MACD_STATE | HOLD_DURATION |
|---|-------|------|---------|--------------|---------------|-----------------|---------------|-----------|---------------|------------|---------------|
| 1 | - | yes | - | red-to-green | red-to-green move reverse split | - | reversal dropped | $8.00 | - | unknown | short |
| 2 | - | yes | - | halt-resume | halt-resume bounce off low | scaled through resistance | - | $4.75 | - | unknown | extended |
=== FILE 1560 ===
TRADE_MECHANICS:
| # | FLOAT | GAP% | REL_VOL | PATTERN_TYPE | ENTRY_TRIGGER | ADD_ON_MECHANIC | STOP_CRITERIA | T1_TARGET | TIME_OF_ENTRY | MADC_STATE | HOLD_DURATION |
|---|-------|------|---------|--------------|---------------|-----------------|---------------|-----------|---------------|------------|---------------|
| 1 | - | - | - | gap-and-go | break of premarket high | scaled through resistance | - | $9.40+ | - | unknown | short |
| 2 | - | - | - | whole-dollar-break | 5-min dip entry break over $9.45 | - | - | $9.50+ | - | unknown | scalp |
| 3 | - | - | - | flat-top | add on consolidation anticipate | - | reversal dropped | $11.00 | - | unknown | short |
=== FILE 1561 ===
TRADE_MECHANICS:
| # | FLOAT | GAP% | REL_VOL | PATTERN_TYPE | ENTRY_TRIGGER | ADD_ON_MECHANIC | STOP_CRITERIA | T1_TARGET | TIME_OF_ENTRY | MACD_STATE | HOLD_DURATION |
|---|-------|------|---------|--------------|---------------|-----------------|---------------|-----------|---------------|------------|---------------|
| 1 | - | - | - | whole-dollar-break | anticipating run 6000 shares | - | weakened | $7.33 | - | unknown | short |
| 2 | - | yes | - | red-to-green | reverse split red-to-green | - | reversal dropped | $8.00 | - | unknown | short |
=== FILE 1562 ===
TRADE_MECHANICS:
| # | FLOAT | GAP% | REL_VOL | PATTERN_TYPE | ENTRY_TRIGGER | ADD_ON_MECHANIC | STOP_CRITERIA | T1_TARGET | TIME_OF_ENTRY | MACD_STATE | HOLD_DURATION |
|---|-------|------|---------|--------------|---------------|-----------------|---------------|-----------|---------------|------------|---------------|
| 1 | 878K | 57% | - | red-to-green | red-to-green confirmation VWAP break | added at $11.60 | reversal at high-of-day | $12.00 | - | unknown | short |
| 2 | 878K | 57% | - | whole-dollar-break | add on strength for $12.00 | - | reversal stop | $12.00 | - | unknown | short |
| 3 | 878K | 57% | - | whole-dollar-break | break of high-of-day $11.89 | - | - | $12.00+ | - | unknown | short |
=== FILE 1563 ===
TRADE_MECHANICS:
| # | FLOAT | GAP% | REL_VOL | PATTERN_TYPE | ENTRY_TRIGGER | ADD_ON_MECHANIC | STOP_CRITERIA | T1_TARGET | TIME_OF_ENTRY | MACD_STATE | HOLD_DURATION |
|---|-------|------|---------|--------------|---------------|-----------------|---------------|-----------|---------------|------------|---------------|
| 1 | - | - | - | whole-dollar-break | break of half-dollar | - | - | $8.41+ | - | unknown | scalp |
| 2 | - | - | - | gap-and-go | 1-min opening range breakout | scaled exits | - | $8.99-$9.19 | - | unknown | short |
| 3 | - | - | - | dip-buy | dip buy on flag 1-min pullback | - | - | resistance | - | unknown | short |
| 4 | - | - | - | flat-top | add on consolidation | scaled at resistance | - | resistance | - | unknown | short |
| 5 | - | - | - | whole-dollar-break | anticipate break over half-dollar | added through | - | half-dollar+ | - | unknown | short |
| 6 | - | - | - | whole-dollar-break | momentum scanner pop | - | - | resistance | - | unknown | scalp |
| 7 | - | - | - | unknown | unknown | - | - | breakeven | - | unknown | unknown |
=== FILE 1565 ===
TRADE_MECHANICS:
| # | FLOAT | 170K | REL_VOL | PATTERN_TYPE | ENTRY_TRIGGER | ADD_ON_MECHANIC | STOP_CRITERIA | T1_TARGET | TIME_OF_ENTRY | MACD_STATE | HOLD_DURATION |
|---|-------|------|---------|--------------|---------------|-----------------|---------------|-----------|---------------|------------|---------------|
| 1 | 170K | 24% | 929K | red-to-green | red-to-green break of VWAP | scaled exits | - | $6.37+ | - | unknown | short |
| 2 | 170K | 24% | 929K | dip-buy | bounce entry add on strength | - | reversal | $6.50-$7.00 | - | unknown | short |
| 3 | 170K | 24% | 929K | dip-buy | dip buy at VWAP add over | scaled exits | - | $6.39+ | - | unknown | short |
| 4 | 170K | 24% | 929K | whole-dollar-break | add on momentum anticipate | - | exit on weakness | $6.50 | - | unknown | short |
=== FILE 1566 ===
TRADE_MECHANICS:
| # | FLOAT | GAP% | REL_VOL | PATTERN_TYPE | ENTRY_TRIGGER | ADD_ON_MECHANIC | STOP_CRITERIA | T1_TARGET | TIME_OF_ENTRY | MACD_STATE | HOLD_DURATION |
|---|-------|------|---------|--------------|---------------|-----------------|---------------|-----------|---------------|------------|---------------|
| 1 | - | yes | - | gap-and-go | gap-and-go news momentum | - | - | - | - | unknown | scalp |
| 2 | - | yes | - | halt-resume | halt resume dip-and-rip | - | halt-down stuck | - | - | unknown | short |
| 3 | - | yes | - | halt-resume | 2nd halt resume anticipate | - | reversal | - | - | unknown | short |
| 4 | - | - | - | whole-dollar-break | momentum pop breakout | - | - | resistance | - | unknown | scalp |
| 5 | - | yes | - | unknown | unknown setup | - | - | breakeven | - | unknown | short |
=== FILE 1567 ===
TRADE_MECHANICS:
| # | FLOAT | GAP% | REL_VOL | PATTERN_TYPE | ENTRY_TRIGGER | ADD_ON_MECHANIC | STOP_CRITERIA | T1_TARGET | TIME_OF_ENTRY | MACD_STATE | HOLD_DURATION |
|---|-------|------|---------|--------------|---------------|-----------------|---------------|-----------|---------------|------------|---------------|
| 1 | 3.5M | 76% | 2.35M | gap-and-go | pop breakout first candle high | - | - | - | - | unknown | scalp |
| 2 | 3.5M | 76% | 2.35M | dip-buy | add on pullback 1-min flag | - | reversal | - | - | unknown | short |
| 3 | - | - | - | halt-resume | halt resume bounce off low | - | halt | $1st halt | - | unknown | scalp |
| 4 | - | - | - | whole-dollar-break | 1st candle to make new high | scaled through resistance | - | $4.75 | - | unknown | extended |
| 5 | - | - | - | whole-dollar-break | add for break of $4.20 | scaled out | - | $4.75+ | - | unknown | short |
| 6 | - | - | - | whole-dollar-break | continuation play add | - | reversal pulled back | $4.75+ | - | unknown | short |
=== FILE 1573 ===
TRADE_MECHANICS:
| # | FLOAT | GAP% | REL_VOL | PATTERN_TYPE | ENTRY_TRIGGER | ADD_ON_MECHANIC | STOP_CRITERIA | T1_TARGET | TIME_OF_ENTRY | MACD_STATE | HOLD_DURATION |
|---|-------|------|---------|--------------|---------------|-----------------|---------------|-----------|---------------|------------|---------------|
| 1 | - | - | - | whole-dollar-break | break of $1.00 whole dollar | - | rejected at $1.14 | $1.00 break | - | unknown | short |
| 2 | - | - | - | whole-dollar-break | second entry over $1.11 | - | flushed down | $1.11 level | - | unknown | short |
| 3 | - | - | - | whole-dollar-break | break of $7.00 on squeeze | - | - | $7.05 | - | unknown | scalp |
| 4 | - | - | - | dip-buy | dip buy micro-pullback re-entry | - | reversal | - | - | unknown | short |
| 5 | - | - | - | whole-dollar-break | third entry for break of $8.50 | - | stopped at $8.25 | $8.50 break | - | unknown | short |
| 6 | - | - | - | gap-and-go | break of level momentum | - | failed breakout | - | - | unknown | short |
| 7 | - | - | - | dip-buy | dip buy micro-pullback | - | - | $12.00-$13.00 | - | unknown | short |
| 8 | - | - | - | whole-dollar-break | after-hours breakout big buyer | - | - | $20.50 | - | unknown | short |
=== FILE 1574 ===
TRADE_MECHANICS:
| # | FLOAT | GAP% | REL_VOL | PATTERN_TYPE | ENTRY_TRIGGER | ADD_ON_MECHANIC | STOP_CRITERIA | T1_TARGET | TIME_OF_ENTRY | MACD_STATE | HOLD_DURATION |
|---|-------|------|---------|--------------|---------------|-----------------|---------------|-----------|---------------|------------|---------------|
| 1 | - | - | - | whole-dollar-break | break of $12.50 micro-pullback | scaled at $15.00 | - | $15.00 | - | unknown | short |
| 2 | - | - | - | whole-dollar-break | break of $10.00 daily resistance | scaled $12.00-$13.00 | - | $13.00+ | - | unknown | short |
| 3 | - | yes | - | dip-buy | dip buy micro-pullback | scaled at $9.00-$10.00 | - | $10.00 | - | unknown | short |
=== FILE 1575 ===
TRADE_MECHANICS:
| # | FLOAT | GAP% | REL_VOL | PATTERN_TYPE | ENTRY_TRIGGER | ADD_ON_MECHANIC | STOP_CRITERIA | T1_TARGET | TIME_OF_ENTRY | MACD_STATE | HOLD_DURATION |
|---|-------|------|---------|--------------|---------------|-----------------|---------------|-----------|---------------|------------|---------------|
| 1 | - | - | - | vwap-reclaim | VWAP break micro-pullback | scaled $13.00-$15.00 | - | $15.00+ | - | unknown | short |
| 2 | - | - | - | whole-dollar-break | descending resistance break dips | scaled $10.40-$11.80 | - | $11.80+ | - | unknown | extended |
| 3 | - | yes | - | dip-buy | curl up micro-pullback buy | scattered exits $14.00-$16 | - | $14.00+ | - | unknown | extended |
| 4 | - | - | - | dip-buy | dip buy momentum squeeze | scaled $14.50-$16.00 | - | $16.00+ | - | unknown | short |
=== FILE 1576 ===
TRADE_MECHANICS:
| # | FLOAT | GAP% | REL_VOL | PATTERN_TYPE | ENTRY_TRIGGER | ADD_ON_MECHANIC | STOP_CRITERIA | T1_TARGET | TIME_OF_ENTRY | MACD_STATE | HOLD_DURATION |
|---|-------|------|---------|--------------|---------------|-----------------|---------------|-----------|---------------|------------|---------------|
| 1 | - | yes | - | gap-and-go | break of $3.50 morning gap | - | failed breakout | $3.50 break | - | unknown | short |
| 2 | - | - | - | dip-buy | dip buy micro-pullback | - | - | $5.00 | - | unknown | scalp |
| 3 | - | yes | - | red-to-green | dip re-entry red-to-green | - | couldn't break $3.50 | $3.50 level | - | unknown | short |
| 4 | - | - | - | halt-resume | halt resume break of bid | scaled $1.18-$1.21 | - | $1.21 | - | unknown | short |
| 5 | - | - | - | dip-buy | dip buy consolidation break | - | halt-down reversal | - | - | unknown | short |
=== FILE 1577 ===
TRADE_MECHANICS:
| # | FLOAT | GAP% | REL_VOL | PATTERN_TYPE | ENTRY_TRIGGER | ADD_ON_MECHANIC | STOP_CRITERIA | T1_TARGET | TIME_OF_ENTRY | MACD_STATE | HOLD_DURATION |
|---|-------|------|---------|--------------|---------------|-----------------|---------------|-----------|---------------|------------|---------------|
| 1 | - | - | - | gap-and-go | first 1-min candle to make new high | escalated 20K | flush 40 cents | - | - | unknown | short |
| 2 | - | - | - | dip-buy | bounce off $8 micro-pullback | doubled to 20K | second flush | $8.00 bounce | - | unknown | short |
| 3 | - | - | - | vwap-reclaim | VWAP bounce 10K starter double | - | flushed | - | - | unknown | short |
| 4 | - | - | - | gap-and-go | first 5-min candle high 30K | - | immediate flush | $7.53 break | - | unknown | short |
| 5 | - | - | - | gap-and-go | morning gapper recovery scalp | - | - | quick exit | - | unknown | scalp |
| 6 | - | - | - | whole-dollar-break | break of $400 whole dollar | - | - | $400 break | - | unknown | scalp |
=== FILE 1578 ===
TRADE_MECHANICS:
| # | FLOAT | GAP% | REL_VOL | PATTERN_TYPE | ENTRY_TRIGGER | ADD_ON_MECHANIC | STOP_CRITERIA | T1_TARGET | TIME_OF_ENTRY | MACD_STATE | HOLD_DURATION |
|---|-------|------|---------|--------------|---------------|-----------------|---------------|-----------|---------------|------------|---------------|
| 1 | - | - | 112% | gap-and-go | consolidation breakout squeeze | - | - | $3.50 | - | unknown | short |
| 2 | - | yes | - | dip-buy | dip buy on light volume | - | failed breakout | - | - | unknown | short |
| 3 | - | yes | - | whole-dollar-break | second entry break of high | - | reversal | - | - | unknown | short |
| 4 | - | - | - | whole-dollar-break | break of $17 squeeze | scaled exits | - | $17+ | - | unknown | short |
| 5 | - | - | - | dip-buy | add on dip bounce attempt | - | halt-down reversed | - | - | unknown | short |
=== FILE 1579 ===
TRADE_MECHANICS:
| # | FLOAT | GAP% | REL_VOL | PATTERN_TYPE | ENTRY_TRIGGER | ADD_ON_MECHANIC | STOP_CRITERIA | T1_TARGET | TIME_OF_ENTRY | MACD_STATE | HOLD_DURATION |
|---|-------|------|---------|--------------|---------------|-----------------|---------------|-----------|---------------|------------|---------------|
| 1 | - | - | - | whole-dollar-break | break of $6 2K starter | - | - | $6.50 | - | unknown | short |
| 2 | - | - | - | dip-buy | dip re-entry break prior high | - | - | $7.26 | - | unknown | short |
| 3 | - | - | - | whole-dollar-break | bigger size for $7.50 break | - | reversed | $7.50 | - | unknown | short |
| 4 | - | - | - | dip-buy | dip recovery buy | - | - | bounce | - | unknown | short |
| 5 | - | - | - | whole-dollar-break | quick punt for $7.50 break | - | rejected at $6.70 | $7.50 | - | unknown | short |
| 6 | - | - | - | vwap-reclaim | VWAP break adds at $6.75 | added at resistance | - | $7.00 | - | unknown | short |
| 7 | - | - | - | whole-dollar-break | break of prior high $7.10 | added at $7.10 | - | $8.00 | - | unknown | short |
| 8 | - | - | - | whole-dollar-break | break of $8 whole dollar | - | flushed | $8+ | - | unknown | short |
| 9 | - | yes | - | whole-dollar-break | news pop low float | - | - | - | - | unknown | scalp |
=== FILE 1591 ===
TRADE_MECHANICS:
| # | FLOAT | GAP% | REL_VOL | PATTERN_TYPE | ENTRY_TRIGGER | ADD_ON_MECHANIC | STOP_CRITERIA | T1_TARGET | TIME_OF_ENTRY | MACD_STATE | HOLD_DURATION |
|---|-------|------|---------|--------------|---------------|-----------------|---------------|-----------|---------------|------------|---------------|
| 1 | <1M | 196% | - | whole-dollar-break | break of $4.00 first pullback dip | - | - | $3.90-$4.20 | - | unknown | short |
| 2 | <1M | 196% | - | red-to-green | red-to-green 5-min break of $3.50 | scaled exits | - | $4.20+ | - | unknown | short |
| 3 | <1M | 196% | - | dip-buy | pullback dip momentum | - | - | $4.85+ | - | unknown | extended |
| 4 | - | - | - | gap-and-go | break of premarket high $8.68 | - | - | $9.70-$10.68 | - | unknown | short |
=== FILE 1596 ===
TRADE_MECHANICS:
| # | FLOAT | GAP% | REL_VOL | PATTERN_TYPE | ENTRY_TRIGGER | ADD_ON_MECHANIC | STOP_CRITERIA | T1_TARGET | TIME_OF_ENTRY | MACD_STATE | HOLD_DURATION |
|---|-------|------|---------|--------------|---------------|-----------------|---------------|-----------|---------------|------------|---------------|
| 1 | - | - | - | gap-and-go | break of $12.50 new high candle | - | - | $2.15 | - | unknown | short |
| 2 | - | - | - | vwap-reclaim | VWAP bounce micro pullback | - | VWAP rejection | VWAP level | - | unknown | short |
| 3 | - | yes | - | whole-dollar-break | break of consolidation high | - | - | momentum exit | - | unknown | short |
| 4 | - | yes | - | dip-buy | dip buyback bounce play | - | reversal at $8.00 | bounce | - | unknown | short |
| 5 | - | yes | - | whole-dollar-break | descending resistance break pivot | - | - | $10.50 | - | unknown | short |
| 6 | - | yes | - | vwap-reclaim | VWAP reclaim high of day break | - | - | $12.00+ | - | unknown | extended |
=== FILE 1597 ===
TRADE_MECHANICS:
| # | FLOAT | GAP% | REL_VOL | PATTERN_TYPE | ENTRY_TRIGGER | ADD_ON_MECHANIC | STOP_CRITERIA | T1_TARGET | TIME_OF_ENTRY | MACD_STATE | HOLD_DURATION |
|---|-------|------|---------|--------------|---------------|-----------------|---------------|-----------|---------------|------------|---------------|
| 1 | - | - | - | gap-and-go | break of $5.50 premarket high | multi-layered adds | - | $10.44 | 8:04am | unknown | extended |
| 2 | - | - | - | dip-buy | dip buy support hold | - | - | $9.50 | - | unknown | short |
| 3 | - | - | - | gap-and-go | momentum pop observed | - | missed entry extended | - | - | unknown | unknown |
=== FILE 1598 ===
TRADE_MECHANICS:
| # | FLOAT | GAP% | REL_VOL | PATTERN_TYPE | ENTRY_TRIGGER | ADD_ON_MECHANIC | STOP_CRITERIA | T1_TARGET | TIME_OF_ENTRY | MACD_STATE | HOLD_DURATION |
|---|-------|------|---------|--------------|---------------|-----------------|---------------|-----------|---------------|------------|---------------|
| 1 | - | - | - | whole-dollar-break | break of $10 whole-dollar | doubled position | reversal VWAP rejection | $11.50 | - | unknown | short |
| 2 | - | yes | - | dip-buy | scanner pop micro pullback | - | - | $13.50 | 8:15am | unknown | short |
| 3 | - | yes | - | red-to-green | compliance news pop and dip | - | - | momentum spike | - | unknown | short |
| 4 | - | yes | - | whole-dollar-break | premarket pivot break | added into push | - | $10.00+ | - | unknown | short |
| 5 | - | yes | - | vwap-reclaim | add on strength pivot support | - | - | $11.00+ | - | unknown | short |
| 6 | - | yes | - | dip-buy | momentum continuation micro pull | - | - | before halt | - | unknown | short |
=== TSV_AUDIT ===
1551	1	BTAI	-	-	-	S	S	S	-	S	S	-	S
1551	2	BTAI	-	-	-	S	S	-	-	S	-	-	S
1551	3	ADIL	-	-	-	S	S	-	-	S	-	-	S
1552	1	KMRK	-	-	-	S	S	S	-	S	-	-	S
1552	2	KMRK	-	-	-	S	S	-	-	S	-	-	S
1552	3	KMRK	-	-	-	S	S	-	-	S	-	-	S
1552	4	MEIP	-	S	-	S	S	-	-	S	-	-	S
1552	5	LWR	-	-	-	S	S	S	-	S	-	-	S
1553	1	UNK	-	-	-	-	-	-	-	-	-	-	-
1553	2	DBGI	-	-	-	S	S	-	S	S	-	-	S
1554	1	SOLY	-	-	-	S	S	-	S	S	-	-	S
1554	2	SOLY	-	-	-	S	S	-	S	S	-	-	S
1554	3	CEI	-	-	S	S	S	S	-	S	S	-	S
1555	1	BTCT	-	S	-	S	S	-	-	S	-	-	S
1555	2	TRNR	-	-	-	S	S	S	-	S	-	-	S
1555	3	SPAI	-	-	-	S	S	S	-	S	-	-	S
1557	1	SXTC	-	-	-	S	S	S	-	S	-	-	S
1557	2	TMSR	-	-	-	S	S	S	S	S	S	-	S
1558	1	BMRA	-	-	-	S	S	-	-	S	-	-	S
1558	2	SRAX	-	S	-	S	S	S	-	S	S	-	S
1559	1	CETX	-	S	-	S	S	-	-	S	-	-	S
1559	2	NETE	-	S	-	S	S	S	-	S	-	-	S
1560	1	CTRY	-	-	-	S	S	S	-	S	-	-	S
1560	2	CTRY	-	-	-	S	S	-	-	S	-	-	S
1560	3	CTRY	-	-	-	S	S	-	S	S	-	-	S
1561	1	PLMD	-	-	-	S	S	-	-	S	-	-	S
1561	2	ONTX	-	S	-	S	S	-	S	S	-	-	S
1562	1	OPGN	S	S	-	S	S	S	-	S	-	-	S
1562	2	OPGN	S	S	-	S	S	-	S	S	-	-	S
1562	3	OPGN	S	S	-	S	S	-	-	S	-	-	S
1563	1	ZSE	-	-	-	S	S	-	-	S	-	-	S
1563	2	ZSE	-	-	-	S	S	S	-	S	-	-	S
1563	3	ZSE	-	-	-	S	S	-	-	S	-	-	S
1563	4	ZSE	-	-	-	S	S	-	-	S	-	-	S
1563	5	ZSE	-	-	-	S	S	S	-	S	-	-	S
1563	6	AVG	-	-	-	S	S	-	-	S	-	-	S
1563	7	AVG	-	-	-	-	-	-	-	-	-	-	-
1565	1	VIVE	S	S	S	S	S	S	-	S	-	-	S
1565	2	VIVE	S	S	S	S	S	-	S	S	-	-	S
1565	3	VIVE	S	S	S	S	S	S	-	S	-	-	S
1565	4	VIVE	S	S	S	S	S	S	-	S	-	-	S
1566	1	JSPR	-	S	-	S	S	-	-	S	-	-	S
1566	2	VVOS	-	S	-	S	S	-	S	-	-	-	S
1566	3	VVOS	-	S	-	S	S	-	S	-	-	-	S
1566	4	AMV	-	-	-	S	S	-	-	S	-	-	S
1566	5	KALA	-	S	-	-	-	-	-	S	-	-	S
1567	1	HEPA	S	S	S	S	S	-	-	S	-	-	S
1567	2	HEPA	S	S	S	S	S	-	S	-	-	-	S
1567	3	WAFU	-	-	-	S	S	-	S	S	-	-	S
1567	4	WAFU	-	-	-	S	S	S	-	S	-	-	S
1567	5	WAFU	-	-	-	S	S	S	-	S	-	-	S
1567	6	WAFU	-	-	-	S	S	-	S	S	-	-	S
1573	1	TNH	-	-	-	S	S	-	S	S	-	-	S
1573	2	TNH	-	-	-	S	S	-	S	S	-	-	S
1573	3	GTBP	-	-	-	S	S	-	-	S	-	-	S
1573	4	GTBP	-	-	-	S	S	-	S	S	-	-	S
1573	5	GTBP	-	-	-	S	S	-	S	S	-	-	S
1573	6	TIX	-	-	-	S	S	-	S	-	-	-	S
1573	7	MTC	-	-	-	S	S	-	-	S	-	-	S
1573	8	CTNT	-	-	-	S	S	-	-	S	-	-	S
1574	1	MLGO	-	-	-	S	S	S	-	S	-	-	S
1574	2	RGS	-	-	-	S	S	S	-	S	-	-	S
1574	3	VLCN	-	S	-	S	S	-	-	S	-	-	S
1575	1	BMNR	-	S	-	S	S	S	-	S	-	-	S
1575	2	WBUY	-	-	-	S	S	S	-	S	-	-	S
1575	3	ARTL	-	S	-	S	S	S	-	S	-	-	S
1575	4	XCUR	-	-	-	S	S	S	-	S	-	-	S
1576	1	RSLS	-	S	-	S	S	-	S	S	-	-	S
1576	2	XONI	-	-	-	S	S	-	-	S	-	-	S
1576	3	RSLS	-	S	-	S	S	-	S	S	-	-	S
1576	4	NVLN	-	-	-	S	S	S	-	S	-	-	S
1576	5	CHFS	-	-	-	S	S	-	S	-	-	-	S
1577	1	SAVA	-	-	-	S	S	S	S	-	-	-	S
1577	2	SAVA	-	-	-	S	S	S	S	S	-	-	S
1577	3	SAVA	-	-	-	S	S	S	S	-	-	-	S
1577	4	SAVA	-	-	-	S	S	S	S	S	-	-	S
1577	5	VXRT	-	-	-	S	S	-	-	S	-	-	S
1577	6	TSLA	-	-	-	S	S	-	-	S	-	-	S
1578	1	WEA	-	S	S	S	S	-	-	S	-	-	S
1578	2	BJDX	-	S	-	S	S	-	S	-	-	-	S
1578	3	BJDX	-	S	-	S	S	-	S	-	-	-	S
1578	4	MLGO	-	-	-	S	S	S	-	S	-	-	S
1578	5	MLGO	-	-	-	S	S	-	S	-	-	-	S
1579	1	TGL	-	-	-	S	S	-	-	S	-	-	S
1579	2	TGL	-	-	-	S	S	-	-	S	-	-	S
1579	3	TGL	-	-	-	S	S	-	S	S	-	-	S
1579	4	TGL	-	-	-	S	S	-	-	S	-	-	S
1579	5	TGL	-	-	-	S	S	-	S	S	-	-	S
1579	6	TGL	-	-	-	S	S	S	-	S	-	-	S
1579	7	TGL	-	-	-	S	S	S	-	S	-	-	S
1579	8	TGL	-	-	-	S	S	-	S	S	-	-	S
1579	9	PIXY	-	-	-	S	S	-	-	S	-	-	S
1591	1	YUMA	S	S	-	S	S	-	-	S	-	-	S
1591	2	YUMA	S	S	-	S	S	S	-	S	-	-	S
1591	3	YUMA	S	S	-	S	S	-	-	S	-	-	S
1591	4	DPW	-	-	-	S	S	S	-	S	-	-	S
1596	1	HSDT	-	S	-	S	S	-	-	S	-	-	S
1596	2	HSDT	-	S	-	S	S	-	S	S	-	-	S
1596	3	KZAI	-	S	-	S	S	-	-	S	-	-	S
1596	4	KZAI	-	S	-	S	S	-	S	S	-	-	S
1596	5	KZAI	-	S	-	S	S	-	-	S	-	-	S
1596	6	KZAI	-	S	-	S	S	-	-	S	-	-	S
1597	1	ZCAR	-	-	-	S	S	S	-	S	S	-	S
1597	2	ZCAR	-	-	-	S	S	-	-	S	-	-	S
1597	3	KIDZ	-	-	-	S	S	-	S	-	-	-	-
1598	1	EYN	-	-	-	S	S	S	S	S	-	-	S
1598	2	ULY	-	S	-	S	S	-	-	S	S	-	S
1598	3	PRTG	-	S	-	S	S	-	-	S	-	-	S
1598	4	GCTK	-	S	-	S	S	-	-	S	-	-	S
1598	5	GCTK	-	S	-	S	S	-	-	S	-	-	S
1598	6	GCTK	-	S	-	S	S	-	-	S	-	-	S
1600	1	PALI	-	-	-	S	S	S	S	S	-	-	S
1600	2	BTTR	-	-	-	S	S	-	S	-	-	-	S
1601	1	CMND	-	-	-	S	S	-	S	-	-	-	S
1601	2	GRDI	-	-	-	S	S	-	S	-	-	-	S
1601	3	ZPP	-	-	-	S	S	-	S	-	-	-	S
1601	4	MG	-	-	-	S	S	-	S	-	-	-	S
1601	5	PIXIE	-	-	-	S	S	-	S	-	-	-	S
1601	6	ZAP	-	-	-	S	S	-	S	-	S	-	S
1602	1	OMH	-	-	-	S	S	-	S	-	-	-	S
1602	2	VCI	-	-	-	S	S	-	S	-	-	-	S
1602	3	ARBB	-	-	-	S	S	-	S	-	-	-	S
1602	4	BGC	-	-	-	S	S	-	S	-	-	-	S
1602	5	PRSO	-	-	-	S	S	-	S	-	-	-	S
1602	6	DBG	-	-	-	S	S	-	S	-	-	-	S
1602	7	BMR	-	-	-	S	S	-	S	-	-	-	S
1602	8	HOO	-	-	-	S	S	-	S	-	-	-	S
1602	9	HKIT	-	-	-	S	S	-	S	-	-	-	S
1602	10	ZYL	-	-	-	S	S	-	S	-	-	-	S
1603	1	PRTG	-	-	-	S	S	-	S	-	-	-	S
1603	2	NBVE	-	-	-	S	S	-	S	-	-	-	S
1603	3	PRTG	-	-	-	S	S	-	S	-	-	-	S
1604	1	ATOS	-	-	-	-	S	-	S	-	-	-	S
1604	2	ATOS	-	-	-	S	S	-	S	-	-	-	S
1604	3	OXPR	-	-	-	S	S	-	S	-	-	-	S
1604	4	BOXL	-	-	-	-	S	-	S	-	-	-	S
1604	5	YOGA	-	-	-	S	S	-	S	-	-	-	S
1604	6	HLAA	-	-	-	-	S	-	S	-	-	-	S
1604	7	AKTX	-	-	-	-	S	-	S	-	-	-	S
1605	1	CADC	-	-	-	S	S	-	S	-	-	-	S
1605	2	GBR	-	-	-	S	S	-	S	-	-	-	S
1606	1	ARB	-	-	-	S	S	-	S	-	-	-	S
1606	2	ARB	-	-	-	S	S	-	S	-	-	-	S
1606	3	ARB	-	-	-	S	S	-	S	-	-	-	S
1606	4	ARB	-	-	-	S	S	-	S	-	-	-	S
1607	1	MSY	-	-	-	-	S	-	S	-	-	-	S
1607	2	FFHL	-	-	-	S	S	-	S	-	-	-	S
1609	1	PTIX	S	-	S	S	S	N	S	S	-	-	S
1609	2	PTIX	S	-	S	S	S	N	S	S	-	-	S
1609	3	PTIX	S	-	S	S	S	N	S	S	-	-	S
1609	4	PTIX	S	-	S	-	S	N	S	S	-	-	S
1611	1	MYOS	-	-	-	S	S	-	S	-	S	-	S
1611	2	MARA	-	-	-	S	S	S	S	S	-	-	S
1611	3	IPDN	-	-	-	S	S	-	S	S	-	-	S
1611	4	DIS	-	-	-	S	S	-	S	-	-	-	S
1611	5	DIS	-	-	-	-	S	-	S	-	-	-	S
1611	6	NETE	-	-	-	-	S	-	S	-	-	-	-
1611	7	KTCC	-	-	-	S	S	-	S	-	-	-	S
1611	8	SPNE	-	-	-	S	S	-	S	-	-	-	S
1612	1	SYTA	-	-	-	-	S	S	S	-	-	-	S
1612	2	CING	-	-	-	-	S	S	S	-	-	-	S
1612	3	NRXS	-	-	-	-	S	S	S	-	-	-	S
1612	4	SPCB	-	-	-	-	S	S	S	-	-	-	S
1612	5	TNMG	-	-	-	-	S	S	S	-	-	-	S
1613	1	PLRZ	-	-	-	S	S	S	S	-	-	-	S
1615	1	EVOK	-	-	-	S	S	S	S	S	-	-	S
1615	2	ABP	-	-	-	-	S	-	S	-	-	-	S
1616	1	XCUR	-	-	-	-	S	S	S	S	-	-	S
1616	2	ATMV	-	-	-	-	S	S	S	S	-	-	S
1617	1	MBRX	-	-	-	-	S	S	S	S	-	-	S
1617	2	ATMV	-	-	-	-	S	S	S	S	-	-	S
1618	1	OASM	-	-	-	S	S	S	S	S	-	-	S
1619	1	TBLT	-	-	-	-	S	-	S	-	-	-	S
1619	2	PGY	-	-	-	S	S	S	S	S	-	-	S
1620	1	ROLR	-	-	-	S	S	S	S	S	-	-	S
1621	1	CTXR	-	-	-	-	S	S	S	S	-	-	S
1621	2	IDSA	-	-	-	-	S	-	S	-	-	-	S
1622	1	ALG	-	-	-	-	S	-	S	-	-	-	S
1622	2	CELZ	-	-	-	-	S	S	S	S	-	-	S
1622	3	NRSN	-	-	-	-	S	S	S	S	-	-	S
1622	4	LBPS	-	-	-	-	S	S	S	S	-	-	S
1623	1	SBFM	-	-	-	S	S	S	S	S	-	-	S
1623	2	SST	-	-	-	S	S	S	S	S	-	-	S
1624	1	BSPM	-	-	-	-	S	S	S	S	-	-	S
1624	2	OHG	-	-	-	-	S	-	S	-	-	-	S
1625	1	MLNT	-	-	-	-	S	-	S	S	-	-	S
1625	2	SPECS	-	-	-	-	S	-	S	-	-	-	S
1625	3	YES	-	-	-	-	S	-	S	-	-	-	S
1627	1	NAOV	-	-	-	S	S	-	S	-	S	-	S
1627	2	MSPR	-	-	-	S	S	S	S	S	-	-	S
1627	3	JNVR	-	-	-	-	S	-	S	S	-	-	S
1627	4	MMA	-	-	-	S	S	S	S	S	-	-	S
1628	1	GCT	-	-	-	S	S	S	S	S	-	-	S
1628	2	VLCN	-	-	-	-	S	-	S	-	-	-	S
1629	1	JCSE	-	-	-	S	S	-	S	-	-	-	S
1629	2	JCSE	-	-	-	-	S	S	S	-	S	-	S
1630	1	RESN	-	-	-	-	S	-	S	S	-	-	S
1630	2	ANTE	-	-	-	-	S	-	S	S	-	-	S
1630	3	AND	-	-	-	-	S	-	S	-	-	-	S
1631	1	OMX	-	-	-	-	S	S	S	S	-	-	S
1631	2	OMX	-	-	-	-	S	-	S	-	-	-	S
1631	3	SNGX	-	-	-	-	S	S	S	S	-	-	S
1631	4	EARS	-	-	-	-	S	-	S	-	-	-	S
1634	1	SOAR	-	-	-	S	S	S	S	-	-	-	S
1634	2	RSLS	-	-	-	-	S	-	S	-	-	-	S
1635	1	MOBQ	S	-	S	-	S	S	S	S	S	-	S
1635	2	IONM	-	-	S	S	S	-	S	-	-	-	S
1635	3	MOBQ	S	-	S	S	S	S	S	S	-	-	S
1636	1	QNRX	-	-	-	-	S	-	S	-	-	-	S
1636	2	EFSH	-	-	-	-	S	-	S	-	-	-	S
1636	3	ENVB	-	-	-	-	S	-	S	-	-	-	S
1636	4	APDN	-	-	-	-	S	-	S	-	-	-	S
1637	1	AERC	-	-	-	S	S	S	S	S	S	-	S
1637	2	RDBX	-	-	-	S	S	-	S	S	S	-	S
1637	3	EFOI	-	-	-	-	S	-	S	-	S	-	S
1638	1	SUV	-	-	-	S	S	S	S	S	-	-	S
1639	1	PGY	-	-	-	-	S	S	S	S	-	-	S
1640	1	LSF	-	-	-	-	S	-	S	-	-	-	S
1640	2	BWV	-	-	-	-	S	-	S	-	-	-	S
1640	3	MEGL	-	-	-	S	S	-	S	-	-	-	S
1640	4	INKT	-	-	-	S	S	-	S	-	-	-	S
1640	5	BCAB	-	-	-	-	S	-	S	-	-	-	S
1640	6	BWV	-	-	-	S	S	S	S	S	-	-	S
1641	1	CASA	S	S	S	S	S	S	S	S	-	-	S
1641	2	ISUN	-	-	-	-	S	-	S	S	-	-	S
1641	3	CASA	S	S	S	S	S	S	S	S	-	-	S
1642	1	SMIT	-	-	-	S	S	-	S	S	-	-	S
1642	2	TBLT	-	-	-	S	S	-	S	S	-	-	S
1642	3	DRCT	-	-	-	S	S	S	S	S	-	-	S
1643	1	MDIA	-	-	-	-	S	-	S	-	-	-	S
1643	2	QNRX	-	-	-	-	S	S	S	-	-	-	S
1643	3	KSPN	-	-	-	-	S	-	S	-	-	-	S
1643	4	HSCS	-	-	-	-	S	-	S	-	-	-	S
1643	5	BBI	-	-	-	S	S	S	S	-	-	-	S
1643	6	NOTE	-	-	-	-	S	-	S	-	-	-	S
1643	7	ENVB	-	-	-	S	S	S	S	S	-	-	S
1643	8	SYRS	-	-	-	-	S	-	S	-	-	-	S
1643	9	GOVEX	-	-	-	S	S	-	S	-	-	-	S
1643	10	RHE	-	-	-	-	S	-	S	-	-	-	S
1643	11	PEV	-	-	-	-	S	-	S	-	-	-	S
1643	12	MSPR	-	-	-	-	S	-	S	-	-	-	S
1643	13	HSDT	-	-	-	-	S	-	S	-	-	-	S
1644	1	TBLT	S	-	-	S	S	S	S	S	-	-	S
1644	2	PGY	-	-	-	S	S	-	S	S	-	-	S
1644	3	PGY	-	-	-	S	S	S	S	-	-	-	S
1644	4	GETTY	-	-	-	S	S	S	S	S	-	-	S
1644	5	TBLT	-	-	-	S	S	S	S	-	-	-	S
1645	1	HKD	-	-	-	-	S	-	S	-	-	-	S
1646	1	PGY	-	-	-	S	S	S	S	S	-	-	S
1646	2	MAIA	-	-	-	-	S	S	S	S	-	-	S
1646	3	MGAM	-	-	-	S	S	S	S	S	-	-	S
1646	4	BCAC	-	-	-	-	S	S	S	S	-	-	S
1646	5	HKD	-	-	-	-	S	-	S	-	-	-	S
1646	6	MGAM	-	-	-	-	S	-	S	-	-	-	S
1647	1	IDAI	-	S	S	S	S	S	S	S	-	-	S
1647	2	IDAI	-	S	S	-	S	S	S	-	-	-	S
1648	1	JAN	-	S	-	S	S	S	S	S	-	-	S
1648	2	MLTX	-	-	-	-	S	-	S	-	-	-	S
1649	1	JAN	-	-	-	-	S	-	S	S	-	-	S
1649	2	JAN	-	-	-	S	S	S	S	S	-	-	S
=== FILE 1650 ===
TRADE_MECHANICS:
| # | FLOAT | GAP% | REL_VOL | PATTERN_TYPE | ENTRY_TRIGGER | ADD_ON_MECHANIC | STOP_CRITERIA | T1_TARGET | TIME_OF_ENTRY | MACD_STATE | HOLD_DURATION |
|---|-------|------|---------|--------------|---------------|-----------------|---------------|-----------|---------------|------------|---------------|
| 1 | - | - | - | micro-pullback | vwap break / whole-dollar impulse / micro-pullback dip | scaled partial exits | - | $13.84 | - | unknown | unknown |
=== FILE 1651 ===
TRADE_MECHANICS:
| # | FLOAT | GAP% | REL_VOL | PATTERN_TYPE | ENTRY_TRIGGER | ADD_ON_MECHANIC | STOP_CRITERIA | T1_TARGET | TIME_OF_ENTRY | MACD_STATE | HOLD_DURATION |
|---|-------|------|---------|--------------|---------------|-----------------|---------------|-----------|---------------|------------|---------------|
| 1 | - | - | high | gap-and-go | gap-and-go / premarket high break | scaled partial exits | - | $2.55 | - | unknown | unknown |
| 2 | - | - | high | whole-dollar-break | blue sky setup / whole-dollar break / premarket high | scaled partial exits | - | $15.30 | - | unknown | unknown |
=== FILE 1652 ===
TRADE_MECHANICS:
| # | FLOAT | GAP% | REL_VOL | PATTERN_TYPE | ENTRY_TRIGGER | ADD_ON_MECHANIC | STOP_CRITERIA | T1_TARGET | TIME_OF_ENTRY | MACD_STATE | HOLD_DURATION |
|---|-------|------|---------|--------------|---------------|-----------------|---------------|-----------|---------------|------------|---------------|
| 1 | - | - | high | vwap-reclaim | consolidation breakover/vwap reclaim / day of rest pattern | scaled partial exits | support level | $19.25 | - | unknown | unknown |
=== FILE 1653 ===
TRADE_MECHANICS:
| # | FLOAT | GAP% | REL_VOL | PATTERN_TYPE | ENTRY_TRIGGER | ADD_ON_MECHANIC | STOP_CRITERIA | T1_TARGET | TIME_OF_ENTRY | MACD_STATE | HOLD_DURATION |
|---|-------|------|---------|--------------|---------------|-----------------|---------------|-----------|---------------|------------|---------------|
| 1 | - | - | 2x | gap-and-go | gap-and-go / whole-dollar break / premarket high break | scaled partial exits | support level | $2.25 | - | unknown | extended |
=== FILE 1654 ===
TRADE_MECHANICS:
| # | FLOAT | GAP% | REL_VOL | PATTERN_TYPE | ENTRY_TRIGGER | ADD_ON_MECHANIC | STOP_CRITERIA | T1_TARGET | TIME_OF_ENTRY | MACD_STATE | HOLD_DURATION |
|---|-------|------|---------|--------------|---------------|-----------------|---------------|-----------|---------------|------------|---------------|
| 1 | - | - | - | whole-dollar-break | whole-dollar psychological break / ascending support | scaled partial exits | support level | $100 | - | unknown | unknown |
=== FILE 1655 ===
TRADE_MECHANICS:
| # | FLOAT | GAP% | REL_VOL | PATTERN_TYPE | ENTRY_TRIGGER | ADD_ON_MECHANIC | STOP_CRITERIA | T1_TARGET | TIME_OF_ENTRY | MACD_STATE | HOLD_DURATION |
|---|-------|------|---------|--------------|---------------|-----------------|---------------|-----------|---------------|------------|---------------|
| 1 | - | - | 500x | abcd | whole-dollar break / abcd pattern / short squeeze | scaled partial exits | support level | $4.45 | - | unknown | extended |
=== FILE 1656 ===
TRADE_MECHANICS:
| # | FLOAT | GAP% | REL_VOL | PATTERN_TYPE | ENTRY_TRIGGER | ADD_ON_MECHANIC | STOP_CRITERIA | T1_TARGET | TIME_OF_ENTRY | MACD_STATE | HOLD_DURATION |
|---|-------|------|---------|--------------|---------------|-----------------|---------------|-----------|---------------|------------|---------------|
| 1 | - | - | high | micro-pullback | whole-dollar half-dollar break / micro-pullback dip | n/a | support level | $2.40 | - | unknown | scalp |
=== FILE 1657 ===
TRADE_MECHANICS:
| # | FLOAT | GAP% | REL_VOL | PATTERN_TYPE | ENTRY_TRIGGER | ADD_ON_MECHANIC | STOP_CRITERIA | T1_TARGET | TIME_OF_ENTRY | MACD_STATE | HOLD_DURATION |
|---|-------|------|---------|--------------|---------------|-----------------|---------------|-----------|---------------|------------|---------------|
| 1 | - | - | 600x | whole-dollar-break | whole-dollar psychological break / ascending support | n/a | - | $11.15 | - | unknown | extended |
| 2 | - | - | 600x | vwap-reclaim | vwap break / whole-dollar psychological break | scaled partial exits | - | $7.35 | - | unknown | extended |
=== FILE 1658 ===
TRADE_MECHANICS:
| # | FLOAT | GAP% | REL_VOL | PATTERN_TYPE | ENTRY_TRIGGER | ADD_ON_MECHANIC | STOP_CRITERIA | T1_TARGET | TIME_OF_ENTRY | MACD_STATE | HOLD_DURATION |
|---|-------|------|---------|--------------|---------------|-----------------|---------------|-----------|---------------|------------|---------------|
| 1 | - | - | high | vwap-reclaim | whole-dollar break / vwap reclaim / ascending support | scaled partial exits | support level | - | - | unknown | extended |
=== FILE 1659 ===
TRADE_MECHANICS:
| # | FLOAT | GAP% | REL_VOL | PATTERN_TYPE | ENTRY_TRIGGER | ADD_ON_MECHANIC | STOP_CRITERIA | T1_TARGET | TIME_OF_ENTRY | MACD_STATE | HOLD_DURATION |
|---|-------|------|---------|--------------|---------------|-----------------|---------------|-----------|---------------|------------|---------------|
| 1 | - | - | - | whole-dollar-break | algo spike breakout / whole-dollar psychological break | added on dips | support level | - | 9:05am | unknown | scalp |
| 2 | - | - | - | vwap-reclaim | whole-dollar bounce / vwap reclaim | added on dips | support level | $5.00 | 9:05am | unknown | scalp |
=== FILE 1661 ===
TRADE_MECHANICS:
| # | FLOAT | GAP% | REL_VOL | PATTERN_TYPE | ENTRY_TRIGGER | ADD_ON_MECHANIC | STOP_CRITERIA | T1_TARGET | TIME_OF_ENTRY | MACD_STATE | HOLD_DURATION |
|---|-------|------|---------|--------------|---------------|-----------------|---------------|-----------|---------------|------------|---------------|
| 1 | - | - | - | halt-resume | IPO breakout squeeze / halt resume | n/a | - | - | - | unknown | scalp |
| 2 | - | - | - | unknown | sympathy momentum / breakout | n/a | - | $4.54 | - | unknown | scalp |
| 3 | - | - | - | unknown | momentum pop | n/a | - | - | - | unknown | scalp |
| 4 | - | - | - | unknown | offering news pop / breakout | n/a | - | - | - | unknown | scalp |
| 5 | - | - | - | dip-buy | dip trade | n/a | - | - | - | unknown | scalp |
| 6 | - | - | - | unknown | momentum pop | n/a | - | - | - | unknown | scalp |
| 7 | - | - | - | unknown | momentum play | n/a | - | - | - | unknown | scalp |
| 8 | - | - | - | unknown | gap up | n/a | - | - | - | unknown | scalp |
| 9 | - | - | - | unknown | gap momentum | n/a | - | - | - | unknown | scalp |
| 10 | - | - | - | unknown | momentum spike | n/a | - | - | - | unknown | scalp |
| 11 | - | - | - | dip-buy | dip trade bounce | n/a | - | - | - | unknown | scalp |
=== FILE 1663 ===
TRADE_MECHANICS:
| # | FLOAT | GAP% | REL_VOL | PATTERN_TYPE | ENTRY_TRIGGER | ADD_ON_MECHANIC | STOP_CRITERIA | T1_TARGET | TIME_OF_ENTRY | MACD_STATE | HOLD_DURATION |
|---|-------|------|---------|--------------|---------------|-----------------|---------------|-----------|---------------|------------|---------------|
| 1 | - | - | - | unknown | sympathy to USO energy sector | scaled partial exits | - | $20.79 | - | unknown | scalp |
| 2 | - | - | - | dip-buy | dip trade sympathy energy | n/a | - | - | - | unknown | scalp |
| 3 | - | - | - | dip-buy | dip trade near 200 moving avg | n/a | - | - | - | unknown | scalp |
=== FILE 1665 ===
TRADE_MECHANICS:
| # | FLOAT | GAP% | REL_VOL | PATTERN_TYPE | ENTRY_TRIGGER | ADD_ON_MECHANIC | STOP_CRITERIA | T1_TARGET | TIME_OF_ENTRY | MACD_STATE | HOLD_DURATION |
|---|-------|------|---------|--------------|---------------|-----------------|---------------|-----------|---------------|------------|---------------|
| 1 | 20M | 10% | high | gap-and-go | recent IPO gap-and-go breakout | scaled partial exits | - | $5.20 | - | unknown | unknown |
=== FILE 1666 ===
TRADE_MECHANICS:
| # | FLOAT | GAP% | REL_VOL | PATTERN_TYPE | ENTRY_TRIGGER | ADD_ON_MECHANIC | STOP_CRITERIA | T1_TARGET | TIME_OF_ENTRY | MACD_STATE | HOLD_DURATION |
|---|-------|------|---------|--------------|---------------|-----------------|---------------|-----------|---------------|------------|---------------|
| 1 | 18M | - | - | gap-and-go | gap-and-go / high-momentum scanner pop | scaled partial exits | support level | - | - | unknown | extended |
| 2 | 18M | - | - | unknown | momentum continuation | n/a | support level | - | - | unknown | extended |
=== FILE 1667 ===
TRADE_MECHANICS:
| # | FLOAT | GAP% | REL_VOL | PATTERN_TYPE | ENTRY_TRIGGER | ADD_ON_MECHANIC | STOP_CRITERIA | T1_TARGET | TIME_OF_ENTRY | MACD_STATE | HOLD_DURATION |
|---|-------|------|---------|--------------|---------------|-----------------|---------------|-----------|---------------|------------|---------------|
| 1 | - | - | high | unknown | breakout through resistance | scaled partial exits | - | - | - | unknown | extended |
=== FILE 1668 ===
TRADE_MECHANICS:
| # | FLOAT | GAP% | REL_VOL | PATTERN_TYPE | ENTRY_TRIGGER | ADD_ON_MECHANIC | STOP_CRITERIA | T1_TARGET | TIME_OF_ENTRY | MACD_STATE | HOLD_DURATION |
|---|-------|------|---------|--------------|---------------|-----------------|---------------|-----------|---------------|------------|---------------|
| 1 | - | - | high | unknown | momentum pop / breakout | n/a | - | - | 9:20am | unknown | scalp |
=== FILE 1669 ===
TRADE_MECHANICS:
| # | FLOAT | GAP% | REL_VOL | PATTERN_TYPE | ENTRY_TRIGGER | ADD_ON_MECHANIC | STOP_CRITERIA | T1_TARGET | TIME_OF_ENTRY | MACD_STATE | HOLD_DURATION |
|---|-------|------|---------|--------------|---------------|-----------------|---------------|-----------|---------------|------------|---------------|
| 1 | - | - | - | micro-pullback | dip trade / micro-pullback buy | scaled partial exits | support level | - | - | unknown | extended |
| 2 | - | - | - | unknown | momentum pop | added on dips | support level | - | - | unknown | scalp |
=== FILE 1676 ===
TRADE_MECHANICS:
| # | FLOAT | GAP% | REL_VOL | PATTERN_TYPE | ENTRY_TRIGGER | ADD_ON_MECHANIC | STOP_CRITERIA | T1_TARGET | TIME_OF_ENTRY | MACD_STATE | HOLD_DURATION |
|---|-------|------|---------|--------------|---------------|-----------------|---------------|-----------|---------------|------------|---------------|
| 1 | - | - | - | micro-pullback | dip buy / micro-pullback | n/a | support level | - | - | unknown | extended |
=== FILE 1677 ===
TRADE_MECHANICS:
| # | FLOAT | GAP% | REL_VOL | PATTERN_TYPE | ENTRY_TRIGGER | ADD_ON_MECHANIC | STOP_CRITERIA | T1_TARGET | TIME_OF_ENTRY | MACD_STATE | HOLD_DURATION |
|---|-------|------|---------|--------------|---------------|-----------------|---------------|-----------|---------------|------------|---------------|
| 1 | - | - | high | unknown | squeeze momentum / first candle | added on dips | - | - | 8:05 | unknown | extended |
=== FILE 1680 ===
TRADE_MECHANICS:
| # | FLOAT | GAP% | REL_VOL | PATTERN_TYPE | ENTRY_TRIGGER | ADD_ON_MECHANIC | STOP_CRITERIA | T1_TARGET | TIME_OF_ENTRY | MACD_STATE | HOLD_DURATION |
|---|-------|------|---------|--------------|---------------|-----------------|---------------|-----------|---------------|------------|---------------|
| 1 | - | - | - | gap-and-go | gap-and-go / break of scanner | n/a | - | $5.50 | - | unknown | unknown |
=== FILE 1681 ===
TRADE_MECHANICS:
| # | FLOAT | GAP% | REL_VOL | PATTERN_TYPE | ENTRY_TRIGGER | ADD_ON_MECHANIC | STOP_CRITERIA | T1_TARGET | TIME_OF_ENTRY | MACD_STATE | HOLD_DURATION |
|---|-------|------|---------|--------------|---------------|-----------------|---------------|-----------|---------------|------------|---------------|
| 1 | - | - | - | unknown | tighter spreads / momentum | n/a | - | $15.14 | - | unknown | extended |
| 2 | - | - | - | dip-buy | dip buy / reclaim half dollar | n/a | - | - | - | unknown | extended |
| 3 | - | - | - | unknown | recent reverse split / break | n/a | - | - | - | unknown | extended |
=== FILE 1682 ===
TRADE_MECHANICS:
| # | FLOAT | GAP% | REL_VOL | PATTERN_TYPE | ENTRY_TRIGGER | ADD_ON_MECHANIC | STOP_CRITERIA | T1_TARGET | TIME_OF_ENTRY | MACD_STATE | HOLD_DURATION |
|---|-------|------|---------|--------------|---------------|-----------------|---------------|-----------|---------------|------------|---------------|
| 1 | - | - | - | micro-pullback | pullback dip buy | n/a | - | - | - | unknown | scalp |
| 2 | - | - | - | unknown | head-and-shoulders breakout | n/a | - | - | - | unknown | scalp |
| 3 | - | - | - | gap-and-go | gap-and-go / momentum scanner | n/a | - | - | - | unknown | scalp |
=== FILE 1684 ===
TRADE_MECHANICS:
| # | FLOAT | GAP% | REL_VOL | PATTERN_TYPE | ENTRY_TRIGGER | ADD_ON_MECHANIC | STOP_CRITERIA | T1_TARGET | TIME_OF_ENTRY | MACD_STATE | HOLD_DURATION |
|---|-------|------|---------|--------------|---------------|-----------------|---------------|-----------|---------------|------------|---------------|
| 1 | - | - | - | unknown | recent reverse split / pop | n/a | - | - | - | unknown | scalp |
| 2 | - | - | - | unknown | recent reverse split | n/a | - | - | - | unknown | scalp |
=== FILE 1685 ===
TRADE_MECHANICS:
| # | FLOAT | GAP% | REL_VOL | PATTERN_TYPE | ENTRY_TRIGGER | ADD_ON_MECHANIC | STOP_CRITERIA | T1_TARGET | TIME_OF_ENTRY | MACD_STATE | HOLD_DURATION |
|---|-------|------|---------|--------------|---------------|-----------------|---------------|-----------|---------------|------------|---------------|
| 1 | - | - | - | vwap-reclaim | break over VWAP / tighter spreads | scaled partial exits | - | - | - | unknown | unknown |
=== FILE 1687 ===
TRADE_MECHANICS:
| # | FLOAT | GAP% | REL_VOL | PATTERN_TYPE | ENTRY_TRIGGER | ADD_ON_MECHANIC | STOP_CRITERIA | T1_TARGET | TIME_OF_ENTRY | MACD_STATE | HOLD_DURATION |
|---|-------|------|---------|--------------|---------------|-----------------|---------------|-----------|---------------|------------|---------------|
| 1 | - | - | high | dip-buy | recent reverse split / dip buy | n/a | support level | - | - | unknown | extended |
| 2 | - | - | high | dip-buy | reverse split / dip re-entry | n/a | support level | - | - | unknown | extended |
| 3 | - | - | high | halt-resume | IPO bounce / halt continuation | scaled partial exits | support level | - | - | unknown | extended |
=== FILE 1689 ===
TRADE_MECHANICS:
| # | FLOAT | GAP% | REL_VOL | PATTERN_TYPE | ENTRY_TRIGGER | ADD_ON_MECHANIC | STOP_CRITERIA | T1_TARGET | TIME_OF_ENTRY | MACD_STATE | HOLD_DURATION |
|---|-------|------|---------|--------------|---------------|-----------------|---------------|-----------|---------------|------------|---------------|
| 1 | - | - | high | vwap-reclaim | ABCD pattern / dip buy VWAP | n/a | support level | - | - | unknown | extended |
=== FILE 1691 ===
TRADE_MECHANICS:
| # | FLOAT | GAP% | REL_VOL | PATTERN_TYPE | ENTRY_TRIGGER | ADD_ON_MECHANIC | STOP_CRITERIA | T1_TARGET | TIME_OF_ENTRY | MACD_STATE | HOLD_DURATION |
|---|-------|------|---------|--------------|---------------|-----------------|---------------|-----------|---------------|------------|---------------|
| 1 | - | - | high | vwap-reclaim | dip buy / break VWAP | n/a | support level | - | - | unknown | unknown |
| 2 | - | - | high | unknown | scalp entry | n/a | support level | - | - | unknown | unknown |
| 3 | - | - | high | dip-buy | second dip entry / retest high | n/a | support level | - | - | unknown | unknown |
=== FILE 1692 ===
TRADE_MECHANICS:
| # | FLOAT | GAP% | REL_VOL | PATTERN_TYPE | ENTRY_TRIGGER | ADD_ON_MECHANIC | STOP_CRITERIA | T1_TARGET | TIME_OF_ENTRY | MACD_STATE | HOLD_DURATION |
|---|-------|------|---------|--------------|---------------|-----------------|---------------|-----------|---------------|------------|---------------|
| 1 | 21M | 125% | - | gap-and-go | gap-and-go / break premarket high | scaled partial exits | - | $4.40 | - | unknown | extended |
=== FILE 1695 ===
TRADE_MECHANICS:
| # | FLOAT | GAP% | REL_VOL | PATTERN_TYPE | ENTRY_TRIGGER | ADD_ON_MECHANIC | STOP_CRITERIA | T1_TARGET | TIME_OF_ENTRY | MACD_STATE | HOLD_DURATION |
|---|-------|------|---------|--------------|---------------|-----------------|---------------|-----------|---------------|------------|---------------|
| 1 | - | - | high | vwap-reclaim | dip buy / double bottom VWAP | n/a | - | - | - | unknown | unknown |
| 2 | - | - | high | vwap-reclaim | VWAP reclaim / dip re-entry | n/a | - | - | - | unknown | unknown |
=== FILE 1696 ===
TRADE_MECHANICS:
| # | FLOAT | GAP% | REL_VOL | PATTERN_TYPE | ENTRY_TRIGGER | ADD_ON_MECHANIC | STOP_CRITERIA | T1_TARGET | TIME_OF_ENTRY | MACD_STATE | HOLD_DURATION |
|---|-------|------|---------|--------------|---------------|-----------------|---------------|-----------|---------------|------------|---------------|
| 1 | - | - | - | whole-dollar-break | pivot break / half-dollar move | n/a | - | - | - | unknown | unknown |
=== FILE 1697 ===
TRADE_MECHANICS:
| # | FLOAT | GAP% | REL_VOL | PATTERN_TYPE | ENTRY_TRIGGER | ADD_ON_MECHANIC | STOP_CRITERIA | T1_TARGET | TIME_OF_ENTRY | MACD_STATE | HOLD_DURATION |
|---|-------|------|---------|--------------|---------------|-----------------|---------------|-----------|---------------|------------|---------------|
| 1 | - | - | - | unknown | breakout attempt / pivot break | n/a | support level | - | - | unknown | unknown |
| 2 | - | - | - | dip-buy | bounce play / dip buy | n/a | support level | - | - | unknown | unknown |
| 3 | - | - | - | dip-buy | dip trades / multiple entries | n/a | support level | - | - | unknown | unknown |
=== FILE 1699 ===
TRADE_MECHANICS:
| # | FLOAT | GAP% | REL_VOL | PATTERN_TYPE | ENTRY_TRIGGER | ADD_ON_MECHANIC | STOP_CRITERIA | T1_TARGET | TIME_OF_ENTRY | MACD_STATE | HOLD_DURATION |
|---|-------|------|---------|--------------|---------------|-----------------|---------------|-----------|---------------|------------|---------------|
| 1 | - | - | - | gap-and-go | gap-and-go / VWAP break | scaled partial exits | - | - | - | unknown | unknown |
| 2 | - | - | - | vwap-reclaim | dip buy / double-bottom VWAP | n/a | - | - | - | unknown | unknown |
=== TSV_AUDIT ===
1650	1	MEGL	-	-	-	S	S	S	-	S	-	-	-
1651	1	MOBQ	-	-	S	S	S	S	-	S	-	-	-
1651	2	BBAI	-	-	S	S	S	S	-	S	-	-	-
1652	1	PGY	-	-	S	S	S	S	S	S	-	-	-
1653	1	RVSN	-	-	S	S	S	S	S	S	-	-	S
1654	1	SHPH	-	-	-	S	S	S	S	S	-	-	-
1655	1	SIDU	-	-	S	S	S	S	S	S	-	-	S
1656	1	SOPA	-	-	S	S	S	N	S	S	-	-	S
1657	1	AMTD	-	-	S	S	S	N	-	S	-	-	S
1657	2	QNRX	-	-	S	S	S	S	-	S	-	-	S
1658	1	AMLX	-	-	S	S	S	S	S	-	-	-	S
1659	1	KAVL	-	-	-	S	S	S	S	-	S	-	S
1659	2	TBLT	-	-	-	S	S	S	S	S	S	-	S
1661	1	MEGL	-	-	-	S	S	N	-	-	-	-	S
1661	2	ILAG	-	-	-	-	S	N	-	S	-	-	S
1661	3	BBAI	-	-	-	-	S	N	-	-	-	-	S
1661	4	MOBQ	-	-	-	-	S	N	-	-	-	-	S
1661	5	QNRX	-	-	-	S	S	N	-	-	-	-	S
1661	6	JAN	-	-	-	-	S	N	-	-	-	-	S
1661	7	WETG	-	-	-	-	S	N	-	-	-	-	S
1661	8	IONM	-	-	-	-	S	N	-	-	-	-	S
1661	9	HSTO	-	-	-	-	S	N	-	-	-	-	S
1661	10	WAFU	-	-	-	-	S	N	-	-	-	-	S
1661	11	ERPI	-	-	-	S	S	N	-	-	-	-	S
1663	1	INDO	-	-	-	-	S	S	-	S	-	-	S
1663	2	HOOSA	-	-	-	S	S	N	-	-	-	-	S
1663	3	FRGE	-	-	-	S	S	N	-	-	-	-	S
1665	1	BMR	S	S	S	S	S	S	-	S	-	-	-
1666	1	GCT	S	-	-	S	S	S	S	-	-	-	S
1666	2	ENVB	S	-	-	-	S	N	S	-	-	-	S
1667	1	ELEV	-	-	S	-	S	S	-	-	-	-	S
1668	1	MGRX	-	-	S	-	S	N	-	-	S	-	S
1669	1	MEDS	-	-	-	S	S	S	S	-	-	-	S
1669	2	MLTX	-	-	-	-	S	S	S	-	-	-	S
1676	1	???	-	-	-	S	S	N	S	-	-	-	S
1677	1	VCIG	-	-	S	-	S	S	-	-	S	-	S
1680	1	ABVC	-	-	-	S	S	N	-	S	-	-	-
1681	1	AURC	-	-	-	-	S	N	-	S	-	-	S
1681	2	BFRG	-	-	-	S	S	N	-	-	-	-	S
1681	3	LGHL	-	-	-	-	S	N	-	-	-	-	S
1682	1	ALR	-	-	-	S	S	N	-	-	-	-	S
1682	2	NERVE	-	-	-	-	S	N	-	-	-	-	S
1682	3	BAOS	-	-	-	S	S	N	-	-	-	-	S
1684	1	WHLR	-	-	-	-	S	N	-	-	-	-	S
1684	2	ADTX	-	-	-	-	S	N	-	-	-	-	S
1685	1	PSQH	-	-	-	S	S	S	-	-	-	-	-
1687	1	BJDX	-	-	S	S	S	N	S	-	-	-	S
1687	2	BIOL	-	-	S	S	S	N	S	-	-	-	S
1687	3	VIEW	-	-	S	S	S	S	S	-	-	-	S
1689	1	PWM	-	-	S	S	S	N	S	-	-	-	S
1691	1	BOF	-	-	S	S	S	N	S	-	-	-	-
1691	2	NUWE	-	-	S	-	S	N	S	-	-	-	-
1691	3	BOF	-	-	S	S	S	N	S	-	-	-	-
1692	1	BDTX	S	S	-	S	S	S	-	S	-	-	S
1695	1	SGTX	-	-	S	S	S	N	-	-	-	-	-
1695	2	IAMN	-	-	S	S	S	N	-	-	-	-	-
1696	1	ELTX	-	-	-	S	S	N	-	-	-	-	-
1697	1	BRSH	-	-	-	-	S	N	S	-	-	-	-
1697	2	BETR	-	-	-	S	S	N	S	-	-	-	-
1697	3	VFS	-	-	-	S	S	N	S	-	-	-	-
1699	1	TOP	-	-	-	S	S	S	-	-	-	-	-
1699	2	TOP	-	-	-	S	S	N	-	-	-	-	-
1700	1	ASST	-	S	-	S	S	S	S	S	-	-	S
1702	1	GFAI	-	-	-	S	S	S	S	S	-	-	S
1703	1	HKD	-	S	-	S	S	S	-	-	-	-	S
1703	2	VFS	-	-	-	S	S	S	-	S	-	-	S
1704	1	REMB	-	S	-	S	S	S	S	S	-	-	S
1704	2	ASNS	-	S	-	S	S	S	S	S	-	-	S
1706	1	BURU	-	S	-	S	S	N	S	S	-	-	S
1708	1	MEDS	S	-	S	S	S	S	S	S	-	S	S
1709	1	AULT	-	S	-	S	S	S	S	S	-	-	S
1709	2	SOS	-	-	-	S	S	N	S	S	-	-	S
1712	1	BJDX	-	-	-	S	S	S	S	S	-	-	S
1713	1	PSQH	-	-	-	S	S	S	S	S	-	-	S
1713	2	PSQH	-	-	-	S	S	S	S	S	-	-	S
1715	1	LEGU	-	-	-	S	S	S	S	S	-	-	S
1717	1	VFS	-	-	-	S	S	S	S	S	-	-	S
1717	2	CRKN	-	-	-	S	S	N	S	S	-	-	S
1723	1	IMAC	-	S	-	S	S	S	S	S	S	-	S
1723	2	SEED	-	-	-	S	S	S	S	S	S	-	S
1723	3	SBFM	-	-	-	S	S	N	S	-	-	-	S
1723	4	MNTS	-	-	-	S	S	N	S	S	-	-	S
1724	1	TGL	S	-	-	S	S	S	S	S	-	S	S
1724	2	VEE	-	-	-	S	S	S	S	S	-	-	S
1725	1	SPRB	-	-	-	S	S	S	-	S	-	-	S
1725	2	PDSB	-	-	-	S	S	N	S	-	-	-	S
1725	3	RPTX	-	-	-	S	S	N	S	S	-	-	S
1726	1	AGRI	-	-	-	S	S	N	S	-	-	-	S
1726	2	VERO	-	-	-	S	S	S	S	-	-	-	S
1726	3	PIK	-	-	-	S	S	S	S	S	-	-	S
1728	1	IMX	S	S	S	S	S	S	S	S	-	-	S
1729	1	ZVO	-	S	-	S	S	N	S	-	-	-	S
1729	2	GOVEX	-	-	-	S	S	S	S	S	-	-	S
1729	3	BYND	-	-	-	S	S	N	S	S	-	-	S
1730	1	ELEV	-	-	-	S	S	S	S	S	-	-	S
1730	2	MICS	-	-	-	S	S	S	S	S	-	-	S
1731	1	RDBX	-	-	-	S	S	S	S	S	-	-	S
1731	2	SPRC	-	-	-	S	S	N	S	-	-	-	S
1733	1	AUVI	-	-	-	S	S	S	S	S	-	-	S
1733	2	JAN	-	-	-	S	S	N	S	S	-	-	S
1733	3	APVO	-	-	-	S	S	S	S	S	-	-	S
1734	1	SIDEOO	-	-	-	S	S	S	S	S	-	-	S
1734	2	DTSS	-	-	-	S	S	S	S	-	-	-	S
1735	1	TBLT	-	-	-	S	S	S	S	S	-	-	S
1735	2	PGY	S	-	-	S	S	S	S	S	-	-	S
1735	3	PTPI	-	-	-	S	S	N	S	S	-	-	S
1736	1	DAWN	-	S	-	S	S	S	S	S	-	-	S
1736	2	RDBX	-	-	-	S	S	N	S	S	-	-	S
1738	1	INDO	-	-	-	S	S	S	S	S	-	-	S
1738	2	HOOSA	-	-	-	S	S	N	S	S	-	-	S
1739	1	MDIA	-	S	-	S	S	S	-	S	-	-	S
1739	2	MTC	-	-	-	S	S	N	S	S	-	-	S
1740	1	BNSO	-	-	-	S	S	N	S	S	-	-	S
1740	2	MEGL	-	-	-	S	S	N	S	S	-	-	S
1741	1	DRCT	-	-	-	S	S	S	S	S	-	-	S
1742	1	TBLT	-	-	-	S	S	S	S	S	-	-	S
1744	1	APDN	-	-	-	S	S	N	S	-	S	-	S
1744	2	ZKIN	-	-	-	S	S	N	S	S	-	-	S
1744	3	TOP	-	-	-	S	S	N	S	S	-	-	S
1744	4	PHASE	-	-	-	S	S	S	S	-	-	-	S
1744	5	BNSO	-	-	-	S	S	N	S	S	-	-	S
1745	1	KZIA	-	-	-	S	S	N	S	S	-	-	S
1746	1	PEV	-	-	S	S	S	S	S	S	-	-	S
1747	1	UC	-	-	-	S	S	S	S	S	-	-	S
1747	2	AREB	-	S	-	S	S	N	S	S	-	-	S
1748	1	SAIDU	-	-	-	S	S	N	S	-	-	-	S
1748	2	SYM	-	-	-	S	S	S	S	S	-	-	S
1749	1	TBLT	-	-	-	S	S	N	S	-	S	-	S
1749	2	PLRX	-	-	S	S	S	S	S	S	-	-	S
=== FILE 1751 ===
TRADE_MECHANICS:
| # | FLOAT | GAP% | REL_VOL | PATTERN_TYPE | ENTRY_TRIGGER | ADD_ON_MECHANIC | STOP_CRITERIA | T1_TARGET | TIME_OF_ENTRY | MACD_STATE | HOLD_DURATION |
|---|-------|------|---------|--------------|---------------|-----------------|---------------|-----------|---------------|------------|---------------|
| 1 | - | - | - | gap-and-go | gap spike from $2.42 | added at $2.44, planned adds higher $2.55-$2.60 | sellers capping advance | $2.55-$2.60 | 9:30am | unknown | scalp |
=== FILE 1752 ===
TRADE_MECHANICS:
| # | FLOAT | GAP% | REL_VOL | PATTERN_TYPE | ENTRY_TRIGGER | ADD_ON_MECHANIC | STOP_CRITERIA | T1_TARGET | TIME_OF_ENTRY | MACD_STATE | HOLD_DURATION |
|---|-------|------|---------|--------------|---------------|-----------------|---------------|-----------|---------------|------------|---------------|
| 1 | - | massive | - | gap-and-go | gap spike to $4.83, momentum pop | scaled out along way | - | resistance levels | early morning | positive | short |
| 2 | - | - | - | whole-dollar-break | attempted breakout | n/a | reversal, pullback | - | mid-morning | unknown | scalp |
=== FILE 1754 ===
TRADE_MECHANICS:
| # | FLOAT | GAP% | REL_VOL | PATTERN_TYPE | ENTRY_TRIGGER | ADD_ON_MECHANIC | STOP_CRITERIA | T1_TARGET | TIME_OF_ENTRY | MACD_STATE | HOLD_DURATION |
|---|-------|------|---------|--------------|---------------|-----------------|---------------|-----------|---------------|------------|---------------|
| 1 | - | - | - | gap-and-go | offering pop at $3.60 | n/a | - | $3.60+ | early morning | unknown | scalp |
| 2 | - | - | - | micro-pullback | reverse split momentum, spike $4-$6 | entered on dips, scaled on bounces | - | VWAP + extension | early morning | unknown | short |
| 3 | - | - | - | dip-buy | continuation from March highs | dipped and rallied entries | - | $8.00 resistance | early morning | unknown | short |
=== FILE 1755 ===
TRADE_MECHANICS:
| # | FLOAT | GAP% | REL_VOL | PATTERN_TYPE | ENTRY_TRIGGER | ADD_ON_MECHANIC | STOP_CRITERIA | T1_TARGET | TIME_OF_ENTRY | MACD_STATE | HOLD_DURATION |
|---|-------|------|---------|--------------|---------------|-----------------|---------------|-----------|---------------|------------|---------------|
| 1 | - | 83% | - | gap-and-go | gap spike, momentum breakout at $2.10 | added on dips and strength | - | $2.15-$2.43 | 9:15am | positive | short |
=== FILE 1756 ===
TRADE_MECHANICS:
| # | FLOAT | GAP% | REL_VOL | PATTERN_TYPE | ENTRY_TRIGGER | ADD_ON_MECHANIC | STOP_CRITERIA | T1_TARGET | TIME_OF_ENTRY | MACD_STATE | HOLD_DURATION |
|---|-------|------|---------|--------------|---------------|-----------------|---------------|-----------|---------------|------------|---------------|
| 1 | - | - | - | gap-and-go | gap breakout, momentum | added on dips | resistance at $3.30 | $3.30 | early morning | unknown | short |
| 2 | - | - | - | whole-dollar-break | continuation breakout | n/a | - | - | early morning | unknown | scalp |
| 3 | - | 30-40% | - | gap-and-go | news spike, algo-driven pop | n/a | pullback | - | early morning | unknown | scalp |
=== FILE 1757 ===
TRADE_MECHANICS:
| # | FLOAT | GAP% | REL_VOL | PATTERN_TYPE | ENTRY_TRIGGER | ADD_ON_MECHANIC | STOP_CRITERIA | T1_TARGET | TIME_OF_ENTRY | MACD_STATE | HOLD_DURATION |
|---|-------|------|---------|--------------|---------------|-----------------|---------------|-----------|---------------|------------|---------------|
| 1 | - | - | - | whole-dollar-break | FDA contract news, break of $3.30 | added on strength | 200 MA resistance | $3.43 | early morning | unknown | short |
| 2 | - | - | - | gap-and-go | government contract news | n/a | key level resistance | - | early morning | unknown | scalp |
| 3 | - | high | - | gap-and-go | news spike from $1.30 to $3.00 | scaled out | - | $3.00 | early morning | unknown | short |
| 4 | - | - | - | whole-dollar-break | continuation attempt | n/a | failed breakout | - | early morning | unknown | scalp |
=== FILE 1758 ===
TRADE_MECHANICS:
| # | FLOAT | GAP% | REL_VOL | PATTERN_TYPE | ENTRY_TRIGGER | ADD_ON_MECHANIC | STOP_CRITERIA | T1_TARGET | TIME_OF_ENTRY | MACD_STATE | HOLD_DURATION |
|---|-------|------|---------|--------------|---------------|-----------------|---------------|-----------|---------------|------------|---------------|
| 1 | - | 44% | - | gap-and-go | gap continuation, retest at $1.75 | n/a | breakdown pattern | - | early morning | unknown | scalp |
| 2 | - | - | - | gap-and-go | early upside momentum | n/a | stall | - | early morning | unknown | scalp |
| 3 | - | - | - | gap-and-go | Walmart news about van supply | n/a | higher float caps | $4.10 | early morning | unknown | scalp |
| 4 | - | - | - | whole-dollar-break | continuation attempt | n/a | false breakout | - | early morning | unknown | scalp |
| 5 | - | - | - | gap-and-go | Walmart news | n/a | seller wall at $4.00 | $4.10 | early morning | unknown | scalp |
=== FILE 1760 ===
TRADE_MECHANICS:
| # | FLOAT | GAP% | REL_VOL | PATTERN_TYPE | ENTRY_TRIGGER | ADD_ON_MECHANIC | STOP_CRITERIA | T1_TARGET | TIME_OF_ENTRY | MACD_STATE | HOLD_DURATION |
|---|-------|------|---------|--------------|---------------|-----------------|---------------|-----------|---------------|------------|---------------|
| 1 | - | - | - | gap-and-go | breaking news gap-up, algo spike squeeze | scaled at $2.79 | - | $2.79 | premarket | unknown | scalp |
| 2 | - | - | - | gap-and-go | news pop, momentum | scaled early | - | - | premarket | unknown | scalp |
=== FILE 1761 ===
TRADE_MECHANICS:
| # | FLOAT | GAP% | REL_VOL | PATTERN_TYPE | ENTRY_TRIGGER | ADD_ON_MECHANIC | STOP_CRITERIA | T1_TARGET | TIME_OF_ENTRY | MACD_STATE | HOLD_DURATION |
|---|-------|------|---------|--------------|---------------|-----------------|---------------|-----------|---------------|------------|---------------|
| 1 | - | - | - | gap-and-go | premarket momentum, continuation | n/a | - | - | premarket | unknown | scalp |
=== FILE 1762 ===
TRADE_MECHANICS:
| # | FLOAT | GAP% | REL_VOL | PATTERN_TYPE | ENTRY_TRIGGER | ADD_ON_MECHANIC | STOP_CRITERIA | T1_TARGET | TIME_OF_ENTRY | MACD_STATE | HOLD_DURATION |
|---|-------|------|---------|--------------|---------------|-----------------|---------------|-----------|---------------|------------|---------------|
| 1 | - | - | - | gap-and-go | reverse split, premarket gapper | n/a | reversal, seller crowding | - | early morning | unknown | scalp |
| 2 | - | - | - | dip-buy | bounce off low, VWAP reclaim | n/a | - | $0.85 VWAP | premarket | unknown | scalp |
=== FILE 1763 ===
TRADE_MECHANICS:
| # | FLOAT | GAP% | REL_VOL | PATTERN_TYPE | ENTRY_TRIGGER | ADD_ON_MECHANIC | STOP_CRITERIA | T1_TARGET | TIME_OF_ENTRY | MACD_STATE | HOLD_DURATION |
|---|-------|------|---------|--------------|---------------|-----------------|---------------|-----------|---------------|------------|---------------|
| 1 | - | - | - | gap-and-go | news pop, algo spike scalp at $3.80 | n/a | - | $3.80 | 9am | unknown | scalp |
| 2 | - | - | - | dip-buy | dip re-entry, multiple dip buys | bought multiple pullbacks $3.50-$3.65, sold bounces | VWAP support | $3.75 | early morning | unknown | scalp |
| 3 | - | - | - | vwap-reclaim | VWAP reclaim, continuation attempt | n/a | reversal above VWAP | $3.75+ | early morning | unknown | scalp |
=== FILE 1764 ===
TRADE_MECHANICS:
| # | FLOAT | GAP% | REL_VOL | PATTERN_TYPE | ENTRY_TRIGGER | ADD_ON_MECHANIC | STOP_CRITERIA | T1_TARGET | TIME_OF_ENTRY | MACD_STATE | HOLD_DURATION |
|---|-------|------|---------|--------------|---------------|-----------------|---------------|-----------|---------------|------------|---------------|
| 1 | - | - | - | vwap-reclaim | VWAP break, continuation | n/a | - | $8.85 ask | early morning | unknown | scalp |
| 2 | - | - | - | gap-and-go | earnings report positive surprise 491% | scaled multiple exits | - | $3.54 | early morning | positive | short |
| 3 | - | - | - | red-to-green | dead cat bounce, dip buying | added on micro-pullbacks $9.10-$9.20 | - | $10.30 premarket high | early morning | positive | short |
=== FILE 1765 ===
TRADE_MECHANICS:
| # | FLOAT | GAP% | REL_VOL | PATTERN_TYPE | ENTRY_TRIGGER | ADD_ON_MECHANIC | STOP_CRITERIA | T1_TARGET | TIME_OF_ENTRY | MACD_STATE | HOLD_DURATION |
|---|-------|------|---------|--------------|---------------|-----------------|---------------|-----------|---------------|------------|---------------|
| 1 | - | - | - | gap-and-go | breaking news, buyout offer | n/a | - | - | early morning | unknown | scalp |
| 2 | - | - | - | gap-and-go | algo spike, news pop | n/a | - | - | early morning | unknown | scalp |
| 3 | - | - | - | red-to-green | dead cat bounce, retest | n/a | resistance at $15.80 | $15.80 | early morning | unknown | short |
| 4 | - | - | - | micro-pullback | continuation from prior day, scanner hit | scaled in gradually | $13.20 breakout | $13.20 | early morning | unknown | scalp |
| 5 | - | - | - | dip-buy | bounce off support, dip scalp | n/a | - | $8.50 resistance | early morning | positive | scalp |
=== FILE 1766 ===
TRADE_MECHANICS:
| # | FLOAT | GAP% | REL_VOL | PATTERN_TYPE | ENTRY_TRIGGER | ADD_ON_MECHANIC | STOP_CRITERIA | T1_TARGET | TIME_OF_ENTRY | MACD_STATE | HOLD_DURATION |
|---|-------|------|---------|--------------|---------------|-----------------|---------------|-----------|---------------|------------|---------------|
| 1 | - | - | - | gap-and-go | FDA approval, premarket break | scaled at $2.36 | - | $2.36 | premarket | unknown | scalp |
| 2 | - | - | - | dip-buy | dip scalps, five-minute setup | multiple micro exits at dips | - | $2.42-$2.44 | premarket | unknown | scalp |
=== FILE 1767 ===
TRADE_MECHANICS:
| # | FLOAT | GAP% | REL_VOL | PATTERN_TYPE | ENTRY_TRIGGER | ADD_ON_MECHANIC | STOP_CRITERIA | T1_TARGET | TIME_OF_ENTRY | MACD_STATE | HOLD_DURATION |
|---|-------|------|---------|--------------|---------------|-----------------|---------------|-----------|---------------|------------|---------------|
| 1 | - | - | - | gap-and-go | premarket continuation, nine green candles | bought micro-pullbacks, sold scalps | - | continuation | premarket | positive | short |
| 2 | - | - | - | dip-buy | morning dip, VWAP reclaim | scaled 3,500 shares through $3.30-$3.50 | - | $3.75 | 9:30am open | positive | short |
=== FILE 1768 ===
TRADE_MECHANICS:
| # | FLOAT | GAP% | REL_VOL | PATTERN_TYPE | ENTRY_TRIGGER | ADD_ON_MECHANIC | STOP_CRITERIA | T1_TARGET | TIME_OF_ENTRY | MACD_STATE | HOLD_DURATION |
|---|-------|------|---------|--------------|---------------|-----------------|---------------|-----------|---------------|------------|---------------|
| 1 | - | - | - | gap-and-go | premarket gapper, consolidation | n/a | false breakout | $0.75-$0.80 | premarket | unknown | scalp |
| 2 | - | 52% | - | vwap-reclaim | blue-sky daily chart, 20-MA dip | repeated dip buys at $4.64-$4.65 | - | $4.74-$4.75 | premarket | positive | short |
| 3 | - | 52% | - | dip-buy | double-bottom dip, continuation | scaled through $4.85, $4.88, $4.90 | - | $5.00 | early morning | positive | short |
=== FILE 1769 ===
TRADE_MECHANICS:
| # | FLOAT | GAP% | REL_VOL | PATTERN_TYPE | ENTRY_TRIGGER | ADD_ON_MECHANIC | STOP_CRITERIA | T1_TARGET | TIME_OF_ENTRY | MACD_STATE | HOLD_DURATION |
|---|-------|------|---------|--------------|---------------|-----------------|---------------|-----------|---------------|------------|---------------|
| 1 | - | - | - | red-to-green | curl off low, dead cat bounce | n/a | massive flush, reversal | $15.50 | premarket | unknown | scalp |
| 2 | - | - | - | gap-and-go | FDA approval, bounce | n/a | - | $1.34 | premarket | unknown | scalp |
| 3 | - | 57% | - | dip-buy | VWAP bottoming tail, dip buy | scaled through $2.12-$2.16 | - | $2.35 premarket high | early morning | unknown | short |
=== FILE 1770 ===
TRADE_MECHANICS:
| # | FLOAT | GAP% | REL_VOL | PATTERN_TYPE | ENTRY_TRIGGER | ADD_ON_MECHANIC | STOP_CRITERIA | T1_TARGET | TIME_OF_ENTRY | MACD_STATE | HOLD_DURATION |
|---|-------|------|---------|--------------|---------------|-----------------|---------------|-----------|---------------|------------|---------------|
| 1 | - | - | - | gap-and-go | IPO, false breakout above $25.50 | added on pullback consolidation | reversal, sharp pullback | $25.50+ | premarket | unknown | short |
| 2 | - | - | - | dip-buy | dip adds on pullback, consolidation | scaled in | reversal, sharp pullback | $26.50 | premarket | unknown | short |
| 3 | - | - | - | dip-buy | bounce breakout, dip buy | n/a | - | $3.20-$3.37 | early morning | unknown | short |
=== FILE 1771 ===
TRADE_MECHANICS:
| # | FLOAT | GAP% | REL_VOL | PATTERN_TYPE | ENTRY_TRIGGER | ADD_ON_MECHANIC | STOP_CRITERIA | T1_TARGET | TIME_OF_ENTRY | MACD_STATE | HOLD_DURATION |
|---|-------|------|---------|--------------|---------------|-----------------|---------------|-----------|---------------|------------|---------------|
| 1 | - | - | - | dip-buy | dip buy on hidden buyer | added through consolidation | - | $31.36-$31.60 | early morning | positive | short |
| 2 | - | - | - | gap-and-go | gap and go, second day continuation | n/a | reversal, unable to hold level | $6.28+ | early morning | unknown | short |
| 3 | - | - | - | gap-and-go | scanner hit, halt-aware trading | n/a | - | $12.15 | early morning | unknown | scalp |
| 4 | - | - | - | vwap-reclaim | VWAP break, consolidation breakout | n/a | resistance level | $10.95+ | early morning | unknown | scalp |
=== FILE 1772 ===
TRADE_MECHANICS:
| # | FLOAT | GAP% | REL_VOL | PATTERN_TYPE | ENTRY_TRIGGER | ADD_ON_MECHANIC | STOP_CRITERIA | T1_TARGET | TIME_OF_ENTRY | MACD_STATE | HOLD_DURATION |
|---|-------|------|---------|--------------|---------------|-----------------|---------------|-----------|---------------|------------|---------------|
| 1 | - | - | - | red-to-green | dead cat bounce, adds on dips | added at $3.10-$3.50 | - | prior high | early morning | unknown | short |
| 2 | - | - | - | vwap-reclaim | VWAP break, partnership news | scaled in through consolidation | - | $22+ continuation | early morning | positive | short |
=== FILE 1774 ===
TRADE_MECHANICS:
| # | FLOAT | GAP% | REL_VOL | PATTERN_TYPE | ENTRY_TRIGGER | ADD_ON_MECHANIC | STOP_CRITERIA | T1_TARGET | TIME_OF_ENTRY | MACD_STATE | HOLD_DURATION |
|---|-------|------|---------|--------------|---------------|-----------------|---------------|-----------|---------------|------------|---------------|
| 1 | - | - | - | gap-and-go | dip buy, gap and go extension | n/a | failed breakout, rejection | $9.50+ | early morning | unknown | short |
| 2 | - | - | - | gap-and-go | second attempt, gap and go | n/a | resistance | $9.20+ | early morning | unknown | scalp |
| 3 | - | - | - | red-to-green | dead cat bounce, VWAP break | n/a | - | first move at $9.34 | early morning | unknown | scalp |
| 4 | - | - | - | gap-and-go | IPO bounce, early momentum | scaled at $45+ | - | $45+ | early morning | positive | short |
=== TSV_AUDIT ===
1751	1	SDIG	-	-	-	S	S	S	S	S	-	S
1752	1	NRSN	-	S	-	S	S	S	-	S	S	S
1752	2	RDBX	-	-	-	S	S	N	S	-	S	S
1754	1	BHAT	-	-	-	S	S	N	-	S	S	S
1754	2	HISTO	-	-	-	S	S	S	-	S	S	S
1754	3	INDO	-	-	-	S	S	S	-	S	S	S
1755	1	IINN	-	S	-	S	S	S	-	S	S	S
1756	1	NRSN	-	-	-	S	S	S	S	S	S	S
1756	2	TRVI	-	-	-	S	S	N	-	-	S	S
1756	3	CBIO	-	S	-	S	S	N	S	-	S	S
1757	1	APEN	-	-	-	S	S	S	S	S	S	S
1757	2	WYY	-	-	-	S	S	N	S	-	S	S
1757	3	XRTX	-	S	-	S	S	S	-	S	S	S
1757	4	PETZ	-	-	-	S	S	N	S	-	S	S
1758	1	SISI	-	S	-	S	S	N	S	-	S	S
1758	2	STERN	-	-	-	S	S	N	S	-	S	S
1758	3	EVGO	-	-	-	S	S	N	S	S	S	S
1758	4	CLNN	-	-	-	S	S	N	S	-	S	S
1758	5	GOEV	-	-	-	S	S	N	S	S	S	S
1760	1	NRSN	-	-	-	S	S	S	-	S	S	S
1760	2	HILS	-	-	-	S	S	S	-	-	S	S
1761	1	???	-	-	-	S	S	N	-	-	S	S
1762	1	BRQS	-	-	-	S	S	N	S	-	S	S
1762	2	VRME	-	-	-	S	S	N	-	S	S	S
1763	1	SAIDU	-	-	-	S	S	N	-	S	S	S
1763	2	SAIDU	-	-	-	S	S	S	S	S	S	S
1763	3	SAIDU	-	-	-	S	S	N	S	S	S	S
1764	1	V	-	-	-	S	S	N	-	S	S	S
1764	2	AMPG	-	-	-	S	S	S	-	S	S	S
1764	3	MEGL	-	-	-	S	S	S	-	S	S	S
1765	1	LSF	-	-	-	S	S	N	-	-	S	S
1765	2	BWV	-	-	-	S	S	N	-	-	S	S
1765	3	MEGL	-	-	-	S	S	N	S	S	S	S
1765	4	BCAB	-	-	-	S	S	N	S	S	S	S
1765	5	BWV	-	-	-	S	S	N	S	S	S	S
1766	1	OLB	-	-	-	S	S	S	-	S	S	S
1766	2	OLB	-	-	-	S	S	S	-	S	S	S
1767	1	DRUG	-	-	-	S	S	S	-	S	S	S
1767	2	DRUG	-	-	-	S	S	S	-	S	S	S
1768	1	GCT	-	-	-	S	S	N	S	S	S	S
1768	2	SVRE	-	S	-	S	S	S	-	S	S	S
1768	3	SVRE	-	S	-	S	S	S	-	S	S	S
1769	1	STBX	-	-	-	S	S	N	S	S	S	S
1769	2	SPRC	-	-	-	S	S	N	-	S	S	S
1769	3	DRUG	-	S	-	S	S	S	-	S	S	S
1770	1	GCT	-	-	-	S	S	S	S	S	S	S
1770	2	GCT	-	-	-	S	S	S	S	S	S	S
1770	3	VLCN	-	-	-	S	S	N	-	S	S	S
1771	1	SAVA	-	-	-	S	S	S	-	S	S	S
1771	2	BWV	-	-	-	S	S	N	S	S	S	S
1771	3	TOP	-	-	-	S	S	N	-	S	S	S
1771	4	WG	-	-	-	S	S	N	S	S	S	S
1772	1	MOB	-	-	-	S	S	S	-	S	S	S
1772	2	PHASE	-	-	-	S	S	S	-	S	S	S
1774	1	FRZA	-	-	-	S	S	N	S	S	S	S
1774	2	FRZA	-	-	-	S	S	N	S	S	S	S
1774	3	TGL	-	-	-	S	S	N	-	S	S	S
1774	4	REBORN	-	-	-	S	S	S	-	S	S	S
=== FILE 1775 ===
TRADE_MECHANICS:
| # | FLOAT | GAP% | REL_VOL | PATTERN_TYPE | ENTRY_TRIGGER | ADD_ON_MECHANIC | STOP_CRITERIA | T1_TARGET | TIME_OF_ENTRY | MACD_STATE | HOLD_DURATION |
|---|-------|------|---------|--------------|---------------|-----------------|---------------|-----------|---------------|------------|---------------|
| 1 | - | - | - | gap-and-go | early breakout above $0.50 | scaled at key resistance | - | $6.00+ | - | unknown | short |
| 2 | - | - | - | red-to-green | dead cat bounce, VWAP breaks | multiple adds and scales | - | $28.15 resistance | - | unknown | short |
| 3 | - | - | - | micro-pullback | bounce momentum | quick scalp at resistance | - | $6.30 resistance | - | unknown | scalp |
| 4 | - | - | - | gap-and-go | reverse split bounce, news-driven | dip and rip moves | - | $8.78 | - | unknown | short |
=== FILE 1776 ===
TRADE_MECHANICS:
| # | FLOAT | GAP% | REL_VOL | PATTERN_TYPE | ENTRY_TRIGGER | ADD_ON_MECHANIC | STOP_CRITERIA | T1_TARGET | TIME_OF_ENTRY | MACD_STATE | HOLD_DURATION |
|---|-------|------|---------|--------------|---------------|-----------------|---------------|-----------|---------------|------------|---------------|
| 1 | - | 123% | - | gap-and-go | flat-top breakout | scaled at $3.17, $3.20 | - | $3.25-$3.35, $3.44 pivot | - | unknown | short |
| 2 | - | - | - | vwap-reclaim | ascending support, VWAP break | dip-trade opportunities | - | VWAP test | - | unknown | scalp |
| 3 | - | - | - | gap-and-go | acquisition news, early pop | early momentum scalp | - | - | midday | scalp |
=== FILE 1777 ===
TRADE_MECHANICS:
| # | FLOAT | GAP% | REL_VOL | PATTERN_TYPE | ENTRY_TRIGGER | ADD_ON_MECHANIC | STOP_CRITERIA | T1_TARGET | TIME_OF_ENTRY | MACD_STATE | HOLD_DURATION |
|---|-------|------|---------|--------------|---------------|-----------------|---------------|-----------|---------------|------------|---------------|
| 1 | - | - | - | dip-buy | dead cat bounce, dip off low | - | flushing, sharp downside | - | - | unknown | short |
| 2 | - | - | - | dip-buy | second attempt, halt-aware | hold into halt level | - | halt level | - | unknown | short |
| 3 | - | - | - | red-to-green | red to green, dip buy attempt | - | weak conviction | - | - | unknown | scalp |
=== FILE 1778 ===
(No TRADE_MECHANICS extracted — only 1 incomplete trade with unknown fields)
=== FILE 1779 ===
TRADE_MECHANICS:
| # | FLOAT | GAP% | REL_VOL | PATTERN_TYPE | ENTRY_TRIGGER | ADD_ON_MECHANIC | STOP_CRITERIA | T1_TARGET | TIME_OF_ENTRY | MACD_STATE | HOLD_DURATION |
|---|-------|------|---------|--------------|---------------|-----------------|---------------|-----------|---------------|------------|---------------|
| 1 | - | - | high | gap-and-go | gap and go, monkey pox vaccine news | scaled through $2.30-$2.82 | - | $2.82+ resistance | - | unknown | extended |
=== FILE 1780 ===
TRADE_MECHANICS:
| # | FLOAT | GAP% | REL_VOL | PATTERN_TYPE | ENTRY_TRIGGER | ADD_ON_MECHANIC | STOP_CRITERIA | T1_TARGET | TIME_OF_ENTRY | MACD_STATE | HOLD_DURATION |
|---|-------|------|---------|--------------|---------------|-----------------|---------------|-----------|---------------|------------|---------------|
| 1 | - | - | - | whole-dollar-break | power hour squeeze, adds on dips | scaled out on momentum | - | $6.18+ | afternoon | unknown | extended |
| 2 | - | - | - | halt-resume | halt resume, momentum squeeze | - | - | $4.00 | afternoon | unknown | scalp |
| 3 | - | - | - | red-to-green | sympathy pop, high-day momo | partial exit at extension | - | $7.09+ | afternoon | unknown | extended |
| 4 | - | - | - | whole-dollar-break | high-day momo scan hit | scaled out through $5.00 | - | $5.00+ | afternoon | unknown | short |
| 5 | - | - | - | whole-dollar-break | break of previous high day highs | scaled out through $5.60 | - | $5.60+ | afternoon | unknown | extended |
| 6 | - | - | - | gap-and-go | premarket high, multiple adds | net positive after multiple entries/exits | - | $11.00+ | morning | unknown | extended |
| 7 | - | - | - | unknown | earnings momentum move | small scalp | - | $99.70+ | afternoon | unknown | scalp |
=== FILE 1781 ===
TRADE_MECHANICS:
| # | FLOAT | GAP% | REL_VOL | PATTERN_TYPE | ENTRY_TRIGGER | ADD_ON_MECHANIC | STOP_CRITERIA | T1_TARGET | TIME_OF_ENTRY | MACD_STATE | HOLD_DURATION |
|---|-------|------|---------|--------------|---------------|-----------------|---------------|-----------|---------------|------------|---------------|
| 1 | - | - | light-volume | whole-dollar-break | breakout attempt through $29 | doubled to 2000 shares | two-point flush | $29+ | early | unknown | short |
| 2 | - | - | - | whole-dollar-break | break through resistance | scaled in $16.80-$18.00 | - | $18.27 resistance | premarket | unknown | short |
=== FILE 1782 ===
(No TRADE_MECHANICS extracted — no trades taken, educational only)
=== FILE 1783 ===
TRADE_MECHANICS:
| # | FLOAT | GAP% | REL_VOL | PATTERN_TYPE | ENTRY_TRIGGER | ADD_ON_MECHANIC | STOP_CRITERIA | T1_TARGET | TIME_OF_ENTRY | MACD_STATE | HOLD_DURATION |
|---|-------|------|---------|--------------|---------------|-----------------|---------------|-----------|---------------|------------|---------------|
| 1 | low-float | - | - | whole-dollar-break | break through double top | scaled at $3.75, $3.89 | momentum stall at $4.00 | $4.00 psychological | premarket | unknown | short |
| 2 | - | - | - | flat-top | red-to-green double-top break | - | seller resistance at $4.08-$4.09 | $4.10-$4.15 | early | unknown | scalp |
=== FILE 1784 ===
(No TRADE_MECHANICS extracted — no trades taken, educational only)
=== FILE 1785 ===
TRADE_MECHANICS:
| # | FLOAT | GAP% | REL_VOL | PATTERN_TYPE | ENTRY_TRIGGER | ADD_ON_MECHANIC | STOP_CRITERIA | T1_TARGET | TIME_OF_ENTRY | MACD_STATE | HOLD_DURATION |
|---|-------|------|---------|--------------|---------------|-----------------|---------------|-----------|---------------|------------|---------------|
| 1 | - | - | - | dip-buy | early spike momentum | quick flush reversal | reversal flushed red | - | open | unknown | scalp |
| 2 | - | - | - | whole-dollar-break | break double top adds | scaled at $15.00, $15.60, $16.00, $17.00 | - | $17.00+ | - | unknown | extended |
=== FILE 1786 ===
TRADE_MECHANICS:
| # | FLOAT | GAP% | REL_VOL | PATTERN_TYPE | ENTRY_TRIGGER | ADD_ON_MECHANIC | STOP_CRITERIA | T1_TARGET | TIME_OF_ENTRY | MACD_STATE | HOLD_DURATION |
|---|-------|------|---------|--------------|---------------|-----------------|---------------|-----------|---------------|------------|---------------|
| 1 | - | - | - | gap-and-go | premarket gap small scalp | - | - | $13.50 | premarket | unknown | scalp |
| 2 | 2.29B-float | - | - | vwap-reclaim | VWAP reclaim, adds on dips | scaled through $82.00, $82.50, $83.50, $84.00 | founder liquidity risk | $85.00 | premarket | unknown | short |
=== FILE 1787 ===
(No TRADE_MECHANICS extracted — no trades taken, educational only)
=== FILE 1788 ===
(No TRADE_MECHANICS extracted — no trades taken, educational only)
=== FILE 1789 ===
TRADE_MECHANICS:
| # | FLOAT | GAP% | REL_VOL | PATTERN_TYPE | ENTRY_TRIGGER | ADD_ON_MECHANIC | STOP_CRITERIA | T1_TARGET | TIME_OF_ENTRY | MACD_STATE | HOLD_DURATION |
|---|-------|------|---------|--------------|---------------|-----------------|---------------|-----------|---------------|------------|---------------|
| 1 | - | 94% | 800k+ ADF | gap-and-go | opening bounce, large seller | - | bear flag formation, VWAP | below VWAP | 8am+ | unknown | short |
| 2 | - | - | - | dip-buy | bounce higher scalp play | - | - | $4.37+ | - | unknown | scalp |
| 3 | - | - | - | unknown | 9am news headline test | test with 1000 shares only | failed-breakout, no follow | $1.93+ | 9am | unknown | scalp |
=== FILE 1790 ===
TRADE_MECHANICS:
| # | FLOAT | GAP% | REL_VOL | PATTERN_TYPE | ENTRY_TRIGGER | ADD_ON_MECHANIC | STOP_CRITERIA | T1_TARGET | TIME_OF_ENTRY | MACD_STATE | HOLD_DURATION |
|---|-------|------|---------|--------------|---------------|-----------------|---------------|-----------|---------------|------------|---------------|
| 1 | - | - | - | whole-dollar-break | break of VWAP, squeeze | - | - | $16+ | morning | unknown | extended |
| 2 | - | - | - | micro-pullback | curl, dip break | - | reversal, descending | $7+ | morning | unknown | short |
| 3 | - | - | - | whole-dollar-break | squeeze in range | scaled at resistance | - | $3.60+ | morning | unknown | extended |
| 4 | - | - | - | flat-top | five-minute bull flag | - | - | $13.50+ | morning | unknown | extended |
| 5 | - | - | - | unknown | continuation from prior day | quick exit | - | - | morning | unknown | scalp |
| 6 | - | - | - | gap-and-go | gap-and-go, break of premarket | scaled $5.00-$5.50 | - | $5.50+ | morning | unknown | extended |
| 7 | - | - | - | whole-dollar-break | break of $3.00 | large position $25k | reversal flush | $3.00+ | morning | unknown | scalp |
| 8 | - | - | - | red-to-green | second entry at pullback | large position re-entry | reversal flush at $8.60 | $10.40+ | morning | unknown | short |
=== FILE 1791 ===
(No TRADE_MECHANICS extracted — no trades taken, educational only)
=== FILE 1792 ===
TRADE_MECHANICS:
| # | FLOAT | GAP% | REL_VOL | PATTERN_TYPE | ENTRY_TRIGGER | ADD_ON_MECHANIC | STOP_CRITERIA | T1_TARGET | TIME_OF_ENTRY | MACD_STATE | HOLD_DURATION |
|---|-------|------|---------|--------------|---------------|-----------------|---------------|-----------|---------------|------------|---------------|
| 1 | - | - | - | whole-dollar-break | premarket squeeze up | - | - | premarket high | premarket | unknown | scalp |
| 2 | - | - | - | micro-pullback | micro pullback, adds | scaled at resistance | - | $5.10+ | early | unknown | extended |
| 3 | - | - | - | gap-and-go | opening range breakout | - | - | high of day | open | unknown | extended |
| 4 | - | - | - | whole-dollar-break | premarket squeeze | break higher | - | $2.00+ | early | unknown | short |
| 5 | - | - | - | whole-dollar-break | break over premarket high, adds | scaled at new high | - | $8.40+ | morning | unknown | extended |
=== FILE 1793 ===
TRADE_MECHANICS:
| # | FLOAT | GAP% | REL_VOL | PATTERN_TYPE | ENTRY_TRIGGER | ADD_ON_MECHANIC | STOP_CRITERIA | T1_TARGET | TIME_OF_ENTRY | MACD_STATE | HOLD_DURATION |
|---|-------|------|---------|--------------|---------------|-----------------|---------------|-----------|---------------|------------|---------------|
| 1 | - | - | - | vwap-reclaim | bounce off VWAP | - | - | half-dollar break | early | unknown | scalp |
| 2 | - | - | - | dip-buy | double bottom off VWAP | - | weak reversal | $11.50 pivot | - | unknown | short |
| 3 | - | - | - | micro-pullback | curl back up on pullback | - | failed-breakout | - | early | unknown | scalp |
| 4 | - | - | - | whole-dollar-break | break of resistance, adds | multiple exits | - | $6.50+ | morning | unknown | extended |
| 5 | - | - | - | whole-dollar-break | break of $2.50 | - | reversal rejection | $2.50+ | - | unknown | scalp |
| 6 | - | - | - | unknown | multiple pullback attempts | partial exit | - | - | - | unknown | extended |
| 7 | - | - | - | unknown | reverse split pop/dip | - | continued selling | - | - | unknown | scalp |
| 8 | - | - | - | dip-buy | dip bounce, pivot break | scaled out | - | $12.00+ | - | unknown | short |
=== FILE 1794 ===
TRADE_MECHANICS:
| # | FLOAT | GAP% | REL_VOL | PATTERN_TYPE | ENTRY_TRIGGER | ADD_ON_MECHANIC | STOP_CRITERIA | T1_TARGET | TIME_OF_ENTRY | MACD_STATE | HOLD_DURATION |
|---|-------|------|---------|--------------|---------------|-----------------|---------------|-----------|---------------|------------|---------------|
| 1 | - | - | - | micro-pullback | micro pullback, break | quick scalp | - | - | early | unknown | scalp |
| 2 | sub-1M | - | - | whole-dollar-break | break of yesterday high, adds | scaled multiple times | - | $32.00+ | early | unknown | extended |
| 3 | - | - | - | gap-and-go | break of $8.00 | - | false breakout fill | $8.00+ | early | unknown | scalp |
=== FILE 1795 ===
TRADE_MECHANICS:
| # | FLOAT | GAP% | REL_VOL | PATTERN_TYPE | ENTRY_TRIGGER | ADD_ON_MECHANIC | STOP_CRITERIA | T1_TARGET | TIME_OF_ENTRY | MACD_STATE | HOLD_DURATION |
|---|-------|------|---------|--------------|---------------|-----------------|---------------|-----------|---------------|------------|---------------|
| 1 | easy-to-borrow | - | shorts-covering | whole-dollar-break | break of $5.00, early shorts | 5000-starter, 3000-add | cover pressure | $5.04+ | morning | unknown | short |
| 2 | - | - | - | abcd | ABCD pattern, break higher | - | 100k sell order, stall | - | - | unknown | scalp |
| 3 | - | - | - | gap-and-go | opening range breakout | - | - | - | open | unknown | scalp |
=== FILE 1796 ===
TRADE_MECHANICS:
| # | FLOAT | GAP% | REL_VOL | PATTERN_TYPE | ENTRY_TRIGGER | ADD_ON_MECHANIC | STOP_CRITERIA | T1_TARGET | TIME_OF_ENTRY | MACD_STATE | HOLD_DURATION |
|---|-------|------|---------|--------------|---------------|-----------------|---------------|-----------|---------------|------------|---------------|
| 1 | - | - | - | unknown | continuation, multiple adds | scaled out progressively | - | $25.00+ | morning | unknown | extended |
| 2 | - | - | - | vwap-reclaim | break of VWAP | reversal flush | - | - | morning | unknown | scalp |
=== FILE 1797 ===
(No TRADE_MECHANICS extracted — no trades taken, educational only)
=== FILE 1798 ===
TRADE_MECHANICS:
| # | FLOAT | GAP% | REL_VOL | PATTERN_TYPE | ENTRY_TRIGGER | ADD_ON_MECHANIC | STOP_CRITERIA | T1_TARGET | TIME_OF_ENTRY | MACD_STATE | HOLD_DURATION |
|---|-------|------|---------|--------------|---------------|-----------------|---------------|-----------|---------------|------------|---------------|
| 1 | - | - | - | whole-dollar-break | break of premarket high, pop | scaled at resistance | - | $5.40+ | early | unknown | short |
| 2 | easy-to-borrow | - | shorts-covering | whole-dollar-break | break of resistance | scaled buys $4.50-$4.91 | cover squeeze | $5.50+ | early | unknown | extended |
=== FILE 1799 ===
(No TRADE_MECHANICS extracted — no trades taken, educational only)
=== TSV_AUDIT ===
1775	1	PXMD	-	-	-	S	S	S	-	S	-	S
1775	2	ATXG	-	-	-	S	S	S	-	S	-	S
1775	3	JAZ	-	-	-	S	S	S	-	S	-	S
1775	4	CMC	-	-	-	S	S	S	-	S	-	S
1776	1	LIXT	-	S	-	S	S	S	-	S	-	S
1776	2	VERU	-	-	-	S	S	S	-	S	-	S
1776	3	UUU	-	-	-	S	S	S	-	-	S	S
1777	1	IMTE	-	-	-	S	S	-	S	-	-	S
1777	2	IMTE	-	-	-	S	S	S	-	S	-	S
1777	3	VERU	-	-	-	S	S	-	S	-	-	S
1779	1	HSDT	-	-	S	S	S	S	-	S	-	S
1780	1	MTC	-	-	-	S	S	S	-	S	S	S
1780	2	DUO	-	-	-	S	S	-	-	S	S	S
1780	3	MDAI	-	-	-	S	S	S	-	S	S	S
1780	4	MDJH	-	-	-	S	S	S	-	S	S	S
1780	5	APDN	-	-	-	S	S	S	-	S	S	S
1780	6	AMTD	-	-	-	S	S	S	-	S	S	S
1780	7	PYPL	-	-	-	-	S	S	-	S	S	S
1781	1	GETTY	-	-	S	S	S	S	S	S	S	S
1781	2	MGAM	-	-	-	S	S	S	-	S	S	S
1783	1	LGHL	-	-	-	S	S	S	S	S	S	S
1783	2	GDC	-	-	-	S	S	-	S	S	S	S
1785	1	GROM	-	-	-	S	S	-	S	-	S	S
1785	2	RCLF	-	-	-	S	S	S	-	S	-	S
1786	1	GDC	-	-	-	S	S	-	-	S	S	S
1786	2	VFS	S	-	-	S	S	S	S	S	S	S
1789	1	USEA	-	S	S	S	S	-	S	S	S	S
1789	2	EVTL	-	-	-	S	S	-	-	S	-	S
1789	3	BRQS	-	-	-	-	S	S	-	S	S	S
1790	1	ASST	-	-	-	S	S	-	-	S	S	S
1790	2	CAMP	-	-	-	S	S	-	S	S	S	S
1790	3	GLE	-	-	-	S	S	S	-	S	S	S
1790	4	CWD	-	-	-	S	S	-	-	S	S	S
1790	5	PTNM	-	-	-	-	S	S	-	-	S	S
1790	6	WLDS	-	-	-	S	S	S	-	S	S	S
1790	7	RBNE	-	-	-	S	S	S	S	S	S	S
1790	8	WLDS	-	-	-	S	S	S	S	S	S	S
1792	1	STC	-	-	-	S	S	-	-	S	S	S
1792	2	ATCH	-	-	-	S	S	S	-	S	S	S
1792	3	PG	-	-	-	S	S	-	-	S	S	S
1792	4	YYAI	-	-	-	S	S	S	-	S	S	S
1792	5	GSON	-	-	-	S	S	S	-	S	S	S
1793	1	ZENA	-	-	-	S	S	-	-	S	S	S
1793	2	ZENA	-	-	-	S	S	-	S	S	-	S
1793	3	SMTK	-	-	-	S	S	-	-	-	S	S
1793	4	TOY	-	-	-	S	S	S	-	S	S	S
1793	5	NCPL	-	-	-	S	S	-	S	S	-	S
1793	6	UAVS	-	-	-	-	S	S	-	-	-	S
1793	7	CTXR	-	-	-	-	S	-	S	-	-	S
1793	8	ZENA	-	-	-	S	S	S	-	S	-	S
1794	1	CBIO	-	-	-	S	S	S	-	-	S	S
1794	2	MMPR	S	-	-	S	S	S	-	S	S	S
1794	3	SYRS	-	-	-	S	S	-	S	S	S	S
1795	1	XNET	S	-	S	S	S	S	S	S	S	S
1795	2	RILEY	-	-	-	S	S	-	S	-	-	S
1795	3	NXX	-	-	-	S	S	-	-	-	S	S
1796	1	BPTH	-	-	-	-	S	S	-	S	S	S
1796	2	CGIX	-	-	-	S	S	S	-	-	S	S
1798	1	WT	-	-	-	S	S	S	-	S	S	S
1798	2	RDGT	S	-	-	S	S	S	S	S	S	S
