filename,word_count,long_video,deep_review_priority,novelty_score,coverage_score,rules_hit,rules_list
+$18k Green Day Recap Recap By Ross Cameron.txt,359,False,False,1.0,0.0,0,
5 Winners Out of 5 Trades! Ross's Trade Recap.txt,2659,True,True,0.9975,0.0025,4,SCRN-008_sector_theme|PROF-002_scale_out|TIMING-002_opening_range|TIMING-003_midday_dead
-275K BIGGEST RED DAY EVER Ross Cameron [h53KLB2liR0].txt,8027,True,True,0.9973,0.0027,8,SCRN-001_news_catalyst|SCRN-007_foreign_stocks|ENTR-003_dollar_levels|STOP-003_fifty_pct_daily_stop|STOP-007_position_stop|PROF-001_dont_cap_green|PROF-003_daily_goals|TIMING-001_premarket_watch
-275K BIGGEST RED DAY EVER Ross Cameron.txt,8027,True,True,0.9973,0.0027,8,SCRN-001_news_catalyst|SCRN-007_foreign_stocks|ENTR-003_dollar_levels|STOP-003_fifty_pct_daily_stop|STOP-007_position_stop|PROF-001_dont_cap_green|PROF-003_daily_goals|TIMING-001_premarket_watch
Burn Baby Burn! Finished the Week in The Red.txt,3054,True,True,0.9968,0.0032,4,SCRN-010_front_back_side|ENTR-003_dollar_levels|TIMING-002_opening_range|TIMING-003_midday_dead
Becoming A MORE CONSISTENT Day Trader SLOW AND STEADY Day Trading.txt,8288,True,True,0.9965,0.0035,9,SCRN-004_price_range|ENTR-004_micro_pullback|ENTR-006_bull_flag|STOP-004_thirty_pct_soft_stop|STOP-007_position_stop|PROF-002_scale_out|PROF-004_size_up_hot|PROF-005_cold_market|TIMING-005_session_length
my millionaire students at Warrior Trading.txt,9365,True,True,0.9965,0.0035,7,SCRN-004_price_range|ENTR-003_dollar_levels|STOP-003_fifty_pct_daily_stop|PROF-003_daily_goals|PROF-004_size_up_hot|TIMING-005_session_length|TIMING-006_power_hour
All Green! Ross's Trade Recap.txt,620,False,False,0.9963,0.0037,1,MKTCOND-002_leading_gapper
The Real Struggle of Day Trading Day Trading Recap by Ross Cameron.txt,5433,True,True,0.9962,0.0038,7,SCRN-001_news_catalyst|SCRN-009_short_interest|ENTR-002_fcnh|ENTR-003_dollar_levels|STOP-003_fifty_pct_daily_stop|TIMING-001_premarket_watch|TIMING-003_midday_dead
Day 9 Martha's Vineyard Trading Challenge Day Trading Recap by Ross Cameron.txt,2543,True,True,0.9961,0.0039,3,ENTR-003_dollar_levels|STOP-003_fifty_pct_daily_stop|PROF-004_size_up_hot
My House Caught on Fire.... and I Kept Day Trading Recap by Ross Cameron.txt,1101,False,False,0.9961,0.0039,2,SCRN-007_foreign_stocks|ENTR-004_micro_pullback
"Time is Money! +$9,471.05 in One Hour!.txt",1933,True,True,0.9961,0.0039,4,SCRN-001_news_catalyst|SCRN-006_reverse_splits|TIMING-002_opening_range|TIMING-003_midday_dead
The road to Boston and setting up a mobile Trade Station.txt,2499,True,True,0.996,0.004,3,SCRN-004_price_range|ENTR-002_fcnh|ENTR-003_dollar_levels
Angry and Frustrated -$4.5k Recap by Ross Cameron.txt,2167,True,True,0.9959,0.0041,5,SCRN-003_float|ENTR-004_micro_pullback|STOP-004_thirty_pct_soft_stop|MKTCOND-004_overall_market|TIMING-001_premarket_watch
How am I red on a stock up 100 percent !!.txt,4645,True,True,0.9955,0.0045,8,SCRN-001_news_catalyst|SCRN-003_float|SCRN-008_sector_theme|ENTR-004_micro_pullback|ENTR-007_order_spoofing|MKTCOND-005_seasonal|TIMING-002_opening_range|TIMING-005_session_length
Ouch! A Red Trading Day & This Broker Got Suspended! Ross' Trading Recap.txt,3001,True,True,0.9954,0.0046,6,ENTR-003_dollar_levels|STOP-003_fifty_pct_daily_stop|PROF-003_daily_goals|MKTCOND-002_leading_gapper|MKTCOND-005_seasonal|TIMING-003_midday_dead
Day 2 Small Account +26% on $HMNY and $EVOK.txt,2930,True,True,0.9952,0.0048,5,SCRN-003_float|SCRN-004_price_range|ENTR-009_topping_tails|TIMING-001_premarket_watch|TIMING-003_midday_dead
My Biggest Struggle as a Day Trader Ross's Trade Recap.txt,4914,True,True,0.9952,0.0048,6,SCRN-004_price_range|ENTR-002_fcnh|ENTR-003_dollar_levels|STOP-003_fifty_pct_daily_stop|PROF-004_size_up_hot|MKTCOND-002_leading_gapper
Day Trading in St Martin - Traveling Trader.txt,3524,True,True,0.9951,0.0049,8,SCRN-001_news_catalyst|SCRN-008_sector_theme|SCRN-010_front_back_side|STOP-003_fifty_pct_daily_stop|STOP-004_thirty_pct_soft_stop|MKTCOND-002_leading_gapper|TIMING-003_midday_dead|TIMING-005_session_length
Ross' Trade Recap Oh Yeah! $305 in 25 Minutes!.txt,3344,True,True,0.9951,0.0049,5,SCRN-001_news_catalyst|ENTR-002_fcnh|PROF-005_cold_market|TIMING-002_opening_range|TIMING-003_midday_dead
"BLPH +$2,394 VXX -$1,864 Ross's Trade Recap.txt",5193,True,True,0.9945,0.0055,8,SCRN-004_price_range|ENTR-003_dollar_levels|STOP-003_fifty_pct_daily_stop|PROF-001_dont_cap_green|MKTCOND-004_overall_market|TIMING-001_premarket_watch|TIMING-002_opening_range|TIMING-003_midday_dead
Easy Day Trading Ross' Trade Recap.txt,4631,True,True,0.9945,0.0055,11,ENTR-003_dollar_levels|ENTR-004_micro_pullback|ENTR-007_order_spoofing|STOP-003_fifty_pct_daily_stop|STOP-004_thirty_pct_soft_stop|STOP-007_position_stop|PROF-001_dont_cap_green|MKTCOND-002_leading_gapper|MKTCOND-004_overall_market|TIMING-002_opening_range|TIMING-003_midday_dead
Another Frustrating Red Day -$11k Ross's Trade Recap.txt,7995,True,True,0.9944,0.0056,10,SCRN-001_news_catalyst|ENTR-003_dollar_levels|ENTR-004_micro_pullback|ENTR-008_double_bottom|STOP-003_fifty_pct_daily_stop|STOP-007_position_stop|PROF-001_dont_cap_green|MKTCOND-004_overall_market|TIMING-001_premarket_watch|TIMING-002_opening_range
Luck of The Irish Ross' Trade Recap.txt,3243,True,True,0.9944,0.0056,7,SCRN-002_relative_volume|SCRN-003_float|ENTR-003_dollar_levels|ENTR-009_topping_tails|MKTCOND-004_overall_market|TIMING-002_opening_range|TIMING-003_midday_dead
"The Grind Continues -$1,900 Ross' Trade Recap.txt",3249,True,True,0.9944,0.0056,9,SCRN-001_news_catalyst|SCRN-003_float|SCRN-010_front_back_side|ENTR-003_dollar_levels|STOP-003_fifty_pct_daily_stop|PROF-003_daily_goals|PROF-005_cold_market|MKTCOND-002_leading_gapper|TIMING-003_midday_dead
Bad Trade on Netflix -$16k Ross's Trade Recap.txt,7264,True,True,0.9943,0.0057,14,SCRN-003_float|SCRN-004_price_range|SCRN-009_short_interest|ENTR-003_dollar_levels|ENTR-004_micro_pullback|ENTR-008_double_bottom|ENTR-009_topping_tails|STOP-003_fifty_pct_daily_stop|STOP-007_position_stop|PROF-004_size_up_hot|TIMING-001_premarket_watch|TIMING-002_opening_range|TIMING-003_midday_dead|TIMING-006_power_hour
How long have you been watching on YouTube.txt,7492,True,True,0.9943,0.0057,5,SCRN-002_relative_volume|SCRN-004_price_range|ENTR-004_micro_pullback|PROF-004_size_up_hot|MKTCOND-003_cheap_gappers
Trade Recap Sky's The Limit!.txt,2949,True,True,0.9943,0.0057,5,SCRN-004_price_range|SCRN-010_front_back_side|STOP-003_fifty_pct_daily_stop|TIMING-002_opening_range|TIMING-003_midday_dead
The LAST Mid-Day Recap of 2017 from $583 to $335k.txt,5707,True,True,0.9942,0.0058,6,SCRN-003_float|SCRN-004_price_range|MKTCOND-005_seasonal|TIMING-001_premarket_watch|TIMING-003_midday_dead|TIMING-005_session_length
$ALVR +50% Day Trading Recap By Ross Cameron.txt,5522,True,True,0.9941,0.0059,11,SCRN-004_price_range|ENTR-003_dollar_levels|ENTR-004_micro_pullback|ENTR-008_double_bottom|PROF-004_size_up_hot|MKTCOND-002_leading_gapper|TIMING-001_premarket_watch|TIMING-002_opening_range|TIMING-003_midday_dead|TIMING-005_session_length|TIMING-006_power_hour
Red Day Frustration.txt,4055,True,True,0.9941,0.0059,8,SCRN-001_news_catalyst|SCRN-003_float|SCRN-004_price_range|ENTR-003_dollar_levels|PROF-002_scale_out|MKTCOND-001_cold_hot_framework|TIMING-002_opening_range|TIMING-003_midday_dead
"Red Day, But Still Feeling Positive! Ross' Trade Recap.txt",5726,True,True,0.994,0.006,9,SCRN-001_news_catalyst|SCRN-005_daily_chart_room|ENTR-002_fcnh|ENTR-003_dollar_levels|ENTR-004_micro_pullback|STOP-003_fifty_pct_daily_stop|PROF-001_dont_cap_green|MKTCOND-005_seasonal|TIMING-003_midday_dead
Worst Trading Day So Far.txt,1421,False,False,0.994,0.006,3,SCRN-004_price_range|TIMING-001_premarket_watch|TIMING-003_midday_dead
Donald Trump Launches TRUMP Coin.txt,4171,True,True,0.9939,0.0061,7,SCRN-003_float|SCRN-010_front_back_side|ENTR-001_macd_gate|ENTR-002_fcnh|STOP-003_fifty_pct_daily_stop|TIMING-001_premarket_watch|TIMING-006_power_hour
Recovery Day 3 Recent IPO + Biotech News.txt,2012,True,True,0.9939,0.0061,5,SCRN-001_news_catalyst|SCRN-003_float|SCRN-008_sector_theme|STOP-005_fifty_pct_retrace|TIMING-001_premarket_watch
"Finishing the week +$22,150.96 Happy New Year!.txt",3999,True,True,0.9938,0.0062,9,SCRN-001_news_catalyst|ENTR-003_dollar_levels|STOP-007_position_stop|PROF-001_dont_cap_green|PROF-003_daily_goals|TIMING-001_premarket_watch|TIMING-002_opening_range|TIMING-003_midday_dead|TIMING-005_session_length
7 For 7! Ross's Trade Recap.txt,1365,False,False,0.9937,0.0063,3,SCRN-004_price_range|PROF-005_cold_market|TIMING-002_opening_range
Red Day Recap [h7q5KSu9e_I].txt,1635,True,True,0.9937,0.0063,4,ENTR-004_micro_pullback|STOP-003_fifty_pct_daily_stop|STOP-007_position_stop|TIMING-001_premarket_watch
Choppy Market Trading +$9.4k Recap by Ross Cameron.txt,701,False,False,0.9936,0.0064,2,SCRN-005_daily_chart_room|STOP-004_thirty_pct_soft_stop
+$4k Smaller Green Day (NYSE RHE) (NASDAQ LEDS) (NASDAQ PTIX) Recap by Ross Cameron.txt,776,False,False,0.9935,0.0065,1,PROF-001_dont_cap_green
Another Red Day -$16K Ross' Trade Recap.txt,6215,True,True,0.9935,0.0065,11,SCRN-005_daily_chart_room|ENTR-002_fcnh|STOP-003_fifty_pct_daily_stop|STOP-006_halt_offering|PROF-001_dont_cap_green|PROF-004_size_up_hot|MKTCOND-002_leading_gapper|MKTCOND-005_seasonal|TIMING-001_premarket_watch|TIMING-002_opening_range|TIMING-003_midday_dead
Day Trading in an RV.txt,1812,True,True,0.9935,0.0065,6,ENTR-004_micro_pullback|PROF-003_daily_goals|PROF-005_cold_market|TIMING-001_premarket_watch|TIMING-003_midday_dead|TIMING-005_session_length
Trading Recap $1K in 1 Day!.txt,3631,True,True,0.9935,0.0065,8,SCRN-001_news_catalyst|SCRN-004_price_range|SCRN-006_reverse_splits|ENTR-004_micro_pullback|PROF-001_dont_cap_green|PROF-005_cold_market|TIMING-003_midday_dead|TIMING-005_session_length
Max Loss Red Day [vtUXm5P-x1o].txt,4934,True,True,0.9934,0.0066,6,SCRN-002_relative_volume|ENTR-004_micro_pullback|ENTR-005_vwap|STOP-003_fifty_pct_daily_stop|PROF-003_daily_goals|MKTCOND-005_seasonal
My Biggest Loss in More Than 4 Years....txt,7836,True,True,0.9933,0.0067,14,SCRN-001_news_catalyst|SCRN-008_sector_theme|ENTR-002_fcnh|ENTR-005_vwap|STOP-003_fifty_pct_daily_stop|STOP-007_position_stop|PROF-001_dont_cap_green|PROF-003_daily_goals|PROF-004_size_up_hot|PROF-005_cold_market|MKTCOND-001_cold_hot_framework|MKTCOND-002_leading_gapper|MKTCOND-005_seasonal|TIMING-002_opening_range
RED DAY RECAP [86xzLq-wj_c].txt,5512,True,True,0.9933,0.0067,11,SCRN-001_news_catalyst|SCRN-004_price_range|SCRN-005_daily_chart_room|SCRN-006_reverse_splits|ENTR-004_micro_pullback|STOP-003_fifty_pct_daily_stop|PROF-002_scale_out|PROF-004_size_up_hot|PROF-005_cold_market|MKTCOND-003_cheap_gappers|TIMING-002_opening_range
"+$4,811.02 as I break $80k in profits in January!.txt",1680,True,True,0.9931,0.0069,6,SCRN-004_price_range|SCRN-005_daily_chart_room|ENTR-003_dollar_levels|MKTCOND-001_cold_hot_framework|TIMING-002_opening_range|TIMING-003_midday_dead
+$52k May Month in Review.txt,7400,True,True,0.9931,0.0069,9,SCRN-001_news_catalyst|SCRN-002_relative_volume|STOP-001_macd_hands_off|STOP-006_halt_offering|PROF-002_scale_out|PROF-004_size_up_hot|MKTCOND-004_overall_market|TIMING-003_midday_dead|TIMING-005_session_length
Fear sets into Small Caps as the Market drops 1000 points.txt,4104,True,True,0.9931,0.0069,8,SCRN-002_relative_volume|ENTR-003_dollar_levels|PROF-001_dont_cap_green|PROF-004_size_up_hot|PROF-005_cold_market|MKTCOND-004_overall_market|MKTCOND-005_seasonal|TIMING-003_midday_dead
Red Day Recap -2.8k for the 17th Day of 2018.txt,2559,True,True,0.993,0.007,5,SCRN-004_price_range|ENTR-002_fcnh|ENTR-003_dollar_levels|MKTCOND-004_overall_market|TIMING-003_midday_dead
"Traded with 90% Accuracy +$3,365! Ross' Trade Recap.txt",4395,True,True,0.993,0.007,11,SCRN-003_float|SCRN-005_daily_chart_room|SCRN-009_short_interest|ENTR-003_dollar_levels|ENTR-004_micro_pullback|STOP-003_fifty_pct_daily_stop|PROF-002_scale_out|MKTCOND-004_overall_market|TIMING-001_premarket_watch|TIMING-003_midday_dead|TIMING-005_session_length
$1 Million Dollar Challenge Complete! Ross's Trade Recap.txt,7445,True,True,0.9929,0.0071,10,SCRN-001_news_catalyst|SCRN-003_float|SCRN-004_price_range|ENTR-003_dollar_levels|PROF-001_dont_cap_green|PROF-004_size_up_hot|MKTCOND-002_leading_gapper|TIMING-001_premarket_watch|TIMING-002_opening_range|TIMING-003_midday_dead
-$37k on (NASDAQ ORPH UTME) (NYSE AMC) Recap by Ross Cameron.txt,5334,True,True,0.9929,0.0071,6,SCRN-001_news_catalyst|ENTR-004_micro_pullback|STOP-003_fifty_pct_daily_stop|STOP-004_thirty_pct_soft_stop|STOP-007_position_stop|TIMING-001_premarket_watch
2019 Year in Review - Big ups and Big downs! +$367k.txt,7209,True,True,0.9929,0.0071,3,ENTR-003_dollar_levels|MKTCOND-005_seasonal|TIMING-003_midday_dead
Trade Recap Things Are Looking Up.txt,6843,True,True,0.9928,0.0072,13,SCRN-002_relative_volume|SCRN-003_float|SCRN-004_price_range|SCRN-010_front_back_side|ENTR-003_dollar_levels|ENTR-004_micro_pullback|STOP-003_fifty_pct_daily_stop|STOP-004_thirty_pct_soft_stop|PROF-002_scale_out|PROF-004_size_up_hot|MKTCOND-003_cheap_gappers|MKTCOND-005_seasonal|TIMING-003_midday_dead
Big Green Month Day Trading January Month in Review.txt,3618,True,True,0.9927,0.0073,8,SCRN-001_news_catalyst|SCRN-005_daily_chart_room|STOP-003_fifty_pct_daily_stop|PROF-003_daily_goals|PROF-005_cold_market|MKTCOND-001_cold_hot_framework|MKTCOND-004_overall_market|TIMING-001_premarket_watch
Choppy Tuesday! Bank volatility continues.txt,1241,False,False,0.9927,0.0073,3,PROF-005_cold_market|TIMING-001_premarket_watch|TIMING-002_opening_range
Worst Loss of 2022 & Day Trading Psychology by Ross Cameron.txt,6120,True,True,0.9927,0.0073,10,SCRN-003_float|SCRN-007_foreign_stocks|ENTR-008_double_bottom|ENTR-009_topping_tails|STOP-003_fifty_pct_daily_stop|PROF-001_dont_cap_green|PROF-005_cold_market|TIMING-003_midday_dead|TIMING-004_no_trade_days|TIMING-006_power_hour
Tough Markets to Trade Through -$4k Recap by Ross Cameron.txt,1529,True,True,0.9926,0.0074,3,SCRN-003_float|PROF-004_size_up_hot|PROF-005_cold_market
$BAER +126% Gap and Go.txt,2703,True,True,0.9925,0.0075,9,SCRN-010_front_back_side|ENTR-003_dollar_levels|ENTR-004_micro_pullback|STOP-001_macd_hands_off|STOP-003_fifty_pct_daily_stop|PROF-003_daily_goals|MKTCOND-002_leading_gapper|TIMING-001_premarket_watch|TIMING-002_opening_range
+58k in 2 days on $ANVS Live Recap with Ross Cameron.txt,2157,True,True,0.9925,0.0075,5,SCRN-001_news_catalyst|ENTR-004_micro_pullback|STOP-004_thirty_pct_soft_stop|TIMING-001_premarket_watch|TIMING-002_opening_range
"Day 32 of the $100k Challenge +$6,367.66.txt",6227,True,True,0.9925,0.0075,11,SCRN-001_news_catalyst|SCRN-002_relative_volume|SCRN-003_float|SCRN-005_daily_chart_room|SCRN-009_short_interest|ENTR-002_fcnh|ENTR-003_dollar_levels|STOP-007_position_stop|PROF-004_size_up_hot|TIMING-002_opening_range|TIMING-003_midday_dead
LOSING $150k DAY TRADING.txt,9455,True,True,0.9925,0.0075,10,ENTR-009_topping_tails|STOP-003_fifty_pct_daily_stop|STOP-004_thirty_pct_soft_stop|STOP-007_position_stop|PROF-004_size_up_hot|PROF-005_cold_market|MKTCOND-001_cold_hot_framework|MKTCOND-002_leading_gapper|MKTCOND-004_overall_market|MKTCOND-005_seasonal
Makin' Money at The Hotel Ross' Trade Recap.txt,3310,True,True,0.9925,0.0075,9,ENTR-002_fcnh|ENTR-003_dollar_levels|STOP-003_fifty_pct_daily_stop|PROF-002_scale_out|MKTCOND-001_cold_hot_framework|MKTCOND-002_leading_gapper|MKTCOND-003_cheap_gappers|MKTCOND-005_seasonal|TIMING-003_midday_dead
Red in All of My Active Accounts -$12k Ross's Trade Recap.txt,3033,True,True,0.9925,0.0075,4,SCRN-003_float|ENTR-002_fcnh|STOP-003_fifty_pct_daily_stop|MKTCOND-002_leading_gapper
There is Always Hope +$685! Ross' Trade Recap.txt,6304,True,True,0.9925,0.0075,8,SCRN-004_price_range|SCRN-009_short_interest|STOP-004_thirty_pct_soft_stop|STOP-007_position_stop|PROF-005_cold_market|MKTCOND-001_cold_hot_framework|MKTCOND-004_overall_market|MKTCOND-005_seasonal
It all began as a New Year's Resolution....txt,10138,True,True,0.9924,0.0076,19,SCRN-001_news_catalyst|SCRN-003_float|SCRN-004_price_range|SCRN-008_sector_theme|SCRN-010_front_back_side|ENTR-003_dollar_levels|ENTR-004_micro_pullback|ENTR-005_vwap|ENTR-007_order_spoofing|STOP-003_fifty_pct_daily_stop|STOP-006_halt_offering|PROF-001_dont_cap_green|PROF-002_scale_out|PROF-003_daily_goals|MKTCOND-003_cheap_gappers|TIMING-001_premarket_watch|TIMING-002_opening_range|TIMING-003_midday_dead|TIMING-005_session_length
+$17k On The Week! Ross's Trade Recap.txt,2829,True,True,0.9923,0.0077,10,SCRN-004_price_range|SCRN-005_daily_chart_room|ENTR-003_dollar_levels|ENTR-004_micro_pullback|ENTR-009_topping_tails|STOP-003_fifty_pct_daily_stop|TIMING-001_premarket_watch|TIMING-002_opening_range|TIMING-003_midday_dead|TIMING-005_session_length
The Story of How I Lost $20k in 90 Seconds Day Trading.txt,8643,True,True,0.9923,0.0077,15,SCRN-001_news_catalyst|SCRN-003_float|ENTR-004_micro_pullback|STOP-001_macd_hands_off|STOP-003_fifty_pct_daily_stop|STOP-007_position_stop|PROF-001_dont_cap_green|PROF-004_size_up_hot|PROF-005_cold_market|PROF-006_start_small|MKTCOND-002_leading_gapper|MKTCOND-004_overall_market|MKTCOND-005_seasonal|TIMING-001_premarket_watch|TIMING-006_power_hour
+$18k recovery +$3k Net On The Day 2nd Recap by Ross Cameron.txt,3714,True,True,0.9922,0.0078,7,ENTR-003_dollar_levels|ENTR-004_micro_pullback|ENTR-008_double_bottom|STOP-001_macd_hands_off|STOP-003_fifty_pct_daily_stop|PROF-001_dont_cap_green|TIMING-003_midday_dead
+$6k $MRM $ARQQ $HLBZ Recap by Ross Cameron.txt,1980,True,True,0.9921,0.0079,5,SCRN-003_float|ENTR-009_topping_tails|STOP-007_position_stop|TIMING-001_premarket_watch|TIMING-002_opening_range
"Day 6 Daily Recap +$11,050.51 on $DFFN and +180% on my Small Account.txt",8245,True,True,0.992,0.008,14,SCRN-001_news_catalyst|SCRN-002_relative_volume|SCRN-003_float|SCRN-005_daily_chart_room|SCRN-009_short_interest|ENTR-002_fcnh|STOP-003_fifty_pct_daily_stop|STOP-007_position_stop|PROF-002_scale_out|PROF-004_size_up_hot|MKTCOND-004_overall_market|TIMING-001_premarket_watch|TIMING-002_opening_range|TIMING-003_midday_dead
HOW AM I RED ON $SGD.txt,2893,True,True,0.992,0.008,7,SCRN-009_short_interest|ENTR-002_fcnh|STOP-003_fifty_pct_daily_stop|PROF-003_daily_goals|TIMING-001_premarket_watch|TIMING-002_opening_range|TIMING-003_midday_dead
It's almost Valentine's Day but there's NO LOVE in the market for me!.txt,4411,True,True,0.992,0.008,9,SCRN-001_news_catalyst|SCRN-009_short_interest|ENTR-002_fcnh|ENTR-003_dollar_levels|ENTR-007_order_spoofing|PROF-005_cold_market|MKTCOND-005_seasonal|TIMING-001_premarket_watch|TIMING-003_midday_dead
Trading Like I'm Shootin' Fish in a Barrel!.txt,2538,True,True,0.992,0.008,6,SCRN-004_price_range|SCRN-005_daily_chart_room|ENTR-002_fcnh|ENTR-003_dollar_levels|PROF-002_scale_out|TIMING-003_midday_dead
Trading on my Laptop!.txt,3071,True,True,0.992,0.008,8,SCRN-001_news_catalyst|SCRN-003_float|SCRN-006_reverse_splits|PROF-001_dont_cap_green|MKTCOND-002_leading_gapper|TIMING-001_premarket_watch|TIMING-002_opening_range|TIMING-005_session_length
+$56k on (NASDAQ LEDS) Recap by Ross Cameron.txt,4040,True,True,0.9919,0.0081,6,SCRN-001_news_catalyst|SCRN-004_price_range|ENTR-004_micro_pullback|STOP-006_halt_offering|PROF-004_size_up_hot|TIMING-002_opening_range
7th Green Day +$3k Ross's Trade Recap.txt,1861,True,True,0.9919,0.0081,6,ENTR-002_fcnh|ENTR-003_dollar_levels|STOP-003_fifty_pct_daily_stop|MKTCOND-002_leading_gapper|TIMING-001_premarket_watch|TIMING-002_opening_range
Green During Crazy Markets +$3k! Ross's Trade Recap.txt,7016,True,True,0.9919,0.0081,12,SCRN-004_price_range|ENTR-002_fcnh|ENTR-003_dollar_levels|ENTR-009_topping_tails|STOP-003_fifty_pct_daily_stop|STOP-007_position_stop|PROF-004_size_up_hot|MKTCOND-004_overall_market|MKTCOND-005_seasonal|TIMING-001_premarket_watch|TIMING-002_opening_range|TIMING-003_midday_dead
$ENSC +100%.txt,1362,False,False,0.9918,0.0082,6,SCRN-004_price_range|STOP-003_fifty_pct_daily_stop|PROF-005_cold_market|MKTCOND-002_leading_gapper|TIMING-002_opening_range|TIMING-004_no_trade_days
-$25k on (NASDAQ ORPH UTME ALF) Recap by Ross Cameron.txt,5846,True,True,0.9918,0.0082,10,SCRN-002_relative_volume|ENTR-002_fcnh|ENTR-003_dollar_levels|ENTR-004_micro_pullback|PROF-001_dont_cap_green|PROF-005_cold_market|PROF-006_start_small|MKTCOND-001_cold_hot_framework|TIMING-002_opening_range|TIMING-006_power_hour
Day 23 +$6k on APDN Ross's Trade Recap.txt,3636,True,True,0.9918,0.0082,10,SCRN-009_short_interest|ENTR-003_dollar_levels|ENTR-004_micro_pullback|ENTR-005_vwap|STOP-003_fifty_pct_daily_stop|STOP-004_thirty_pct_soft_stop|STOP-007_position_stop|MKTCOND-004_overall_market|TIMING-002_opening_range|TIMING-003_midday_dead
Falling For FOMO -$23k Recap by Ross Cameron.txt,7137,True,True,0.9918,0.0082,14,SCRN-005_daily_chart_room|ENTR-004_micro_pullback|STOP-003_fifty_pct_daily_stop|STOP-004_thirty_pct_soft_stop|STOP-007_position_stop|PROF-001_dont_cap_green|PROF-004_size_up_hot|PROF-005_cold_market|PROF-006_start_small|MKTCOND-001_cold_hot_framework|MKTCOND-002_leading_gapper|MKTCOND-005_seasonal|TIMING-001_premarket_watch|TIMING-004_no_trade_days
My Worst Loss in 5 Years Red Trade Recap.txt,9070,True,True,0.9917,0.0083,13,SCRN-001_news_catalyst|SCRN-003_float|SCRN-004_price_range|SCRN-005_daily_chart_room|ENTR-002_fcnh|ENTR-003_dollar_levels|ENTR-004_micro_pullback|ENTR-006_bull_flag|ENTR-009_topping_tails|STOP-007_position_stop|PROF-001_dont_cap_green|MKTCOND-005_seasonal|TIMING-003_midday_dead
Sad Day Recap Ross' Trade Recap.txt,3206,True,True,0.9917,0.0083,9,SCRN-004_price_range|ENTR-003_dollar_levels|ENTR-004_micro_pullback|PROF-004_size_up_hot|PROF-005_cold_market|MKTCOND-002_leading_gapper|TIMING-001_premarket_watch|TIMING-002_opening_range|TIMING-003_midday_dead
"The Markets Red, I'm Green, +$3k Ross's Trade Recap.txt",2508,True,True,0.9917,0.0083,2,ENTR-003_dollar_levels|MKTCOND-004_overall_market
+$437.50 on Two Short Trades Recap by Ross Cameron.txt,493,False,False,0.9916,0.0084,2,ENTR-009_topping_tails|PROF-005_cold_market
+7k Profit While Quarantined! Ross's Trade Recap.txt,3504,True,True,0.9916,0.0084,8,SCRN-003_float|SCRN-004_price_range|ENTR-003_dollar_levels|STOP-007_position_stop|PROF-004_size_up_hot|MKTCOND-002_leading_gapper|MKTCOND-004_overall_market|TIMING-002_opening_range
2nd Day of Trader Rehab Ross's Trade Recap.txt,2583,True,True,0.9916,0.0084,5,SCRN-004_price_range|ENTR-002_fcnh|ENTR-003_dollar_levels|ENTR-004_micro_pullback|TIMING-003_midday_dead
Doubles! Two Trades & Two Winners Ross' Trade Recap.txt,3170,True,True,0.9916,0.0084,7,SCRN-003_float|SCRN-004_price_range|MKTCOND-002_leading_gapper|MKTCOND-004_overall_market|MKTCOND-005_seasonal|TIMING-001_premarket_watch|TIMING-002_opening_range
Fighting FOMO and Finishing Green! +$18k Recap by Ross Cameron.txt,1618,True,True,0.9916,0.0084,5,SCRN-001_news_catalyst|SCRN-010_front_back_side|MKTCOND-004_overall_market|TIMING-001_premarket_watch|TIMING-003_midday_dead
Back in The Green! [AhvAEiXm7eg].txt,1989,True,True,0.9915,0.0085,6,SCRN-004_price_range|ENTR-003_dollar_levels|ENTR-004_micro_pullback|PROF-005_cold_market|TIMING-002_opening_range|TIMING-003_midday_dead
Great Shame -$50k on (NASDAQ CARV) Recap by Ross Cameron.txt,2146,True,True,0.9915,0.0085,6,SCRN-004_price_range|ENTR-004_micro_pullback|STOP-003_fifty_pct_daily_stop|STOP-004_thirty_pct_soft_stop|STOP-005_fifty_pct_retrace|TIMING-003_midday_dead
I Don't Even Know How Much I Made! Ross's Trade Recap.txt,3086,True,True,0.9915,0.0085,9,SCRN-003_float|ENTR-003_dollar_levels|STOP-003_fifty_pct_daily_stop|PROF-003_daily_goals|PROF-004_size_up_hot|MKTCOND-001_cold_hot_framework|MKTCOND-002_leading_gapper|MKTCOND-004_overall_market|TIMING-003_midday_dead
My Biggest Loss...My Biggest Come Back.txt,11797,True,True,0.9915,0.0085,16,SCRN-001_news_catalyst|SCRN-003_float|SCRN-004_price_range|SCRN-005_daily_chart_room|ENTR-003_dollar_levels|ENTR-004_micro_pullback|STOP-003_fifty_pct_daily_stop|PROF-001_dont_cap_green|PROF-003_daily_goals|PROF-004_size_up_hot|PROF-005_cold_market|MKTCOND-005_seasonal|TIMING-001_premarket_watch|TIMING-002_opening_range|TIMING-003_midday_dead|TIMING-006_power_hour
Recovery Day 2.txt,2015,True,True,0.9915,0.0085,6,SCRN-001_news_catalyst|SCRN-004_price_range|SCRN-006_reverse_splits|STOP-003_fifty_pct_daily_stop|PROF-001_dont_cap_green|MKTCOND-001_cold_hot_framework
Scam Alert The Scam on Wall Street.txt,5318,True,True,0.9915,0.0085,11,SCRN-001_news_catalyst|SCRN-003_float|SCRN-004_price_range|SCRN-007_foreign_stocks|SCRN-008_sector_theme|SCRN-009_short_interest|ENTR-004_micro_pullback|ENTR-007_order_spoofing|MKTCOND-003_cheap_gappers|MKTCOND-004_overall_market|TIMING-006_power_hour
Couldn't Find The MOMO -$5k On The Day Ross's Trade Recap.txt,3451,True,True,0.9914,0.0086,8,SCRN-003_float|ENTR-002_fcnh|ENTR-003_dollar_levels|PROF-002_scale_out|PROF-004_size_up_hot|MKTCOND-001_cold_hot_framework|MKTCOND-005_seasonal|TIMING-001_premarket_watch
Day 1 Starting with a $583.15 Suretrader Account - 1 3 17.txt,2832,True,True,0.9914,0.0086,7,SCRN-001_news_catalyst|SCRN-004_price_range|SCRN-005_daily_chart_room|STOP-003_fifty_pct_daily_stop|PROF-002_scale_out|MKTCOND-005_seasonal|TIMING-003_midday_dead
"Happy I Made $7k, Sad I Lost $5k.txt",2473,True,True,0.9914,0.0086,8,SCRN-004_price_range|SCRN-005_daily_chart_room|ENTR-002_fcnh|ENTR-003_dollar_levels|MKTCOND-001_cold_hot_framework|MKTCOND-002_leading_gapper|TIMING-002_opening_range|TIMING-003_midday_dead
January 2020 - Month in Review.txt,7241,True,True,0.9914,0.0086,10,SCRN-003_float|SCRN-007_foreign_stocks|STOP-003_fifty_pct_daily_stop|STOP-007_position_stop|PROF-001_dont_cap_green|PROF-003_daily_goals|PROF-005_cold_market|MKTCOND-005_seasonal|TIMING-002_opening_range|TIMING-003_midday_dead
Red Streak Recap -$3.6k Ross's Trade Recap.txt,2051,True,True,0.9914,0.0086,4,SCRN-004_price_range|ENTR-003_dollar_levels|STOP-003_fifty_pct_daily_stop|TIMING-001_premarket_watch
A Trading Curse or a State of Mind.txt,4201,True,True,0.9913,0.0087,6,ENTR-003_dollar_levels|STOP-002_ema_cross|PROF-002_scale_out|TIMING-001_premarket_watch|TIMING-002_opening_range|TIMING-003_midday_dead
Day 58 of the $583 Challenge +$4251.87.txt,3962,True,True,0.9913,0.0087,7,SCRN-003_float|SCRN-005_daily_chart_room|ENTR-002_fcnh|ENTR-003_dollar_levels|ENTR-009_topping_tails|TIMING-001_premarket_watch|TIMING-003_midday_dead
My Worst Trade of The Year -$12k Ross's Trade Recap.txt,7220,True,True,0.9913,0.0087,17,SCRN-001_news_catalyst|SCRN-008_sector_theme|SCRN-009_short_interest|ENTR-001_macd_gate|ENTR-002_fcnh|ENTR-003_dollar_levels|STOP-002_ema_cross|STOP-003_fifty_pct_daily_stop|STOP-004_thirty_pct_soft_stop|PROF-001_dont_cap_green|PROF-002_scale_out|PROF-004_size_up_hot|PROF-005_cold_market|MKTCOND-002_leading_gapper|MKTCOND-005_seasonal|TIMING-002_opening_range|TIMING-003_midday_dead
+$8k on (NYSE IHT) (NASDAQ LHDX) (NASDAQ SQBG) & (NYSE RMED) Recap by Ross Cameron.txt,2672,True,True,0.9911,0.0089,6,SCRN-001_news_catalyst|STOP-004_thirty_pct_soft_stop|PROF-003_daily_goals|PROF-005_cold_market|MKTCOND-002_leading_gapper|MKTCOND-005_seasonal
-$33k Day Trading After Losing Internet Recap by Ross Cameron.txt,1541,True,True,0.9911,0.0089,4,STOP-003_fifty_pct_daily_stop|STOP-007_position_stop|PROF-004_size_up_hot|TIMING-001_premarket_watch
Avoiding the False Breakout & Algo Flush Beginner Day Trading Strategies.txt,2814,True,True,0.9911,0.0089,4,SCRN-001_news_catalyst|SCRN-003_float|ENTR-004_micro_pullback|STOP-006_halt_offering
Choppy Market +$5k on (NASDAQ BCTX) Recap by Ross Cameron.txt,1276,False,False,0.9911,0.0089,4,STOP-003_fifty_pct_daily_stop|STOP-004_thirty_pct_soft_stop|TIMING-001_premarket_watch|TIMING-002_opening_range
+$2.8k on $BFRI Day Trading Recap by Ross Cameron.txt,2097,True,True,0.991,0.009,7,SCRN-001_news_catalyst|SCRN-005_daily_chart_room|ENTR-003_dollar_levels|MKTCOND-002_leading_gapper|TIMING-001_premarket_watch|TIMING-002_opening_range|TIMING-003_midday_dead
Day 43 +$28k on AMRH up 200% Ross's Trade Recap.txt,4343,True,True,0.991,0.009,11,SCRN-001_news_catalyst|SCRN-003_float|SCRN-006_reverse_splits|ENTR-003_dollar_levels|ENTR-004_micro_pullback|STOP-003_fifty_pct_daily_stop|PROF-001_dont_cap_green|MKTCOND-001_cold_hot_framework|MKTCOND-002_leading_gapper|TIMING-001_premarket_watch|TIMING-003_midday_dead
Game Plan for the Week! - by Ross Cameron #stocks #daytrading.txt,2390,True,True,0.991,0.009,8,SCRN-001_news_catalyst|SCRN-003_float|SCRN-005_daily_chart_room|ENTR-002_fcnh|PROF-004_size_up_hot|MKTCOND-002_leading_gapper|MKTCOND-004_overall_market|TIMING-003_midday_dead
RED DAY RECAP - I'm red on EVERYTHING today.txt,3019,True,True,0.991,0.009,9,SCRN-001_news_catalyst|SCRN-004_price_range|ENTR-005_vwap|STOP-003_fifty_pct_daily_stop|STOP-007_position_stop|PROF-001_dont_cap_green|MKTCOND-003_cheap_gappers|TIMING-002_opening_range|TIMING-003_midday_dead
The Fast Lane or the Slow Lane...Who wins.txt,5149,True,True,0.991,0.009,11,SCRN-001_news_catalyst|SCRN-003_float|ENTR-004_micro_pullback|ENTR-009_topping_tails|PROF-003_daily_goals|MKTCOND-001_cold_hot_framework|MKTCOND-002_leading_gapper|MKTCOND-005_seasonal|TIMING-001_premarket_watch|TIMING-002_opening_range|TIMING-006_power_hour
[LIVE] The DAY TRADING Morning Show 9 00 - 9 30am ET with Ross Cameron [tHt6lD45GnM].txt,3169,True,True,0.991,0.009,10,SCRN-003_float|SCRN-004_price_range|ENTR-002_fcnh|ENTR-004_micro_pullback|ENTR-009_topping_tails|PROF-001_dont_cap_green|MKTCOND-001_cold_hot_framework|MKTCOND-004_overall_market|TIMING-001_premarket_watch|TIMING-002_opening_range
"Starting Off The Month Green +$1,500! Ross' Trade Recap.txt",6372,True,True,0.9909,0.0091,14,SCRN-001_news_catalyst|SCRN-003_float|SCRN-004_price_range|SCRN-006_reverse_splits|ENTR-003_dollar_levels|ENTR-004_micro_pullback|ENTR-008_double_bottom|PROF-001_dont_cap_green|PROF-003_daily_goals|MKTCOND-002_leading_gapper|MKTCOND-005_seasonal|TIMING-002_opening_range|TIMING-003_midday_dead|TIMING-005_session_length
Trading Enlightenment Attained!.txt,3694,True,True,0.9909,0.0091,10,SCRN-001_news_catalyst|SCRN-003_float|SCRN-004_price_range|SCRN-005_daily_chart_room|ENTR-002_fcnh|ENTR-003_dollar_levels|PROF-001_dont_cap_green|PROF-002_scale_out|MKTCOND-001_cold_hot_framework|TIMING-003_midday_dead
"$3,234.38 in 1hr on the 35th Day of 2018!.txt",2991,True,True,0.9908,0.0092,10,SCRN-001_news_catalyst|SCRN-003_float|ENTR-003_dollar_levels|ENTR-006_bull_flag|PROF-001_dont_cap_green|MKTCOND-003_cheap_gappers|TIMING-001_premarket_watch|TIMING-002_opening_range|TIMING-003_midday_dead|TIMING-006_power_hour
+$6.6k Day Trading Recap by Ross Cameron.txt,1575,True,True,0.9908,0.0092,5,SCRN-001_news_catalyst|STOP-004_thirty_pct_soft_stop|PROF-001_dont_cap_green|PROF-003_daily_goals|MKTCOND-005_seasonal
MAX LOSS [3lwg3d1OM0I].txt,8866,True,True,0.9908,0.0092,15,SCRN-003_float|SCRN-004_price_range|SCRN-007_foreign_stocks|SCRN-009_short_interest|ENTR-004_micro_pullback|STOP-003_fifty_pct_daily_stop|STOP-004_thirty_pct_soft_stop|STOP-007_position_stop|PROF-001_dont_cap_green|PROF-003_daily_goals|PROF-004_size_up_hot|PROF-006_start_small|MKTCOND-003_cheap_gappers|TIMING-002_opening_range|TIMING-003_midday_dead
Small Account Challenge Day 1 Take 2 +$274 Recap by Ross Cameron.txt,3175,True,True,0.9908,0.0092,8,SCRN-004_price_range|ENTR-004_micro_pullback|STOP-003_fifty_pct_daily_stop|STOP-007_position_stop|PROF-001_dont_cap_green|PROF-004_size_up_hot|PROF-005_cold_market|MKTCOND-002_leading_gapper
"+$5,830.12 in 45min on Day 16 of 2018!.txt",5270,True,True,0.9907,0.0093,12,SCRN-003_float|SCRN-004_price_range|ENTR-002_fcnh|ENTR-003_dollar_levels|STOP-003_fifty_pct_daily_stop|PROF-002_scale_out|PROF-004_size_up_hot|MKTCOND-002_leading_gapper|MKTCOND-004_overall_market|MKTCOND-005_seasonal|TIMING-002_opening_range|TIMING-003_midday_dead
20th green day +$8k Ross's Trade Recap.txt,4940,True,True,0.9907,0.0093,12,SCRN-001_news_catalyst|SCRN-002_relative_volume|SCRN-004_price_range|ENTR-003_dollar_levels|ENTR-004_micro_pullback|STOP-003_fifty_pct_daily_stop|STOP-007_position_stop|PROF-004_size_up_hot|PROF-005_cold_market|MKTCOND-003_cheap_gappers|TIMING-001_premarket_watch|TIMING-003_midday_dead
Day Trading at a Walmart Parking Lot by Ross Cameron.txt,1649,True,True,0.9907,0.0093,6,SCRN-001_news_catalyst|SCRN-004_price_range|ENTR-002_fcnh|ENTR-004_micro_pullback|MKTCOND-002_leading_gapper|TIMING-002_opening_range
Green on 3 3 Stocks!.txt,1980,True,True,0.9907,0.0093,6,SCRN-001_news_catalyst|SCRN-004_price_range|STOP-006_halt_offering|PROF-002_scale_out|TIMING-001_premarket_watch|TIMING-002_opening_range
"I can’t believe it, twice in 1 week!!!!.txt",3292,True,True,0.9907,0.0093,10,SCRN-004_price_range|SCRN-005_daily_chart_room|SCRN-008_sector_theme|ENTR-005_vwap|STOP-003_fifty_pct_daily_stop|PROF-001_dont_cap_green|PROF-004_size_up_hot|PROF-005_cold_market|TIMING-001_premarket_watch|TIMING-002_opening_range
Ross Presents a GREEN Trading Day!.txt,2686,True,True,0.9907,0.0093,5,ENTR-002_fcnh|ENTR-003_dollar_levels|ENTR-006_bull_flag|STOP-003_fifty_pct_daily_stop|TIMING-003_midday_dead
Small Account up 15% In 3 Days! TD Ameritrade Small Account Side Hustle Challenge Ep 2 & 3.txt,4494,True,True,0.9907,0.0093,8,SCRN-001_news_catalyst|SCRN-004_price_range|ENTR-004_micro_pullback|STOP-003_fifty_pct_daily_stop|MKTCOND-002_leading_gapper|MKTCOND-003_cheap_gappers|MKTCOND-004_overall_market|TIMING-003_midday_dead
Watch List for TOMORROW #DayTrading #stockmarket.txt,4087,True,True,0.9907,0.0093,12,SCRN-003_float|SCRN-004_price_range|SCRN-005_daily_chart_room|PROF-005_cold_market|PROF-006_start_small|MKTCOND-001_cold_hot_framework|MKTCOND-003_cheap_gappers|MKTCOND-004_overall_market|MKTCOND-005_seasonal|TIMING-003_midday_dead|TIMING-004_no_trade_days|TIMING-005_session_length
AKER +120% 4th Green Day Ross's Trade Recap.txt,1920,True,True,0.9906,0.0094,6,SCRN-005_daily_chart_room|ENTR-002_fcnh|ENTR-009_topping_tails|PROF-005_cold_market|TIMING-002_opening_range|TIMING-003_midday_dead
Buying the dip on $HKD after a Circuit Breaker Halt.txt,5333,True,True,0.9906,0.0094,12,SCRN-001_news_catalyst|SCRN-002_relative_volume|SCRN-003_float|SCRN-005_daily_chart_room|SCRN-009_short_interest|PROF-003_daily_goals|MKTCOND-002_leading_gapper|MKTCOND-004_overall_market|TIMING-001_premarket_watch|TIMING-002_opening_range|TIMING-003_midday_dead|TIMING-006_power_hour
Emotional Day Trading Cost Me -$20k Ross's Trade Recap.txt,8952,True,True,0.9906,0.0094,14,SCRN-001_news_catalyst|SCRN-003_float|SCRN-004_price_range|SCRN-005_daily_chart_room|ENTR-003_dollar_levels|ENTR-004_micro_pullback|STOP-003_fifty_pct_daily_stop|STOP-007_position_stop|PROF-001_dont_cap_green|PROF-003_daily_goals|MKTCOND-001_cold_hot_framework|MKTCOND-002_leading_gapper|MKTCOND-005_seasonal|TIMING-002_opening_range
Red Day Recap [NXklI0I7ctg].txt,869,False,False,0.9906,0.0094,3,ENTR-009_topping_tails|TIMING-001_premarket_watch|TIMING-002_opening_range
Big Trade Win-nebago Today!.txt,3106,True,True,0.9905,0.0095,7,SCRN-004_price_range|ENTR-003_dollar_levels|ENTR-009_topping_tails|PROF-002_scale_out|MKTCOND-003_cheap_gappers|TIMING-001_premarket_watch|TIMING-003_midday_dead
Red Shirt is bringing me luck! [AkxVT8GLFAU].txt,3923,True,True,0.9905,0.0095,11,SCRN-004_price_range|SCRN-005_daily_chart_room|SCRN-007_foreign_stocks|SCRN-009_short_interest|ENTR-002_fcnh|ENTR-003_dollar_levels|STOP-007_position_stop|PROF-001_dont_cap_green|PROF-002_scale_out|PROF-004_size_up_hot|TIMING-003_midday_dead
Red Shirt is bringing me luck!.txt,3923,True,True,0.9905,0.0095,11,SCRN-004_price_range|SCRN-005_daily_chart_room|SCRN-007_foreign_stocks|SCRN-009_short_interest|ENTR-002_fcnh|ENTR-003_dollar_levels|STOP-007_position_stop|PROF-001_dont_cap_green|PROF-002_scale_out|PROF-004_size_up_hot|TIMING-003_midday_dead
$HPX +347%.txt,2823,True,True,0.9904,0.0096,7,SCRN-004_price_range|SCRN-009_short_interest|ENTR-004_micro_pullback|PROF-001_dont_cap_green|PROF-005_cold_market|TIMING-001_premarket_watch|TIMING-003_midday_dead
Banana Squeeze on $OCEA +450%.txt,2382,True,True,0.9904,0.0096,7,SCRN-003_float|SCRN-004_price_range|ENTR-007_order_spoofing|STOP-007_position_stop|MKTCOND-002_leading_gapper|TIMING-001_premarket_watch|TIMING-002_opening_range
Day 7 Martha's Vineyard Challenge Day Trading Recap by Ross Cameron.txt,2576,True,True,0.9904,0.0096,8,SCRN-005_daily_chart_room|SCRN-010_front_back_side|ENTR-003_dollar_levels|STOP-003_fifty_pct_daily_stop|PROF-001_dont_cap_green|TIMING-001_premarket_watch|TIMING-005_session_length|TIMING-006_power_hour
$WLDS $KPRX $ICU.txt,2458,True,True,0.9903,0.0097,7,SCRN-010_front_back_side|STOP-001_macd_hands_off|STOP-003_fifty_pct_daily_stop|PROF-001_dont_cap_green|MKTCOND-004_overall_market|TIMING-001_premarket_watch|TIMING-002_opening_range
+$22k on (NASDAQ AHPI) Day Trading Recap by Ross Cameron.txt,2571,True,True,0.9903,0.0097,6,SCRN-004_price_range|ENTR-004_micro_pullback|PROF-001_dont_cap_green|PROF-004_size_up_hot|MKTCOND-002_leading_gapper|MKTCOND-005_seasonal
500% on $PNRL Ross's Trade Recap.txt,3395,True,True,0.9903,0.0097,8,SCRN-001_news_catalyst|SCRN-004_price_range|SCRN-005_daily_chart_room|ENTR-004_micro_pullback|STOP-003_fifty_pct_daily_stop|PROF-003_daily_goals|MKTCOND-002_leading_gapper|TIMING-003_midday_dead
A Major Turning Point in My Day Trading Strategy.txt,6226,True,True,0.9903,0.0097,16,SCRN-001_news_catalyst|SCRN-003_float|SCRN-005_daily_chart_room|SCRN-007_foreign_stocks|SCRN-009_short_interest|ENTR-002_fcnh|ENTR-004_micro_pullback|ENTR-009_topping_tails|STOP-003_fifty_pct_daily_stop|STOP-004_thirty_pct_soft_stop|PROF-001_dont_cap_green|PROF-003_daily_goals|MKTCOND-002_leading_gapper|MKTCOND-004_overall_market|MKTCOND-005_seasonal|TIMING-001_premarket_watch
+$7k Going to First Responders Recap by Ross Cameron.txt,1772,True,True,0.9902,0.0098,8,SCRN-001_news_catalyst|ENTR-002_fcnh|ENTR-003_dollar_levels|ENTR-004_micro_pullback|STOP-004_thirty_pct_soft_stop|PROF-005_cold_market|MKTCOND-001_cold_hot_framework|TIMING-003_midday_dead
+$88k After Giving Back Some Profits Day Trading Recap by Ross Cameron.txt,1963,True,True,0.9902,0.0098,5,SCRN-004_price_range|ENTR-003_dollar_levels|ENTR-004_micro_pullback|STOP-004_thirty_pct_soft_stop|TIMING-003_midday_dead
Day 54 +$224k Ross's Trade Recap.txt,4923,True,True,0.9902,0.0098,11,SCRN-001_news_catalyst|SCRN-003_float|SCRN-004_price_range|SCRN-007_foreign_stocks|SCRN-010_front_back_side|STOP-003_fifty_pct_daily_stop|PROF-006_start_small|MKTCOND-001_cold_hot_framework|MKTCOND-005_seasonal|TIMING-002_opening_range|TIMING-003_midday_dead
Red on 3 3 stocks.txt,2614,True,True,0.9902,0.0098,8,SCRN-001_news_catalyst|SCRN-003_float|SCRN-006_reverse_splits|ENTR-003_dollar_levels|ENTR-005_vwap|STOP-003_fifty_pct_daily_stop|TIMING-001_premarket_watch|TIMING-002_opening_range
22nd Green Day +$9k Ross's Trade Recap.txt,2862,True,True,0.9901,0.0099,8,SCRN-001_news_catalyst|SCRN-005_daily_chart_room|ENTR-002_fcnh|ENTR-004_micro_pullback|STOP-003_fifty_pct_daily_stop|PROF-001_dont_cap_green|PROF-004_size_up_hot|MKTCOND-002_leading_gapper
Red Day Recap!.txt,991,False,False,0.9901,0.0099,4,ENTR-009_topping_tails|PROF-005_cold_market|TIMING-001_premarket_watch|TIMING-002_opening_range
Starting May in The Red!.txt,2894,True,True,0.9901,0.0099,7,SCRN-003_float|ENTR-003_dollar_levels|STOP-003_fifty_pct_daily_stop|MKTCOND-001_cold_hot_framework|TIMING-001_premarket_watch|TIMING-002_opening_range|TIMING-003_midday_dead
Trade Recap Too Aggressive and Down -$16k! [ilFKF3cvm6s].txt,4697,True,True,0.9901,0.0099,13,SCRN-001_news_catalyst|SCRN-003_float|SCRN-004_price_range|SCRN-005_daily_chart_room|SCRN-006_reverse_splits|ENTR-003_dollar_levels|ENTR-004_micro_pullback|STOP-003_fifty_pct_daily_stop|STOP-007_position_stop|PROF-002_scale_out|TIMING-002_opening_range|TIMING-003_midday_dead|TIMING-005_session_length
Trade Recap Too Aggressive and Down -$16k!.txt,4697,True,True,0.9901,0.0099,13,SCRN-001_news_catalyst|SCRN-003_float|SCRN-004_price_range|SCRN-005_daily_chart_room|SCRN-006_reverse_splits|ENTR-003_dollar_levels|ENTR-004_micro_pullback|STOP-003_fifty_pct_daily_stop|STOP-007_position_stop|PROF-002_scale_out|TIMING-002_opening_range|TIMING-003_midday_dead|TIMING-005_session_length
Why I Don't Short Stocks.txt,2875,True,True,0.9901,0.0099,10,SCRN-003_float|SCRN-004_price_range|SCRN-005_daily_chart_room|SCRN-009_short_interest|ENTR-002_fcnh|PROF-001_dont_cap_green|PROF-004_size_up_hot|PROF-006_start_small|MKTCOND-003_cheap_gappers|MKTCOND-004_overall_market
[LIVE] DAY TRADING Morning Show 9 00 - 9 30am ET with Ross Cameron [flB50MoEn_Y].txt,2663,True,True,0.9901,0.0099,5,SCRN-001_news_catalyst|SCRN-006_reverse_splits|PROF-005_cold_market|TIMING-002_opening_range|TIMING-005_session_length
Red Day Recap on $REVE $AMAM $CYTO.txt,2566,True,True,0.99,0.01,9,SCRN-001_news_catalyst|SCRN-006_reverse_splits|STOP-003_fifty_pct_daily_stop|STOP-006_halt_offering|PROF-001_dont_cap_green|MKTCOND-002_leading_gapper|MKTCOND-005_seasonal|TIMING-001_premarket_watch|TIMING-002_opening_range
11th Green Day +$6.8k Ross's Trade Recap.txt,4591,True,True,0.9899,0.0101,11,SCRN-001_news_catalyst|SCRN-004_price_range|ENTR-002_fcnh|ENTR-003_dollar_levels|ENTR-004_micro_pullback|STOP-003_fifty_pct_daily_stop|PROF-005_cold_market|MKTCOND-002_leading_gapper|MKTCOND-004_overall_market|TIMING-002_opening_range|TIMING-003_midday_dead
Day 1 of Trader Rehab.txt,4512,True,True,0.9899,0.0101,8,SCRN-001_news_catalyst|SCRN-004_price_range|SCRN-008_sector_theme|ENTR-002_fcnh|ENTR-004_micro_pullback|STOP-003_fifty_pct_daily_stop|PROF-006_start_small|TIMING-006_power_hour
Day 24 +$1.5k on GNPX Ross's Trade Recap.txt,3052,True,True,0.9899,0.0101,10,SCRN-003_float|SCRN-004_price_range|ENTR-003_dollar_levels|ENTR-004_micro_pullback|STOP-003_fifty_pct_daily_stop|PROF-003_daily_goals|PROF-004_size_up_hot|MKTCOND-002_leading_gapper|TIMING-001_premarket_watch|TIMING-002_opening_range
RED DAY RECAP [VE8VDeEiv_g].txt,3330,True,True,0.9899,0.0101,13,SCRN-001_news_catalyst|SCRN-010_front_back_side|ENTR-003_dollar_levels|ENTR-004_micro_pullback|ENTR-005_vwap|STOP-001_macd_hands_off|STOP-003_fifty_pct_daily_stop|STOP-004_thirty_pct_soft_stop|STOP-006_halt_offering|PROF-003_daily_goals|PROF-004_size_up_hot|MKTCOND-002_leading_gapper|MKTCOND-004_overall_market
[LIVE] Live Day Trading Morning Show with Ross Cameron #stocks #daytrading [tHIR1nWYQv0].txt,3470,True,True,0.9899,0.0101,10,SCRN-001_news_catalyst|SCRN-003_float|SCRN-010_front_back_side|PROF-001_dont_cap_green|PROF-005_cold_market|MKTCOND-002_leading_gapper|TIMING-001_premarket_watch|TIMING-002_opening_range|TIMING-005_session_length|TIMING-006_power_hour
+$7.5k Donated to Three Local Charities in Rhode Island Recap by Ross Cameron.txt,1793,True,True,0.9898,0.0102,4,MKTCOND-005_seasonal|TIMING-001_premarket_watch|TIMING-002_opening_range|TIMING-006_power_hour
Nothing Went Right Today Ross' Trade Recap.txt,3470,True,True,0.9898,0.0102,10,SCRN-001_news_catalyst|SCRN-003_float|ENTR-002_fcnh|ENTR-003_dollar_levels|ENTR-006_bull_flag|STOP-003_fifty_pct_daily_stop|PROF-001_dont_cap_green|MKTCOND-004_overall_market|TIMING-001_premarket_watch|TIMING-003_midday_dead
"$57,918.23 day trading in just TWO days! WHAT !.txt",2808,True,True,0.9897,0.0103,9,SCRN-001_news_catalyst|SCRN-005_daily_chart_room|SCRN-010_front_back_side|ENTR-003_dollar_levels|ENTR-004_micro_pullback|PROF-002_scale_out|PROF-006_start_small|MKTCOND-003_cheap_gappers|TIMING-003_midday_dead
+$43k on (NASDAQ HLBZ) Recap by Ross Cameron.txt,3044,True,True,0.9897,0.0103,9,SCRN-001_news_catalyst|SCRN-003_float|ENTR-002_fcnh|ENTR-004_micro_pullback|STOP-003_fifty_pct_daily_stop|PROF-001_dont_cap_green|MKTCOND-002_leading_gapper|MKTCOND-005_seasonal|TIMING-002_opening_range
Only ONE Trade for Wednesday!.txt,1332,False,False,0.9897,0.0103,6,SCRN-001_news_catalyst|STOP-006_halt_offering|PROF-005_cold_market|TIMING-001_premarket_watch|TIMING-004_no_trade_days|TIMING-006_power_hour
Red Day Recap - Day 8 Martha's Vineyard Trading Challenge Day Trading Recap by Ross Cameron.txt,1960,True,True,0.9897,0.0103,6,ENTR-003_dollar_levels|STOP-003_fifty_pct_daily_stop|PROF-004_size_up_hot|TIMING-001_premarket_watch|TIMING-002_opening_range|TIMING-003_midday_dead
Regaining My Center +1.1k on $KODK Ross's Trade Recap.txt,2879,True,True,0.9897,0.0103,7,SCRN-001_news_catalyst|SCRN-009_short_interest|STOP-003_fifty_pct_daily_stop|PROF-004_size_up_hot|TIMING-001_premarket_watch|TIMING-002_opening_range|TIMING-003_midday_dead
1st MAX LOSS of 2024.txt,5974,True,True,0.9896,0.0104,16,SCRN-001_news_catalyst|SCRN-004_price_range|SCRN-007_foreign_stocks|SCRN-009_short_interest|ENTR-003_dollar_levels|ENTR-004_micro_pullback|ENTR-005_vwap|ENTR-007_order_spoofing|STOP-003_fifty_pct_daily_stop|STOP-007_position_stop|PROF-001_dont_cap_green|PROF-005_cold_market|MKTCOND-001_cold_hot_framework|MKTCOND-002_leading_gapper|MKTCOND-003_cheap_gappers|MKTCOND-005_seasonal
No Trade Wednesday Recap by Ross Cameron.txt,862,False,False,0.9896,0.0104,3,SCRN-005_daily_chart_room|STOP-003_fifty_pct_daily_stop|TIMING-001_premarket_watch
Ross' Trade Recap New Office Luck [_arH5DFHnJU].txt,4728,True,True,0.9896,0.0104,12,SCRN-003_float|ENTR-002_fcnh|ENTR-004_micro_pullback|STOP-005_fifty_pct_retrace|PROF-001_dont_cap_green|PROF-005_cold_market|MKTCOND-002_leading_gapper|MKTCOND-004_overall_market|MKTCOND-005_seasonal|TIMING-002_opening_range|TIMING-003_midday_dead|TIMING-005_session_length
3rd $5K Day in A Row! Ross' Trade Recap.txt,4568,True,True,0.9895,0.0105,10,SCRN-003_float|SCRN-005_daily_chart_room|ENTR-002_fcnh|ENTR-003_dollar_levels|STOP-007_position_stop|PROF-001_dont_cap_green|PROF-004_size_up_hot|MKTCOND-002_leading_gapper|TIMING-001_premarket_watch|TIMING-003_midday_dead
A Big Loss Trading Trump Media Stock.txt,4022,True,True,0.9895,0.0105,10,SCRN-001_news_catalyst|SCRN-003_float|SCRN-004_price_range|SCRN-006_reverse_splits|STOP-003_fifty_pct_daily_stop|PROF-001_dont_cap_green|MKTCOND-001_cold_hot_framework|TIMING-001_premarket_watch|TIMING-002_opening_range|TIMING-006_power_hour
"Boom! Making $4,430.09 on $RKDA and $CPAH!.txt",2747,True,True,0.9895,0.0105,7,SCRN-004_price_range|ENTR-003_dollar_levels|ENTR-006_bull_flag|PROF-002_scale_out|PROF-005_cold_market|MKTCOND-005_seasonal|TIMING-003_midday_dead
"Climbing My Way Out of The Hole +$2,838 Ross' Trade Recap.txt",3046,True,True,0.9895,0.0105,10,SCRN-003_float|SCRN-005_daily_chart_room|ENTR-003_dollar_levels|ENTR-006_bull_flag|STOP-003_fifty_pct_daily_stop|STOP-007_position_stop|PROF-004_size_up_hot|MKTCOND-002_leading_gapper|TIMING-001_premarket_watch|TIMING-003_midday_dead
MYO For The Win! +$6k Ross's Trade Recap.txt,2502,True,True,0.9895,0.0105,9,SCRN-004_price_range|SCRN-005_daily_chart_room|ENTR-003_dollar_levels|STOP-003_fifty_pct_daily_stop|PROF-001_dont_cap_green|PROF-003_daily_goals|MKTCOND-002_leading_gapper|TIMING-002_opening_range|TIMING-003_midday_dead
"Update! $DRCT squeezed +1,436% on the day.txt",3460,True,True,0.9895,0.0105,6,SCRN-004_price_range|MKTCOND-001_cold_hot_framework|TIMING-001_premarket_watch|TIMING-002_opening_range|TIMING-003_midday_dead|TIMING-006_power_hour
"+$8,931.45 as I break $109,000 on the month!.txt",3417,True,True,0.9894,0.0106,9,SCRN-004_price_range|ENTR-002_fcnh|ENTR-003_dollar_levels|ENTR-004_micro_pullback|STOP-005_fifty_pct_retrace|PROF-004_size_up_hot|MKTCOND-002_leading_gapper|MKTCOND-005_seasonal|TIMING-003_midday_dead
"After GameStop Yesterday, an 850% Short Squeeze Today!.txt",3217,True,True,0.9894,0.0106,10,SCRN-001_news_catalyst|SCRN-003_float|SCRN-005_daily_chart_room|ENTR-003_dollar_levels|ENTR-006_bull_flag|STOP-003_fifty_pct_daily_stop|PROF-003_daily_goals|PROF-004_size_up_hot|MKTCOND-001_cold_hot_framework|TIMING-001_premarket_watch
Full Disclosure...I Blew Up My Account Today - Small Account Challenge Ep 14.txt,5182,True,True,0.9894,0.0106,11,SCRN-001_news_catalyst|SCRN-003_float|SCRN-004_price_range|SCRN-010_front_back_side|ENTR-003_dollar_levels|ENTR-004_micro_pullback|STOP-001_macd_hands_off|STOP-003_fifty_pct_daily_stop|MKTCOND-002_leading_gapper|TIMING-002_opening_range|TIMING-003_midday_dead
"False Breakout -$2,237 on $RKDA Ross' Trade Recap.txt",5315,True,True,0.9893,0.0107,11,SCRN-003_float|SCRN-004_price_range|SCRN-005_daily_chart_room|SCRN-010_front_back_side|ENTR-003_dollar_levels|ENTR-009_topping_tails|STOP-003_fifty_pct_daily_stop|PROF-001_dont_cap_green|PROF-003_daily_goals|MKTCOND-005_seasonal|TIMING-003_midday_dead
Small Account Challenge Day 3 +$1.1k Recap by Ross Cameron.txt,3597,True,True,0.9893,0.0107,9,SCRN-001_news_catalyst|SCRN-004_price_range|ENTR-003_dollar_levels|STOP-003_fifty_pct_daily_stop|STOP-007_position_stop|PROF-001_dont_cap_green|PROF-004_size_up_hot|MKTCOND-002_leading_gapper|TIMING-001_premarket_watch
A Dud of A Trading Day -$32 Ross' Trade Recap.txt,2480,True,True,0.9892,0.0108,5,SCRN-001_news_catalyst|SCRN-004_price_range|STOP-003_fifty_pct_daily_stop|PROF-005_cold_market|MKTCOND-005_seasonal
I'm Back! +$50k on (NASDAQ NURO) Recap by Ross Cameron.txt,1708,True,True,0.9892,0.0108,5,SCRN-004_price_range|STOP-007_position_stop|TIMING-001_premarket_watch|TIMING-002_opening_range|TIMING-006_power_hour
THIS Stock went up 68% RIGHT off my Sunday Watch List.txt,3108,True,True,0.9892,0.0108,10,SCRN-001_news_catalyst|SCRN-007_foreign_stocks|ENTR-001_macd_gate|ENTR-005_vwap|ENTR-006_bull_flag|STOP-006_halt_offering|PROF-001_dont_cap_green|PROF-004_size_up_hot|PROF-005_cold_market|TIMING-005_session_length
Trading Recap Digging My Way Out!.txt,2563,True,True,0.9892,0.0108,7,SCRN-004_price_range|ENTR-003_dollar_levels|PROF-003_daily_goals|MKTCOND-001_cold_hot_framework|MKTCOND-002_leading_gapper|TIMING-002_opening_range|TIMING-003_midday_dead
3rd Red Day In The Last 4 Days of Trading -$30k Recap by Ross Cameron.txt,6333,True,True,0.9891,0.0109,15,SCRN-001_news_catalyst|SCRN-003_float|SCRN-005_daily_chart_room|SCRN-007_foreign_stocks|ENTR-001_macd_gate|STOP-003_fifty_pct_daily_stop|STOP-004_thirty_pct_soft_stop|PROF-001_dont_cap_green|PROF-004_size_up_hot|PROF-005_cold_market|PROF-006_start_small|MKTCOND-004_overall_market|TIMING-001_premarket_watch|TIMING-002_opening_range|TIMING-003_midday_dead
DAWN +140% Day Trading Recap by Ross Cameron.txt,4321,True,True,0.9891,0.0109,10,SCRN-004_price_range|ENTR-003_dollar_levels|ENTR-004_micro_pullback|PROF-003_daily_goals|PROF-004_size_up_hot|PROF-005_cold_market|MKTCOND-001_cold_hot_framework|MKTCOND-002_leading_gapper|MKTCOND-005_seasonal|TIMING-001_premarket_watch
Day 7 I'm down -$348.24 trading LIVE at Inner Circle Miami - Small Account Challenge Ep 13.txt,6382,True,True,0.9891,0.0109,14,SCRN-001_news_catalyst|SCRN-002_relative_volume|SCRN-003_float|SCRN-004_price_range|SCRN-005_daily_chart_room|SCRN-010_front_back_side|ENTR-002_fcnh|STOP-002_ema_cross|STOP-003_fifty_pct_daily_stop|PROF-004_size_up_hot|MKTCOND-002_leading_gapper|TIMING-001_premarket_watch|TIMING-003_midday_dead|TIMING-005_session_length
[LIVE] April in Review +$100k DAY TRADING - Ross Cameron.txt,11248,True,True,0.9891,0.0109,20,SCRN-001_news_catalyst|SCRN-004_price_range|SCRN-009_short_interest|ENTR-004_micro_pullback|ENTR-008_double_bottom|ENTR-009_topping_tails|STOP-003_fifty_pct_daily_stop|STOP-004_thirty_pct_soft_stop|STOP-006_halt_offering|STOP-007_position_stop|PROF-004_size_up_hot|PROF-005_cold_market|PROF-006_start_small|MKTCOND-001_cold_hot_framework|MKTCOND-004_overall_market|MKTCOND-005_seasonal|TIMING-002_opening_range|TIMING-003_midday_dead|TIMING-005_session_length|TIMING-006_power_hour
A 400% Short Squeeze!.txt,2419,True,True,0.989,0.011,7,SCRN-001_news_catalyst|SCRN-010_front_back_side|ENTR-001_macd_gate|ENTR-004_micro_pullback|STOP-001_macd_hands_off|PROF-005_cold_market|TIMING-004_no_trade_days
"Day 5 of Trader Rehab (I'm still down -$64,388.72).txt",1873,True,True,0.989,0.011,7,SCRN-001_news_catalyst|SCRN-007_foreign_stocks|SCRN-009_short_interest|ENTR-009_topping_tails|PROF-002_scale_out|PROF-003_daily_goals|MKTCOND-001_cold_hot_framework
Day 5 of the Small Account Challenge +12% on $CNAT and $PTX.txt,6212,True,True,0.989,0.011,13,SCRN-001_news_catalyst|SCRN-002_relative_volume|SCRN-004_price_range|SCRN-005_daily_chart_room|SCRN-006_reverse_splits|ENTR-002_fcnh|ENTR-006_bull_flag|STOP-003_fifty_pct_daily_stop|STOP-004_thirty_pct_soft_stop|TIMING-001_premarket_watch|TIMING-002_opening_range|TIMING-003_midday_dead|TIMING-005_session_length
Day Trading +100% Squeezes from the Caribbean.txt,6312,True,True,0.989,0.011,13,SCRN-001_news_catalyst|SCRN-004_price_range|SCRN-007_foreign_stocks|ENTR-003_dollar_levels|ENTR-004_micro_pullback|STOP-003_fifty_pct_daily_stop|STOP-004_thirty_pct_soft_stop|STOP-007_position_stop|PROF-002_scale_out|MKTCOND-001_cold_hot_framework|MKTCOND-002_leading_gapper|TIMING-001_premarket_watch|TIMING-002_opening_range
Green to Red to Green +$8k! Ross's Trade Recap.txt,5343,True,True,0.989,0.011,12,SCRN-001_news_catalyst|SCRN-003_float|SCRN-004_price_range|ENTR-002_fcnh|ENTR-003_dollar_levels|ENTR-004_micro_pullback|ENTR-009_topping_tails|STOP-003_fifty_pct_daily_stop|PROF-001_dont_cap_green|PROF-003_daily_goals|PROF-004_size_up_hot|TIMING-002_opening_range
LIVE Day Trading Morning Show $HYRE +70% on 7am News Headline.txt,4369,True,True,0.989,0.011,10,SCRN-001_news_catalyst|SCRN-003_float|SCRN-004_price_range|SCRN-005_daily_chart_room|ENTR-002_fcnh|ENTR-003_dollar_levels|ENTR-005_vwap|STOP-003_fifty_pct_daily_stop|PROF-001_dont_cap_green|TIMING-002_opening_range
4th Red Day -$9k Ross Trade Recap.txt,3874,True,True,0.9889,0.0111,12,SCRN-001_news_catalyst|SCRN-006_reverse_splits|ENTR-002_fcnh|ENTR-003_dollar_levels|ENTR-004_micro_pullback|STOP-003_fifty_pct_daily_stop|PROF-001_dont_cap_green|MKTCOND-002_leading_gapper|MKTCOND-005_seasonal|TIMING-001_premarket_watch|TIMING-002_opening_range|TIMING-003_midday_dead
"A Big Red Day -$5,800 Ross' Trade Recap.txt",5841,True,True,0.9889,0.0111,11,SCRN-001_news_catalyst|SCRN-003_float|ENTR-002_fcnh|ENTR-003_dollar_levels|ENTR-004_micro_pullback|ENTR-006_bull_flag|STOP-003_fifty_pct_daily_stop|STOP-007_position_stop|PROF-003_daily_goals|MKTCOND-003_cheap_gappers|TIMING-003_midday_dead
Day Trading Psychology Red Day Recap x3 Day Trading Recap by Ross Cameron.txt,5027,True,True,0.9889,0.0111,13,SCRN-001_news_catalyst|SCRN-002_relative_volume|SCRN-003_float|SCRN-004_price_range|SCRN-009_short_interest|ENTR-003_dollar_levels|ENTR-009_topping_tails|STOP-003_fifty_pct_daily_stop|STOP-007_position_stop|PROF-002_scale_out|PROF-005_cold_market|MKTCOND-001_cold_hot_framework|TIMING-002_opening_range
"Frustrating Red Day -$2,900 on $EVH Ross' Trade Recap.txt",3526,True,True,0.9889,0.0111,7,SCRN-003_float|ENTR-003_dollar_levels|STOP-004_thirty_pct_soft_stop|STOP-007_position_stop|PROF-005_cold_market|MKTCOND-001_cold_hot_framework|MKTCOND-005_seasonal
+$12k on SPRT Short Squeeze Day Trading Recap by Ross Cameron.txt,3267,True,True,0.9888,0.0112,9,SCRN-005_daily_chart_room|SCRN-007_foreign_stocks|SCRN-009_short_interest|ENTR-004_micro_pullback|ENTR-006_bull_flag|PROF-004_size_up_hot|MKTCOND-005_seasonal|TIMING-001_premarket_watch|TIMING-002_opening_range
+$29k on (NASDAQ SPRT) Day Trading Recap by Ross Cameron.txt,2204,True,True,0.9888,0.0112,6,ENTR-003_dollar_levels|ENTR-004_micro_pullback|ENTR-009_topping_tails|MKTCOND-005_seasonal|TIMING-001_premarket_watch|TIMING-002_opening_range
+$55k Day Trading (NASDAQ HLBZ) Recap by Ross Cameron.txt,2931,True,True,0.9888,0.0112,10,SCRN-001_news_catalyst|SCRN-003_float|SCRN-004_price_range|ENTR-003_dollar_levels|ENTR-004_micro_pullback|ENTR-005_vwap|ENTR-006_bull_flag|ENTR-009_topping_tails|PROF-005_cold_market|TIMING-002_opening_range
Day 1 of 2018! Day 237 of the $1mil Challenge.txt,2070,True,True,0.9888,0.0112,6,ENTR-003_dollar_levels|STOP-003_fifty_pct_daily_stop|PROF-003_daily_goals|MKTCOND-005_seasonal|TIMING-001_premarket_watch|TIMING-003_midday_dead
Day 10 of the Small Account Challenge +51% on $BNTC.txt,8271,True,True,0.9888,0.0112,19,SCRN-001_news_catalyst|SCRN-002_relative_volume|SCRN-003_float|SCRN-004_price_range|SCRN-005_daily_chart_room|SCRN-006_reverse_splits|ENTR-002_fcnh|ENTR-003_dollar_levels|STOP-001_macd_hands_off|STOP-007_position_stop|PROF-002_scale_out|PROF-004_size_up_hot|PROF-005_cold_market|TIMING-001_premarket_watch|TIMING-002_opening_range|TIMING-003_midday_dead|TIMING-004_no_trade_days|TIMING-005_session_length|TIMING-006_power_hour
"Day 50 of the $100k Challenge +$2,042.40.txt",3065,True,True,0.9888,0.0112,8,SCRN-001_news_catalyst|SCRN-005_daily_chart_room|SCRN-009_short_interest|ENTR-002_fcnh|ENTR-003_dollar_levels|ENTR-009_topping_tails|PROF-005_cold_market|TIMING-001_premarket_watch
Discouraging Red Day -$43k Recap by Ross Cameron.txt,817,False,False,0.9888,0.0112,5,SCRN-007_foreign_stocks|ENTR-003_dollar_levels|PROF-004_size_up_hot|TIMING-001_premarket_watch|TIMING-002_opening_range
I screwed up today....txt,2727,True,True,0.9888,0.0112,8,SCRN-001_news_catalyst|SCRN-007_foreign_stocks|ENTR-001_macd_gate|ENTR-005_vwap|ENTR-007_order_spoofing|STOP-004_thirty_pct_soft_stop|STOP-005_fifty_pct_retrace|PROF-005_cold_market
Wins on $SBFM +175% and $SST +95% Day Trading Recap by Ross Cameron.txt,2814,True,True,0.9888,0.0112,12,SCRN-001_news_catalyst|SCRN-002_relative_volume|SCRN-003_float|SCRN-005_daily_chart_room|SCRN-007_foreign_stocks|SCRN-008_sector_theme|ENTR-002_fcnh|PROF-005_cold_market|MKTCOND-003_cheap_gappers|TIMING-002_opening_range|TIMING-003_midday_dead|TIMING-006_power_hour
Case Study of a 113% Gap and Go Day Trading Setup.txt,2989,True,True,0.9887,0.0113,10,SCRN-001_news_catalyst|ENTR-002_fcnh|ENTR-003_dollar_levels|ENTR-004_micro_pullback|ENTR-009_topping_tails|STOP-005_fifty_pct_retrace|PROF-003_daily_goals|TIMING-001_premarket_watch|TIMING-002_opening_range|TIMING-006_power_hour
Day 4 YES!!! I'm up in my $650 Account Small Account Challenge Ep 10.txt,4850,True,True,0.9887,0.0113,11,SCRN-001_news_catalyst|SCRN-003_float|SCRN-004_price_range|PROF-001_dont_cap_green|PROF-004_size_up_hot|PROF-006_start_small|MKTCOND-002_leading_gapper|MKTCOND-005_seasonal|TIMING-001_premarket_watch|TIMING-002_opening_range|TIMING-003_midday_dead
Day 7 of the Small Account Challenge +208% on $GEVO $SKLN.txt,5832,True,True,0.9887,0.0113,17,SCRN-001_news_catalyst|SCRN-003_float|SCRN-004_price_range|SCRN-005_daily_chart_room|SCRN-006_reverse_splits|ENTR-006_bull_flag|STOP-003_fifty_pct_daily_stop|STOP-007_position_stop|PROF-002_scale_out|PROF-004_size_up_hot|PROF-005_cold_market|MKTCOND-002_leading_gapper|MKTCOND-003_cheap_gappers|TIMING-001_premarket_watch|TIMING-002_opening_range|TIMING-003_midday_dead|TIMING-005_session_length
Day Trading Recent IPO’s and Reverse Splits $ENVB $QNRX $NVIV.txt,2048,True,True,0.9887,0.0113,8,SCRN-001_news_catalyst|SCRN-004_price_range|STOP-003_fifty_pct_daily_stop|STOP-007_position_stop|PROF-001_dont_cap_green|PROF-003_daily_goals|TIMING-003_midday_dead|TIMING-005_session_length
LIVE Day Trading Recap $IMMX $NTRB $NLSP $INDP $EZGO.txt,3345,True,True,0.9887,0.0113,11,SCRN-001_news_catalyst|SCRN-005_daily_chart_room|ENTR-002_fcnh|ENTR-003_dollar_levels|ENTR-004_micro_pullback|STOP-004_thirty_pct_soft_stop|PROF-003_daily_goals|MKTCOND-002_leading_gapper|TIMING-001_premarket_watch|TIMING-002_opening_range|TIMING-003_midday_dead
Breaking Rules Giving Back Profits Ross's Trade Recap.txt,3427,True,True,0.9886,0.0114,9,ENTR-002_fcnh|ENTR-003_dollar_levels|STOP-003_fifty_pct_daily_stop|PROF-001_dont_cap_green|PROF-003_daily_goals|PROF-004_size_up_hot|PROF-005_cold_market|MKTCOND-005_seasonal|TIMING-001_premarket_watch
Crazy Momentum +$14K! Ross' Trade Recap.txt,2439,True,True,0.9886,0.0114,6,SCRN-002_relative_volume|SCRN-005_daily_chart_room|STOP-001_macd_hands_off|PROF-003_daily_goals|MKTCOND-003_cheap_gappers|TIMING-003_midday_dead
Red Day Recap Day 3 -$4.3k Ross's Trade Recap.txt,5725,True,True,0.9886,0.0114,17,SCRN-001_news_catalyst|SCRN-003_float|SCRN-004_price_range|SCRN-009_short_interest|SCRN-010_front_back_side|ENTR-003_dollar_levels|ENTR-004_micro_pullback|STOP-001_macd_hands_off|STOP-003_fifty_pct_daily_stop|STOP-007_position_stop|PROF-001_dont_cap_green|PROF-002_scale_out|MKTCOND-004_overall_market|MKTCOND-005_seasonal|TIMING-001_premarket_watch|TIMING-002_opening_range|TIMING-003_midday_dead
RED DAY RECAP [9Rp6V0eMuew].txt,1521,True,True,0.9885,0.0115,7,SCRN-001_news_catalyst|SCRN-002_relative_volume|ENTR-005_vwap|PROF-001_dont_cap_green|PROF-004_size_up_hot|MKTCOND-002_leading_gapper|TIMING-002_opening_range
Recouping Losses in a Choppy Market +$29k Ross's Trade Recap.txt,4447,True,True,0.9885,0.0115,12,SCRN-001_news_catalyst|SCRN-004_price_range|ENTR-002_fcnh|ENTR-003_dollar_levels|STOP-003_fifty_pct_daily_stop|PROF-001_dont_cap_green|MKTCOND-001_cold_hot_framework|MKTCOND-002_leading_gapper|TIMING-001_premarket_watch|TIMING-002_opening_range|TIMING-003_midday_dead|TIMING-006_power_hour
Red Day Recap [vUvVP5Tjy-s].txt,4077,True,True,0.9885,0.0115,6,SCRN-001_news_catalyst|SCRN-004_price_range|ENTR-001_macd_gate|STOP-003_fifty_pct_daily_stop|TIMING-001_premarket_watch|TIMING-002_opening_range
"Wearing Red, Finishing Green! +$3k Ross' Trade Recap.txt",1852,True,True,0.9885,0.0115,6,SCRN-001_news_catalyst|SCRN-003_float|ENTR-002_fcnh|ENTR-004_micro_pullback|STOP-003_fifty_pct_daily_stop|PROF-002_scale_out
+$18k on GME Recap By Ross Cameron.txt,1253,False,False,0.9884,0.0116,4,ENTR-002_fcnh|STOP-003_fifty_pct_daily_stop|STOP-007_position_stop|TIMING-001_premarket_watch
5 Reasons Why Traders Lose Money.txt,6543,True,True,0.9884,0.0116,11,SCRN-001_news_catalyst|SCRN-002_relative_volume|SCRN-003_float|SCRN-008_sector_theme|ENTR-002_fcnh|ENTR-004_micro_pullback|STOP-003_fifty_pct_daily_stop|STOP-007_position_stop|PROF-001_dont_cap_green|PROF-003_daily_goals|PROF-005_cold_market
Back to Green! Ross's Trade Recap.txt,1569,True,True,0.9884,0.0116,6,SCRN-003_float|ENTR-003_dollar_levels|ENTR-004_micro_pullback|STOP-007_position_stop|MKTCOND-002_leading_gapper|TIMING-003_midday_dead
"Day 44 of the $100k Challenge +$8,871.40 and BREAKING $100k Mark.txt",7999,True,True,0.9884,0.0116,17,SCRN-001_news_catalyst|SCRN-002_relative_volume|SCRN-003_float|SCRN-005_daily_chart_room|SCRN-006_reverse_splits|SCRN-010_front_back_side|ENTR-002_fcnh|ENTR-003_dollar_levels|ENTR-006_bull_flag|ENTR-007_order_spoofing|STOP-001_macd_hands_off|STOP-003_fifty_pct_daily_stop|STOP-007_position_stop|PROF-001_dont_cap_green|PROF-005_cold_market|MKTCOND-002_leading_gapper|TIMING-003_midday_dead
Penny Stock Mania Continues as the Stock Market Makes New Highs.txt,4260,True,True,0.9884,0.0116,12,SCRN-001_news_catalyst|SCRN-004_price_range|SCRN-005_daily_chart_room|SCRN-007_foreign_stocks|ENTR-002_fcnh|ENTR-005_vwap|PROF-002_scale_out|PROF-003_daily_goals|MKTCOND-004_overall_market|MKTCOND-005_seasonal|TIMING-001_premarket_watch|TIMING-006_power_hour
The Best Day Traders Are Great Losers.txt,10875,True,True,0.9884,0.0116,18,SCRN-001_news_catalyst|SCRN-003_float|SCRN-007_foreign_stocks|ENTR-002_fcnh|ENTR-003_dollar_levels|ENTR-004_micro_pullback|ENTR-009_topping_tails|STOP-003_fifty_pct_daily_stop|STOP-004_thirty_pct_soft_stop|STOP-007_position_stop|PROF-001_dont_cap_green|PROF-003_daily_goals|PROF-005_cold_market|MKTCOND-001_cold_hot_framework|MKTCOND-002_leading_gapper|MKTCOND-003_cheap_gappers|MKTCOND-004_overall_market|TIMING-004_no_trade_days
"Winter Snow Storm & Finishing the week +$11,612.50.txt",3606,True,True,0.9884,0.0116,7,SCRN-003_float|SCRN-005_daily_chart_room|ENTR-002_fcnh|PROF-005_cold_market|MKTCOND-004_overall_market|MKTCOND-005_seasonal|TIMING-003_midday_dead
$CXAI pre-market squeeze +30%.txt,1266,False,False,0.9883,0.0117,4,SCRN-005_daily_chart_room|ENTR-004_micro_pullback|ENTR-009_topping_tails|PROF-001_dont_cap_green
+$39k on (NASDAQ MEDS) Recap by Ross Cameron.txt,2353,True,True,0.9883,0.0117,7,SCRN-005_daily_chart_room|SCRN-009_short_interest|ENTR-002_fcnh|ENTR-006_bull_flag|STOP-004_thirty_pct_soft_stop|PROF-001_dont_cap_green|TIMING-001_premarket_watch
"+$5,183.29 in 1hr before a Circuit Breaker Halt and 50% drop.txt",2275,True,True,0.9883,0.0117,8,SCRN-004_price_range|SCRN-005_daily_chart_room|SCRN-010_front_back_side|ENTR-004_micro_pullback|STOP-003_fifty_pct_daily_stop|PROF-001_dont_cap_green|PROF-002_scale_out|TIMING-003_midday_dead
-$36k on (NASDAQ XBIO & SCKT) Recap by Ross Cameron.txt,5725,True,True,0.9883,0.0117,12,SCRN-001_news_catalyst|SCRN-003_float|ENTR-003_dollar_levels|ENTR-004_micro_pullback|ENTR-006_bull_flag|STOP-003_fifty_pct_daily_stop|STOP-004_thirty_pct_soft_stop|STOP-007_position_stop|PROF-001_dont_cap_green|PROF-003_daily_goals|PROF-005_cold_market|TIMING-002_opening_range
"Day 29 From Red to Green +$1,200 Ross's Trade Recap.txt",4888,True,True,0.9883,0.0117,14,SCRN-001_news_catalyst|SCRN-003_float|SCRN-004_price_range|SCRN-005_daily_chart_room|ENTR-003_dollar_levels|ENTR-004_micro_pullback|PROF-001_dont_cap_green|PROF-005_cold_market|MKTCOND-002_leading_gapper|MKTCOND-004_overall_market|TIMING-001_premarket_watch|TIMING-002_opening_range|TIMING-005_session_length|TIMING-006_power_hour
Finishing Friday with 100% accuracy 6 trades 6 winners!.txt,2493,True,True,0.9883,0.0117,8,SCRN-004_price_range|ENTR-002_fcnh|STOP-003_fifty_pct_daily_stop|PROF-001_dont_cap_green|MKTCOND-001_cold_hot_framework|MKTCOND-005_seasonal|TIMING-002_opening_range|TIMING-003_midday_dead
"Ross' Trade Recap The Face of Victory +$3,763!.txt",4070,True,True,0.9883,0.0117,11,SCRN-001_news_catalyst|SCRN-003_float|SCRN-004_price_range|ENTR-003_dollar_levels|STOP-003_fifty_pct_daily_stop|PROF-001_dont_cap_green|MKTCOND-002_leading_gapper|MKTCOND-003_cheap_gappers|TIMING-001_premarket_watch|TIMING-002_opening_range|TIMING-003_midday_dead
Stuck In a Cold Streak -$41k Ross's Trade Recap.txt,5588,True,True,0.9883,0.0117,12,SCRN-001_news_catalyst|SCRN-003_float|SCRN-004_price_range|SCRN-009_short_interest|ENTR-003_dollar_levels|ENTR-004_micro_pullback|STOP-003_fifty_pct_daily_stop|STOP-004_thirty_pct_soft_stop|PROF-004_size_up_hot|MKTCOND-001_cold_hot_framework|MKTCOND-005_seasonal|TIMING-002_opening_range
"Wearing Green & Finishing Green! +$6,713! Ross' Trade Recap.txt",2375,True,True,0.9883,0.0117,7,SCRN-004_price_range|ENTR-002_fcnh|ENTR-003_dollar_levels|ENTR-006_bull_flag|STOP-007_position_stop|PROF-003_daily_goals|TIMING-002_opening_range
$55K in One Month! Momentum Day Trading FOR THE WIN!.txt,2975,True,True,0.9882,0.0118,7,SCRN-005_daily_chart_room|SCRN-009_short_interest|ENTR-002_fcnh|ENTR-006_bull_flag|TIMING-001_premarket_watch|TIMING-002_opening_range|TIMING-003_midday_dead
+$4.5k on (NASDAQ TIRX) & (NASDAQ KNBE) Recap by Ross Cameron.txt,725,False,False,0.9882,0.0118,5,SCRN-001_news_catalyst|PROF-001_dont_cap_green|PROF-003_daily_goals|PROF-004_size_up_hot|PROF-005_cold_market
+$6.9k in 30min during the Snow Storm!.txt,3185,True,True,0.9882,0.0118,8,ENTR-002_fcnh|ENTR-003_dollar_levels|ENTR-006_bull_flag|STOP-001_macd_hands_off|STOP-003_fifty_pct_daily_stop|PROF-004_size_up_hot|MKTCOND-005_seasonal|TIMING-003_midday_dead
A Surprise Breaking News Headline Sends Stock +100%.txt,3621,True,True,0.9882,0.0118,13,SCRN-001_news_catalyst|SCRN-002_relative_volume|SCRN-003_float|SCRN-004_price_range|SCRN-005_daily_chart_room|SCRN-006_reverse_splits|SCRN-007_foreign_stocks|ENTR-003_dollar_levels|ENTR-004_micro_pullback|ENTR-007_order_spoofing|PROF-001_dont_cap_green|PROF-005_cold_market|MKTCOND-004_overall_market
Cyber Monday Sales! Live Day Trading Morning Show.txt,5681,True,True,0.9882,0.0118,19,SCRN-001_news_catalyst|SCRN-003_float|SCRN-004_price_range|SCRN-005_daily_chart_room|SCRN-006_reverse_splits|SCRN-009_short_interest|ENTR-003_dollar_levels|ENTR-004_micro_pullback|STOP-004_thirty_pct_soft_stop|PROF-001_dont_cap_green|PROF-004_size_up_hot|PROF-005_cold_market|MKTCOND-001_cold_hot_framework|MKTCOND-002_leading_gapper|MKTCOND-003_cheap_gappers|MKTCOND-004_overall_market|MKTCOND-005_seasonal|TIMING-002_opening_range|TIMING-005_session_length
EVERYTHING went wrong Ross's Trade Recap.txt,3796,True,True,0.9882,0.0118,10,SCRN-003_float|SCRN-004_price_range|ENTR-002_fcnh|ENTR-004_micro_pullback|PROF-006_start_small|MKTCOND-002_leading_gapper|MKTCOND-004_overall_market|TIMING-002_opening_range|TIMING-003_midday_dead|TIMING-004_no_trade_days
February Month in Review Day Trading.txt,6002,True,True,0.9882,0.0118,15,SCRN-001_news_catalyst|SCRN-004_price_range|SCRN-005_daily_chart_room|SCRN-009_short_interest|STOP-003_fifty_pct_daily_stop|STOP-004_thirty_pct_soft_stop|STOP-006_halt_offering|PROF-001_dont_cap_green|PROF-002_scale_out|PROF-004_size_up_hot|PROF-005_cold_market|MKTCOND-001_cold_hot_framework|MKTCOND-004_overall_market|TIMING-001_premarket_watch|TIMING-003_midday_dead
MAX LOSS (worst way to end the week).txt,2455,True,True,0.9882,0.0118,6,SCRN-004_price_range|ENTR-007_order_spoofing|STOP-003_fifty_pct_daily_stop|PROF-004_size_up_hot|PROF-005_cold_market|MKTCOND-003_cheap_gappers
"One of Those Days -$5,800 Ross' Trade Recap.txt",4251,True,True,0.9882,0.0118,13,SCRN-001_news_catalyst|SCRN-003_float|SCRN-004_price_range|SCRN-005_daily_chart_room|ENTR-003_dollar_levels|STOP-003_fifty_pct_daily_stop|PROF-001_dont_cap_green|PROF-002_scale_out|PROF-004_size_up_hot|MKTCOND-002_leading_gapper|TIMING-002_opening_range|TIMING-003_midday_dead|TIMING-006_power_hour
Ross' Trade Recap The Hot Streak Continues!.txt,5233,True,True,0.9882,0.0118,13,SCRN-004_price_range|SCRN-005_daily_chart_room|SCRN-009_short_interest|ENTR-003_dollar_levels|STOP-003_fifty_pct_daily_stop|PROF-001_dont_cap_green|PROF-004_size_up_hot|MKTCOND-002_leading_gapper|MKTCOND-003_cheap_gappers|TIMING-001_premarket_watch|TIMING-002_opening_range|TIMING-003_midday_dead|TIMING-005_session_length
Trading Recap +$75K in One Month!.txt,3093,True,True,0.9882,0.0118,11,SCRN-001_news_catalyst|SCRN-004_price_range|ENTR-003_dollar_levels|ENTR-004_micro_pullback|ENTR-006_bull_flag|PROF-001_dont_cap_green|MKTCOND-002_leading_gapper|MKTCOND-004_overall_market|MKTCOND-005_seasonal|TIMING-002_opening_range|TIMING-003_midday_dead
$CELZ +164% Top Gapper.txt,1124,False,False,0.9881,0.0119,4,SCRN-003_float|ENTR-002_fcnh|MKTCOND-002_leading_gapper|TIMING-002_opening_range
$SNGX +322% on breaking news pre-market.txt,2952,True,True,0.9881,0.0119,9,SCRN-005_daily_chart_room|SCRN-007_foreign_stocks|ENTR-004_micro_pullback|ENTR-009_topping_tails|PROF-004_size_up_hot|MKTCOND-002_leading_gapper|MKTCOND-005_seasonal|TIMING-001_premarket_watch|TIMING-005_session_length
+$168k August Month in Review + Sneak Preview on Labor Day Sales.txt,7890,True,True,0.9881,0.0119,17,SCRN-001_news_catalyst|SCRN-003_float|SCRN-004_price_range|SCRN-010_front_back_side|STOP-001_macd_hands_off|STOP-003_fifty_pct_daily_stop|STOP-007_position_stop|PROF-001_dont_cap_green|PROF-003_daily_goals|PROF-004_size_up_hot|PROF-005_cold_market|MKTCOND-001_cold_hot_framework|MKTCOND-002_leading_gapper|MKTCOND-005_seasonal|TIMING-002_opening_range|TIMING-003_midday_dead|TIMING-004_no_trade_days
"Chinese IPO's +2,200%.txt",3909,True,True,0.9881,0.0119,7,SCRN-001_news_catalyst|SCRN-003_float|SCRN-004_price_range|SCRN-007_foreign_stocks|STOP-006_halt_offering|STOP-007_position_stop|MKTCOND-004_overall_market
Small Account Challenge Day 1 PART 2 from -30 to +$500.txt,4516,True,True,0.9881,0.0119,11,SCRN-003_float|SCRN-004_price_range|SCRN-005_daily_chart_room|ENTR-004_micro_pullback|ENTR-008_double_bottom|STOP-003_fifty_pct_daily_stop|PROF-003_daily_goals|PROF-004_size_up_hot|MKTCOND-002_leading_gapper|TIMING-003_midday_dead|TIMING-006_power_hour
The Biggest Green to Red Move EVER....txt,2952,True,True,0.9881,0.0119,7,SCRN-001_news_catalyst|STOP-003_fifty_pct_daily_stop|STOP-006_halt_offering|PROF-001_dont_cap_green|PROF-004_size_up_hot|PROF-005_cold_market|TIMING-002_opening_range
it's NEVER been like this before.txt,3878,True,True,0.9881,0.0119,11,ENTR-003_dollar_levels|STOP-003_fifty_pct_daily_stop|STOP-004_thirty_pct_soft_stop|STOP-007_position_stop|PROF-001_dont_cap_green|PROF-002_scale_out|PROF-004_size_up_hot|MKTCOND-004_overall_market|TIMING-001_premarket_watch|TIMING-003_midday_dead|TIMING-006_power_hour
+$10k After Giving Back Half of My Gains Recap by Ross Cameron.txt,1637,True,True,0.988,0.012,6,ENTR-004_micro_pullback|STOP-003_fifty_pct_daily_stop|MKTCOND-004_overall_market|TIMING-001_premarket_watch|TIMING-002_opening_range|TIMING-005_session_length
Green on 4 6 Trades Ross's Trade Recap.txt,3377,True,True,0.988,0.012,9,SCRN-004_price_range|SCRN-009_short_interest|ENTR-002_fcnh|ENTR-003_dollar_levels|ENTR-004_micro_pullback|ENTR-009_topping_tails|PROF-002_scale_out|MKTCOND-002_leading_gapper|TIMING-003_midday_dead
"Red Day Recap on Day 36 of the $100k Challenge -$3,930.01.txt",3815,True,True,0.988,0.012,9,SCRN-001_news_catalyst|SCRN-003_float|SCRN-005_daily_chart_room|SCRN-010_front_back_side|ENTR-002_fcnh|ENTR-003_dollar_levels|STOP-003_fifty_pct_daily_stop|STOP-007_position_stop|TIMING-001_premarket_watch
$TCBP $OTRK Day Trading from Gap & Momentum Scanners.txt,2066,True,True,0.9879,0.0121,6,ENTR-004_micro_pullback|STOP-004_thirty_pct_soft_stop|MKTCOND-002_leading_gapper|MKTCOND-003_cheap_gappers|TIMING-001_premarket_watch|TIMING-002_opening_range
"3rd Green Day in a Row +$1,600! Ross's Trade Recap.txt",2509,True,True,0.9879,0.0121,8,ENTR-002_fcnh|STOP-003_fifty_pct_daily_stop|PROF-001_dont_cap_green|PROF-006_start_small|MKTCOND-004_overall_market|TIMING-001_premarket_watch|TIMING-002_opening_range|TIMING-003_midday_dead
BACK TO BACK Big Green Days.txt,17521,True,True,0.9879,0.0121,24,SCRN-001_news_catalyst|SCRN-002_relative_volume|SCRN-003_float|SCRN-005_daily_chart_room|SCRN-006_reverse_splits|SCRN-009_short_interest|SCRN-010_front_back_side|ENTR-001_macd_gate|ENTR-002_fcnh|ENTR-003_dollar_levels|ENTR-004_micro_pullback|ENTR-005_vwap|ENTR-007_order_spoofing|ENTR-009_topping_tails|STOP-004_thirty_pct_soft_stop|PROF-002_scale_out|PROF-003_daily_goals|PROF-005_cold_market|PROF-006_start_small|MKTCOND-001_cold_hot_framework|MKTCOND-004_overall_market|TIMING-001_premarket_watch|TIMING-003_midday_dead|TIMING-006_power_hour
"Eight for Eight +$9,943! Ross' Trade Recap.txt",2816,True,True,0.9879,0.0121,8,SCRN-001_news_catalyst|ENTR-002_fcnh|ENTR-003_dollar_levels|STOP-003_fifty_pct_daily_stop|STOP-004_thirty_pct_soft_stop|MKTCOND-002_leading_gapper|TIMING-001_premarket_watch|TIMING-003_midday_dead
Live Trading $RKDA to the SHORT side!.txt,3381,True,True,0.9879,0.0121,9,SCRN-001_news_catalyst|SCRN-004_price_range|SCRN-005_daily_chart_room|SCRN-009_short_interest|STOP-003_fifty_pct_daily_stop|STOP-007_position_stop|PROF-002_scale_out|MKTCOND-004_overall_market|MKTCOND-005_seasonal
Red Streak Day 6 -$3k Ross's Trade Recap.txt,8027,True,True,0.9879,0.0121,12,SCRN-001_news_catalyst|SCRN-003_float|SCRN-004_price_range|ENTR-003_dollar_levels|STOP-003_fifty_pct_daily_stop|PROF-002_scale_out|PROF-005_cold_market|MKTCOND-001_cold_hot_framework|MKTCOND-004_overall_market|MKTCOND-005_seasonal|TIMING-001_premarket_watch|TIMING-002_opening_range
"Year in Review 2016 +$222,244.91 Day Trading Momentum Strategies.txt",13797,True,True,0.9879,0.0121,17,SCRN-001_news_catalyst|SCRN-002_relative_volume|SCRN-003_float|SCRN-004_price_range|SCRN-008_sector_theme|ENTR-002_fcnh|ENTR-006_bull_flag|STOP-003_fifty_pct_daily_stop|STOP-007_position_stop|PROF-001_dont_cap_green|PROF-002_scale_out|MKTCOND-003_cheap_gappers|MKTCOND-004_overall_market|MKTCOND-005_seasonal|TIMING-002_opening_range|TIMING-003_midday_dead|TIMING-005_session_length
[LIVE] from CANADA - The DAY TRADING Morning Show 9 00 - 9 30am ET with Ross Cameron [ZNNXmn2bz_8].txt,2361,True,True,0.9879,0.0121,9,SCRN-001_news_catalyst|SCRN-005_daily_chart_room|SCRN-006_reverse_splits|SCRN-010_front_back_side|STOP-001_macd_hands_off|PROF-001_dont_cap_green|MKTCOND-004_overall_market|TIMING-001_premarket_watch|TIMING-002_opening_range
21st Green Day - No Red April! Ross's Trade Recap.txt,2856,True,True,0.9878,0.0122,10,SCRN-001_news_catalyst|SCRN-003_float|ENTR-004_micro_pullback|STOP-007_position_stop|PROF-004_size_up_hot|PROF-005_cold_market|MKTCOND-002_leading_gapper|MKTCOND-004_overall_market|TIMING-002_opening_range|TIMING-003_midday_dead
"Followed The Rules! +$6,512 Ross' Trade Recap.txt",1731,True,True,0.9878,0.0122,6,SCRN-003_float|ENTR-002_fcnh|ENTR-003_dollar_levels|MKTCOND-002_leading_gapper|TIMING-001_premarket_watch|TIMING-003_midday_dead
GAME PLAN for Monday 3 18 24.txt,4867,True,True,0.9878,0.0122,12,SCRN-001_news_catalyst|SCRN-003_float|SCRN-004_price_range|SCRN-009_short_interest|SCRN-010_front_back_side|ENTR-004_micro_pullback|STOP-003_fifty_pct_daily_stop|STOP-004_thirty_pct_soft_stop|PROF-004_size_up_hot|PROF-005_cold_market|MKTCOND-002_leading_gapper|TIMING-001_premarket_watch
Is this a Flaw in the Stock Market.txt,4490,True,True,0.9878,0.0122,11,SCRN-001_news_catalyst|SCRN-002_relative_volume|SCRN-003_float|SCRN-004_price_range|SCRN-006_reverse_splits|SCRN-009_short_interest|ENTR-005_vwap|STOP-003_fifty_pct_daily_stop|MKTCOND-004_overall_market|MKTCOND-005_seasonal|TIMING-001_premarket_watch
NRSN +300% Day Trading Recap by Ross Cameron.txt,1989,True,True,0.9878,0.0122,7,SCRN-003_float|SCRN-004_price_range|SCRN-005_daily_chart_room|ENTR-003_dollar_levels|ENTR-004_micro_pullback|STOP-005_fifty_pct_retrace|MKTCOND-002_leading_gapper
Small Win on $CELZ Day Trading Recap by Ross Cameron.txt,2730,True,True,0.9878,0.0122,10,SCRN-001_news_catalyst|SCRN-009_short_interest|ENTR-003_dollar_levels|ENTR-004_micro_pullback|STOP-003_fifty_pct_daily_stop|STOP-007_position_stop|PROF-001_dont_cap_green|MKTCOND-002_leading_gapper|TIMING-002_opening_range|TIMING-003_midday_dead
Will Prediction Markets Become The Latest HOT Theme.txt,4808,True,True,0.9878,0.0122,11,SCRN-001_news_catalyst|SCRN-003_float|SCRN-004_price_range|SCRN-006_reverse_splits|SCRN-007_foreign_stocks|ENTR-001_macd_gate|ENTR-003_dollar_levels|ENTR-004_micro_pullback|PROF-005_cold_market|TIMING-001_premarket_watch|TIMING-006_power_hour
"+$13,031.60 on 2 trades on the 20th day of 2018. What a day!.txt",2745,True,True,0.9877,0.0123,11,SCRN-003_float|ENTR-002_fcnh|ENTR-003_dollar_levels|ENTR-004_micro_pullback|ENTR-007_order_spoofing|STOP-007_position_stop|PROF-005_cold_market|MKTCOND-004_overall_market|MKTCOND-005_seasonal|TIMING-002_opening_range|TIMING-003_midday_dead
Another Red Day -$2K Ross' Trade Recap.txt,4254,True,True,0.9877,0.0123,11,SCRN-004_price_range|ENTR-002_fcnh|ENTR-004_micro_pullback|STOP-003_fifty_pct_daily_stop|STOP-004_thirty_pct_soft_stop|PROF-001_dont_cap_green|PROF-004_size_up_hot|PROF-005_cold_market|MKTCOND-001_cold_hot_framework|MKTCOND-002_leading_gapper|TIMING-003_midday_dead
+$23k as TWMC Squeezes +300% Ross's Trade Recap.txt,4348,True,True,0.9876,0.0124,14,SCRN-001_news_catalyst|SCRN-003_float|SCRN-004_price_range|SCRN-005_daily_chart_room|ENTR-003_dollar_levels|STOP-003_fifty_pct_daily_stop|STOP-004_thirty_pct_soft_stop|STOP-007_position_stop|PROF-003_daily_goals|MKTCOND-001_cold_hot_framework|MKTCOND-005_seasonal|TIMING-001_premarket_watch|TIMING-002_opening_range|TIMING-003_midday_dead
Another Tricky Day of Trading Ross's Trade Recap.txt,8725,True,True,0.9876,0.0124,17,SCRN-001_news_catalyst|SCRN-004_price_range|SCRN-009_short_interest|ENTR-002_fcnh|ENTR-003_dollar_levels|ENTR-004_micro_pullback|STOP-003_fifty_pct_daily_stop|STOP-004_thirty_pct_soft_stop|STOP-006_halt_offering|PROF-001_dont_cap_green|PROF-002_scale_out|PROF-003_daily_goals|PROF-005_cold_market|MKTCOND-001_cold_hot_framework|MKTCOND-005_seasonal|TIMING-002_opening_range|TIMING-003_midday_dead
Biggest Red Day of My Career (to date) -$65k Ross's Trade Recap.txt,11573,True,True,0.9876,0.0124,19,SCRN-001_news_catalyst|SCRN-004_price_range|ENTR-002_fcnh|ENTR-003_dollar_levels|ENTR-004_micro_pullback|ENTR-009_topping_tails|STOP-003_fifty_pct_daily_stop|STOP-004_thirty_pct_soft_stop|STOP-007_position_stop|PROF-001_dont_cap_green|PROF-002_scale_out|PROF-003_daily_goals|PROF-004_size_up_hot|PROF-005_cold_market|MKTCOND-001_cold_hot_framework|MKTCOND-002_leading_gapper|MKTCOND-005_seasonal|TIMING-001_premarket_watch|TIMING-002_opening_range
"Day 15 +$19,660.70 (+100%) Small Account Challenge Ep 21.txt",5924,True,True,0.9876,0.0124,15,SCRN-003_float|SCRN-009_short_interest|ENTR-002_fcnh|ENTR-003_dollar_levels|ENTR-004_micro_pullback|STOP-003_fifty_pct_daily_stop|STOP-004_thirty_pct_soft_stop|STOP-007_position_stop|PROF-003_daily_goals|MKTCOND-001_cold_hot_framework|MKTCOND-002_leading_gapper|MKTCOND-005_seasonal|TIMING-001_premarket_watch|TIMING-003_midday_dead|TIMING-006_power_hour
LIVE Day Trading Morning Show with Ross Cameron [-K2D_LN8zoU].txt,3515,True,True,0.9876,0.0124,9,SCRN-001_news_catalyst|SCRN-004_price_range|SCRN-005_daily_chart_room|ENTR-004_micro_pullback|ENTR-007_order_spoofing|PROF-005_cold_market|MKTCOND-002_leading_gapper|TIMING-001_premarket_watch|TIMING-002_opening_range
Lackluster Market & Another Red Day Ross' Trade Recap.txt,1936,True,True,0.9876,0.0124,8,SCRN-001_news_catalyst|SCRN-003_float|SCRN-004_price_range|SCRN-006_reverse_splits|ENTR-003_dollar_levels|STOP-007_position_stop|MKTCOND-005_seasonal|TIMING-003_midday_dead
Red Day Recap -$37k Day Trading Recap by Ross Cameron.txt,1532,True,True,0.9876,0.0124,6,ENTR-003_dollar_levels|STOP-006_halt_offering|PROF-001_dont_cap_green|PROF-003_daily_goals|MKTCOND-002_leading_gapper|TIMING-001_premarket_watch
There Was ONLY 1 OBVIOUS Trade....txt,3760,True,True,0.9876,0.0124,16,SCRN-001_news_catalyst|SCRN-004_price_range|SCRN-010_front_back_side|ENTR-002_fcnh|ENTR-004_micro_pullback|ENTR-005_vwap|STOP-003_fifty_pct_daily_stop|PROF-003_daily_goals|PROF-004_size_up_hot|PROF-005_cold_market|PROF-006_start_small|MKTCOND-002_leading_gapper|MKTCOND-003_cheap_gappers|MKTCOND-004_overall_market|TIMING-002_opening_range|TIMING-003_midday_dead
$AMAM +50% on the daily breakout.txt,2298,True,True,0.9875,0.0125,10,SCRN-004_price_range|SCRN-005_daily_chart_room|SCRN-009_short_interest|ENTR-003_dollar_levels|STOP-003_fifty_pct_daily_stop|STOP-007_position_stop|PROF-002_scale_out|MKTCOND-002_leading_gapper|TIMING-001_premarket_watch|TIMING-002_opening_range
$SYRA goes from $1.20 to 9.80 in 15 minutes! +800%.txt,3906,True,True,0.9875,0.0125,10,ENTR-004_micro_pullback|STOP-003_fifty_pct_daily_stop|STOP-004_thirty_pct_soft_stop|STOP-007_position_stop|PROF-004_size_up_hot|MKTCOND-001_cold_hot_framework|MKTCOND-002_leading_gapper|MKTCOND-003_cheap_gappers|TIMING-002_opening_range|TIMING-006_power_hour
Day 1 of Martha's Vineyard Trading Challenge Day Trading Recap by Ross Cameron.txt,5491,True,True,0.9875,0.0125,14,SCRN-001_news_catalyst|SCRN-008_sector_theme|ENTR-002_fcnh|ENTR-004_micro_pullback|ENTR-005_vwap|STOP-003_fifty_pct_daily_stop|STOP-004_thirty_pct_soft_stop|PROF-003_daily_goals|PROF-004_size_up_hot|PROF-005_cold_market|MKTCOND-002_leading_gapper|TIMING-001_premarket_watch|TIMING-005_session_length|TIMING-006_power_hour
I had a regrettable performance today.txt,4555,True,True,0.9875,0.0125,14,SCRN-001_news_catalyst|SCRN-004_price_range|SCRN-005_daily_chart_room|SCRN-010_front_back_side|ENTR-003_dollar_levels|ENTR-004_micro_pullback|ENTR-007_order_spoofing|ENTR-009_topping_tails|STOP-001_macd_hands_off|STOP-003_fifty_pct_daily_stop|STOP-004_thirty_pct_soft_stop|MKTCOND-002_leading_gapper|TIMING-001_premarket_watch|TIMING-002_opening_range
MAX LOSS - My Worst Day Since March.txt,5534,True,True,0.9875,0.0125,11,SCRN-002_relative_volume|SCRN-003_float|SCRN-010_front_back_side|ENTR-003_dollar_levels|ENTR-004_micro_pullback|ENTR-005_vwap|STOP-003_fifty_pct_daily_stop|STOP-007_position_stop|MKTCOND-002_leading_gapper|MKTCOND-003_cheap_gappers|TIMING-002_opening_range
Red Day Recap on Day 27 of the 100k Challenge.txt,6824,True,True,0.9875,0.0125,14,SCRN-001_news_catalyst|ENTR-002_fcnh|ENTR-003_dollar_levels|ENTR-006_bull_flag|ENTR-009_topping_tails|STOP-002_ema_cross|STOP-003_fifty_pct_daily_stop|PROF-001_dont_cap_green|PROF-005_cold_market|MKTCOND-002_leading_gapper|TIMING-001_premarket_watch|TIMING-002_opening_range|TIMING-003_midday_dead|TIMING-006_power_hour
+$14k Bouncing Back like a CHAMP Ross's Trade Recap.txt,3038,True,True,0.9874,0.0126,11,SCRN-004_price_range|SCRN-008_sector_theme|SCRN-010_front_back_side|ENTR-003_dollar_levels|ENTR-005_vwap|STOP-001_macd_hands_off|STOP-007_position_stop|PROF-005_cold_market|MKTCOND-001_cold_hot_framework|TIMING-002_opening_range|TIMING-003_midday_dead
Big Green February! Ross' Trade Recap.txt,4055,True,True,0.9874,0.0126,12,SCRN-001_news_catalyst|SCRN-003_float|SCRN-009_short_interest|ENTR-002_fcnh|ENTR-004_micro_pullback|ENTR-005_vwap|PROF-005_cold_market|MKTCOND-002_leading_gapper|MKTCOND-005_seasonal|TIMING-001_premarket_watch|TIMING-002_opening_range|TIMING-003_midday_dead
"Bouncing Back +$4,120! Ross' Trade Recap.txt",4109,True,True,0.9874,0.0126,10,SCRN-004_price_range|SCRN-009_short_interest|ENTR-003_dollar_levels|STOP-003_fifty_pct_daily_stop|PROF-002_scale_out|MKTCOND-003_cheap_gappers|MKTCOND-005_seasonal|TIMING-001_premarket_watch|TIMING-002_opening_range|TIMING-003_midday_dead
Daily Recap +$18k on (NASDAQ $SJ) Recap by Ross Cameron.txt,3751,True,True,0.9874,0.0126,13,SCRN-001_news_catalyst|ENTR-004_micro_pullback|ENTR-009_topping_tails|STOP-003_fifty_pct_daily_stop|STOP-004_thirty_pct_soft_stop|PROF-003_daily_goals|PROF-005_cold_market|MKTCOND-001_cold_hot_framework|MKTCOND-002_leading_gapper|MKTCOND-004_overall_market|TIMING-001_premarket_watch|TIMING-002_opening_range|TIMING-006_power_hour
Day 24 of the $100k Challenge What do Football and Day Trading have in Common.txt,7863,True,True,0.9874,0.0126,12,SCRN-001_news_catalyst|SCRN-005_daily_chart_room|ENTR-002_fcnh|ENTR-003_dollar_levels|ENTR-006_bull_flag|STOP-003_fifty_pct_daily_stop|PROF-001_dont_cap_green|PROF-003_daily_goals|PROF-005_cold_market|TIMING-001_premarket_watch|TIMING-002_opening_range|TIMING-003_midday_dead
"New Year, New You +$2,759! Ross's Trade Recap.txt",3020,True,True,0.9874,0.0126,8,SCRN-004_price_range|SCRN-005_daily_chart_room|ENTR-003_dollar_levels|STOP-003_fifty_pct_daily_stop|PROF-001_dont_cap_green|MKTCOND-002_leading_gapper|MKTCOND-005_seasonal|TIMING-002_opening_range
+$10k Donating All Profits to Four Charities! Recap by Ross Cameron.txt,1991,True,True,0.9873,0.0127,8,SCRN-001_news_catalyst|SCRN-003_float|SCRN-004_price_range|STOP-003_fifty_pct_daily_stop|MKTCOND-002_leading_gapper|MKTCOND-005_seasonal|TIMING-002_opening_range|TIMING-003_midday_dead
5th Consecutive Red Day Ross's Trade Recap.txt,3518,True,True,0.9873,0.0127,8,SCRN-001_news_catalyst|SCRN-003_float|ENTR-002_fcnh|ENTR-003_dollar_levels|MKTCOND-002_leading_gapper|TIMING-001_premarket_watch|TIMING-002_opening_range|TIMING-003_midday_dead
A Warrior's Journey & a $25K Donation! Ross' Trade Recap.txt,6410,True,True,0.9873,0.0127,16,SCRN-001_news_catalyst|SCRN-003_float|SCRN-004_price_range|SCRN-005_daily_chart_room|SCRN-008_sector_theme|ENTR-003_dollar_levels|STOP-003_fifty_pct_daily_stop|STOP-006_halt_offering|PROF-002_scale_out|PROF-004_size_up_hot|MKTCOND-001_cold_hot_framework|MKTCOND-002_leading_gapper|MKTCOND-003_cheap_gappers|TIMING-001_premarket_watch|TIMING-003_midday_dead|TIMING-005_session_length
Double My Daily Goal +$5K on LEDS! Ross' Trade Recap.txt,2054,True,True,0.9873,0.0127,6,SCRN-001_news_catalyst|SCRN-003_float|SCRN-004_price_range|STOP-004_thirty_pct_soft_stop|TIMING-001_premarket_watch|TIMING-003_midday_dead
RED DAY RECAP [qAdtEZw0zW4].txt,2170,True,True,0.9873,0.0127,6,SCRN-003_float|SCRN-005_daily_chart_room|ENTR-004_micro_pullback|STOP-003_fifty_pct_daily_stop|STOP-006_halt_offering|MKTCOND-003_cheap_gappers
Reducing Risk & Trading Less.txt,3493,True,True,0.9873,0.0127,13,SCRN-004_price_range|ENTR-004_micro_pullback|ENTR-009_topping_tails|STOP-007_position_stop|PROF-001_dont_cap_green|PROF-002_scale_out|PROF-004_size_up_hot|PROF-005_cold_market|MKTCOND-001_cold_hot_framework|MKTCOND-002_leading_gapper|MKTCOND-003_cheap_gappers|TIMING-001_premarket_watch|TIMING-002_opening_range
+$40k on My 40th Consecutive Green Day! Ross's Trade Recap.txt,5821,True,True,0.9872,0.0128,17,SCRN-001_news_catalyst|SCRN-002_relative_volume|SCRN-003_float|SCRN-004_price_range|SCRN-006_reverse_splits|SCRN-010_front_back_side|ENTR-002_fcnh|ENTR-003_dollar_levels|ENTR-004_micro_pullback|ENTR-008_double_bottom|STOP-003_fifty_pct_daily_stop|PROF-004_size_up_hot|PROF-006_start_small|MKTCOND-002_leading_gapper|MKTCOND-003_cheap_gappers|TIMING-002_opening_range|TIMING-003_midday_dead
11th Green Day in a Row! +$3K! Ross' Trade Recap.txt,2355,True,True,0.9872,0.0128,7,SCRN-003_float|PROF-001_dont_cap_green|MKTCOND-001_cold_hot_framework|MKTCOND-002_leading_gapper|MKTCOND-005_seasonal|TIMING-002_opening_range|TIMING-003_midday_dead
A $12K Red Day (.txt,4203,True,True,0.9872,0.0128,9,SCRN-005_daily_chart_room|SCRN-009_short_interest|ENTR-003_dollar_levels|ENTR-009_topping_tails|STOP-003_fifty_pct_daily_stop|PROF-005_cold_market|MKTCOND-001_cold_hot_framework|TIMING-001_premarket_watch|TIMING-003_midday_dead
Big Momentum with $FOXO +774% and $BTCT +350%.txt,7171,True,True,0.9872,0.0128,18,SCRN-001_news_catalyst|SCRN-003_float|SCRN-004_price_range|SCRN-005_daily_chart_room|SCRN-007_foreign_stocks|SCRN-009_short_interest|ENTR-001_macd_gate|ENTR-002_fcnh|ENTR-005_vwap|ENTR-008_double_bottom|ENTR-009_topping_tails|STOP-003_fifty_pct_daily_stop|PROF-005_cold_market|PROF-006_start_small|MKTCOND-001_cold_hot_framework|MKTCOND-003_cheap_gappers|TIMING-001_premarket_watch|TIMING-002_opening_range
Choppy Opening and No Follow Through -$13k Ross's Trade Recap.txt,8402,True,True,0.9872,0.0128,18,SCRN-004_price_range|ENTR-002_fcnh|ENTR-003_dollar_levels|ENTR-004_micro_pullback|ENTR-009_topping_tails|STOP-003_fifty_pct_daily_stop|STOP-004_thirty_pct_soft_stop|STOP-007_position_stop|PROF-004_size_up_hot|PROF-006_start_small|MKTCOND-001_cold_hot_framework|MKTCOND-002_leading_gapper|MKTCOND-003_cheap_gappers|MKTCOND-004_overall_market|TIMING-001_premarket_watch|TIMING-002_opening_range|TIMING-003_midday_dead|TIMING-006_power_hour
"Free Day Trading Class Monday at 1pm The topic Finding Setups, Timing Entries, and Managing Risk.txt",7575,True,True,0.9872,0.0128,17,SCRN-001_news_catalyst|SCRN-003_float|SCRN-004_price_range|SCRN-006_reverse_splits|SCRN-007_foreign_stocks|ENTR-002_fcnh|ENTR-003_dollar_levels|ENTR-004_micro_pullback|STOP-006_halt_offering|PROF-002_scale_out|PROF-004_size_up_hot|PROF-005_cold_market|MKTCOND-001_cold_hot_framework|MKTCOND-004_overall_market|MKTCOND-005_seasonal|TIMING-002_opening_range|TIMING-003_midday_dead
Today's MOST OBVIOUS Trade [0LLArJinVeg].txt,5066,True,True,0.9872,0.0128,17,SCRN-001_news_catalyst|SCRN-003_float|SCRN-005_daily_chart_room|SCRN-006_reverse_splits|SCRN-008_sector_theme|SCRN-010_front_back_side|ENTR-001_macd_gate|ENTR-004_micro_pullback|ENTR-005_vwap|STOP-003_fifty_pct_daily_stop|PROF-001_dont_cap_green|PROF-003_daily_goals|PROF-006_start_small|MKTCOND-002_leading_gapper|MKTCOND-003_cheap_gappers|TIMING-002_opening_range|TIMING-006_power_hour
$56K in 10 Days! Ross' Trade Recap.txt,3871,True,True,0.9871,0.0129,11,SCRN-001_news_catalyst|SCRN-002_relative_volume|SCRN-003_float|SCRN-008_sector_theme|ENTR-002_fcnh|ENTR-003_dollar_levels|MKTCOND-001_cold_hot_framework|MKTCOND-002_leading_gapper|MKTCOND-005_seasonal|TIMING-001_premarket_watch|TIMING-003_midday_dead
3rd Green Day In a Row!.txt,2713,True,True,0.9871,0.0129,8,SCRN-004_price_range|SCRN-010_front_back_side|ENTR-002_fcnh|ENTR-003_dollar_levels|ENTR-009_topping_tails|MKTCOND-002_leading_gapper|TIMING-002_opening_range|TIMING-003_midday_dead
Another Frustrating Day on The Market!.txt,3078,True,True,0.9871,0.0129,7,SCRN-001_news_catalyst|SCRN-004_price_range|SCRN-009_short_interest|ENTR-003_dollar_levels|PROF-004_size_up_hot|MKTCOND-002_leading_gapper|TIMING-003_midday_dead
"Day 62 of the $583 Challenge +$6,417.92 #Redemption.txt",3708,True,True,0.9871,0.0129,8,SCRN-001_news_catalyst|SCRN-003_float|ENTR-002_fcnh|ENTR-003_dollar_levels|ENTR-009_topping_tails|STOP-004_thirty_pct_soft_stop|MKTCOND-004_overall_market|TIMING-003_midday_dead
Day Trading Recap $MOB $CDIO $ $OKYO $CJJD.txt,907,False,False,0.9871,0.0129,5,SCRN-001_news_catalyst|STOP-004_thirty_pct_soft_stop|PROF-001_dont_cap_green|TIMING-001_premarket_watch|TIMING-006_power_hour
Drowning My Sorrows After A Red Day Ross' Trade Recap.txt,5065,True,True,0.9871,0.0129,14,SCRN-002_relative_volume|SCRN-003_float|SCRN-009_short_interest|ENTR-002_fcnh|ENTR-003_dollar_levels|ENTR-004_micro_pullback|ENTR-006_bull_flag|ENTR-009_topping_tails|STOP-003_fifty_pct_daily_stop|PROF-001_dont_cap_green|PROF-004_size_up_hot|PROF-005_cold_market|MKTCOND-002_leading_gapper|MKTCOND-005_seasonal
"Finishing Up +$9,299... Sort of Ross' Trade Recap.txt",4380,True,True,0.9871,0.0129,12,SCRN-003_float|SCRN-005_daily_chart_room|ENTR-002_fcnh|STOP-003_fifty_pct_daily_stop|PROF-001_dont_cap_green|PROF-004_size_up_hot|PROF-005_cold_market|MKTCOND-002_leading_gapper|TIMING-001_premarket_watch|TIMING-002_opening_range|TIMING-003_midday_dead|TIMING-006_power_hour
Kicking Back After a $7K Day! Ross' Trade Recap.txt,6482,True,True,0.9871,0.0129,16,SCRN-003_float|SCRN-004_price_range|SCRN-005_daily_chart_room|SCRN-010_front_back_side|ENTR-002_fcnh|ENTR-003_dollar_levels|ENTR-004_micro_pullback|STOP-004_thirty_pct_soft_stop|PROF-003_daily_goals|MKTCOND-001_cold_hot_framework|MKTCOND-002_leading_gapper|MKTCOND-004_overall_market|MKTCOND-005_seasonal|TIMING-001_premarket_watch|TIMING-002_opening_range|TIMING-003_midday_dead
Red to GREEN on $PGY Day Trading Recap by Ross Cameron.txt,3630,True,True,0.9871,0.0129,9,SCRN-003_float|SCRN-004_price_range|SCRN-005_daily_chart_room|ENTR-009_topping_tails|STOP-003_fifty_pct_daily_stop|STOP-006_halt_offering|TIMING-001_premarket_watch|TIMING-002_opening_range|TIMING-006_power_hour
Wow! Trades are GREEN.txt,2060,True,True,0.9871,0.0129,7,SCRN-004_price_range|ENTR-003_dollar_levels|STOP-003_fifty_pct_daily_stop|PROF-001_dont_cap_green|TIMING-002_opening_range|TIMING-003_midday_dead|TIMING-005_session_length
[LIVE] DAY TRADING Morning Show 9 00 - 9 30am ET with Ross Cameron [R00aE060t5o].txt,866,False,False,0.9871,0.0129,2,SCRN-003_float|SCRN-004_price_range
$SQL +261% Gap and Go Setup!.txt,2389,True,True,0.987,0.013,10,SCRN-001_news_catalyst|SCRN-004_price_range|SCRN-009_short_interest|ENTR-001_macd_gate|ENTR-002_fcnh|ENTR-003_dollar_levels|ENTR-009_topping_tails|PROF-004_size_up_hot|MKTCOND-005_seasonal|TIMING-002_opening_range
All Hot Streaks Must End Ross' Trade Recap.txt,3018,True,True,0.987,0.013,10,SCRN-003_float|SCRN-004_price_range|SCRN-009_short_interest|ENTR-003_dollar_levels|STOP-003_fifty_pct_daily_stop|PROF-001_dont_cap_green|PROF-004_size_up_hot|MKTCOND-005_seasonal|TIMING-001_premarket_watch|TIMING-002_opening_range
I Want You to Learn How I Lost Money Ross' Trade Recap.txt,6696,True,True,0.987,0.013,19,SCRN-001_news_catalyst|SCRN-002_relative_volume|SCRN-004_price_range|SCRN-005_daily_chart_room|SCRN-008_sector_theme|ENTR-003_dollar_levels|ENTR-004_micro_pullback|ENTR-006_bull_flag|STOP-003_fifty_pct_daily_stop|PROF-001_dont_cap_green|PROF-003_daily_goals|PROF-004_size_up_hot|PROF-005_cold_market|MKTCOND-001_cold_hot_framework|MKTCOND-002_leading_gapper|MKTCOND-005_seasonal|TIMING-001_premarket_watch|TIMING-003_midday_dead|TIMING-005_session_length
I'm Back in The Saddle.txt,2710,True,True,0.987,0.013,13,SCRN-001_news_catalyst|SCRN-005_daily_chart_room|SCRN-006_reverse_splits|SCRN-009_short_interest|ENTR-002_fcnh|STOP-003_fifty_pct_daily_stop|PROF-003_daily_goals|PROF-005_cold_market|MKTCOND-002_leading_gapper|TIMING-001_premarket_watch|TIMING-002_opening_range|TIMING-003_midday_dead|TIMING-005_session_length
I'm Lovin' This Hot Streak! Ross' Trade Recap.txt,4276,True,True,0.987,0.013,9,SCRN-005_daily_chart_room|ENTR-003_dollar_levels|ENTR-004_micro_pullback|PROF-003_daily_goals|MKTCOND-001_cold_hot_framework|MKTCOND-002_leading_gapper|MKTCOND-005_seasonal|TIMING-001_premarket_watch|TIMING-003_midday_dead
One of Those Blah Trading Days Ross' Trade Recap.txt,4220,True,True,0.987,0.013,14,SCRN-004_price_range|SCRN-005_daily_chart_room|SCRN-009_short_interest|SCRN-010_front_back_side|ENTR-003_dollar_levels|ENTR-004_micro_pullback|ENTR-007_order_spoofing|STOP-003_fifty_pct_daily_stop|PROF-005_cold_market|MKTCOND-001_cold_hot_framework|MKTCOND-002_leading_gapper|MKTCOND-003_cheap_gappers|TIMING-001_premarket_watch|TIMING-003_midday_dead
Recovered 1 2 of Yesterday's Loss....THIS IS PROGRESS.txt,1712,True,True,0.987,0.013,6,SCRN-001_news_catalyst|ENTR-005_vwap|PROF-002_scale_out|MKTCOND-001_cold_hot_framework|TIMING-001_premarket_watch|TIMING-002_opening_range
Well Here We Are -$3K Ross' Trade Recap.txt,4551,True,True,0.987,0.013,13,SCRN-001_news_catalyst|SCRN-003_float|SCRN-004_price_range|SCRN-010_front_back_side|ENTR-004_micro_pullback|ENTR-007_order_spoofing|STOP-003_fifty_pct_daily_stop|PROF-001_dont_cap_green|MKTCOND-002_leading_gapper|MKTCOND-005_seasonal|TIMING-001_premarket_watch|TIMING-002_opening_range|TIMING-003_midday_dead
$47k in 4 Days! Ross's Trade Recap.txt,4786,True,True,0.9869,0.0131,12,SCRN-001_news_catalyst|SCRN-003_float|SCRN-004_price_range|SCRN-008_sector_theme|ENTR-002_fcnh|ENTR-003_dollar_levels|STOP-003_fifty_pct_daily_stop|PROF-003_daily_goals|MKTCOND-002_leading_gapper|MKTCOND-005_seasonal|TIMING-001_premarket_watch|TIMING-003_midday_dead
"+$3,232.67 in 1hr with 100% accuracy....Awesome!!.txt",2743,True,True,0.9869,0.0131,11,SCRN-001_news_catalyst|SCRN-004_price_range|SCRN-005_daily_chart_room|SCRN-006_reverse_splits|ENTR-002_fcnh|ENTR-004_micro_pullback|ENTR-009_topping_tails|PROF-005_cold_market|MKTCOND-005_seasonal|TIMING-001_premarket_watch|TIMING-003_midday_dead
"1st Red Day In September -$1,200 Ross' Trade Recap.txt",2408,True,True,0.9869,0.0131,10,SCRN-004_price_range|ENTR-006_bull_flag|ENTR-009_topping_tails|STOP-003_fifty_pct_daily_stop|STOP-006_halt_offering|STOP-007_position_stop|PROF-005_cold_market|MKTCOND-001_cold_hot_framework|MKTCOND-002_leading_gapper|TIMING-003_midday_dead
"A Hard Day of Trading +$4,116! Ross' Trade Recap.txt",4404,True,True,0.9869,0.0131,16,SCRN-001_news_catalyst|SCRN-002_relative_volume|SCRN-003_float|SCRN-004_price_range|SCRN-005_daily_chart_room|SCRN-006_reverse_splits|ENTR-002_fcnh|ENTR-003_dollar_levels|ENTR-004_micro_pullback|PROF-001_dont_cap_green|PROF-002_scale_out|PROF-004_size_up_hot|MKTCOND-002_leading_gapper|TIMING-001_premarket_watch|TIMING-002_opening_range|TIMING-003_midday_dead
A Valentine's Day Gift from Me! 40% off Coupon Code VALENTINE40.txt,8865,True,True,0.9869,0.0131,17,SCRN-001_news_catalyst|SCRN-002_relative_volume|SCRN-003_float|ENTR-003_dollar_levels|ENTR-004_micro_pullback|ENTR-006_bull_flag|STOP-004_thirty_pct_soft_stop|PROF-002_scale_out|PROF-003_daily_goals|PROF-004_size_up_hot|PROF-005_cold_market|MKTCOND-001_cold_hot_framework|MKTCOND-004_overall_market|TIMING-001_premarket_watch|TIMING-002_opening_range|TIMING-003_midday_dead|TIMING-006_power_hour
"Back from California +$7,516.04 in 1hr on Monday Morning!.txt",3767,True,True,0.9869,0.0131,11,SCRN-001_news_catalyst|SCRN-002_relative_volume|SCRN-004_price_range|SCRN-006_reverse_splits|ENTR-003_dollar_levels|STOP-003_fifty_pct_daily_stop|PROF-002_scale_out|MKTCOND-002_leading_gapper|TIMING-001_premarket_watch|TIMING-002_opening_range|TIMING-003_midday_dead
Back to Back Losers -$27k Day Trading Recap by Ross Cameron.txt,5190,True,True,0.9869,0.0131,16,SCRN-001_news_catalyst|SCRN-003_float|SCRN-004_price_range|SCRN-005_daily_chart_room|SCRN-010_front_back_side|ENTR-009_topping_tails|STOP-001_macd_hands_off|STOP-003_fifty_pct_daily_stop|STOP-007_position_stop|PROF-001_dont_cap_green|PROF-003_daily_goals|PROF-004_size_up_hot|PROF-005_cold_market|MKTCOND-001_cold_hot_framework|MKTCOND-002_leading_gapper|MKTCOND-004_overall_market
Day 3 +77% Accuracy - Small Account Challenge Ep 9.txt,4586,True,True,0.9869,0.0131,10,SCRN-001_news_catalyst|SCRN-004_price_range|SCRN-005_daily_chart_room|SCRN-006_reverse_splits|ENTR-001_macd_gate|ENTR-003_dollar_levels|MKTCOND-002_leading_gapper|MKTCOND-003_cheap_gappers|MKTCOND-004_overall_market|MKTCOND-005_seasonal
I'm a Broken Man and Here's How I'm Fixing It.txt,5993,True,True,0.9869,0.0131,20,SCRN-001_news_catalyst|SCRN-003_float|SCRN-004_price_range|SCRN-010_front_back_side|ENTR-003_dollar_levels|ENTR-004_micro_pullback|ENTR-005_vwap|ENTR-009_topping_tails|STOP-001_macd_hands_off|STOP-003_fifty_pct_daily_stop|STOP-007_position_stop|PROF-003_daily_goals|PROF-004_size_up_hot|PROF-005_cold_market|PROF-006_start_small|MKTCOND-004_overall_market|MKTCOND-005_seasonal|TIMING-002_opening_range|TIMING-003_midday_dead|TIMING-006_power_hour
[LIVE] DAY TRADING Morning Show with Ross Cameron!.txt,4371,True,True,0.9869,0.0131,15,SCRN-001_news_catalyst|SCRN-002_relative_volume|SCRN-003_float|SCRN-004_price_range|SCRN-005_daily_chart_room|ENTR-001_macd_gate|ENTR-004_micro_pullback|ENTR-009_topping_tails|STOP-003_fifty_pct_daily_stop|PROF-003_daily_goals|MKTCOND-001_cold_hot_framework|MKTCOND-002_leading_gapper|MKTCOND-004_overall_market|TIMING-002_opening_range|TIMING-003_midday_dead
-$40k Red Day Day Trading Recap by Ross Cameron.txt,2890,True,True,0.9868,0.0132,11,SCRN-001_news_catalyst|SCRN-003_float|ENTR-004_micro_pullback|ENTR-009_topping_tails|STOP-003_fifty_pct_daily_stop|STOP-004_thirty_pct_soft_stop|PROF-003_daily_goals|PROF-005_cold_market|MKTCOND-002_leading_gapper|TIMING-001_premarket_watch|TIMING-004_no_trade_days
Bloody Valentine's Day -$2.9k.txt,3078,True,True,0.9868,0.0132,9,SCRN-009_short_interest|ENTR-002_fcnh|ENTR-003_dollar_levels|STOP-003_fifty_pct_daily_stop|PROF-003_daily_goals|PROF-005_cold_market|MKTCOND-001_cold_hot_framework|MKTCOND-004_overall_market|TIMING-003_midday_dead
Day 20 My First Big Red Day on $RGSE.txt,6174,True,True,0.9868,0.0132,13,SCRN-001_news_catalyst|SCRN-003_float|SCRN-006_reverse_splits|SCRN-007_foreign_stocks|SCRN-009_short_interest|ENTR-002_fcnh|ENTR-003_dollar_levels|STOP-003_fifty_pct_daily_stop|STOP-007_position_stop|PROF-005_cold_market|TIMING-001_premarket_watch|TIMING-002_opening_range|TIMING-003_midday_dead
Day Trading in 2018 - Year in Review +$500k.txt,7207,True,True,0.9868,0.0132,11,SCRN-001_news_catalyst|SCRN-002_relative_volume|SCRN-003_float|SCRN-004_price_range|STOP-004_thirty_pct_soft_stop|STOP-006_halt_offering|MKTCOND-004_overall_market|MKTCOND-005_seasonal|TIMING-001_premarket_watch|TIMING-002_opening_range|TIMING-003_midday_dead
Does this count as breaking a rule.txt,3442,True,True,0.9868,0.0132,9,SCRN-003_float|ENTR-003_dollar_levels|STOP-003_fifty_pct_daily_stop|STOP-007_position_stop|PROF-003_daily_goals|PROF-006_start_small|MKTCOND-001_cold_hot_framework|TIMING-002_opening_range|TIMING-003_midday_dead
The Pops & Drops Were INTENSE Today!.txt,3574,True,True,0.9868,0.0132,12,SCRN-001_news_catalyst|SCRN-003_float|SCRN-007_foreign_stocks|SCRN-010_front_back_side|ENTR-005_vwap|ENTR-009_topping_tails|STOP-003_fifty_pct_daily_stop|PROF-003_daily_goals|PROF-004_size_up_hot|PROF-006_start_small|TIMING-001_premarket_watch|TIMING-002_opening_range
Webull IPO +377% TODAY.txt,3167,True,True,0.9868,0.0132,10,SCRN-001_news_catalyst|SCRN-003_float|SCRN-004_price_range|SCRN-005_daily_chart_room|ENTR-003_dollar_levels|STOP-006_halt_offering|PROF-003_daily_goals|MKTCOND-001_cold_hot_framework|TIMING-001_premarket_watch|TIMING-002_opening_range
"+$5,325 & Cruisin' past $400k in profits in my account I started with $583.15.txt",4868,True,True,0.9867,0.0133,11,ENTR-002_fcnh|ENTR-003_dollar_levels|ENTR-004_micro_pullback|STOP-003_fifty_pct_daily_stop|STOP-007_position_stop|PROF-001_dont_cap_green|PROF-003_daily_goals|MKTCOND-002_leading_gapper|TIMING-001_premarket_watch|TIMING-002_opening_range|TIMING-003_midday_dead
Canadian Stock Goes Up +500% in 2 days on News.txt,2468,True,True,0.9867,0.0133,9,SCRN-004_price_range|STOP-001_macd_hands_off|STOP-003_fifty_pct_daily_stop|STOP-004_thirty_pct_soft_stop|PROF-003_daily_goals|PROF-005_cold_market|MKTCOND-001_cold_hot_framework|TIMING-001_premarket_watch|TIMING-002_opening_range
Day Trading $BBAI $MOBQ $ADN $IOBT Recap By Ross Cameron.txt,2418,True,True,0.9867,0.0133,9,SCRN-001_news_catalyst|SCRN-003_float|SCRN-004_price_range|ENTR-002_fcnh|ENTR-004_micro_pullback|STOP-003_fifty_pct_daily_stop|PROF-002_scale_out|MKTCOND-002_leading_gapper|MKTCOND-004_overall_market
"First Green Day in Italy! +$6,825! Ross' Trade Recap.txt",2345,True,True,0.9867,0.0133,8,SCRN-003_float|SCRN-004_price_range|ENTR-003_dollar_levels|ENTR-004_micro_pullback|MKTCOND-001_cold_hot_framework|MKTCOND-002_leading_gapper|TIMING-002_opening_range|TIMING-003_midday_dead
"No Red October! 22nd Green Day +$1,421.42.txt",3490,True,True,0.9867,0.0133,7,ENTR-003_dollar_levels|STOP-003_fifty_pct_daily_stop|PROF-002_scale_out|MKTCOND-005_seasonal|TIMING-001_premarket_watch|TIMING-002_opening_range|TIMING-003_midday_dead
[LIVE] $SHPH +180% Live Day Trading Morning Show with Ross Cameron.txt,3574,True,True,0.9867,0.0133,10,SCRN-001_news_catalyst|ENTR-003_dollar_levels|ENTR-004_micro_pullback|ENTR-009_topping_tails|PROF-001_dont_cap_green|PROF-003_daily_goals|MKTCOND-002_leading_gapper|MKTCOND-004_overall_market|TIMING-002_opening_range|TIMING-003_midday_dead
[LIVE] Chinese IPO goes +500% from $4.00 IPO Price to $235.95 #stocks #daytrading.txt,3411,True,True,0.9867,0.0133,11,SCRN-001_news_catalyst|SCRN-003_float|SCRN-004_price_range|SCRN-005_daily_chart_room|ENTR-004_micro_pullback|STOP-006_halt_offering|PROF-005_cold_market|MKTCOND-004_overall_market|TIMING-001_premarket_watch|TIMING-003_midday_dead|TIMING-005_session_length
"+$11,376.47 in 43 minutes!! Redemption!!.txt",4118,True,True,0.9866,0.0134,15,SCRN-003_float|SCRN-004_price_range|ENTR-002_fcnh|ENTR-003_dollar_levels|ENTR-004_micro_pullback|STOP-003_fifty_pct_daily_stop|STOP-004_thirty_pct_soft_stop|STOP-007_position_stop|PROF-001_dont_cap_green|PROF-003_daily_goals|MKTCOND-002_leading_gapper|MKTCOND-004_overall_market|MKTCOND-005_seasonal|TIMING-002_opening_range|TIMING-003_midday_dead
Day 14 of the Small Account Challenge $GLBS $SGY $ZX and $ETRM.txt,6669,True,True,0.9866,0.0134,15,SCRN-001_news_catalyst|SCRN-003_float|SCRN-004_price_range|SCRN-005_daily_chart_room|SCRN-008_sector_theme|ENTR-002_fcnh|ENTR-003_dollar_levels|STOP-003_fifty_pct_daily_stop|STOP-007_position_stop|PROF-002_scale_out|PROF-004_size_up_hot|MKTCOND-004_overall_market|TIMING-001_premarket_watch|TIMING-002_opening_range|TIMING-003_midday_dead
"Day 8 of the Small Account Challenge +92% +$1,761.75 $APOP $BSPM $LEDS $THST.txt",7367,True,True,0.9866,0.0134,16,SCRN-001_news_catalyst|SCRN-003_float|SCRN-005_daily_chart_room|SCRN-008_sector_theme|ENTR-002_fcnh|STOP-003_fifty_pct_daily_stop|PROF-002_scale_out|PROF-004_size_up_hot|PROF-005_cold_market|MKTCOND-002_leading_gapper|MKTCOND-005_seasonal|TIMING-001_premarket_watch|TIMING-002_opening_range|TIMING-003_midday_dead|TIMING-004_no_trade_days|TIMING-006_power_hour
Finishing The Week +$80k Day Trading! Recap by Ross Cameron.txt,2860,True,True,0.9866,0.0134,11,SCRN-001_news_catalyst|SCRN-006_reverse_splits|ENTR-002_fcnh|ENTR-003_dollar_levels|STOP-006_halt_offering|STOP-007_position_stop|PROF-003_daily_goals|MKTCOND-002_leading_gapper|MKTCOND-004_overall_market|MKTCOND-005_seasonal|TIMING-002_opening_range
$IMMX +50% Day Trading Recap by Ross Cameron.txt,3119,True,True,0.9865,0.0135,10,ENTR-004_micro_pullback|STOP-004_thirty_pct_soft_stop|PROF-002_scale_out|PROF-003_daily_goals|PROF-004_size_up_hot|PROF-005_cold_market|MKTCOND-002_leading_gapper|TIMING-001_premarket_watch|TIMING-002_opening_range|TIMING-004_no_trade_days
$JAN +166% Ross's Trade Recap.txt,2662,True,True,0.9865,0.0135,8,SCRN-003_float|ENTR-002_fcnh|ENTR-003_dollar_levels|STOP-003_fifty_pct_daily_stop|PROF-003_daily_goals|MKTCOND-005_seasonal|TIMING-001_premarket_watch|TIMING-003_midday_dead
$PIK +300% in 2 Days Day Trading Recap by Ross Cameron.txt,5104,True,True,0.9865,0.0135,16,SCRN-004_price_range|SCRN-005_daily_chart_room|ENTR-003_dollar_levels|ENTR-004_micro_pullback|STOP-003_fifty_pct_daily_stop|STOP-004_thirty_pct_soft_stop|PROF-001_dont_cap_green|PROF-002_scale_out|PROF-003_daily_goals|PROF-004_size_up_hot|PROF-005_cold_market|MKTCOND-001_cold_hot_framework|MKTCOND-002_leading_gapper|MKTCOND-004_overall_market|TIMING-001_premarket_watch|TIMING-003_midday_dead
"+$3,650 in Ten Minutes of Trading Ross's Trade Recap.txt",2434,True,True,0.9865,0.0135,7,SCRN-001_news_catalyst|SCRN-005_daily_chart_room|ENTR-003_dollar_levels|ENTR-004_micro_pullback|STOP-003_fifty_pct_daily_stop|PROF-003_daily_goals|MKTCOND-002_leading_gapper
20 Stocks and 392 Trades Ross's Trade Recap.txt,7101,True,True,0.9865,0.0135,15,SCRN-001_news_catalyst|SCRN-010_front_back_side|ENTR-003_dollar_levels|ENTR-004_micro_pullback|STOP-003_fifty_pct_daily_stop|STOP-006_halt_offering|STOP-007_position_stop|PROF-001_dont_cap_green|PROF-003_daily_goals|MKTCOND-002_leading_gapper|MKTCOND-004_overall_market|TIMING-001_premarket_watch|TIMING-002_opening_range|TIMING-003_midday_dead|TIMING-006_power_hour
A $10k Green day! Ross's Trade Recap.txt,3066,True,True,0.9865,0.0135,7,SCRN-004_price_range|SCRN-005_daily_chart_room|ENTR-002_fcnh|ENTR-003_dollar_levels|MKTCOND-002_leading_gapper|TIMING-002_opening_range|TIMING-003_midday_dead
Recent IPO via Special Aquisition Squeezes +200% in 1 Day!.txt,3043,True,True,0.9865,0.0135,13,SCRN-001_news_catalyst|SCRN-003_float|SCRN-004_price_range|SCRN-005_daily_chart_room|SCRN-008_sector_theme|SCRN-010_front_back_side|ENTR-005_vwap|ENTR-009_topping_tails|PROF-003_daily_goals|PROF-006_start_small|MKTCOND-004_overall_market|TIMING-001_premarket_watch|TIMING-002_opening_range
$3.6K on The 36th Trading Day! Ross' Trade Recap.txt,3019,True,True,0.9864,0.0136,9,SCRN-003_float|SCRN-005_daily_chart_room|ENTR-005_vwap|ENTR-009_topping_tails|PROF-004_size_up_hot|MKTCOND-002_leading_gapper|TIMING-001_premarket_watch|TIMING-002_opening_range|TIMING-003_midday_dead
"Day 57 of the $583.15 Trading Challenge +$4,966.64.txt",2816,True,True,0.9864,0.0136,7,SCRN-001_news_catalyst|ENTR-002_fcnh|ENTR-003_dollar_levels|MKTCOND-002_leading_gapper|TIMING-001_premarket_watch|TIMING-002_opening_range|TIMING-003_midday_dead
Making Money on Vacation! +$738 Ross' Trade Recap.txt,1169,False,False,0.9864,0.0136,5,SCRN-003_float|PROF-003_daily_goals|PROF-005_cold_market|MKTCOND-002_leading_gapper|TIMING-003_midday_dead
Red Day Recap (5th red day in a row).txt,1604,True,True,0.9864,0.0136,6,SCRN-004_price_range|ENTR-003_dollar_levels|ENTR-004_micro_pullback|MKTCOND-003_cheap_gappers|MKTCOND-005_seasonal|TIMING-003_midday_dead
Stock goes up 644% in 1 Day!.txt,4200,True,True,0.9864,0.0136,17,SCRN-001_news_catalyst|SCRN-003_float|SCRN-006_reverse_splits|SCRN-009_short_interest|ENTR-002_fcnh|ENTR-003_dollar_levels|ENTR-004_micro_pullback|ENTR-007_order_spoofing|ENTR-009_topping_tails|STOP-003_fifty_pct_daily_stop|PROF-004_size_up_hot|PROF-005_cold_market|MKTCOND-004_overall_market|TIMING-001_premarket_watch|TIMING-002_opening_range|TIMING-004_no_trade_days|TIMING-006_power_hour
17th Green Day +$3k on MDGS +100% Ross's Trade Recap.txt,3602,True,True,0.9863,0.0137,11,SCRN-001_news_catalyst|ENTR-002_fcnh|ENTR-003_dollar_levels|ENTR-004_micro_pullback|ENTR-009_topping_tails|STOP-003_fifty_pct_daily_stop|PROF-005_cold_market|MKTCOND-002_leading_gapper|TIMING-001_premarket_watch|TIMING-002_opening_range|TIMING-003_midday_dead
I'm looking for this setup tomorrow!.txt,3069,True,True,0.9863,0.0137,12,SCRN-001_news_catalyst|SCRN-003_float|SCRN-004_price_range|SCRN-010_front_back_side|ENTR-001_macd_gate|ENTR-004_micro_pullback|ENTR-005_vwap|ENTR-007_order_spoofing|STOP-006_halt_offering|PROF-002_scale_out|MKTCOND-001_cold_hot_framework|TIMING-001_premarket_watch
Not a Way To Start The Week -$19k Ross's Trade Recap.txt,5256,True,True,0.9863,0.0137,15,SCRN-001_news_catalyst|SCRN-003_float|SCRN-004_price_range|SCRN-006_reverse_splits|SCRN-009_short_interest|ENTR-002_fcnh|ENTR-003_dollar_levels|ENTR-004_micro_pullback|STOP-003_fifty_pct_daily_stop|PROF-002_scale_out|PROF-003_daily_goals|PROF-004_size_up_hot|PROF-005_cold_market|MKTCOND-002_leading_gapper|TIMING-003_midday_dead
"+$1,700 by 10AM! Ross' Trade Recap.txt",3810,True,True,0.9862,0.0138,13,SCRN-001_news_catalyst|SCRN-004_price_range|SCRN-005_daily_chart_room|ENTR-003_dollar_levels|ENTR-007_order_spoofing|PROF-002_scale_out|MKTCOND-001_cold_hot_framework|MKTCOND-002_leading_gapper|MKTCOND-004_overall_market|MKTCOND-005_seasonal|TIMING-001_premarket_watch|TIMING-002_opening_range|TIMING-003_midday_dead
+$30k on (NASDAQ ALF) Recap by Ross Cameron.txt,2506,True,True,0.9862,0.0138,11,SCRN-001_news_catalyst|SCRN-002_relative_volume|SCRN-003_float|STOP-004_thirty_pct_soft_stop|PROF-004_size_up_hot|PROF-005_cold_market|MKTCOND-002_leading_gapper|MKTCOND-004_overall_market|TIMING-001_premarket_watch|TIMING-002_opening_range|TIMING-004_no_trade_days
Don't Trade Monday Before Watching This!.txt,3577,True,True,0.9862,0.0138,13,SCRN-001_news_catalyst|SCRN-004_price_range|SCRN-005_daily_chart_room|ENTR-001_macd_gate|ENTR-002_fcnh|ENTR-006_bull_flag|ENTR-009_topping_tails|STOP-002_ema_cross|PROF-001_dont_cap_green|MKTCOND-001_cold_hot_framework|MKTCOND-004_overall_market|TIMING-001_premarket_watch|TIMING-002_opening_range
Got Stopped Out.txt,2140,True,True,0.9862,0.0138,8,SCRN-004_price_range|SCRN-010_front_back_side|STOP-003_fifty_pct_daily_stop|STOP-005_fifty_pct_retrace|PROF-003_daily_goals|MKTCOND-004_overall_market|TIMING-001_premarket_watch|TIMING-002_opening_range
Nice Green Day To End The Week +$4K! Ross' Trade Recap.txt,3687,True,True,0.9862,0.0138,11,SCRN-001_news_catalyst|SCRN-003_float|SCRN-005_daily_chart_room|SCRN-009_short_interest|ENTR-003_dollar_levels|STOP-003_fifty_pct_daily_stop|PROF-003_daily_goals|PROF-004_size_up_hot|MKTCOND-001_cold_hot_framework|MKTCOND-004_overall_market|TIMING-003_midday_dead
No Trades Today Ross' Trade Recap.txt,3835,True,True,0.9862,0.0138,15,SCRN-003_float|SCRN-004_price_range|SCRN-005_daily_chart_room|SCRN-009_short_interest|SCRN-010_front_back_side|ENTR-002_fcnh|ENTR-004_micro_pullback|ENTR-006_bull_flag|STOP-005_fifty_pct_retrace|PROF-001_dont_cap_green|PROF-005_cold_market|MKTCOND-002_leading_gapper|MKTCOND-004_overall_market|TIMING-002_opening_range|TIMING-003_midday_dead
This is frustrating!.txt,1721,True,True,0.9862,0.0138,6,SCRN-001_news_catalyst|SCRN-005_daily_chart_room|ENTR-003_dollar_levels|STOP-003_fifty_pct_daily_stop|MKTCOND-003_cheap_gappers|TIMING-002_opening_range
Worst Day.txt,4712,True,True,0.9862,0.0138,17,SCRN-001_news_catalyst|SCRN-003_float|SCRN-010_front_back_side|ENTR-001_macd_gate|ENTR-004_micro_pullback|STOP-001_macd_hands_off|STOP-003_fifty_pct_daily_stop|STOP-005_fifty_pct_retrace|STOP-007_position_stop|PROF-004_size_up_hot|PROF-005_cold_market|MKTCOND-001_cold_hot_framework|MKTCOND-002_leading_gapper|TIMING-001_premarket_watch|TIMING-002_opening_range|TIMING-003_midday_dead|TIMING-006_power_hour
"+$5,233.07 with 89% accuracy! Breaking +$17k on the month today! [6gIAmLJC-WQ].txt",2548,True,True,0.9861,0.0139,12,SCRN-004_price_range|ENTR-002_fcnh|ENTR-003_dollar_levels|STOP-003_fifty_pct_daily_stop|STOP-007_position_stop|PROF-001_dont_cap_green|PROF-002_scale_out|MKTCOND-002_leading_gapper|MKTCOND-005_seasonal|TIMING-001_premarket_watch|TIMING-002_opening_range|TIMING-003_midday_dead
"+$5,233.07 with 89% accuracy! Breaking +$17k on the month today!.txt",2548,True,True,0.9861,0.0139,12,SCRN-004_price_range|ENTR-002_fcnh|ENTR-003_dollar_levels|STOP-003_fifty_pct_daily_stop|STOP-007_position_stop|PROF-001_dont_cap_green|PROF-002_scale_out|MKTCOND-002_leading_gapper|MKTCOND-005_seasonal|TIMING-001_premarket_watch|TIMING-002_opening_range|TIMING-003_midday_dead
"A Great Way To Finish The Week! +$5,372 Ross' Trade Recap.txt",2947,True,True,0.9861,0.0139,7,SCRN-002_relative_volume|SCRN-003_float|SCRN-004_price_range|SCRN-005_daily_chart_room|ENTR-003_dollar_levels|PROF-003_daily_goals|MKTCOND-002_leading_gapper
A Surprise Short Squeeze.txt,4619,True,True,0.9861,0.0139,15,SCRN-001_news_catalyst|SCRN-002_relative_volume|SCRN-003_float|SCRN-007_foreign_stocks|SCRN-009_short_interest|ENTR-003_dollar_levels|ENTR-004_micro_pullback|STOP-003_fifty_pct_daily_stop|PROF-001_dont_cap_green|PROF-003_daily_goals|PROF-005_cold_market|MKTCOND-001_cold_hot_framework|TIMING-002_opening_range|TIMING-004_no_trade_days|TIMING-006_power_hour
"Back in Action +$1,866 on $RKDA! Ross' Trade Recap.txt",2304,True,True,0.9861,0.0139,9,SCRN-003_float|SCRN-004_price_range|ENTR-002_fcnh|ENTR-003_dollar_levels|STOP-001_macd_hands_off|STOP-003_fifty_pct_daily_stop|PROF-002_scale_out|PROF-003_daily_goals|TIMING-003_midday_dead
LIVE Day Trading Morning Show with Ross Cameron [zkwgKTMYbQk].txt,1717,True,True,0.9861,0.0139,7,SCRN-001_news_catalyst|SCRN-006_reverse_splits|PROF-003_daily_goals|MKTCOND-002_leading_gapper|TIMING-001_premarket_watch|TIMING-002_opening_range|TIMING-003_midday_dead
May The 4th is With Me.txt,2110,True,True,0.9861,0.0139,8,SCRN-001_news_catalyst|SCRN-005_daily_chart_room|SCRN-009_short_interest|ENTR-006_bull_flag|PROF-005_cold_market|MKTCOND-001_cold_hot_framework|TIMING-002_opening_range|TIMING-003_midday_dead
Red Day Part II The Revenge of The False Breakout.txt,2891,True,True,0.9861,0.0139,14,SCRN-001_news_catalyst|SCRN-004_price_range|SCRN-009_short_interest|ENTR-002_fcnh|ENTR-003_dollar_levels|STOP-004_thirty_pct_soft_stop|STOP-007_position_stop|PROF-001_dont_cap_green|PROF-002_scale_out|PROF-004_size_up_hot|MKTCOND-004_overall_market|TIMING-001_premarket_watch|TIMING-002_opening_range|TIMING-003_midday_dead
Red Day Recap [sZrAGqKRP5I].txt,902,False,False,0.9861,0.0139,5,SCRN-001_news_catalyst|STOP-003_fifty_pct_daily_stop|PROF-001_dont_cap_green|PROF-005_cold_market|TIMING-002_opening_range
[LIVE] DAY TRADING Morning Show 9 00 - 9 30am ET with Ross Cameron [bKvTFaT3tFs].txt,2770,True,True,0.9861,0.0139,10,SCRN-001_news_catalyst|SCRN-003_float|PROF-001_dont_cap_green|PROF-005_cold_market|PROF-006_start_small|MKTCOND-002_leading_gapper|MKTCOND-004_overall_market|MKTCOND-005_seasonal|TIMING-002_opening_range|TIMING-004_no_trade_days
"Aggressive, but Cautious Trading +$8,795! Ross' Trade Recap.txt",5533,True,True,0.986,0.014,12,SCRN-001_news_catalyst|SCRN-003_float|SCRN-004_price_range|SCRN-006_reverse_splits|SCRN-009_short_interest|ENTR-002_fcnh|ENTR-003_dollar_levels|ENTR-004_micro_pullback|STOP-005_fifty_pct_retrace|PROF-002_scale_out|TIMING-002_opening_range|TIMING-003_midday_dead
Cash for Valentine's Day Gifts! Ross' Trade Recap.txt,3909,True,True,0.986,0.014,16,SCRN-001_news_catalyst|SCRN-004_price_range|SCRN-005_daily_chart_room|SCRN-007_foreign_stocks|SCRN-009_short_interest|ENTR-002_fcnh|ENTR-004_micro_pullback|ENTR-006_bull_flag|STOP-003_fifty_pct_daily_stop|STOP-004_thirty_pct_soft_stop|STOP-007_position_stop|PROF-002_scale_out|PROF-003_daily_goals|MKTCOND-002_leading_gapper|TIMING-001_premarket_watch|TIMING-003_midday_dead
Finally Break Even! Ross' Trade Recap.txt,2603,True,True,0.986,0.014,9,SCRN-001_news_catalyst|SCRN-004_price_range|SCRN-006_reverse_splits|ENTR-003_dollar_levels|ENTR-004_micro_pullback|ENTR-009_topping_tails|STOP-003_fifty_pct_daily_stop|MKTCOND-001_cold_hot_framework|TIMING-002_opening_range
Giving Back More Profits -$35k Recap by Ross Cameron.txt,4024,True,True,0.986,0.014,13,SCRN-009_short_interest|ENTR-002_fcnh|ENTR-003_dollar_levels|ENTR-008_double_bottom|STOP-005_fifty_pct_retrace|PROF-001_dont_cap_green|PROF-003_daily_goals|PROF-004_size_up_hot|PROF-005_cold_market|MKTCOND-001_cold_hot_framework|MKTCOND-005_seasonal|TIMING-002_opening_range|TIMING-003_midday_dead
I'm RED on the Biggest Percentage Gainer in the Market Today.txt,4925,True,True,0.986,0.014,18,SCRN-001_news_catalyst|SCRN-003_float|SCRN-004_price_range|SCRN-006_reverse_splits|SCRN-008_sector_theme|ENTR-003_dollar_levels|ENTR-004_micro_pullback|STOP-004_thirty_pct_soft_stop|STOP-006_halt_offering|PROF-001_dont_cap_green|PROF-003_daily_goals|PROF-004_size_up_hot|PROF-005_cold_market|MKTCOND-002_leading_gapper|MKTCOND-003_cheap_gappers|TIMING-001_premarket_watch|TIMING-005_session_length|TIMING-006_power_hour
Learn from my mistakes! Swinging for the fences DOESN'T always work.txt,4474,True,True,0.986,0.014,16,SCRN-001_news_catalyst|SCRN-003_float|SCRN-004_price_range|SCRN-005_daily_chart_room|ENTR-002_fcnh|ENTR-003_dollar_levels|ENTR-004_micro_pullback|ENTR-009_topping_tails|STOP-001_macd_hands_off|PROF-005_cold_market|MKTCOND-001_cold_hot_framework|MKTCOND-003_cheap_gappers|MKTCOND-004_overall_market|TIMING-001_premarket_watch|TIMING-003_midday_dead|TIMING-006_power_hour
Red Day Recap Day Trading Recap by Ross Cameron [gEIcqh8oz18].txt,2640,True,True,0.986,0.014,9,SCRN-002_relative_volume|ENTR-003_dollar_levels|ENTR-004_micro_pullback|STOP-003_fifty_pct_daily_stop|PROF-005_cold_market|MKTCOND-004_overall_market|TIMING-001_premarket_watch|TIMING-002_opening_range|TIMING-004_no_trade_days
[LIVE] Live Day Trading Morning Show with Ross Cameron #stocks #daytrading [jrAWgD3tdCQ].txt,2211,True,True,0.986,0.014,7,SCRN-001_news_catalyst|PROF-001_dont_cap_green|PROF-003_daily_goals|PROF-005_cold_market|MKTCOND-001_cold_hot_framework|MKTCOND-004_overall_market|TIMING-002_opening_range
$PGY +100% DRCT +100% Day Trading Recap by Ross Cameron.txt,3576,True,True,0.9859,0.0141,8,SCRN-004_price_range|SCRN-005_daily_chart_room|ENTR-003_dollar_levels|STOP-007_position_stop|MKTCOND-002_leading_gapper|MKTCOND-004_overall_market|TIMING-001_premarket_watch|TIMING-002_opening_range
+$28k on (NASDAQ ALF & IKNX) Recap by Ross Cameron.txt,2585,True,True,0.9859,0.0141,10,SCRN-001_news_catalyst|SCRN-004_price_range|ENTR-006_bull_flag|ENTR-009_topping_tails|STOP-006_halt_offering|STOP-007_position_stop|PROF-001_dont_cap_green|PROF-003_daily_goals|MKTCOND-005_seasonal|TIMING-001_premarket_watch
+$7.5K While on Vacation! Ross' Trade Recap.txt,1916,True,True,0.9859,0.0141,5,SCRN-001_news_catalyst|SCRN-004_price_range|ENTR-003_dollar_levels|ENTR-004_micro_pullback|TIMING-001_premarket_watch
Another Tough Day Ross' Trade Recap.txt,4614,True,True,0.9859,0.0141,17,SCRN-001_news_catalyst|SCRN-002_relative_volume|SCRN-003_float|SCRN-005_daily_chart_room|SCRN-006_reverse_splits|SCRN-009_short_interest|ENTR-002_fcnh|STOP-003_fifty_pct_daily_stop|STOP-004_thirty_pct_soft_stop|PROF-001_dont_cap_green|PROF-002_scale_out|PROF-005_cold_market|MKTCOND-001_cold_hot_framework|MKTCOND-004_overall_market|MKTCOND-005_seasonal|TIMING-002_opening_range|TIMING-003_midday_dead
Best Trading Day Yet +$132k! Ross's Trade Recap.txt,5797,True,True,0.9859,0.0141,16,SCRN-003_float|SCRN-004_price_range|SCRN-007_foreign_stocks|ENTR-003_dollar_levels|ENTR-004_micro_pullback|ENTR-005_vwap|STOP-007_position_stop|PROF-004_size_up_hot|PROF-005_cold_market|MKTCOND-001_cold_hot_framework|MKTCOND-004_overall_market|MKTCOND-005_seasonal|TIMING-001_premarket_watch|TIMING-002_opening_range|TIMING-003_midday_dead|TIMING-006_power_hour
Day 79 of the $583.15 Challenge & Another Set Back!.txt,6162,True,True,0.9859,0.0141,12,SCRN-005_daily_chart_room|SCRN-008_sector_theme|SCRN-009_short_interest|ENTR-003_dollar_levels|ENTR-004_micro_pullback|STOP-003_fifty_pct_daily_stop|PROF-005_cold_market|MKTCOND-002_leading_gapper|MKTCOND-005_seasonal|TIMING-001_premarket_watch|TIMING-002_opening_range|TIMING-003_midday_dead
Game Plan for Day Trading this week! [JjGORW4SZwE].txt,8881,True,True,0.9859,0.0141,19,SCRN-001_news_catalyst|SCRN-003_float|SCRN-004_price_range|SCRN-005_daily_chart_room|SCRN-006_reverse_splits|ENTR-002_fcnh|ENTR-004_micro_pullback|STOP-004_thirty_pct_soft_stop|PROF-002_scale_out|PROF-003_daily_goals|PROF-004_size_up_hot|PROF-005_cold_market|PROF-006_start_small|MKTCOND-001_cold_hot_framework|MKTCOND-004_overall_market|MKTCOND-005_seasonal|TIMING-003_midday_dead|TIMING-004_no_trade_days|TIMING-006_power_hour
How I'm RED on a stock up 300%....txt,4163,True,True,0.9859,0.0141,11,SCRN-001_news_catalyst|SCRN-003_float|SCRN-006_reverse_splits|ENTR-002_fcnh|ENTR-004_micro_pullback|ENTR-009_topping_tails|STOP-003_fifty_pct_daily_stop|PROF-001_dont_cap_green|PROF-004_size_up_hot|TIMING-001_premarket_watch|TIMING-002_opening_range
I can't believe I missed this....txt,5630,True,True,0.9859,0.0141,21,SCRN-001_news_catalyst|SCRN-002_relative_volume|SCRN-003_float|SCRN-004_price_range|SCRN-007_foreign_stocks|ENTR-001_macd_gate|ENTR-004_micro_pullback|ENTR-005_vwap|ENTR-009_topping_tails|STOP-003_fifty_pct_daily_stop|STOP-007_position_stop|PROF-001_dont_cap_green|PROF-003_daily_goals|PROF-006_start_small|MKTCOND-001_cold_hot_framework|MKTCOND-003_cheap_gappers|MKTCOND-004_overall_market|MKTCOND-005_seasonal|TIMING-001_premarket_watch|TIMING-005_session_length|TIMING-006_power_hour
Rebound Day!.txt,2718,True,True,0.9859,0.0141,9,SCRN-004_price_range|SCRN-005_daily_chart_room|ENTR-002_fcnh|ENTR-003_dollar_levels|ENTR-009_topping_tails|PROF-004_size_up_hot|PROF-005_cold_market|MKTCOND-002_leading_gapper|TIMING-003_midday_dead
Red Day Recap -$35k on (NASDAQ NURO) Recap by Ross Cameron.txt,6256,True,True,0.9859,0.0141,10,SCRN-004_price_range|ENTR-004_micro_pullback|STOP-003_fifty_pct_daily_stop|STOP-006_halt_offering|STOP-007_position_stop|PROF-001_dont_cap_green|PROF-004_size_up_hot|TIMING-002_opening_range|TIMING-003_midday_dead|TIMING-006_power_hour
Small Account Challenge Starting Over Recap by Ross Cameron.txt,3013,True,True,0.9859,0.0141,10,SCRN-003_float|SCRN-004_price_range|PROF-001_dont_cap_green|PROF-004_size_up_hot|PROF-005_cold_market|MKTCOND-002_leading_gapper|MKTCOND-005_seasonal|TIMING-001_premarket_watch|TIMING-002_opening_range|TIMING-004_no_trade_days
Two Red Trades -$5k Recap by Ross Cameron.txt,1284,False,False,0.9859,0.0141,4,STOP-003_fifty_pct_daily_stop|PROF-001_dont_cap_green|PROF-005_cold_market|MKTCOND-001_cold_hot_framework
+$25k on Energy Stocks Ross's Trade Recap.txt,3277,True,True,0.9858,0.0142,11,SCRN-001_news_catalyst|SCRN-004_price_range|SCRN-008_sector_theme|SCRN-010_front_back_side|ENTR-002_fcnh|ENTR-004_micro_pullback|STOP-003_fifty_pct_daily_stop|PROF-004_size_up_hot|PROF-005_cold_market|MKTCOND-004_overall_market|TIMING-003_midday_dead
-$37k in the First Hour of Trading Recap by Ross Cameron.txt,8474,True,True,0.9858,0.0142,19,SCRN-001_news_catalyst|SCRN-002_relative_volume|SCRN-003_float|SCRN-004_price_range|SCRN-005_daily_chart_room|SCRN-007_foreign_stocks|ENTR-002_fcnh|ENTR-003_dollar_levels|STOP-003_fifty_pct_daily_stop|STOP-004_thirty_pct_soft_stop|STOP-007_position_stop|PROF-001_dont_cap_green|PROF-003_daily_goals|PROF-004_size_up_hot|MKTCOND-001_cold_hot_framework|MKTCOND-002_leading_gapper|MKTCOND-005_seasonal|TIMING-001_premarket_watch|TIMING-006_power_hour
Big Green Friday with Multiple 100%+ Squeezes.txt,2728,True,True,0.9858,0.0142,8,SCRN-001_news_catalyst|SCRN-002_relative_volume|ENTR-003_dollar_levels|STOP-006_halt_offering|PROF-001_dont_cap_green|TIMING-001_premarket_watch|TIMING-002_opening_range|TIMING-006_power_hour
EPIC Short Squeeze +695% in 1 Day (70 cents to $5.48).txt,7242,True,True,0.9858,0.0142,19,SCRN-001_news_catalyst|SCRN-002_relative_volume|SCRN-003_float|SCRN-005_daily_chart_room|SCRN-009_short_interest|ENTR-002_fcnh|ENTR-003_dollar_levels|ENTR-009_topping_tails|STOP-003_fifty_pct_daily_stop|STOP-004_thirty_pct_soft_stop|STOP-006_halt_offering|PROF-003_daily_goals|PROF-005_cold_market|MKTCOND-002_leading_gapper|MKTCOND-004_overall_market|TIMING-001_premarket_watch|TIMING-002_opening_range|TIMING-003_midday_dead|TIMING-006_power_hour
"Easy Come, Easy Go -$5k on (NASDAQ RXDX) Recap by Ross Cameron.txt",2227,True,True,0.9858,0.0142,10,SCRN-001_news_catalyst|SCRN-004_price_range|SCRN-005_daily_chart_room|ENTR-003_dollar_levels|ENTR-004_micro_pullback|STOP-003_fifty_pct_daily_stop|STOP-007_position_stop|PROF-001_dont_cap_green|MKTCOND-002_leading_gapper|TIMING-001_premarket_watch
Home Run Trading on LGHL +$95k! Ross's Trade Recap.txt,4637,True,True,0.9858,0.0142,17,SCRN-001_news_catalyst|SCRN-003_float|SCRN-004_price_range|SCRN-005_daily_chart_room|ENTR-002_fcnh|ENTR-004_micro_pullback|ENTR-005_vwap|STOP-003_fifty_pct_daily_stop|STOP-004_thirty_pct_soft_stop|STOP-006_halt_offering|STOP-007_position_stop|PROF-004_size_up_hot|PROF-006_start_small|MKTCOND-002_leading_gapper|TIMING-001_premarket_watch|TIMING-003_midday_dead|TIMING-006_power_hour
It Would Have Been a NO TRADE DAY if I were using ThinkorSwim... [PjCOraTuBNw].txt,4964,True,True,0.9858,0.0142,14,SCRN-001_news_catalyst|SCRN-003_float|SCRN-004_price_range|SCRN-006_reverse_splits|SCRN-007_foreign_stocks|ENTR-002_fcnh|ENTR-004_micro_pullback|ENTR-005_vwap|ENTR-009_topping_tails|STOP-006_halt_offering|STOP-007_position_stop|PROF-001_dont_cap_green|MKTCOND-003_cheap_gappers|TIMING-006_power_hour
It Would Have Been a NO TRADE DAY if I were using ThinkorSwim....txt,4964,True,True,0.9858,0.0142,14,SCRN-001_news_catalyst|SCRN-003_float|SCRN-004_price_range|SCRN-006_reverse_splits|SCRN-007_foreign_stocks|ENTR-002_fcnh|ENTR-004_micro_pullback|ENTR-005_vwap|ENTR-009_topping_tails|STOP-006_halt_offering|STOP-007_position_stop|PROF-001_dont_cap_green|MKTCOND-003_cheap_gappers|TIMING-006_power_hour
"Making A Comeback +$3,786! Ross' Trade Recap.txt",3271,True,True,0.9858,0.0142,11,SCRN-001_news_catalyst|SCRN-003_float|SCRN-004_price_range|SCRN-007_foreign_stocks|SCRN-010_front_back_side|ENTR-003_dollar_levels|ENTR-004_micro_pullback|STOP-003_fifty_pct_daily_stop|PROF-004_size_up_hot|MKTCOND-002_leading_gapper|TIMING-003_midday_dead
"Momentum is Hot! +$12,500 Ross' Trade Recap.txt",3656,True,True,0.9858,0.0142,16,SCRN-001_news_catalyst|SCRN-003_float|SCRN-004_price_range|SCRN-005_daily_chart_room|SCRN-006_reverse_splits|SCRN-009_short_interest|ENTR-002_fcnh|ENTR-003_dollar_levels|ENTR-004_micro_pullback|STOP-005_fifty_pct_retrace|PROF-001_dont_cap_green|MKTCOND-002_leading_gapper|MKTCOND-003_cheap_gappers|TIMING-001_premarket_watch|TIMING-002_opening_range|TIMING-003_midday_dead
"One Step Forward, One Step Back -$5k Ross's Trade Recap.txt",3085,True,True,0.9858,0.0142,15,SCRN-001_news_catalyst|SCRN-003_float|SCRN-006_reverse_splits|SCRN-009_short_interest|SCRN-010_front_back_side|ENTR-002_fcnh|ENTR-003_dollar_levels|ENTR-004_micro_pullback|ENTR-006_bull_flag|ENTR-009_topping_tails|STOP-006_halt_offering|PROF-005_cold_market|MKTCOND-001_cold_hot_framework|TIMING-001_premarket_watch|TIMING-002_opening_range
Over $6K in One Hour! Ross' Trade Recap.txt,4614,True,True,0.9858,0.0142,12,SCRN-003_float|SCRN-004_price_range|SCRN-005_daily_chart_room|ENTR-003_dollar_levels|ENTR-004_micro_pullback|STOP-007_position_stop|PROF-005_cold_market|MKTCOND-002_leading_gapper|MKTCOND-003_cheap_gappers|TIMING-001_premarket_watch|TIMING-002_opening_range|TIMING-003_midday_dead
Red Day Recap Day Trading Recap by Ross Cameron [xp9itnEWHjQ].txt,1934,True,True,0.9858,0.0142,7,SCRN-001_news_catalyst|SCRN-003_float|ENTR-002_fcnh|ENTR-009_topping_tails|STOP-007_position_stop|TIMING-002_opening_range|TIMING-003_midday_dead
Trading the MOST Obvious Stock Today.txt,3410,True,True,0.9858,0.0142,13,SCRN-002_relative_volume|SCRN-004_price_range|ENTR-003_dollar_levels|ENTR-004_micro_pullback|STOP-004_thirty_pct_soft_stop|STOP-007_position_stop|PROF-001_dont_cap_green|PROF-004_size_up_hot|MKTCOND-001_cold_hot_framework|MKTCOND-002_leading_gapper|MKTCOND-003_cheap_gappers|TIMING-001_premarket_watch|TIMING-006_power_hour
+$18K on The Week! Ross' Trade Recap.txt,2576,True,True,0.9857,0.0143,8,ENTR-002_fcnh|ENTR-003_dollar_levels|ENTR-004_micro_pullback|STOP-003_fifty_pct_daily_stop|MKTCOND-002_leading_gapper|TIMING-001_premarket_watch|TIMING-003_midday_dead|TIMING-006_power_hour
"15th Consecutive Green Day +6,270! Ross' Trade Recap.txt",4124,True,True,0.9857,0.0143,13,SCRN-001_news_catalyst|SCRN-003_float|SCRN-004_price_range|ENTR-002_fcnh|ENTR-003_dollar_levels|ENTR-006_bull_flag|MKTCOND-001_cold_hot_framework|MKTCOND-002_leading_gapper|MKTCOND-003_cheap_gappers|MKTCOND-005_seasonal|TIMING-002_opening_range|TIMING-003_midday_dead|TIMING-006_power_hour
Day 80 of the $583 Challenge.txt,6903,True,True,0.9857,0.0143,17,SCRN-003_float|SCRN-004_price_range|SCRN-005_daily_chart_room|SCRN-009_short_interest|ENTR-002_fcnh|ENTR-003_dollar_levels|ENTR-004_micro_pullback|ENTR-006_bull_flag|PROF-001_dont_cap_green|PROF-002_scale_out|PROF-004_size_up_hot|PROF-005_cold_market|MKTCOND-001_cold_hot_framework|MKTCOND-005_seasonal|TIMING-001_premarket_watch|TIMING-002_opening_range|TIMING-003_midday_dead
Finishing The Week Red -$560 Ross' Trade Recap.txt,2888,True,True,0.9857,0.0143,11,SCRN-001_news_catalyst|SCRN-003_float|ENTR-002_fcnh|ENTR-003_dollar_levels|ENTR-004_micro_pullback|STOP-003_fifty_pct_daily_stop|STOP-006_halt_offering|STOP-007_position_stop|PROF-003_daily_goals|TIMING-001_premarket_watch|TIMING-003_midday_dead
The Bull Market Continues!.txt,6824,True,True,0.9857,0.0143,17,SCRN-001_news_catalyst|SCRN-002_relative_volume|SCRN-009_short_interest|ENTR-003_dollar_levels|ENTR-004_micro_pullback|ENTR-009_topping_tails|STOP-007_position_stop|PROF-001_dont_cap_green|PROF-003_daily_goals|PROF-004_size_up_hot|PROF-006_start_small|MKTCOND-001_cold_hot_framework|MKTCOND-002_leading_gapper|MKTCOND-004_overall_market|MKTCOND-005_seasonal|TIMING-001_premarket_watch|TIMING-003_midday_dead
"This Stock went from $3.63 to $130 TODAY +3,641% in 30 MINUTES.txt",5077,True,True,0.9857,0.0143,15,SCRN-001_news_catalyst|SCRN-003_float|SCRN-007_foreign_stocks|SCRN-009_short_interest|SCRN-010_front_back_side|ENTR-003_dollar_levels|ENTR-005_vwap|STOP-001_macd_hands_off|STOP-006_halt_offering|MKTCOND-002_leading_gapper|TIMING-001_premarket_watch|TIMING-002_opening_range|TIMING-003_midday_dead|TIMING-005_session_length|TIMING-006_power_hour
$SIDU $AERC MOMO Day Trading Recap by Ross Cameron.txt,1781,True,True,0.9856,0.0144,5,PROF-001_dont_cap_green|PROF-004_size_up_hot|PROF-005_cold_market|MKTCOND-004_overall_market|TIMING-002_opening_range
14th Green Day +$2k in 1 Hour Ross's Trade Recap.txt,3941,True,True,0.9856,0.0144,10,SCRN-001_news_catalyst|SCRN-003_float|SCRN-004_price_range|SCRN-009_short_interest|ENTR-003_dollar_levels|ENTR-004_micro_pullback|ENTR-006_bull_flag|PROF-002_scale_out|MKTCOND-002_leading_gapper|TIMING-002_opening_range
1st Inner Circle Day and It's Green! Ross' Trade Recap.txt,1725,True,True,0.9856,0.0144,7,ENTR-003_dollar_levels|PROF-002_scale_out|MKTCOND-001_cold_hot_framework|MKTCOND-002_leading_gapper|TIMING-001_premarket_watch|TIMING-002_opening_range|TIMING-003_midday_dead
Day 2 of Martha's Vineyard Trading Challenge Day Trading Recap by Ross Cameron.txt,3870,True,True,0.9856,0.0144,13,SCRN-003_float|SCRN-004_price_range|ENTR-004_micro_pullback|STOP-003_fifty_pct_daily_stop|STOP-004_thirty_pct_soft_stop|PROF-004_size_up_hot|PROF-005_cold_market|MKTCOND-002_leading_gapper|TIMING-001_premarket_watch|TIMING-002_opening_range|TIMING-003_midday_dead|TIMING-004_no_trade_days|TIMING-005_session_length
Did YOU Find The Most Obvious Trade Today.txt,3019,True,True,0.9856,0.0144,12,SCRN-001_news_catalyst|SCRN-010_front_back_side|ENTR-001_macd_gate|ENTR-002_fcnh|ENTR-004_micro_pullback|ENTR-005_vwap|ENTR-009_topping_tails|STOP-004_thirty_pct_soft_stop|STOP-006_halt_offering|PROF-005_cold_market|MKTCOND-001_cold_hot_framework|TIMING-002_opening_range
I'm Buying While Others Are PANIC SELLING +$3.6k Green Day.txt,7355,True,True,0.9856,0.0144,19,SCRN-001_news_catalyst|SCRN-002_relative_volume|SCRN-003_float|SCRN-004_price_range|SCRN-005_daily_chart_room|SCRN-006_reverse_splits|SCRN-009_short_interest|SCRN-010_front_back_side|ENTR-003_dollar_levels|ENTR-004_micro_pullback|STOP-001_macd_hands_off|PROF-001_dont_cap_green|PROF-005_cold_market|MKTCOND-001_cold_hot_framework|MKTCOND-002_leading_gapper|MKTCOND-004_overall_market|TIMING-001_premarket_watch|TIMING-002_opening_range|TIMING-006_power_hour
KA-POW! Another Awesome Day of Trading.txt,3071,True,True,0.9856,0.0144,9,SCRN-004_price_range|ENTR-002_fcnh|ENTR-003_dollar_levels|ENTR-004_micro_pullback|PROF-004_size_up_hot|MKTCOND-001_cold_hot_framework|TIMING-001_premarket_watch|TIMING-003_midday_dead|TIMING-005_session_length
Red Day Recap Ross's Trade Recap.txt,5859,True,True,0.9856,0.0144,14,SCRN-003_float|SCRN-004_price_range|SCRN-007_foreign_stocks|ENTR-002_fcnh|ENTR-003_dollar_levels|ENTR-004_micro_pullback|STOP-003_fifty_pct_daily_stop|STOP-007_position_stop|PROF-003_daily_goals|PROF-004_size_up_hot|TIMING-001_premarket_watch|TIMING-002_opening_range|TIMING-003_midday_dead|TIMING-006_power_hour
Red Day Recap on Feb 1st!.txt,2410,True,True,0.9856,0.0144,7,ENTR-002_fcnh|ENTR-003_dollar_levels|PROF-001_dont_cap_green|PROF-005_cold_market|MKTCOND-001_cold_hot_framework|MKTCOND-002_leading_gapper|TIMING-003_midday_dead
Ross' Trade Recap Proud of My Trades.txt,4173,True,True,0.9856,0.0144,12,SCRN-001_news_catalyst|SCRN-004_price_range|SCRN-007_foreign_stocks|SCRN-008_sector_theme|ENTR-003_dollar_levels|ENTR-004_micro_pullback|STOP-003_fifty_pct_daily_stop|STOP-005_fifty_pct_retrace|PROF-001_dont_cap_green|MKTCOND-002_leading_gapper|TIMING-001_premarket_watch|TIMING-003_midday_dead
TWMC For The Win! +$7.2k Ross's Trade Recap.txt,2508,True,True,0.9856,0.0144,10,SCRN-001_news_catalyst|SCRN-005_daily_chart_room|SCRN-010_front_back_side|STOP-003_fifty_pct_daily_stop|STOP-004_thirty_pct_soft_stop|PROF-001_dont_cap_green|PROF-003_daily_goals|PROF-004_size_up_hot|MKTCOND-002_leading_gapper|TIMING-003_midday_dead
(NASDAQ ORPH) +1000% Short Squeeze & (NASDAQ GLTO) +200% short Squeeze 2nd Recap by Ross Cameron.txt,2786,True,True,0.9855,0.0145,6,SCRN-001_news_catalyst|SCRN-003_float|SCRN-004_price_range|SCRN-009_short_interest|STOP-007_position_stop|TIMING-003_midday_dead
6th Green Day Trading 6 Stocks! Ross's Trade Recap.txt,2904,True,True,0.9855,0.0145,10,SCRN-003_float|ENTR-002_fcnh|ENTR-003_dollar_levels|ENTR-004_micro_pullback|STOP-003_fifty_pct_daily_stop|PROF-001_dont_cap_green|PROF-004_size_up_hot|TIMING-001_premarket_watch|TIMING-002_opening_range|TIMING-003_midday_dead
Back to Back Red Days -$37k Recap by Ross Cameron.txt,6591,True,True,0.9855,0.0145,14,SCRN-001_news_catalyst|SCRN-002_relative_volume|ENTR-002_fcnh|ENTR-003_dollar_levels|ENTR-006_bull_flag|STOP-003_fifty_pct_daily_stop|PROF-001_dont_cap_green|PROF-004_size_up_hot|MKTCOND-001_cold_hot_framework|MKTCOND-002_leading_gapper|MKTCOND-004_overall_market|MKTCOND-005_seasonal|TIMING-001_premarket_watch|TIMING-002_opening_range
Big Winner on Breaking News #daytrading.txt,6128,True,True,0.9855,0.0145,17,SCRN-001_news_catalyst|SCRN-003_float|SCRN-005_daily_chart_room|SCRN-006_reverse_splits|SCRN-008_sector_theme|SCRN-009_short_interest|ENTR-003_dollar_levels|ENTR-005_vwap|ENTR-008_double_bottom|STOP-003_fifty_pct_daily_stop|STOP-004_thirty_pct_soft_stop|PROF-003_daily_goals|MKTCOND-002_leading_gapper|TIMING-001_premarket_watch|TIMING-002_opening_range|TIMING-005_session_length|TIMING-006_power_hour
Day 12 of the Small Account Challenge.txt,4249,True,True,0.9855,0.0145,13,SCRN-001_news_catalyst|SCRN-002_relative_volume|SCRN-003_float|SCRN-005_daily_chart_room|ENTR-002_fcnh|ENTR-003_dollar_levels|STOP-003_fifty_pct_daily_stop|PROF-004_size_up_hot|MKTCOND-002_leading_gapper|TIMING-001_premarket_watch|TIMING-002_opening_range|TIMING-003_midday_dead|TIMING-006_power_hour
Day 26 +$11.6k on IO Ross's Trade Recap.txt,5320,True,True,0.9855,0.0145,11,SCRN-003_float|SCRN-004_price_range|ENTR-003_dollar_levels|ENTR-004_micro_pullback|STOP-007_position_stop|PROF-001_dont_cap_green|PROF-004_size_up_hot|PROF-006_start_small|MKTCOND-002_leading_gapper|TIMING-002_opening_range|TIMING-003_midday_dead
Day 31 Continuing My 2nd Longest Hot Streak +$6k Ross's Trade Recap.txt,5809,True,True,0.9855,0.0145,18,SCRN-001_news_catalyst|SCRN-003_float|SCRN-004_price_range|SCRN-005_daily_chart_room|SCRN-009_short_interest|ENTR-003_dollar_levels|ENTR-004_micro_pullback|ENTR-005_vwap|PROF-002_scale_out|PROF-004_size_up_hot|PROF-005_cold_market|MKTCOND-002_leading_gapper|MKTCOND-004_overall_market|MKTCOND-005_seasonal|TIMING-001_premarket_watch|TIMING-002_opening_range|TIMING-003_midday_dead|TIMING-005_session_length
Starting Off April With a Bang!.txt,2434,True,True,0.9855,0.0145,6,SCRN-004_price_range|ENTR-002_fcnh|ENTR-003_dollar_levels|PROF-004_size_up_hot|PROF-005_cold_market|TIMING-003_midday_dead
There Was ONLY ONE Obvious Trade Today!.txt,3341,True,True,0.9855,0.0145,14,SCRN-001_news_catalyst|SCRN-003_float|ENTR-002_fcnh|ENTR-003_dollar_levels|ENTR-009_topping_tails|STOP-003_fifty_pct_daily_stop|PROF-003_daily_goals|PROF-004_size_up_hot|PROF-005_cold_market|PROF-006_start_small|MKTCOND-002_leading_gapper|TIMING-001_premarket_watch|TIMING-002_opening_range|TIMING-004_no_trade_days
+$60k Green Day Going to Charity! Recap by Ross Cameron.txt,4141,True,True,0.9854,0.0146,11,SCRN-001_news_catalyst|SCRN-003_float|SCRN-004_price_range|ENTR-003_dollar_levels|ENTR-004_micro_pullback|ENTR-009_topping_tails|STOP-006_halt_offering|PROF-005_cold_market|MKTCOND-002_leading_gapper|TIMING-001_premarket_watch|TIMING-006_power_hour
23rd Green Day! Ross' Trade Recap.txt,4770,True,True,0.9854,0.0146,17,SCRN-001_news_catalyst|SCRN-003_float|SCRN-005_daily_chart_room|SCRN-006_reverse_splits|SCRN-010_front_back_side|ENTR-003_dollar_levels|ENTR-004_micro_pullback|ENTR-006_bull_flag|ENTR-009_topping_tails|STOP-003_fifty_pct_daily_stop|STOP-007_position_stop|PROF-001_dont_cap_green|PROF-003_daily_goals|TIMING-001_premarket_watch|TIMING-002_opening_range|TIMING-003_midday_dead|TIMING-005_session_length
5 Rules For Selling Losers Faster!.txt,11628,True,True,0.9854,0.0146,19,SCRN-001_news_catalyst|SCRN-002_relative_volume|SCRN-003_float|SCRN-008_sector_theme|ENTR-002_fcnh|ENTR-003_dollar_levels|ENTR-004_micro_pullback|ENTR-009_topping_tails|STOP-003_fifty_pct_daily_stop|STOP-007_position_stop|PROF-001_dont_cap_green|PROF-002_scale_out|PROF-003_daily_goals|PROF-004_size_up_hot|PROF-005_cold_market|PROF-006_start_small|MKTCOND-001_cold_hot_framework|MKTCOND-004_overall_market|TIMING-001_premarket_watch
Big Red Day -$37k Recap by Ross Cameron.txt,4275,True,True,0.9854,0.0146,11,SCRN-003_float|SCRN-004_price_range|SCRN-005_daily_chart_room|STOP-003_fifty_pct_daily_stop|STOP-007_position_stop|PROF-001_dont_cap_green|PROF-003_daily_goals|PROF-004_size_up_hot|PROF-005_cold_market|MKTCOND-001_cold_hot_framework|MKTCOND-005_seasonal
Chasing Momentum in a Chaotic Market +$7.5k Ross's Trade Recap.txt,2675,True,True,0.9854,0.0146,11,SCRN-001_news_catalyst|SCRN-003_float|SCRN-004_price_range|ENTR-003_dollar_levels|ENTR-004_micro_pullback|STOP-003_fifty_pct_daily_stop|PROF-004_size_up_hot|MKTCOND-002_leading_gapper|MKTCOND-004_overall_market|TIMING-002_opening_range|TIMING-003_midday_dead
Day 21 Mid Day Recap Rebound.txt,4761,True,True,0.9854,0.0146,13,SCRN-001_news_catalyst|SCRN-003_float|SCRN-005_daily_chart_room|ENTR-002_fcnh|ENTR-003_dollar_levels|ENTR-006_bull_flag|STOP-003_fifty_pct_daily_stop|PROF-001_dont_cap_green|PROF-004_size_up_hot|MKTCOND-005_seasonal|TIMING-001_premarket_watch|TIMING-002_opening_range|TIMING-003_midday_dead
"Made +$5,399 Trading These Stocks!.txt",2436,True,True,0.9854,0.0146,7,SCRN-005_daily_chart_room|ENTR-002_fcnh|STOP-003_fifty_pct_daily_stop|PROF-002_scale_out|TIMING-001_premarket_watch|TIMING-003_midday_dead|TIMING-005_session_length
My First Setback In Trader Rehab Ross's Trade Recap.txt,4358,True,True,0.9854,0.0146,13,SCRN-001_news_catalyst|SCRN-003_float|SCRN-004_price_range|ENTR-002_fcnh|ENTR-003_dollar_levels|STOP-003_fifty_pct_daily_stop|STOP-004_thirty_pct_soft_stop|PROF-002_scale_out|PROF-005_cold_market|MKTCOND-001_cold_hot_framework|MKTCOND-005_seasonal|TIMING-002_opening_range|TIMING-003_midday_dead
NKTX Roller Coaster +115% Day Trading Recap by Ross Cameron.txt,2109,True,True,0.9854,0.0146,9,SCRN-001_news_catalyst|SCRN-003_float|ENTR-007_order_spoofing|STOP-003_fifty_pct_daily_stop|STOP-004_thirty_pct_soft_stop|STOP-007_position_stop|PROF-001_dont_cap_green|MKTCOND-002_leading_gapper|TIMING-002_opening_range
Over $5k in 2 days Coast to Coast Trading Recap!.txt,4110,True,True,0.9854,0.0146,14,SCRN-001_news_catalyst|SCRN-004_price_range|SCRN-010_front_back_side|ENTR-002_fcnh|ENTR-003_dollar_levels|PROF-001_dont_cap_green|PROF-003_daily_goals|PROF-004_size_up_hot|PROF-005_cold_market|MKTCOND-002_leading_gapper|MKTCOND-005_seasonal|TIMING-001_premarket_watch|TIMING-002_opening_range|TIMING-003_midday_dead
Ross' Trade Recap Finishing June with a Bang +$2K!.txt,4394,True,True,0.9854,0.0146,14,SCRN-001_news_catalyst|SCRN-003_float|SCRN-005_daily_chart_room|ENTR-002_fcnh|ENTR-003_dollar_levels|ENTR-006_bull_flag|STOP-003_fifty_pct_daily_stop|STOP-004_thirty_pct_soft_stop|STOP-007_position_stop|PROF-002_scale_out|PROF-005_cold_market|MKTCOND-003_cheap_gappers|MKTCOND-005_seasonal|TIMING-001_premarket_watch
Stock Market Holidays Make Me Sad.txt,6779,True,True,0.9854,0.0146,20,SCRN-001_news_catalyst|SCRN-002_relative_volume|SCRN-003_float|SCRN-004_price_range|SCRN-005_daily_chart_room|SCRN-008_sector_theme|SCRN-009_short_interest|SCRN-010_front_back_side|ENTR-003_dollar_levels|ENTR-004_micro_pullback|ENTR-005_vwap|STOP-006_halt_offering|PROF-001_dont_cap_green|PROF-004_size_up_hot|PROF-005_cold_market|PROF-006_start_small|MKTCOND-002_leading_gapper|TIMING-001_premarket_watch|TIMING-002_opening_range|TIMING-004_no_trade_days
The Leading Gainer Gives The Biggest Profits Today.txt,2935,True,True,0.9854,0.0146,11,SCRN-001_news_catalyst|ENTR-002_fcnh|ENTR-003_dollar_levels|ENTR-004_micro_pullback|ENTR-008_double_bottom|ENTR-009_topping_tails|PROF-001_dont_cap_green|PROF-002_scale_out|TIMING-001_premarket_watch|TIMING-002_opening_range|TIMING-003_midday_dead
We got a SHORT SQUEEZE +183%.txt,6037,True,True,0.9854,0.0146,17,SCRN-001_news_catalyst|SCRN-002_relative_volume|SCRN-003_float|SCRN-004_price_range|SCRN-005_daily_chart_room|SCRN-009_short_interest|ENTR-003_dollar_levels|ENTR-005_vwap|ENTR-009_topping_tails|STOP-001_macd_hands_off|STOP-003_fifty_pct_daily_stop|PROF-003_daily_goals|PROF-004_size_up_hot|MKTCOND-004_overall_market|TIMING-001_premarket_watch|TIMING-002_opening_range|TIMING-006_power_hour
+$18k Day Trading.txt,5533,True,True,0.9853,0.0147,17,SCRN-001_news_catalyst|SCRN-004_price_range|SCRN-005_daily_chart_room|SCRN-006_reverse_splits|ENTR-003_dollar_levels|ENTR-004_micro_pullback|ENTR-005_vwap|ENTR-006_bull_flag|ENTR-009_topping_tails|STOP-003_fifty_pct_daily_stop|STOP-007_position_stop|PROF-001_dont_cap_green|PROF-003_daily_goals|MKTCOND-004_overall_market|TIMING-001_premarket_watch|TIMING-002_opening_range|TIMING-006_power_hour
+$45k on (NASDAQ CUEN) Recap by Ross Cameron.txt,2584,True,True,0.9853,0.0147,6,SCRN-001_news_catalyst|SCRN-003_float|STOP-004_thirty_pct_soft_stop|MKTCOND-002_leading_gapper|TIMING-001_premarket_watch|TIMING-002_opening_range
90 Minutes Day Trading.txt,2192,True,True,0.9853,0.0147,9,SCRN-001_news_catalyst|SCRN-003_float|SCRN-004_price_range|SCRN-010_front_back_side|ENTR-005_vwap|STOP-001_macd_hands_off|PROF-002_scale_out|PROF-006_start_small|MKTCOND-002_leading_gapper
I Did The Impastable! Ross's Trade Recap.txt,2091,True,True,0.9853,0.0147,10,SCRN-003_float|SCRN-005_daily_chart_room|ENTR-004_micro_pullback|ENTR-009_topping_tails|STOP-003_fifty_pct_daily_stop|PROF-003_daily_goals|MKTCOND-004_overall_market|MKTCOND-005_seasonal|TIMING-002_opening_range|TIMING-003_midday_dead
"I'm Green +$1,300! Ross's Trade Recap.txt",2776,True,True,0.9853,0.0147,10,SCRN-001_news_catalyst|SCRN-007_foreign_stocks|ENTR-002_fcnh|ENTR-003_dollar_levels|ENTR-004_micro_pullback|STOP-006_halt_offering|MKTCOND-002_leading_gapper|MKTCOND-005_seasonal|TIMING-002_opening_range|TIMING-003_midday_dead
Today Was a Disaster -$4k Ross's Trade Recap.txt,3665,True,True,0.9853,0.0147,9,ENTR-003_dollar_levels|ENTR-004_micro_pullback|STOP-003_fifty_pct_daily_stop|PROF-001_dont_cap_green|PROF-003_daily_goals|MKTCOND-002_leading_gapper|MKTCOND-004_overall_market|TIMING-003_midday_dead|TIMING-005_session_length
Up on OPGN in Less Than 1 Hour! Ross' Trade Recap.txt,3749,True,True,0.9853,0.0147,12,SCRN-001_news_catalyst|SCRN-009_short_interest|ENTR-002_fcnh|ENTR-003_dollar_levels|ENTR-004_micro_pullback|ENTR-006_bull_flag|ENTR-009_topping_tails|STOP-007_position_stop|PROF-003_daily_goals|PROF-006_start_small|MKTCOND-002_leading_gapper|TIMING-001_premarket_watch
$UNCY +187% Gapper.txt,1154,False,False,0.9852,0.0148,5,SCRN-004_price_range|SCRN-009_short_interest|PROF-005_cold_market|TIMING-002_opening_range|TIMING-004_no_trade_days
+$9k in 3hrs Day Trading the TOP % GAINERS in the Stock Market.txt,5242,True,True,0.9852,0.0148,22,SCRN-001_news_catalyst|SCRN-003_float|SCRN-004_price_range|SCRN-006_reverse_splits|SCRN-009_short_interest|ENTR-003_dollar_levels|ENTR-004_micro_pullback|ENTR-005_vwap|ENTR-006_bull_flag|ENTR-007_order_spoofing|STOP-003_fifty_pct_daily_stop|STOP-004_thirty_pct_soft_stop|STOP-006_halt_offering|STOP-007_position_stop|PROF-003_daily_goals|PROF-005_cold_market|MKTCOND-002_leading_gapper|TIMING-001_premarket_watch|TIMING-002_opening_range|TIMING-003_midday_dead|TIMING-005_session_length|TIMING-006_power_hour
100% Accuracy on Friday the 13th.txt,3315,True,True,0.9852,0.0148,16,SCRN-001_news_catalyst|SCRN-002_relative_volume|SCRN-003_float|SCRN-006_reverse_splits|SCRN-010_front_back_side|ENTR-002_fcnh|STOP-001_macd_hands_off|STOP-003_fifty_pct_daily_stop|STOP-004_thirty_pct_soft_stop|PROF-001_dont_cap_green|PROF-003_daily_goals|PROF-005_cold_market|MKTCOND-001_cold_hot_framework|TIMING-001_premarket_watch|TIMING-004_no_trade_days|TIMING-006_power_hour
I'm Getting Close to My $500K Goal! Ross' Trade Recap.txt,2483,True,True,0.9852,0.0148,8,SCRN-001_news_catalyst|SCRN-004_price_range|SCRN-005_daily_chart_room|ENTR-003_dollar_levels|MKTCOND-002_leading_gapper|MKTCOND-004_overall_market|MKTCOND-005_seasonal|TIMING-003_midday_dead
Progress is Being Made +$3K! Ross' Trade Recap.txt,3185,True,True,0.9852,0.0148,9,SCRN-003_float|ENTR-002_fcnh|ENTR-003_dollar_levels|STOP-004_thirty_pct_soft_stop|PROF-001_dont_cap_green|PROF-003_daily_goals|PROF-004_size_up_hot|MKTCOND-002_leading_gapper|TIMING-001_premarket_watch
Up $2.6K Disciplined Trading! Ross' Trade Recap.txt,2075,True,True,0.9852,0.0148,7,SCRN-001_news_catalyst|SCRN-004_price_range|ENTR-002_fcnh|ENTR-003_dollar_levels|STOP-003_fifty_pct_daily_stop|PROF-003_daily_goals|TIMING-002_opening_range
[LIVE] DAY TRADING Morning Show 9 00 - 9 30am ET with Ross Cameron [jYjHngjP090].txt,2123,True,True,0.9852,0.0148,6,SCRN-001_news_catalyst|ENTR-009_topping_tails|STOP-005_fifty_pct_retrace|MKTCOND-002_leading_gapper|TIMING-001_premarket_watch|TIMING-002_opening_range
Biggest Red Day of 2025.txt,4151,True,True,0.9851,0.0149,12,SCRN-001_news_catalyst|SCRN-003_float|SCRN-004_price_range|SCRN-008_sector_theme|SCRN-010_front_back_side|STOP-003_fifty_pct_daily_stop|PROF-001_dont_cap_green|PROF-004_size_up_hot|PROF-005_cold_market|PROF-006_start_small|MKTCOND-001_cold_hot_framework|MKTCOND-005_seasonal
Day Trading from 7 00 - 9 30am ET.txt,4141,True,True,0.9851,0.0149,12,SCRN-001_news_catalyst|SCRN-003_float|SCRN-005_daily_chart_room|ENTR-003_dollar_levels|ENTR-005_vwap|ENTR-009_topping_tails|PROF-004_size_up_hot|PROF-006_start_small|MKTCOND-001_cold_hot_framework|MKTCOND-004_overall_market|TIMING-001_premarket_watch|TIMING-002_opening_range
"Green Face, Green Day - Ending March +$42k!.txt",4385,True,True,0.9851,0.0149,14,SCRN-003_float|SCRN-004_price_range|SCRN-005_daily_chart_room|ENTR-003_dollar_levels|STOP-003_fifty_pct_daily_stop|PROF-002_scale_out|PROF-003_daily_goals|PROF-004_size_up_hot|PROF-005_cold_market|MKTCOND-001_cold_hot_framework|MKTCOND-002_leading_gapper|MKTCOND-005_seasonal|TIMING-003_midday_dead|TIMING-005_session_length
June in Review +$37k and +$8K on the 1st Day of July! Happy 4th of July week!.txt,8099,True,True,0.9851,0.0149,15,SCRN-001_news_catalyst|SCRN-002_relative_volume|SCRN-003_float|SCRN-004_price_range|ENTR-003_dollar_levels|ENTR-007_order_spoofing|ENTR-009_topping_tails|STOP-003_fifty_pct_daily_stop|PROF-003_daily_goals|MKTCOND-001_cold_hot_framework|MKTCOND-002_leading_gapper|MKTCOND-004_overall_market|MKTCOND-005_seasonal|TIMING-002_opening_range|TIMING-003_midday_dead
LIVE Day Trading Morning Show with Ross Cameron [6T3YG7IO0WM].txt,2885,True,True,0.9851,0.0149,9,SCRN-004_price_range|ENTR-001_macd_gate|STOP-006_halt_offering|PROF-005_cold_market|PROF-006_start_small|MKTCOND-002_leading_gapper|TIMING-002_opening_range|TIMING-003_midday_dead|TIMING-004_no_trade_days
Red Day Recap Day 3 -$9k Recap by Ross Cameron.txt,3697,True,True,0.9851,0.0149,7,STOP-003_fifty_pct_daily_stop|STOP-007_position_stop|PROF-001_dont_cap_green|PROF-005_cold_market|MKTCOND-001_cold_hot_framework|MKTCOND-004_overall_market|TIMING-003_midday_dead
Tax Free IRA Money! +$3K Ross' Trade Recap.txt,2812,True,True,0.9851,0.0149,11,SCRN-001_news_catalyst|SCRN-004_price_range|SCRN-006_reverse_splits|ENTR-002_fcnh|ENTR-003_dollar_levels|STOP-006_halt_offering|PROF-001_dont_cap_green|MKTCOND-002_leading_gapper|MKTCOND-003_cheap_gappers|TIMING-001_premarket_watch|TIMING-003_midday_dead
Trouble in Paradise Max Loss Red Day Recap.txt,3383,True,True,0.9851,0.0149,12,SCRN-002_relative_volume|SCRN-003_float|ENTR-003_dollar_levels|STOP-003_fifty_pct_daily_stop|STOP-007_position_stop|PROF-001_dont_cap_green|PROF-004_size_up_hot|PROF-005_cold_market|MKTCOND-001_cold_hot_framework|MKTCOND-002_leading_gapper|MKTCOND-005_seasonal|TIMING-002_opening_range
"$BMR +1,500% and then 4 other stocks ripped 200%+++.txt",2666,True,True,0.985,0.015,12,SCRN-001_news_catalyst|SCRN-004_price_range|ENTR-002_fcnh|ENTR-003_dollar_levels|ENTR-004_micro_pullback|STOP-003_fifty_pct_daily_stop|PROF-003_daily_goals|PROF-005_cold_market|MKTCOND-001_cold_hot_framework|MKTCOND-002_leading_gapper|TIMING-001_premarket_watch|TIMING-002_opening_range
$CFRX Recent Reverse Split Gap and Go Setup.txt,1720,True,True,0.985,0.015,7,SCRN-004_price_range|ENTR-007_order_spoofing|STOP-003_fifty_pct_daily_stop|PROF-001_dont_cap_green|MKTCOND-002_leading_gapper|TIMING-001_premarket_watch|TIMING-002_opening_range
+600% on Biotech with BREAKING NEWS.txt,3750,True,True,0.985,0.015,12,SCRN-001_news_catalyst|SCRN-003_float|SCRN-006_reverse_splits|SCRN-008_sector_theme|ENTR-004_micro_pullback|ENTR-009_topping_tails|STOP-003_fifty_pct_daily_stop|STOP-004_thirty_pct_soft_stop|STOP-006_halt_offering|STOP-007_position_stop|TIMING-001_premarket_watch|TIMING-002_opening_range
Momentum Picking Back Up +$2K! Ross' Trade Recap.txt,1071,False,False,0.985,0.015,4,ENTR-004_micro_pullback|STOP-003_fifty_pct_daily_stop|PROF-003_daily_goals|TIMING-003_midday_dead
Starting The Month Off Right! $BIMI +45% Ross's Trade Recap.txt,3465,True,True,0.985,0.015,14,SCRN-003_float|SCRN-004_price_range|SCRN-005_daily_chart_room|SCRN-009_short_interest|ENTR-002_fcnh|ENTR-004_micro_pullback|ENTR-007_order_spoofing|ENTR-009_topping_tails|PROF-001_dont_cap_green|PROF-006_start_small|MKTCOND-002_leading_gapper|TIMING-001_premarket_watch|TIMING-002_opening_range|TIMING-003_midday_dead
"Time To Walk Away -$3,649 Ross' Trade Recap.txt",3885,True,True,0.985,0.015,12,SCRN-004_price_range|SCRN-007_foreign_stocks|ENTR-002_fcnh|ENTR-003_dollar_levels|ENTR-004_micro_pullback|STOP-003_fifty_pct_daily_stop|PROF-001_dont_cap_green|MKTCOND-001_cold_hot_framework|MKTCOND-002_leading_gapper|MKTCOND-004_overall_market|TIMING-003_midday_dead|TIMING-005_session_length
"Trade Recap Easy Trades, Big Wins! +$2,485!.txt",3208,True,True,0.985,0.015,9,SCRN-001_news_catalyst|SCRN-003_float|SCRN-005_daily_chart_room|ENTR-002_fcnh|ENTR-004_micro_pullback|PROF-005_cold_market|MKTCOND-002_leading_gapper|TIMING-003_midday_dead|TIMING-006_power_hour
[LIVE] Live Day Trading Morning Show with Ross Cameron [h-WbWnWzP7E].txt,3483,True,True,0.985,0.015,13,SCRN-001_news_catalyst|SCRN-006_reverse_splits|SCRN-007_foreign_stocks|ENTR-001_macd_gate|ENTR-005_vwap|ENTR-008_double_bottom|PROF-003_daily_goals|PROF-004_size_up_hot|MKTCOND-002_leading_gapper|MKTCOND-004_overall_market|TIMING-001_premarket_watch|TIMING-002_opening_range|TIMING-005_session_length
+$12k on TSLA and MYO Ross's Trade Recap.txt,2321,True,True,0.9849,0.0151,8,SCRN-001_news_catalyst|SCRN-004_price_range|SCRN-005_daily_chart_room|SCRN-008_sector_theme|PROF-005_cold_market|MKTCOND-002_leading_gapper|TIMING-002_opening_range|TIMING-003_midday_dead
DAY 3 - LIVE from the Trading Summit - Day Trading Morning Show with Ross Cameron.txt,3359,True,True,0.9849,0.0151,14,SCRN-001_news_catalyst|SCRN-003_float|SCRN-004_price_range|SCRN-009_short_interest|ENTR-004_micro_pullback|ENTR-005_vwap|STOP-007_position_stop|PROF-001_dont_cap_green|PROF-005_cold_market|MKTCOND-002_leading_gapper|MKTCOND-004_overall_market|TIMING-001_premarket_watch|TIMING-002_opening_range|TIMING-006_power_hour
Ross's Day Trading Recap.txt,4623,True,True,0.9849,0.0151,20,SCRN-001_news_catalyst|SCRN-003_float|SCRN-004_price_range|SCRN-006_reverse_splits|SCRN-007_foreign_stocks|ENTR-002_fcnh|ENTR-003_dollar_levels|ENTR-006_bull_flag|STOP-001_macd_hands_off|STOP-003_fifty_pct_daily_stop|STOP-004_thirty_pct_soft_stop|PROF-003_daily_goals|PROF-004_size_up_hot|PROF-005_cold_market|MKTCOND-002_leading_gapper|MKTCOND-003_cheap_gappers|MKTCOND-005_seasonal|TIMING-001_premarket_watch|TIMING-003_midday_dead|TIMING-006_power_hour
the WhatsApp Scammer stock just dropped -90%.txt,3439,True,True,0.9849,0.0151,8,SCRN-001_news_catalyst|SCRN-007_foreign_stocks|SCRN-008_sector_theme|SCRN-009_short_interest|STOP-006_halt_offering|PROF-001_dont_cap_green|MKTCOND-005_seasonal|TIMING-006_power_hour
"13th Green Day in a Row! +$2,558! Ross' Trade Recap.txt",3850,True,True,0.9848,0.0152,14,SCRN-001_news_catalyst|SCRN-003_float|SCRN-004_price_range|SCRN-005_daily_chart_room|SCRN-009_short_interest|STOP-003_fifty_pct_daily_stop|PROF-002_scale_out|MKTCOND-001_cold_hot_framework|MKTCOND-002_leading_gapper|MKTCOND-004_overall_market|MKTCOND-005_seasonal|TIMING-002_opening_range|TIMING-003_midday_dead|TIMING-005_session_length
5 Days +$60k Day Trading Weekly Recap by Ross Cameron.txt,4584,True,True,0.9848,0.0152,12,SCRN-001_news_catalyst|SCRN-002_relative_volume|SCRN-004_price_range|SCRN-005_daily_chart_room|ENTR-004_micro_pullback|STOP-004_thirty_pct_soft_stop|PROF-002_scale_out|MKTCOND-002_leading_gapper|MKTCOND-005_seasonal|TIMING-001_premarket_watch|TIMING-002_opening_range|TIMING-003_midday_dead
Day Trading Biotech Stocks.txt,3354,True,True,0.9848,0.0152,14,SCRN-001_news_catalyst|SCRN-003_float|ENTR-001_macd_gate|ENTR-003_dollar_levels|ENTR-004_micro_pullback|ENTR-008_double_bottom|ENTR-009_topping_tails|STOP-003_fifty_pct_daily_stop|STOP-007_position_stop|PROF-001_dont_cap_green|PROF-003_daily_goals|PROF-006_start_small|MKTCOND-002_leading_gapper|TIMING-005_session_length
Day Trading Watch List for THIS WEEK (Dec 30 - Jan3).txt,4827,True,True,0.9848,0.0152,14,SCRN-001_news_catalyst|SCRN-005_daily_chart_room|ENTR-001_macd_gate|ENTR-005_vwap|STOP-003_fifty_pct_daily_stop|STOP-006_halt_offering|PROF-001_dont_cap_green|PROF-003_daily_goals|PROF-004_size_up_hot|PROF-006_start_small|MKTCOND-001_cold_hot_framework|MKTCOND-002_leading_gapper|MKTCOND-005_seasonal|TIMING-001_premarket_watch
"Finishing the morning +$8,066.27 on Day 2 of the California Trip!.txt",2934,True,True,0.9848,0.0152,11,SCRN-004_price_range|SCRN-007_foreign_stocks|ENTR-002_fcnh|ENTR-003_dollar_levels|ENTR-007_order_spoofing|STOP-003_fifty_pct_daily_stop|STOP-007_position_stop|MKTCOND-002_leading_gapper|MKTCOND-003_cheap_gappers|TIMING-002_opening_range|TIMING-003_midday_dead
How to Day Trade BREAKING NEWS with a Scalping Strategy (Step-by-Step Guide).txt,11787,True,True,0.9848,0.0152,25,SCRN-001_news_catalyst|SCRN-002_relative_volume|SCRN-003_float|SCRN-004_price_range|SCRN-005_daily_chart_room|SCRN-006_reverse_splits|SCRN-009_short_interest|ENTR-001_macd_gate|ENTR-002_fcnh|ENTR-003_dollar_levels|ENTR-004_micro_pullback|ENTR-005_vwap|ENTR-009_topping_tails|STOP-001_macd_hands_off|STOP-003_fifty_pct_daily_stop|STOP-006_halt_offering|STOP-007_position_stop|PROF-002_scale_out|PROF-003_daily_goals|PROF-004_size_up_hot|PROF-005_cold_market|MKTCOND-004_overall_market|TIMING-001_premarket_watch|TIMING-002_opening_range|TIMING-004_no_trade_days
LIVE Day Trading Morning Show with Ross Cameron [hTA5y_ktpWM].txt,4577,True,True,0.9848,0.0152,14,SCRN-001_news_catalyst|SCRN-004_price_range|SCRN-006_reverse_splits|STOP-003_fifty_pct_daily_stop|STOP-004_thirty_pct_soft_stop|STOP-007_position_stop|PROF-001_dont_cap_green|MKTCOND-001_cold_hot_framework|MKTCOND-002_leading_gapper|MKTCOND-003_cheap_gappers|MKTCOND-004_overall_market|MKTCOND-005_seasonal|TIMING-001_premarket_watch|TIMING-002_opening_range
Recap +$21k with $KSCP +291% Short Squeeze.txt,8536,True,True,0.9848,0.0152,21,SCRN-001_news_catalyst|SCRN-003_float|SCRN-004_price_range|SCRN-005_daily_chart_room|SCRN-008_sector_theme|ENTR-003_dollar_levels|ENTR-004_micro_pullback|ENTR-008_double_bottom|ENTR-009_topping_tails|STOP-003_fifty_pct_daily_stop|PROF-001_dont_cap_green|PROF-003_daily_goals|PROF-004_size_up_hot|PROF-005_cold_market|MKTCOND-001_cold_hot_framework|MKTCOND-004_overall_market|MKTCOND-005_seasonal|TIMING-001_premarket_watch|TIMING-002_opening_range|TIMING-003_midday_dead|TIMING-006_power_hour
"Trading Recap Feelin' Blue, Finished Red.txt",3020,True,True,0.9848,0.0152,10,SCRN-001_news_catalyst|SCRN-003_float|SCRN-004_price_range|ENTR-003_dollar_levels|ENTR-004_micro_pullback|PROF-001_dont_cap_green|PROF-002_scale_out|MKTCOND-003_cheap_gappers|TIMING-001_premarket_watch|TIMING-003_midday_dead
[LIVE] Game Plan for the Week! #stocks #daytrading.txt,3930,True,True,0.9848,0.0152,16,SCRN-001_news_catalyst|SCRN-003_float|SCRN-005_daily_chart_room|SCRN-009_short_interest|ENTR-006_bull_flag|STOP-007_position_stop|PROF-002_scale_out|PROF-003_daily_goals|PROF-004_size_up_hot|PROF-005_cold_market|PROF-006_start_small|MKTCOND-001_cold_hot_framework|MKTCOND-004_overall_market|TIMING-001_premarket_watch|TIMING-003_midday_dead|TIMING-006_power_hour
8th Day of Solid Momentum +$4.7K! Ross' Trade Recap.txt,1747,True,True,0.9847,0.0153,9,SCRN-001_news_catalyst|ENTR-002_fcnh|ENTR-003_dollar_levels|ENTR-009_topping_tails|STOP-003_fifty_pct_daily_stop|MKTCOND-002_leading_gapper|TIMING-001_premarket_watch|TIMING-002_opening_range|TIMING-003_midday_dead
HSCS +85% Gap and Go!.txt,2226,True,True,0.9847,0.0153,12,SCRN-004_price_range|ENTR-002_fcnh|ENTR-003_dollar_levels|ENTR-004_micro_pullback|STOP-003_fifty_pct_daily_stop|STOP-006_halt_offering|STOP-007_position_stop|PROF-003_daily_goals|MKTCOND-002_leading_gapper|TIMING-001_premarket_watch|TIMING-002_opening_range|TIMING-006_power_hour
Recent IPO Breakout Day Trading Recap by Ross Cameron.txt,4387,True,True,0.9847,0.0153,10,SCRN-001_news_catalyst|SCRN-004_price_range|SCRN-005_daily_chart_room|ENTR-002_fcnh|ENTR-003_dollar_levels|ENTR-004_micro_pullback|ENTR-008_double_bottom|MKTCOND-005_seasonal|TIMING-002_opening_range|TIMING-006_power_hour
This market is WILD!!.txt,5817,True,True,0.9847,0.0153,14,SCRN-001_news_catalyst|SCRN-003_float|SCRN-004_price_range|SCRN-006_reverse_splits|ENTR-002_fcnh|ENTR-004_micro_pullback|ENTR-005_vwap|STOP-003_fifty_pct_daily_stop|PROF-003_daily_goals|PROF-004_size_up_hot|PROF-006_start_small|TIMING-001_premarket_watch|TIMING-002_opening_range|TIMING-006_power_hour
"Up over $2k - 7 Trades, 7 Winners!.txt",2248,True,True,0.9847,0.0153,5,ENTR-002_fcnh|ENTR-003_dollar_levels|MKTCOND-002_leading_gapper|TIMING-002_opening_range|TIMING-003_midday_dead
Fool me once....txt,3985,True,True,0.9846,0.0154,13,SCRN-001_news_catalyst|SCRN-003_float|SCRN-004_price_range|ENTR-001_macd_gate|ENTR-002_fcnh|ENTR-004_micro_pullback|ENTR-005_vwap|ENTR-009_topping_tails|PROF-004_size_up_hot|MKTCOND-001_cold_hot_framework|MKTCOND-004_overall_market|TIMING-001_premarket_watch|TIMING-005_session_length
Green day as the market bounces 500 Points at the open!.txt,2418,True,True,0.9846,0.0154,14,SCRN-001_news_catalyst|SCRN-004_price_range|SCRN-005_daily_chart_room|SCRN-006_reverse_splits|SCRN-010_front_back_side|ENTR-002_fcnh|ENTR-003_dollar_levels|ENTR-004_micro_pullback|PROF-001_dont_cap_green|MKTCOND-004_overall_market|MKTCOND-005_seasonal|TIMING-001_premarket_watch|TIMING-002_opening_range|TIMING-003_midday_dead
LIVE Day Trading Morning Show with Ross Cameron [d0pi75mlOFM].txt,5701,True,True,0.9846,0.0154,19,SCRN-001_news_catalyst|SCRN-003_float|SCRN-004_price_range|SCRN-005_daily_chart_room|SCRN-006_reverse_splits|SCRN-010_front_back_side|ENTR-003_dollar_levels|ENTR-004_micro_pullback|ENTR-007_order_spoofing|ENTR-009_topping_tails|PROF-001_dont_cap_green|PROF-005_cold_market|MKTCOND-002_leading_gapper|MKTCOND-003_cheap_gappers|MKTCOND-005_seasonal|TIMING-001_premarket_watch|TIMING-002_opening_range|TIMING-003_midday_dead|TIMING-004_no_trade_days
LIVE from the Trading Summit - Day Trading Morning Show with Ross Cameron.txt,5752,True,True,0.9846,0.0154,13,SCRN-003_float|SCRN-004_price_range|ENTR-002_fcnh|ENTR-003_dollar_levels|STOP-006_halt_offering|STOP-007_position_stop|PROF-001_dont_cap_green|MKTCOND-001_cold_hot_framework|MKTCOND-002_leading_gapper|MKTCOND-004_overall_market|TIMING-002_opening_range|TIMING-003_midday_dead|TIMING-005_session_length
Ross' Trade Recap Relaxing on a Green Day.txt,4567,True,True,0.9846,0.0154,17,SCRN-001_news_catalyst|SCRN-002_relative_volume|SCRN-003_float|SCRN-004_price_range|SCRN-005_daily_chart_room|SCRN-010_front_back_side|ENTR-002_fcnh|ENTR-003_dollar_levels|ENTR-006_bull_flag|STOP-001_macd_hands_off|STOP-003_fifty_pct_daily_stop|PROF-001_dont_cap_green|MKTCOND-002_leading_gapper|MKTCOND-005_seasonal|TIMING-002_opening_range|TIMING-003_midday_dead|TIMING-005_session_length
Small Account Challenge Day 1 -$30 Recap by Ross Cameron.txt,2158,True,True,0.9846,0.0154,9,SCRN-004_price_range|SCRN-009_short_interest|ENTR-003_dollar_levels|ENTR-004_micro_pullback|STOP-003_fifty_pct_daily_stop|PROF-001_dont_cap_green|PROF-002_scale_out|PROF-004_size_up_hot|MKTCOND-005_seasonal
Trading ALL 6 of the Top Leading Percentage Gainers.txt,2602,True,True,0.9846,0.0154,13,SCRN-001_news_catalyst|SCRN-003_float|SCRN-005_daily_chart_room|SCRN-006_reverse_splits|SCRN-007_foreign_stocks|SCRN-008_sector_theme|ENTR-001_macd_gate|ENTR-004_micro_pullback|ENTR-005_vwap|ENTR-009_topping_tails|PROF-004_size_up_hot|TIMING-001_premarket_watch|TIMING-002_opening_range
"Trading Like a Tyrannosaurus Rex! +$3,700 Ross' Trade Recap.txt",2966,True,True,0.9846,0.0154,6,SCRN-001_news_catalyst|SCRN-004_price_range|SCRN-005_daily_chart_room|PROF-005_cold_market|MKTCOND-001_cold_hot_framework|MKTCOND-005_seasonal
Two Times My Daily Goal! +$4K Ross' Trade Recap.txt,1838,True,True,0.9846,0.0154,8,SCRN-003_float|SCRN-004_price_range|SCRN-005_daily_chart_room|ENTR-003_dollar_levels|ENTR-004_micro_pullback|STOP-003_fifty_pct_daily_stop|PROF-003_daily_goals|TIMING-003_midday_dead
"Momentum is Hot! +$19,274! Ross' Trade Recap.txt",5637,True,True,0.9845,0.0155,15,SCRN-001_news_catalyst|SCRN-003_float|SCRN-004_price_range|SCRN-005_daily_chart_room|SCRN-007_foreign_stocks|ENTR-002_fcnh|ENTR-006_bull_flag|STOP-004_thirty_pct_soft_stop|PROF-004_size_up_hot|MKTCOND-002_leading_gapper|MKTCOND-003_cheap_gappers|MKTCOND-004_overall_market|MKTCOND-005_seasonal|TIMING-001_premarket_watch|TIMING-003_midday_dead
Trading Recap Recoup Recap!.txt,2290,True,True,0.9845,0.0155,7,SCRN-001_news_catalyst|SCRN-004_price_range|ENTR-003_dollar_levels|PROF-003_daily_goals|PROF-005_cold_market|TIMING-002_opening_range|TIMING-003_midday_dead
"$3,052.23 on my WORST day of the week! It must be a Bull Market!.txt",4229,True,True,0.9844,0.0156,12,SCRN-001_news_catalyst|SCRN-004_price_range|ENTR-002_fcnh|ENTR-003_dollar_levels|STOP-007_position_stop|MKTCOND-001_cold_hot_framework|MKTCOND-002_leading_gapper|MKTCOND-003_cheap_gappers|MKTCOND-005_seasonal|TIMING-001_premarket_watch|TIMING-002_opening_range|TIMING-003_midday_dead
+$8.8k Day Trading Recap by Ross Cameron.txt,1976,True,True,0.9844,0.0156,7,SCRN-001_news_catalyst|SCRN-006_reverse_splits|PROF-003_daily_goals|PROF-005_cold_market|MKTCOND-002_leading_gapper|MKTCOND-005_seasonal|TIMING-002_opening_range
"Day 13 +$8,163.71 for my 3rd BLOW UP in 13 days! - Small Account Challenge Ep 19.txt",2848,True,True,0.9844,0.0156,8,SCRN-004_price_range|ENTR-003_dollar_levels|ENTR-004_micro_pullback|MKTCOND-002_leading_gapper|MKTCOND-005_seasonal|TIMING-002_opening_range|TIMING-003_midday_dead|TIMING-006_power_hour
Day Trading $DTSS $BREA.txt,5378,True,True,0.9844,0.0156,19,SCRN-003_float|ENTR-002_fcnh|ENTR-003_dollar_levels|ENTR-004_micro_pullback|ENTR-005_vwap|ENTR-009_topping_tails|STOP-001_macd_hands_off|STOP-003_fifty_pct_daily_stop|PROF-001_dont_cap_green|PROF-004_size_up_hot|PROF-005_cold_market|PROF-006_start_small|MKTCOND-001_cold_hot_framework|MKTCOND-002_leading_gapper|MKTCOND-005_seasonal|TIMING-001_premarket_watch|TIMING-002_opening_range|TIMING-003_midday_dead|TIMING-006_power_hour
"Day Trading in a Red Market -$2,959 Ross' Trade Recap.txt",1365,False,False,0.9844,0.0156,8,SCRN-001_news_catalyst|ENTR-003_dollar_levels|ENTR-004_micro_pullback|ENTR-006_bull_flag|STOP-003_fifty_pct_daily_stop|PROF-001_dont_cap_green|MKTCOND-005_seasonal|TIMING-003_midday_dead
Game Plan & Watch List for MONDAY.txt,5133,True,True,0.9844,0.0156,9,SCRN-001_news_catalyst|SCRN-002_relative_volume|SCRN-003_float|SCRN-004_price_range|SCRN-005_daily_chart_room|SCRN-007_foreign_stocks|SCRN-008_sector_theme|SCRN-009_short_interest|MKTCOND-005_seasonal
LIVE Day Trading Morning Show with Ross Cameron [llImKsCiwAI].txt,5055,True,True,0.9844,0.0156,21,SCRN-001_news_catalyst|SCRN-004_price_range|SCRN-005_daily_chart_room|SCRN-006_reverse_splits|SCRN-009_short_interest|SCRN-010_front_back_side|ENTR-002_fcnh|ENTR-003_dollar_levels|ENTR-004_micro_pullback|ENTR-007_order_spoofing|ENTR-009_topping_tails|STOP-001_macd_hands_off|STOP-007_position_stop|PROF-001_dont_cap_green|PROF-002_scale_out|PROF-005_cold_market|MKTCOND-002_leading_gapper|MKTCOND-004_overall_market|TIMING-002_opening_range|TIMING-003_midday_dead|TIMING-006_power_hour
Red Day Recap [dlkFemd4-wg].txt,2200,True,True,0.9844,0.0156,9,ENTR-004_micro_pullback|STOP-003_fifty_pct_daily_stop|STOP-007_position_stop|PROF-003_daily_goals|PROF-005_cold_market|MKTCOND-001_cold_hot_framework|TIMING-001_premarket_watch|TIMING-002_opening_range|TIMING-006_power_hour
"Ross' Trade Recap Max Loss, Max Frustration.txt",5176,True,True,0.9844,0.0156,10,SCRN-001_news_catalyst|SCRN-004_price_range|ENTR-003_dollar_levels|ENTR-004_micro_pullback|STOP-003_fifty_pct_daily_stop|STOP-007_position_stop|PROF-001_dont_cap_green|MKTCOND-002_leading_gapper|TIMING-001_premarket_watch|TIMING-003_midday_dead
Small Losses & Big Wins +$10k Ross's Trade Recap.txt,3113,True,True,0.9844,0.0156,13,SCRN-001_news_catalyst|SCRN-004_price_range|ENTR-003_dollar_levels|ENTR-004_micro_pullback|STOP-003_fifty_pct_daily_stop|STOP-005_fifty_pct_retrace|STOP-007_position_stop|PROF-002_scale_out|MKTCOND-002_leading_gapper|MKTCOND-004_overall_market|TIMING-001_premarket_watch|TIMING-002_opening_range|TIMING-003_midday_dead
Two Recent IPO's Made HUGE Moves!.txt,2481,True,True,0.9844,0.0156,8,SCRN-001_news_catalyst|SCRN-003_float|SCRN-004_price_range|SCRN-007_foreign_stocks|ENTR-005_vwap|STOP-006_halt_offering|MKTCOND-002_leading_gapper|TIMING-006_power_hour
$HOTH +125%.txt,2000,True,True,0.9843,0.0157,10,ENTR-003_dollar_levels|ENTR-004_micro_pullback|PROF-001_dont_cap_green|PROF-002_scale_out|PROF-005_cold_market|MKTCOND-002_leading_gapper|MKTCOND-005_seasonal|TIMING-001_premarket_watch|TIMING-002_opening_range|TIMING-004_no_trade_days
+$20k on SGOC on The Gap and Go Trades! Recap by Ross Cameron.txt,1313,False,False,0.9843,0.0157,4,SCRN-004_price_range|PROF-003_daily_goals|TIMING-001_premarket_watch|TIMING-002_opening_range
"California Trading +$3,289 Ross' Trade Recap.txt",1912,True,True,0.9843,0.0157,8,SCRN-001_news_catalyst|SCRN-006_reverse_splits|ENTR-002_fcnh|ENTR-003_dollar_levels|MKTCOND-002_leading_gapper|MKTCOND-004_overall_market|TIMING-001_premarket_watch|TIMING-002_opening_range
Day Trading Watch List for Monday! [u60fSo3V3S4].txt,1840,True,True,0.9843,0.0157,9,SCRN-001_news_catalyst|SCRN-005_daily_chart_room|SCRN-010_front_back_side|ENTR-002_fcnh|MKTCOND-001_cold_hot_framework|MKTCOND-005_seasonal|TIMING-001_premarket_watch|TIMING-003_midday_dead|TIMING-006_power_hour
Fighting FOMO +$2k Ross's Trade Recap.txt,3355,True,True,0.9843,0.0157,9,SCRN-001_news_catalyst|SCRN-002_relative_volume|SCRN-004_price_range|ENTR-003_dollar_levels|STOP-003_fifty_pct_daily_stop|MKTCOND-004_overall_market|TIMING-002_opening_range|TIMING-003_midday_dead|TIMING-006_power_hour
Four Times My Daily Goal! +$8k Ross' Trade Recap.txt,3617,True,True,0.9843,0.0157,13,SCRN-001_news_catalyst|SCRN-002_relative_volume|SCRN-003_float|SCRN-004_price_range|SCRN-006_reverse_splits|SCRN-009_short_interest|ENTR-003_dollar_levels|PROF-001_dont_cap_green|PROF-003_daily_goals|TIMING-001_premarket_watch|TIMING-002_opening_range|TIMING-003_midday_dead|TIMING-005_session_length
Trading Recap Strong Comeback On a Choppy Day!.txt,2213,True,True,0.9843,0.0157,8,SCRN-001_news_catalyst|SCRN-005_daily_chart_room|ENTR-002_fcnh|ENTR-003_dollar_levels|ENTR-004_micro_pullback|STOP-003_fifty_pct_daily_stop|MKTCOND-002_leading_gapper|TIMING-003_midday_dead
[LIVE] $HKD to the moon $12.05 to 467.16 in 11 days #stocks #daytrading.txt,8871,True,True,0.9843,0.0157,21,SCRN-001_news_catalyst|SCRN-003_float|SCRN-004_price_range|SCRN-006_reverse_splits|SCRN-009_short_interest|SCRN-010_front_back_side|ENTR-002_fcnh|ENTR-003_dollar_levels|ENTR-004_micro_pullback|ENTR-009_topping_tails|STOP-003_fifty_pct_daily_stop|STOP-004_thirty_pct_soft_stop|PROF-001_dont_cap_green|PROF-002_scale_out|PROF-003_daily_goals|PROF-004_size_up_hot|PROF-005_cold_market|MKTCOND-001_cold_hot_framework|MKTCOND-004_overall_market|TIMING-003_midday_dead|TIMING-006_power_hour
$DRUG Squeezes 587% and HALTS in the Recap.txt,12425,True,True,0.9842,0.0158,25,SCRN-001_news_catalyst|SCRN-003_float|SCRN-004_price_range|SCRN-005_daily_chart_room|SCRN-007_foreign_stocks|SCRN-009_short_interest|SCRN-010_front_back_side|ENTR-001_macd_gate|ENTR-002_fcnh|ENTR-003_dollar_levels|ENTR-004_micro_pullback|ENTR-005_vwap|STOP-001_macd_hands_off|STOP-003_fifty_pct_daily_stop|STOP-006_halt_offering|PROF-003_daily_goals|PROF-004_size_up_hot|PROF-005_cold_market|PROF-006_start_small|MKTCOND-005_seasonal|TIMING-001_premarket_watch|TIMING-002_opening_range|TIMING-004_no_trade_days|TIMING-005_session_length|TIMING-006_power_hour
"+$65,014 in 8 days! Ross's Trade Recap.txt",7823,True,True,0.9842,0.0158,21,SCRN-001_news_catalyst|SCRN-002_relative_volume|SCRN-003_float|SCRN-004_price_range|SCRN-005_daily_chart_room|SCRN-006_reverse_splits|SCRN-009_short_interest|ENTR-002_fcnh|ENTR-003_dollar_levels|ENTR-009_topping_tails|STOP-003_fifty_pct_daily_stop|STOP-006_halt_offering|STOP-007_position_stop|PROF-001_dont_cap_green|PROF-002_scale_out|PROF-003_daily_goals|MKTCOND-001_cold_hot_framework|MKTCOND-002_leading_gapper|TIMING-001_premarket_watch|TIMING-002_opening_range|TIMING-003_midday_dead
"+$8,444.03 today and $55,644.24 in the last 10 days!.txt",2720,True,True,0.9842,0.0158,8,SCRN-005_daily_chart_room|ENTR-002_fcnh|ENTR-003_dollar_levels|ENTR-004_micro_pullback|ENTR-007_order_spoofing|ENTR-009_topping_tails|PROF-003_daily_goals|TIMING-003_midday_dead
"Big First Day of April - Up +$11,104.29!.txt",3149,True,True,0.9842,0.0158,13,SCRN-001_news_catalyst|SCRN-004_price_range|ENTR-002_fcnh|ENTR-003_dollar_levels|ENTR-004_micro_pullback|ENTR-009_topping_tails|STOP-003_fifty_pct_daily_stop|PROF-002_scale_out|PROF-003_daily_goals|PROF-004_size_up_hot|PROF-005_cold_market|MKTCOND-002_leading_gapper|TIMING-003_midday_dead
Halloween Green! Ross's Trade Recap.txt,1100,False,False,0.9842,0.0158,8,ENTR-003_dollar_levels|ENTR-004_micro_pullback|STOP-003_fifty_pct_daily_stop|PROF-004_size_up_hot|PROF-005_cold_market|MKTCOND-002_leading_gapper|MKTCOND-005_seasonal|TIMING-002_opening_range
LIVE Day Trading Morning Show with Ross [1bOSP_Tz7_g].txt,5004,True,True,0.9842,0.0158,16,SCRN-001_news_catalyst|SCRN-003_float|SCRN-004_price_range|SCRN-005_daily_chart_room|SCRN-006_reverse_splits|ENTR-003_dollar_levels|STOP-007_position_stop|PROF-001_dont_cap_green|PROF-003_daily_goals|PROF-004_size_up_hot|PROF-005_cold_market|MKTCOND-002_leading_gapper|MKTCOND-004_overall_market|MKTCOND-005_seasonal|TIMING-002_opening_range|TIMING-003_midday_dead
MAX LOSS [AiDOXX4DhVM].txt,5603,True,True,0.9842,0.0158,21,SCRN-001_news_catalyst|SCRN-003_float|SCRN-004_price_range|SCRN-005_daily_chart_room|SCRN-009_short_interest|SCRN-010_front_back_side|ENTR-001_macd_gate|ENTR-005_vwap|STOP-001_macd_hands_off|STOP-003_fifty_pct_daily_stop|STOP-007_position_stop|PROF-003_daily_goals|PROF-005_cold_market|PROF-006_start_small|MKTCOND-002_leading_gapper|TIMING-001_premarket_watch|TIMING-002_opening_range|TIMING-003_midday_dead|TIMING-004_no_trade_days|TIMING-005_session_length|TIMING-006_power_hour
Red on the first trade....Red on the last trade.txt,2294,True,True,0.9842,0.0158,9,SCRN-001_news_catalyst|SCRN-004_price_range|SCRN-005_daily_chart_room|ENTR-004_micro_pullback|STOP-003_fifty_pct_daily_stop|STOP-004_thirty_pct_soft_stop|PROF-001_dont_cap_green|PROF-003_daily_goals|MKTCOND-003_cheap_gappers
TODAY We Had A 308% Short Squeeze!!.txt,2849,True,True,0.9842,0.0158,11,SCRN-001_news_catalyst|ENTR-001_macd_gate|ENTR-004_micro_pullback|ENTR-008_double_bottom|STOP-001_macd_hands_off|STOP-006_halt_offering|PROF-006_start_small|MKTCOND-002_leading_gapper|MKTCOND-005_seasonal|TIMING-001_premarket_watch|TIMING-002_opening_range
Trading On The Go! Ross' Trade Recap.txt,2822,True,True,0.9842,0.0158,10,SCRN-001_news_catalyst|SCRN-003_float|SCRN-004_price_range|SCRN-005_daily_chart_room|ENTR-002_fcnh|ENTR-004_micro_pullback|STOP-003_fifty_pct_daily_stop|MKTCOND-003_cheap_gappers|MKTCOND-004_overall_market|TIMING-003_midday_dead
3 Stocks Breaking 100% in Gains TODAY.txt,3213,True,True,0.9841,0.0159,14,SCRN-001_news_catalyst|SCRN-003_float|SCRN-005_daily_chart_room|SCRN-006_reverse_splits|SCRN-009_short_interest|ENTR-004_micro_pullback|ENTR-005_vwap|ENTR-007_order_spoofing|ENTR-009_topping_tails|STOP-004_thirty_pct_soft_stop|STOP-007_position_stop|TIMING-001_premarket_watch|TIMING-002_opening_range|TIMING-006_power_hour
"Day 34 of the $100k Challenge +$8,053.20.txt",6936,True,True,0.9841,0.0159,14,SCRN-001_news_catalyst|SCRN-003_float|SCRN-005_daily_chart_room|ENTR-002_fcnh|ENTR-003_dollar_levels|ENTR-006_bull_flag|STOP-007_position_stop|PROF-004_size_up_hot|PROF-005_cold_market|MKTCOND-004_overall_market|MKTCOND-005_seasonal|TIMING-001_premarket_watch|TIMING-002_opening_range|TIMING-003_midday_dead
Going Long & Short Ross' Trade Recap.txt,3172,True,True,0.9841,0.0159,12,SCRN-001_news_catalyst|SCRN-005_daily_chart_room|SCRN-009_short_interest|SCRN-010_front_back_side|ENTR-004_micro_pullback|STOP-003_fifty_pct_daily_stop|STOP-005_fifty_pct_retrace|PROF-001_dont_cap_green|MKTCOND-002_leading_gapper|TIMING-001_premarket_watch|TIMING-003_midday_dead|TIMING-005_session_length
How Losing the RIGHT WAY = Winning at Day Trading.txt,12082,True,True,0.9841,0.0159,19,SCRN-001_news_catalyst|SCRN-002_relative_volume|SCRN-003_float|SCRN-005_daily_chart_room|SCRN-010_front_back_side|ENTR-004_micro_pullback|STOP-003_fifty_pct_daily_stop|STOP-004_thirty_pct_soft_stop|STOP-006_halt_offering|STOP-007_position_stop|PROF-001_dont_cap_green|PROF-002_scale_out|PROF-003_daily_goals|PROF-004_size_up_hot|PROF-005_cold_market|MKTCOND-001_cold_hot_framework|MKTCOND-004_overall_market|TIMING-002_opening_range|TIMING-003_midday_dead
How to Scalp Trade (with ZERO experience).txt,19377,True,True,0.9841,0.0159,23,SCRN-001_news_catalyst|SCRN-002_relative_volume|SCRN-003_float|SCRN-004_price_range|SCRN-005_daily_chart_room|SCRN-009_short_interest|ENTR-002_fcnh|ENTR-003_dollar_levels|ENTR-004_micro_pullback|ENTR-005_vwap|ENTR-006_bull_flag|STOP-002_ema_cross|STOP-003_fifty_pct_daily_stop|STOP-004_thirty_pct_soft_stop|STOP-006_halt_offering|PROF-001_dont_cap_green|PROF-002_scale_out|PROF-004_size_up_hot|MKTCOND-002_leading_gapper|MKTCOND-003_cheap_gappers|MKTCOND-004_overall_market|TIMING-001_premarket_watch|TIMING-003_midday_dead
LIVE Day Trading Morning Show with Ross Cameron [2eGpJ_W2BjI].txt,4799,True,True,0.9841,0.0159,15,SCRN-001_news_catalyst|SCRN-003_float|SCRN-006_reverse_splits|ENTR-003_dollar_levels|ENTR-004_micro_pullback|ENTR-008_double_bottom|STOP-006_halt_offering|STOP-007_position_stop|PROF-004_size_up_hot|MKTCOND-001_cold_hot_framework|MKTCOND-002_leading_gapper|MKTCOND-003_cheap_gappers|MKTCOND-005_seasonal|TIMING-001_premarket_watch|TIMING-002_opening_range
NOOO! The Winning Streak is Over.txt,3278,True,True,0.9841,0.0159,11,SCRN-003_float|SCRN-005_daily_chart_room|ENTR-002_fcnh|ENTR-003_dollar_levels|ENTR-004_micro_pullback|STOP-006_halt_offering|PROF-003_daily_goals|MKTCOND-002_leading_gapper|MKTCOND-003_cheap_gappers|TIMING-002_opening_range|TIMING-003_midday_dead
Red Day Recap Day Trading Recap by Ross Cameron.txt,2634,True,True,0.9841,0.0159,9,SCRN-005_daily_chart_room|ENTR-002_fcnh|STOP-003_fifty_pct_daily_stop|STOP-007_position_stop|PROF-005_cold_market|MKTCOND-001_cold_hot_framework|MKTCOND-004_overall_market|TIMING-001_premarket_watch|TIMING-002_opening_range
Red Day Recap on Day 26!.txt,2258,True,True,0.9841,0.0159,10,SCRN-001_news_catalyst|SCRN-005_daily_chart_room|SCRN-010_front_back_side|ENTR-002_fcnh|ENTR-003_dollar_levels|PROF-001_dont_cap_green|MKTCOND-002_leading_gapper|MKTCOND-004_overall_market|TIMING-001_premarket_watch|TIMING-003_midday_dead
Waiting For Momentum Ross' Trade Recap.txt,4501,True,True,0.9841,0.0159,13,SCRN-001_news_catalyst|SCRN-003_float|SCRN-004_price_range|SCRN-006_reverse_splits|SCRN-009_short_interest|ENTR-003_dollar_levels|ENTR-004_micro_pullback|STOP-003_fifty_pct_daily_stop|MKTCOND-001_cold_hot_framework|MKTCOND-002_leading_gapper|MKTCOND-003_cheap_gappers|MKTCOND-005_seasonal|TIMING-003_midday_dead
$NXTP +212% +$5k.txt,5483,True,True,0.984,0.016,14,SCRN-001_news_catalyst|SCRN-004_price_range|SCRN-005_daily_chart_room|SCRN-006_reverse_splits|ENTR-001_macd_gate|ENTR-004_micro_pullback|ENTR-005_vwap|STOP-001_macd_hands_off|STOP-004_thirty_pct_soft_stop|STOP-007_position_stop|TIMING-001_premarket_watch|TIMING-002_opening_range|TIMING-003_midday_dead|TIMING-006_power_hour
+$17k then -15k = 1.6k Ross's Trade Recap.txt,1930,True,True,0.984,0.016,10,SCRN-001_news_catalyst|SCRN-004_price_range|ENTR-002_fcnh|ENTR-003_dollar_levels|ENTR-005_vwap|STOP-003_fifty_pct_daily_stop|STOP-007_position_stop|PROF-003_daily_goals|MKTCOND-004_overall_market|TIMING-003_midday_dead
Day 19 of the Small Account Challenge +$7499.12 $RGSE.txt,7920,True,True,0.984,0.016,19,SCRN-001_news_catalyst|SCRN-003_float|SCRN-004_price_range|SCRN-005_daily_chart_room|SCRN-006_reverse_splits|SCRN-009_short_interest|ENTR-002_fcnh|ENTR-003_dollar_levels|STOP-007_position_stop|PROF-001_dont_cap_green|PROF-002_scale_out|PROF-003_daily_goals|PROF-005_cold_market|MKTCOND-001_cold_hot_framework|MKTCOND-002_leading_gapper|MKTCOND-005_seasonal|TIMING-001_premarket_watch|TIMING-003_midday_dead|TIMING-006_power_hour
Day Trading Biotech & Tech Stocks.txt,2997,True,True,0.984,0.016,10,SCRN-001_news_catalyst|SCRN-003_float|ENTR-003_dollar_levels|ENTR-004_micro_pullback|STOP-003_fifty_pct_daily_stop|PROF-003_daily_goals|PROF-004_size_up_hot|PROF-006_start_small|TIMING-002_opening_range|TIMING-006_power_hour
Market's -10% I'm +$10k Ross's Trade Recap.txt,3483,True,True,0.984,0.016,11,SCRN-003_float|ENTR-002_fcnh|ENTR-003_dollar_levels|ENTR-004_micro_pullback|STOP-003_fifty_pct_daily_stop|PROF-002_scale_out|MKTCOND-001_cold_hot_framework|MKTCOND-002_leading_gapper|MKTCOND-004_overall_market|TIMING-002_opening_range|TIMING-003_midday_dead
WATCH LIST for MONDAY (Day 4 Small Account Challenge).txt,2595,True,True,0.984,0.016,9,SCRN-001_news_catalyst|SCRN-003_float|SCRN-004_price_range|SCRN-005_daily_chart_room|STOP-005_fifty_pct_retrace|MKTCOND-001_cold_hot_framework|MKTCOND-003_cheap_gappers|MKTCOND-005_seasonal|TIMING-006_power_hour
"Finishing Feb in the Red, but still green in 2018!.txt",3471,True,True,0.9839,0.0161,11,SCRN-001_news_catalyst|SCRN-003_float|SCRN-004_price_range|ENTR-002_fcnh|ENTR-009_topping_tails|STOP-003_fifty_pct_daily_stop|STOP-007_position_stop|PROF-002_scale_out|MKTCOND-002_leading_gapper|TIMING-002_opening_range|TIMING-003_midday_dead
"Great Opportunities in The Market +$6,675! Ross' Trade Recap.txt",831,False,False,0.9839,0.0161,5,SCRN-003_float|ENTR-003_dollar_levels|STOP-003_fifty_pct_daily_stop|TIMING-003_midday_dead|TIMING-006_power_hour
LIVE Day Trading Morning Show with Ross Cameron [xyxGSiBQgcU].txt,4218,True,True,0.9839,0.0161,14,SCRN-003_float|SCRN-005_daily_chart_room|SCRN-009_short_interest|ENTR-002_fcnh|ENTR-003_dollar_levels|ENTR-004_micro_pullback|STOP-003_fifty_pct_daily_stop|STOP-006_halt_offering|PROF-005_cold_market|MKTCOND-002_leading_gapper|MKTCOND-003_cheap_gappers|MKTCOND-005_seasonal|TIMING-001_premarket_watch|TIMING-002_opening_range
Red Day III The Revenge of The Choppy Market.txt,2784,True,True,0.9839,0.0161,10,SCRN-001_news_catalyst|SCRN-005_daily_chart_room|SCRN-009_short_interest|ENTR-002_fcnh|ENTR-003_dollar_levels|PROF-001_dont_cap_green|PROF-002_scale_out|TIMING-002_opening_range|TIMING-003_midday_dead|TIMING-005_session_length
+$7K Win For The Day Ross' Trade Recap.txt,2927,True,True,0.9838,0.0162,12,SCRN-003_float|SCRN-004_price_range|ENTR-003_dollar_levels|ENTR-004_micro_pullback|STOP-003_fifty_pct_daily_stop|STOP-005_fifty_pct_retrace|PROF-002_scale_out|PROF-003_daily_goals|MKTCOND-002_leading_gapper|TIMING-002_opening_range|TIMING-003_midday_dead|TIMING-005_session_length
19th Green Day +$4k Ross's Trade Recap.txt,3469,True,True,0.9838,0.0162,12,SCRN-004_price_range|ENTR-002_fcnh|ENTR-003_dollar_levels|ENTR-004_micro_pullback|ENTR-006_bull_flag|STOP-003_fifty_pct_daily_stop|STOP-004_thirty_pct_soft_stop|PROF-001_dont_cap_green|PROF-005_cold_market|MKTCOND-005_seasonal|TIMING-002_opening_range|TIMING-003_midday_dead
"Day 17 +$1,300.73 Small Account Challenge Ep 23.txt",6001,True,True,0.9838,0.0162,16,SCRN-001_news_catalyst|SCRN-003_float|SCRN-004_price_range|SCRN-005_daily_chart_room|ENTR-002_fcnh|ENTR-003_dollar_levels|ENTR-004_micro_pullback|STOP-003_fifty_pct_daily_stop|STOP-007_position_stop|PROF-001_dont_cap_green|PROF-002_scale_out|PROF-003_daily_goals|MKTCOND-002_leading_gapper|MKTCOND-005_seasonal|TIMING-001_premarket_watch|TIMING-003_midday_dead
"Ending The Month on a Red Day -$1,400 Ross' Trade Recap.txt",3104,True,True,0.9838,0.0162,12,SCRN-001_news_catalyst|SCRN-004_price_range|SCRN-009_short_interest|ENTR-003_dollar_levels|ENTR-004_micro_pullback|STOP-003_fifty_pct_daily_stop|PROF-001_dont_cap_green|PROF-003_daily_goals|MKTCOND-002_leading_gapper|MKTCOND-004_overall_market|TIMING-002_opening_range|TIMING-003_midday_dead
"Huge Trading Loss! -$13,292.99.txt",3885,True,True,0.9838,0.0162,14,SCRN-001_news_catalyst|SCRN-003_float|SCRN-004_price_range|SCRN-006_reverse_splits|SCRN-009_short_interest|ENTR-002_fcnh|ENTR-003_dollar_levels|ENTR-007_order_spoofing|STOP-003_fifty_pct_daily_stop|PROF-001_dont_cap_green|PROF-002_scale_out|MKTCOND-003_cheap_gappers|MKTCOND-005_seasonal|TIMING-003_midday_dead
I MISSED a 689% Short Squeeze.txt,6195,True,True,0.9838,0.0162,20,SCRN-001_news_catalyst|SCRN-003_float|SCRN-005_daily_chart_room|SCRN-007_foreign_stocks|SCRN-008_sector_theme|SCRN-010_front_back_side|ENTR-001_macd_gate|ENTR-003_dollar_levels|ENTR-004_micro_pullback|ENTR-005_vwap|STOP-001_macd_hands_off|STOP-003_fifty_pct_daily_stop|STOP-004_thirty_pct_soft_stop|STOP-007_position_stop|PROF-003_daily_goals|PROF-004_size_up_hot|MKTCOND-002_leading_gapper|MKTCOND-005_seasonal|TIMING-001_premarket_watch|TIMING-002_opening_range
Leaving Boston +$767.33.txt,1906,True,True,0.9838,0.0162,7,SCRN-003_float|ENTR-002_fcnh|ENTR-003_dollar_levels|MKTCOND-002_leading_gapper|MKTCOND-003_cheap_gappers|TIMING-002_opening_range|TIMING-003_midday_dead
4th Green Day in a Row!.txt,3034,True,True,0.9837,0.0163,13,SCRN-001_news_catalyst|SCRN-003_float|SCRN-004_price_range|SCRN-010_front_back_side|ENTR-003_dollar_levels|ENTR-009_topping_tails|STOP-001_macd_hands_off|STOP-003_fifty_pct_daily_stop|PROF-004_size_up_hot|MKTCOND-002_leading_gapper|MKTCOND-005_seasonal|TIMING-003_midday_dead|TIMING-006_power_hour
Biggest Green Day In Over A Week!!.txt,2411,True,True,0.9837,0.0163,9,SCRN-001_news_catalyst|SCRN-003_float|SCRN-004_price_range|SCRN-007_foreign_stocks|ENTR-004_micro_pullback|ENTR-005_vwap|STOP-004_thirty_pct_soft_stop|PROF-005_cold_market|TIMING-005_session_length
Biggest Green Day of The Month! Ross' Trade Recap.txt,2275,True,True,0.9837,0.0163,8,SCRN-001_news_catalyst|SCRN-003_float|ENTR-002_fcnh|ENTR-003_dollar_levels|STOP-003_fifty_pct_daily_stop|MKTCOND-002_leading_gapper|TIMING-001_premarket_watch|TIMING-003_midday_dead
Day 1 - LIVE Day Trading from the All Star Traders Summit 2022 #daytrading.txt,3604,True,True,0.9837,0.0163,12,SCRN-001_news_catalyst|SCRN-004_price_range|SCRN-005_daily_chart_room|SCRN-010_front_back_side|ENTR-002_fcnh|ENTR-004_micro_pullback|ENTR-007_order_spoofing|PROF-001_dont_cap_green|MKTCOND-002_leading_gapper|MKTCOND-003_cheap_gappers|TIMING-001_premarket_watch|TIMING-002_opening_range
Day Trading Recap NASDAQ $BBLG +87%.txt,5249,True,True,0.9837,0.0163,16,SCRN-001_news_catalyst|SCRN-002_relative_volume|SCRN-003_float|SCRN-004_price_range|ENTR-002_fcnh|ENTR-004_micro_pullback|ENTR-009_topping_tails|STOP-003_fifty_pct_daily_stop|STOP-007_position_stop|PROF-003_daily_goals|PROF-004_size_up_hot|PROF-005_cold_market|MKTCOND-002_leading_gapper|TIMING-001_premarket_watch|TIMING-002_opening_range|TIMING-004_no_trade_days
"Time To Be Aggressive +$8,047 Ross' Trade Recap.txt",1535,True,True,0.9837,0.0163,8,SCRN-003_float|SCRN-005_daily_chart_room|ENTR-003_dollar_levels|STOP-003_fifty_pct_daily_stop|PROF-003_daily_goals|MKTCOND-003_cheap_gappers|TIMING-002_opening_range|TIMING-003_midday_dead
Trade Recap Time to Get Away.txt,5004,True,True,0.9837,0.0163,16,SCRN-001_news_catalyst|SCRN-003_float|SCRN-004_price_range|SCRN-005_daily_chart_room|SCRN-006_reverse_splits|SCRN-009_short_interest|ENTR-002_fcnh|ENTR-003_dollar_levels|ENTR-009_topping_tails|STOP-003_fifty_pct_daily_stop|PROF-001_dont_cap_green|PROF-003_daily_goals|PROF-005_cold_market|TIMING-002_opening_range|TIMING-003_midday_dead|TIMING-005_session_length
"Turning $583 into $500,000.00 Small Account Challenge.txt",3679,True,True,0.9837,0.0163,16,SCRN-001_news_catalyst|SCRN-003_float|SCRN-004_price_range|SCRN-010_front_back_side|ENTR-002_fcnh|ENTR-003_dollar_levels|ENTR-006_bull_flag|ENTR-009_topping_tails|STOP-007_position_stop|PROF-004_size_up_hot|MKTCOND-002_leading_gapper|MKTCOND-004_overall_market|MKTCOND-005_seasonal|TIMING-001_premarket_watch|TIMING-003_midday_dead|TIMING-006_power_hour
WHAT A DAY!!.txt,2814,True,True,0.9837,0.0163,11,SCRN-001_news_catalyst|SCRN-003_float|SCRN-005_daily_chart_room|ENTR-004_micro_pullback|STOP-003_fifty_pct_daily_stop|STOP-007_position_stop|PROF-002_scale_out|PROF-006_start_small|TIMING-001_premarket_watch|TIMING-003_midday_dead|TIMING-006_power_hour
+$1.5k on (NASDAQ APOP and RCAT) Day Trading Recap by Ross Cameron.txt,1041,False,False,0.9836,0.0164,4,SCRN-005_daily_chart_room|STOP-003_fifty_pct_daily_stop|PROF-001_dont_cap_green|TIMING-001_premarket_watch
+$40k in 1 Hour of Trading! Ross's Trade Recap.txt,2055,True,True,0.9836,0.0164,10,SCRN-001_news_catalyst|SCRN-004_price_range|ENTR-002_fcnh|ENTR-003_dollar_levels|ENTR-004_micro_pullback|STOP-003_fifty_pct_daily_stop|PROF-001_dont_cap_green|PROF-005_cold_market|MKTCOND-001_cold_hot_framework|TIMING-002_opening_range
-$11k FML I Need to Trade the Market I’m in....txt,4023,True,True,0.9836,0.0164,14,SCRN-003_float|SCRN-004_price_range|SCRN-009_short_interest|ENTR-002_fcnh|ENTR-003_dollar_levels|ENTR-006_bull_flag|ENTR-009_topping_tails|STOP-003_fifty_pct_daily_stop|PROF-002_scale_out|PROF-004_size_up_hot|PROF-005_cold_market|MKTCOND-001_cold_hot_framework|TIMING-002_opening_range|TIMING-003_midday_dead
Friday Short Squeeze!.txt,3814,True,True,0.9836,0.0164,15,SCRN-001_news_catalyst|SCRN-003_float|SCRN-009_short_interest|ENTR-001_macd_gate|ENTR-003_dollar_levels|ENTR-005_vwap|ENTR-008_double_bottom|ENTR-009_topping_tails|STOP-006_halt_offering|PROF-003_daily_goals|PROF-006_start_small|MKTCOND-005_seasonal|TIMING-002_opening_range|TIMING-003_midday_dead|TIMING-006_power_hour
Shares of Reborn Coffee ($REBN) went up over 100% in 60 Minutes!.txt,4275,True,True,0.9836,0.0164,16,SCRN-001_news_catalyst|SCRN-003_float|SCRN-004_price_range|SCRN-005_daily_chart_room|SCRN-006_reverse_splits|ENTR-005_vwap|ENTR-009_topping_tails|STOP-003_fifty_pct_daily_stop|STOP-004_thirty_pct_soft_stop|STOP-007_position_stop|PROF-001_dont_cap_green|PROF-003_daily_goals|MKTCOND-002_leading_gapper|TIMING-001_premarket_watch|TIMING-002_opening_range|TIMING-003_midday_dead
"Six Consecutive Green Days +$1,800! Ross' Trade Recap.txt",1694,True,True,0.9836,0.0164,8,SCRN-004_price_range|SCRN-005_daily_chart_room|ENTR-002_fcnh|ENTR-004_micro_pullback|PROF-002_scale_out|PROF-003_daily_goals|TIMING-001_premarket_watch|TIMING-003_midday_dead
"Too Many False Breakouts -$2,500 Ross' Trade Recap.txt",2246,True,True,0.9836,0.0164,9,SCRN-003_float|ENTR-003_dollar_levels|ENTR-004_micro_pullback|STOP-003_fifty_pct_daily_stop|STOP-007_position_stop|PROF-002_scale_out|PROF-003_daily_goals|TIMING-001_premarket_watch|TIMING-003_midday_dead
"Year in Review 2023 +$306,548.41 Day Trading Momentum Strategies.txt",11206,True,True,0.9836,0.0164,22,SCRN-001_news_catalyst|SCRN-002_relative_volume|SCRN-003_float|SCRN-004_price_range|SCRN-005_daily_chart_room|SCRN-007_foreign_stocks|SCRN-010_front_back_side|ENTR-004_micro_pullback|ENTR-005_vwap|STOP-001_macd_hands_off|STOP-003_fifty_pct_daily_stop|STOP-007_position_stop|PROF-004_size_up_hot|PROF-005_cold_market|MKTCOND-001_cold_hot_framework|MKTCOND-002_leading_gapper|MKTCOND-005_seasonal|TIMING-001_premarket_watch|TIMING-002_opening_range|TIMING-003_midday_dead|TIMING-005_session_length|TIMING-006_power_hour
$KALA +300% with an active S3.txt,2565,True,True,0.9835,0.0165,8,SCRN-001_news_catalyst|SCRN-006_reverse_splits|SCRN-009_short_interest|STOP-006_halt_offering|PROF-004_size_up_hot|TIMING-001_premarket_watch|TIMING-002_opening_range|TIMING-006_power_hour
+$55K in The Last 12 Days! Ross' Trade Recap.txt,3085,True,True,0.9835,0.0165,11,SCRN-001_news_catalyst|SCRN-004_price_range|SCRN-006_reverse_splits|ENTR-002_fcnh|ENTR-003_dollar_levels|ENTR-004_micro_pullback|STOP-003_fifty_pct_daily_stop|PROF-002_scale_out|MKTCOND-005_seasonal|TIMING-002_opening_range|TIMING-003_midday_dead
Day 2 Continuation on Firefly Neroscience ($AIFF).txt,3071,True,True,0.9835,0.0165,13,SCRN-001_news_catalyst|SCRN-003_float|SCRN-004_price_range|SCRN-008_sector_theme|ENTR-005_vwap|PROF-003_daily_goals|PROF-004_size_up_hot|PROF-005_cold_market|MKTCOND-001_cold_hot_framework|MKTCOND-005_seasonal|TIMING-001_premarket_watch|TIMING-002_opening_range|TIMING-006_power_hour
"Day Trading GameStop, AMC & Meme Stocks.txt",4461,True,True,0.9835,0.0165,13,SCRN-001_news_catalyst|SCRN-003_float|SCRN-009_short_interest|ENTR-003_dollar_levels|ENTR-004_micro_pullback|ENTR-007_order_spoofing|STOP-006_halt_offering|PROF-004_size_up_hot|PROF-005_cold_market|PROF-006_start_small|TIMING-001_premarket_watch|TIMING-002_opening_range|TIMING-006_power_hour
Is Bitcoin Driving Stock Market Momentum.txt,2953,True,True,0.9835,0.0165,11,SCRN-001_news_catalyst|SCRN-003_float|ENTR-004_micro_pullback|ENTR-006_bull_flag|STOP-003_fifty_pct_daily_stop|STOP-004_thirty_pct_soft_stop|PROF-001_dont_cap_green|PROF-003_daily_goals|MKTCOND-003_cheap_gappers|TIMING-002_opening_range|TIMING-003_midday_dead
Slow Trading Day -$886 Ross' Trade Recap.txt,1690,True,True,0.9835,0.0165,10,SCRN-001_news_catalyst|SCRN-004_price_range|SCRN-006_reverse_splits|ENTR-003_dollar_levels|ENTR-009_topping_tails|STOP-003_fifty_pct_daily_stop|PROF-003_daily_goals|PROF-005_cold_market|MKTCOND-005_seasonal|TIMING-001_premarket_watch
Starting Off March Red -$8K Ross Trade Recap.txt,3743,True,True,0.9835,0.0165,12,SCRN-001_news_catalyst|SCRN-003_float|SCRN-004_price_range|SCRN-005_daily_chart_room|SCRN-006_reverse_splits|ENTR-002_fcnh|ENTR-003_dollar_levels|ENTR-004_micro_pullback|ENTR-009_topping_tails|STOP-003_fifty_pct_daily_stop|MKTCOND-002_leading_gapper|TIMING-003_midday_dead
"Wild Card Friday +$3,837! Ross' Trade Recap.txt",2073,True,True,0.9835,0.0165,8,SCRN-001_news_catalyst|SCRN-003_float|SCRN-004_price_range|SCRN-005_daily_chart_room|SCRN-009_short_interest|ENTR-003_dollar_levels|TIMING-002_opening_range|TIMING-003_midday_dead
-$1.6k Trading 16 stocks Ross's Trade Recap.txt,5238,True,True,0.9834,0.0166,12,SCRN-001_news_catalyst|SCRN-004_price_range|ENTR-002_fcnh|ENTR-003_dollar_levels|ENTR-004_micro_pullback|ENTR-008_double_bottom|MKTCOND-002_leading_gapper|MKTCOND-004_overall_market|MKTCOND-005_seasonal|TIMING-001_premarket_watch|TIMING-002_opening_range|TIMING-003_midday_dead
2 Trades & 2 Winners on the Traveling Trading Station.txt,1436,False,False,0.9834,0.0166,7,SCRN-003_float|PROF-005_cold_market|MKTCOND-001_cold_hot_framework|TIMING-001_premarket_watch|TIMING-002_opening_range|TIMING-003_midday_dead|TIMING-005_session_length
Day 88 +$3.9k with ANOTHER 70% Short Squeeze!.txt,2266,True,True,0.9834,0.0166,10,SCRN-001_news_catalyst|SCRN-003_float|ENTR-004_micro_pullback|ENTR-006_bull_flag|STOP-003_fifty_pct_daily_stop|PROF-001_dont_cap_green|PROF-005_cold_market|MKTCOND-002_leading_gapper|TIMING-001_premarket_watch|TIMING-002_opening_range
Day Trading Morning Show with Ross Cameron [XtSr2deWlbw].txt,2390,True,True,0.9834,0.0166,9,SCRN-001_news_catalyst|SCRN-010_front_back_side|ENTR-009_topping_tails|STOP-001_macd_hands_off|STOP-003_fifty_pct_daily_stop|MKTCOND-002_leading_gapper|MKTCOND-004_overall_market|MKTCOND-005_seasonal|TIMING-002_opening_range
The Hot Streak Continues Ross' Trade Recap.txt,3004,True,True,0.9834,0.0166,10,SCRN-004_price_range|ENTR-003_dollar_levels|ENTR-004_micro_pullback|STOP-003_fifty_pct_daily_stop|MKTCOND-003_cheap_gappers|MKTCOND-004_overall_market|MKTCOND-005_seasonal|TIMING-001_premarket_watch|TIMING-002_opening_range|TIMING-003_midday_dead
[LIVE] DAY TRADING Morning Show 9 00 - 9 30am ET with Ross Cameron [7c5AyEAXJ_0].txt,428,False,False,0.9834,0.0166,4,SCRN-001_news_catalyst|SCRN-005_daily_chart_room|ENTR-004_micro_pullback|TIMING-002_opening_range
[LIVE] DAY TRADING Morning Show 9 00 - 9 30am ET with Ross Cameron [CxvevTGzuCY].txt,2424,True,True,0.9834,0.0166,10,SCRN-004_price_range|SCRN-005_daily_chart_room|ENTR-003_dollar_levels|ENTR-007_order_spoofing|ENTR-008_double_bottom|ENTR-009_topping_tails|STOP-003_fifty_pct_daily_stop|PROF-006_start_small|TIMING-001_premarket_watch|TIMING-002_opening_range
Caught in Two Halts Going Down Ross's Trade Recap.txt,3612,True,True,0.9833,0.0167,11,SCRN-001_news_catalyst|SCRN-003_float|ENTR-002_fcnh|ENTR-003_dollar_levels|STOP-003_fifty_pct_daily_stop|STOP-006_halt_offering|STOP-007_position_stop|PROF-002_scale_out|MKTCOND-003_cheap_gappers|TIMING-001_premarket_watch|TIMING-002_opening_range
Day 9 of the Small Account Challenge +$799.18 $BIOP $NAKD.txt,5765,True,True,0.9833,0.0167,13,SCRN-001_news_catalyst|SCRN-002_relative_volume|SCRN-003_float|ENTR-002_fcnh|ENTR-006_bull_flag|STOP-006_halt_offering|PROF-003_daily_goals|PROF-004_size_up_hot|MKTCOND-002_leading_gapper|TIMING-001_premarket_watch|TIMING-002_opening_range|TIMING-003_midday_dead|TIMING-006_power_hour
Israeli Defense Stock Squeezes 75% on Breaking News.txt,4012,True,True,0.9833,0.0167,15,SCRN-001_news_catalyst|SCRN-008_sector_theme|SCRN-009_short_interest|ENTR-001_macd_gate|ENTR-002_fcnh|ENTR-005_vwap|STOP-003_fifty_pct_daily_stop|PROF-001_dont_cap_green|PROF-004_size_up_hot|PROF-005_cold_market|MKTCOND-001_cold_hot_framework|TIMING-002_opening_range|TIMING-003_midday_dead|TIMING-004_no_trade_days|TIMING-005_session_length
My Worst Trading Day In a Week Ross's Trade Recap.txt,4652,True,True,0.9833,0.0167,17,SCRN-001_news_catalyst|SCRN-003_float|SCRN-004_price_range|ENTR-002_fcnh|ENTR-003_dollar_levels|ENTR-004_micro_pullback|ENTR-005_vwap|ENTR-008_double_bottom|STOP-003_fifty_pct_daily_stop|STOP-007_position_stop|PROF-001_dont_cap_green|PROF-002_scale_out|MKTCOND-002_leading_gapper|MKTCOND-005_seasonal|TIMING-001_premarket_watch|TIMING-002_opening_range|TIMING-003_midday_dead
+$47k Trading the Momentum on $BBIG and $ADTX - Day Trading Recap by Ross Cameron.txt,3662,True,True,0.9832,0.0168,14,SCRN-002_relative_volume|SCRN-004_price_range|ENTR-005_vwap|ENTR-009_topping_tails|STOP-003_fifty_pct_daily_stop|PROF-003_daily_goals|PROF-005_cold_market|MKTCOND-001_cold_hot_framework|MKTCOND-002_leading_gapper|MKTCOND-005_seasonal|TIMING-001_premarket_watch|TIMING-002_opening_range|TIMING-003_midday_dead|TIMING-006_power_hour
After Two Big Days in a ROW I can't WAIT for Tomorrow!.txt,3217,True,True,0.9832,0.0168,15,SCRN-005_daily_chart_room|ENTR-003_dollar_levels|ENTR-004_micro_pullback|ENTR-006_bull_flag|ENTR-009_topping_tails|STOP-003_fifty_pct_daily_stop|STOP-004_thirty_pct_soft_stop|PROF-001_dont_cap_green|PROF-004_size_up_hot|PROF-006_start_small|TIMING-001_premarket_watch|TIMING-002_opening_range|TIMING-003_midday_dead|TIMING-005_session_length|TIMING-006_power_hour
Case of The Mondays -$5K Ross' Trade Recap.txt,2585,True,True,0.9832,0.0168,10,SCRN-001_news_catalyst|SCRN-003_float|SCRN-004_price_range|SCRN-005_daily_chart_room|ENTR-002_fcnh|ENTR-003_dollar_levels|STOP-003_fifty_pct_daily_stop|STOP-007_position_stop|PROF-003_daily_goals|TIMING-003_midday_dead
"Day 11 of the Small Account Challenge +$615.85 plus $7,391.91 on $GLBS.txt",3772,True,True,0.9832,0.0168,11,SCRN-001_news_catalyst|SCRN-002_relative_volume|SCRN-003_float|SCRN-005_daily_chart_room|ENTR-002_fcnh|ENTR-003_dollar_levels|STOP-003_fifty_pct_daily_stop|STOP-007_position_stop|PROF-004_size_up_hot|TIMING-002_opening_range|TIMING-003_midday_dead
VVOS +178% plus momentum on $JSPR $KALA and $AMV.txt,1672,True,True,0.9832,0.0168,8,SCRN-003_float|STOP-003_fifty_pct_daily_stop|PROF-001_dont_cap_green|PROF-003_daily_goals|PROF-005_cold_market|TIMING-001_premarket_watch|TIMING-002_opening_range|TIMING-003_midday_dead
$NUTX +165% Day Trading Recap by Ross Cameron.txt,4136,True,True,0.9831,0.0169,13,SCRN-001_news_catalyst|SCRN-003_float|SCRN-004_price_range|SCRN-005_daily_chart_room|SCRN-010_front_back_side|ENTR-004_micro_pullback|ENTR-009_topping_tails|STOP-001_macd_hands_off|PROF-004_size_up_hot|PROF-005_cold_market|MKTCOND-002_leading_gapper|TIMING-002_opening_range|TIMING-003_midday_dead
Close Call Trading Ross' Trade Recap.txt,4608,True,True,0.9831,0.0169,14,SCRN-001_news_catalyst|SCRN-004_price_range|SCRN-005_daily_chart_room|SCRN-006_reverse_splits|ENTR-003_dollar_levels|STOP-003_fifty_pct_daily_stop|PROF-001_dont_cap_green|MKTCOND-002_leading_gapper|MKTCOND-003_cheap_gappers|MKTCOND-004_overall_market|MKTCOND-005_seasonal|TIMING-001_premarket_watch|TIMING-002_opening_range|TIMING-003_midday_dead
LIVE Day Trading Recap $EAR.txt,3077,True,True,0.9831,0.0169,13,ENTR-002_fcnh|ENTR-003_dollar_levels|ENTR-004_micro_pullback|ENTR-009_topping_tails|PROF-002_scale_out|PROF-003_daily_goals|PROF-005_cold_market|PROF-006_start_small|MKTCOND-002_leading_gapper|TIMING-001_premarket_watch|TIMING-002_opening_range|TIMING-003_midday_dead|TIMING-005_session_length
September in Review +$160k! Day Trading Recap by Ross Cameron.txt,4534,True,True,0.9831,0.0169,9,SCRN-001_news_catalyst|SCRN-002_relative_volume|SCRN-004_price_range|ENTR-004_micro_pullback|STOP-007_position_stop|PROF-005_cold_market|MKTCOND-004_overall_market|MKTCOND-005_seasonal|TIMING-003_midday_dead
The Right Time To Be Aggressive +$16K! Ross' Trade Recap.txt,3258,True,True,0.9831,0.0169,13,SCRN-001_news_catalyst|SCRN-003_float|SCRN-004_price_range|SCRN-005_daily_chart_room|SCRN-006_reverse_splits|ENTR-002_fcnh|ENTR-003_dollar_levels|STOP-003_fifty_pct_daily_stop|STOP-007_position_stop|PROF-003_daily_goals|TIMING-001_premarket_watch|TIMING-002_opening_range|TIMING-003_midday_dead
$APE IPO.txt,4479,True,True,0.983,0.017,13,SCRN-001_news_catalyst|SCRN-005_daily_chart_room|ENTR-004_micro_pullback|ENTR-009_topping_tails|STOP-003_fifty_pct_daily_stop|STOP-006_halt_offering|PROF-003_daily_goals|MKTCOND-002_leading_gapper|MKTCOND-004_overall_market|TIMING-001_premarket_watch|TIMING-002_opening_range|TIMING-003_midday_dead|TIMING-006_power_hour
+$5k Trading on Vacation! Recap by Ross Cameron.txt,1852,True,True,0.983,0.017,9,SCRN-005_daily_chart_room|ENTR-003_dollar_levels|ENTR-004_micro_pullback|STOP-003_fifty_pct_daily_stop|STOP-004_thirty_pct_soft_stop|PROF-003_daily_goals|PROF-004_size_up_hot|MKTCOND-002_leading_gapper|TIMING-002_opening_range
+$66k on RGC! Day Trading Recap by Ross Cameron.txt,2248,True,True,0.983,0.017,10,SCRN-001_news_catalyst|SCRN-009_short_interest|ENTR-002_fcnh|ENTR-004_micro_pullback|PROF-001_dont_cap_green|PROF-003_daily_goals|MKTCOND-002_leading_gapper|TIMING-001_premarket_watch|TIMING-002_opening_range|TIMING-006_power_hour
I Hit My Max Loss on (NYSE IHT) -$9k Recap by Ross Cameron.txt,3878,True,True,0.983,0.017,10,ENTR-004_micro_pullback|STOP-003_fifty_pct_daily_stop|STOP-007_position_stop|PROF-001_dont_cap_green|PROF-004_size_up_hot|PROF-005_cold_market|MKTCOND-001_cold_hot_framework|MKTCOND-002_leading_gapper|TIMING-001_premarket_watch|TIMING-002_opening_range
Worst Day of the Week.txt,2720,True,True,0.983,0.017,8,SCRN-001_news_catalyst|SCRN-005_daily_chart_room|ENTR-002_fcnh|ENTR-003_dollar_levels|ENTR-004_micro_pullback|STOP-006_halt_offering|PROF-003_daily_goals|TIMING-006_power_hour
+$49K In The Month of July! Ross' Trade Recap.txt,4155,True,True,0.9829,0.0171,15,SCRN-001_news_catalyst|SCRN-003_float|SCRN-004_price_range|SCRN-006_reverse_splits|SCRN-010_front_back_side|ENTR-003_dollar_levels|ENTR-009_topping_tails|STOP-004_thirty_pct_soft_stop|STOP-007_position_stop|PROF-005_cold_market|MKTCOND-002_leading_gapper|MKTCOND-003_cheap_gappers|MKTCOND-005_seasonal|TIMING-003_midday_dead|TIMING-006_power_hour
Day 18 of the Small Account Challenge.txt,2247,True,True,0.9829,0.0171,11,SCRN-001_news_catalyst|SCRN-003_float|SCRN-005_daily_chart_room|SCRN-009_short_interest|SCRN-010_front_back_side|STOP-001_macd_hands_off|PROF-004_size_up_hot|TIMING-001_premarket_watch|TIMING-002_opening_range|TIMING-003_midday_dead|TIMING-005_session_length
Day 36 +$11.5k on SURF Ross's Trade Recap.txt,6381,True,True,0.9829,0.0171,20,SCRN-001_news_catalyst|SCRN-003_float|SCRN-004_price_range|ENTR-003_dollar_levels|ENTR-004_micro_pullback|STOP-003_fifty_pct_daily_stop|STOP-004_thirty_pct_soft_stop|STOP-005_fifty_pct_retrace|STOP-006_halt_offering|STOP-007_position_stop|PROF-002_scale_out|PROF-003_daily_goals|PROF-004_size_up_hot|MKTCOND-001_cold_hot_framework|MKTCOND-002_leading_gapper|MKTCOND-004_overall_market|MKTCOND-005_seasonal|TIMING-001_premarket_watch|TIMING-002_opening_range|TIMING-006_power_hour
First Day of The Italian Trading Challenge Ross' Trade Recap.txt,3430,True,True,0.9829,0.0171,16,SCRN-001_news_catalyst|SCRN-002_relative_volume|SCRN-003_float|SCRN-005_daily_chart_room|SCRN-006_reverse_splits|SCRN-009_short_interest|ENTR-002_fcnh|ENTR-003_dollar_levels|PROF-001_dont_cap_green|MKTCOND-001_cold_hot_framework|MKTCOND-002_leading_gapper|MKTCOND-003_cheap_gappers|MKTCOND-005_seasonal|TIMING-001_premarket_watch|TIMING-002_opening_range|TIMING-003_midday_dead
"I risked $2,500 to make $76,112.42. Here’s how I did it..txt",11196,True,True,0.9829,0.0171,21,SCRN-001_news_catalyst|SCRN-003_float|SCRN-004_price_range|ENTR-001_macd_gate|ENTR-002_fcnh|ENTR-003_dollar_levels|ENTR-004_micro_pullback|ENTR-009_topping_tails|STOP-003_fifty_pct_daily_stop|STOP-004_thirty_pct_soft_stop|STOP-007_position_stop|PROF-001_dont_cap_green|PROF-002_scale_out|PROF-003_daily_goals|PROF-004_size_up_hot|PROF-005_cold_market|PROF-006_start_small|MKTCOND-001_cold_hot_framework|MKTCOND-005_seasonal|TIMING-002_opening_range|TIMING-003_midday_dead
Trade Recap Winning Trade in 10 Minutes!.txt,2922,True,True,0.9829,0.0171,11,SCRN-001_news_catalyst|SCRN-003_float|SCRN-004_price_range|SCRN-009_short_interest|STOP-007_position_stop|PROF-004_size_up_hot|PROF-005_cold_market|MKTCOND-002_leading_gapper|MKTCOND-004_overall_market|TIMING-002_opening_range|TIMING-003_midday_dead
Well this is unusual!.txt,3557,True,True,0.9829,0.0171,15,SCRN-001_news_catalyst|SCRN-003_float|SCRN-004_price_range|ENTR-001_macd_gate|ENTR-006_bull_flag|STOP-001_macd_hands_off|PROF-003_daily_goals|PROF-005_cold_market|PROF-006_start_small|MKTCOND-001_cold_hot_framework|MKTCOND-005_seasonal|TIMING-001_premarket_watch|TIMING-002_opening_range|TIMING-003_midday_dead|TIMING-004_no_trade_days
A Hit or Miss Market....txt,2338,True,True,0.9828,0.0172,11,SCRN-001_news_catalyst|SCRN-005_daily_chart_room|SCRN-008_sector_theme|ENTR-002_fcnh|ENTR-004_micro_pullback|ENTR-007_order_spoofing|PROF-001_dont_cap_green|PROF-005_cold_market|MKTCOND-001_cold_hot_framework|TIMING-001_premarket_watch|TIMING-002_opening_range
Daily Goal $MGAM Recap by Ross Cameron #stocks #daytrading.txt,5415,True,True,0.9828,0.0172,18,SCRN-001_news_catalyst|SCRN-004_price_range|SCRN-005_daily_chart_room|SCRN-009_short_interest|SCRN-010_front_back_side|ENTR-002_fcnh|ENTR-004_micro_pullback|ENTR-008_double_bottom|ENTR-009_topping_tails|STOP-001_macd_hands_off|STOP-003_fifty_pct_daily_stop|STOP-006_halt_offering|PROF-004_size_up_hot|PROF-005_cold_market|MKTCOND-001_cold_hot_framework|TIMING-001_premarket_watch|TIMING-002_opening_range|TIMING-003_midday_dead
Day 106 Finishing the week with 3 Bull Flag Trades.txt,4578,True,True,0.9828,0.0172,10,SCRN-003_float|SCRN-004_price_range|SCRN-005_daily_chart_room|ENTR-002_fcnh|ENTR-004_micro_pullback|ENTR-006_bull_flag|ENTR-009_topping_tails|MKTCOND-002_leading_gapper|TIMING-001_premarket_watch|TIMING-003_midday_dead
Day 5 Martha's Vineyard Challenge Day Trading Recap by Ross Cameron.txt,1899,True,True,0.9828,0.0172,10,SCRN-001_news_catalyst|ENTR-007_order_spoofing|STOP-003_fifty_pct_daily_stop|PROF-001_dont_cap_green|PROF-003_daily_goals|PROF-004_size_up_hot|PROF-005_cold_market|MKTCOND-002_leading_gapper|TIMING-002_opening_range|TIMING-004_no_trade_days
How did I get here.txt,3329,True,True,0.9828,0.0172,12,SCRN-001_news_catalyst|SCRN-008_sector_theme|ENTR-003_dollar_levels|ENTR-004_micro_pullback|ENTR-005_vwap|ENTR-007_order_spoofing|ENTR-008_double_bottom|PROF-004_size_up_hot|PROF-005_cold_market|MKTCOND-002_leading_gapper|TIMING-003_midday_dead|TIMING-004_no_trade_days
"I'm in the red, but still feelin' good!.txt",3267,True,True,0.9828,0.0172,12,SCRN-001_news_catalyst|SCRN-004_price_range|ENTR-003_dollar_levels|ENTR-004_micro_pullback|STOP-003_fifty_pct_daily_stop|PROF-001_dont_cap_green|PROF-003_daily_goals|PROF-005_cold_market|MKTCOND-001_cold_hot_framework|MKTCOND-005_seasonal|TIMING-002_opening_range|TIMING-003_midday_dead
"Stuck in a Cold Streak -$1,861 Ross' Trade Recap.txt",1669,True,True,0.9828,0.0172,6,SCRN-001_news_catalyst|SCRN-003_float|ENTR-003_dollar_levels|STOP-003_fifty_pct_daily_stop|PROF-005_cold_market|MKTCOND-001_cold_hot_framework
Trade Recap Blah Day.txt,4596,True,True,0.9828,0.0172,13,SCRN-001_news_catalyst|SCRN-003_float|SCRN-004_price_range|ENTR-003_dollar_levels|ENTR-006_bull_flag|STOP-003_fifty_pct_daily_stop|PROF-003_daily_goals|PROF-005_cold_market|MKTCOND-001_cold_hot_framework|MKTCOND-002_leading_gapper|TIMING-001_premarket_watch|TIMING-002_opening_range|TIMING-003_midday_dead
Walking Away Red -$28k Ross's Trade Recap.txt,8595,True,True,0.9828,0.0172,14,SCRN-003_float|SCRN-004_price_range|SCRN-009_short_interest|ENTR-002_fcnh|ENTR-003_dollar_levels|STOP-003_fifty_pct_daily_stop|STOP-007_position_stop|PROF-001_dont_cap_green|PROF-003_daily_goals|PROF-004_size_up_hot|PROF-005_cold_market|MKTCOND-002_leading_gapper|TIMING-001_premarket_watch|TIMING-002_opening_range
+$3.7k After Giving Back Profits Ross's Trade Recap.txt,3577,True,True,0.9827,0.0173,10,SCRN-003_float|SCRN-010_front_back_side|ENTR-002_fcnh|ENTR-003_dollar_levels|STOP-003_fifty_pct_daily_stop|STOP-007_position_stop|PROF-001_dont_cap_green|TIMING-001_premarket_watch|TIMING-002_opening_range|TIMING-003_midday_dead
An Awesome Green Day! +$8.6k Ross's Trade Recap.txt,2427,True,True,0.9827,0.0173,10,SCRN-004_price_range|ENTR-002_fcnh|ENTR-003_dollar_levels|ENTR-004_micro_pullback|STOP-003_fifty_pct_daily_stop|PROF-003_daily_goals|MKTCOND-002_leading_gapper|TIMING-001_premarket_watch|TIMING-002_opening_range|TIMING-003_midday_dead
Finishing Up a Wild Week +$3k Ross's Trade Recap.txt,3119,True,True,0.9827,0.0173,12,SCRN-001_news_catalyst|SCRN-003_float|SCRN-004_price_range|SCRN-005_daily_chart_room|ENTR-002_fcnh|ENTR-003_dollar_levels|ENTR-004_micro_pullback|PROF-001_dont_cap_green|MKTCOND-002_leading_gapper|TIMING-002_opening_range|TIMING-003_midday_dead|TIMING-004_no_trade_days
LIVE Day Trading Morning Show with Ross Cameron [3WydHo_UYQs].txt,7133,True,True,0.9827,0.0173,18,SCRN-001_news_catalyst|SCRN-003_float|SCRN-004_price_range|SCRN-005_daily_chart_room|SCRN-009_short_interest|ENTR-004_micro_pullback|ENTR-009_topping_tails|STOP-007_position_stop|PROF-001_dont_cap_green|PROF-003_daily_goals|PROF-004_size_up_hot|MKTCOND-002_leading_gapper|MKTCOND-003_cheap_gappers|MKTCOND-004_overall_market|MKTCOND-005_seasonal|TIMING-001_premarket_watch|TIMING-002_opening_range|TIMING-006_power_hour
RED on a Stock Up 150%.txt,2687,True,True,0.9827,0.0173,12,SCRN-001_news_catalyst|SCRN-003_float|SCRN-004_price_range|ENTR-001_macd_gate|ENTR-004_micro_pullback|PROF-004_size_up_hot|PROF-005_cold_market|MKTCOND-002_leading_gapper|MKTCOND-004_overall_market|TIMING-001_premarket_watch|TIMING-002_opening_range|TIMING-004_no_trade_days
$MINM $NRBO and $GRI get February off to a strong start!.txt,4433,True,True,0.9826,0.0174,15,SCRN-001_news_catalyst|SCRN-002_relative_volume|SCRN-003_float|SCRN-006_reverse_splits|ENTR-003_dollar_levels|ENTR-004_micro_pullback|ENTR-005_vwap|ENTR-009_topping_tails|STOP-003_fifty_pct_daily_stop|STOP-004_thirty_pct_soft_stop|MKTCOND-001_cold_hot_framework|MKTCOND-004_overall_market|MKTCOND-005_seasonal|TIMING-001_premarket_watch|TIMING-002_opening_range
(NASDAQ VRPX) +240% Day Trading Recap by Ross Cameron.txt,2321,True,True,0.9826,0.0174,9,ENTR-002_fcnh|ENTR-006_bull_flag|STOP-003_fifty_pct_daily_stop|STOP-005_fifty_pct_retrace|PROF-001_dont_cap_green|PROF-003_daily_goals|PROF-004_size_up_hot|TIMING-001_premarket_watch|TIMING-002_opening_range
+$30k on (NASDAQ ALF IKNX & MRIN) Recap by Ross Cameron.txt,3276,True,True,0.9826,0.0174,12,SCRN-003_float|ENTR-004_micro_pullback|ENTR-009_topping_tails|STOP-003_fifty_pct_daily_stop|PROF-001_dont_cap_green|PROF-004_size_up_hot|PROF-005_cold_market|MKTCOND-002_leading_gapper|TIMING-001_premarket_watch|TIMING-002_opening_range|TIMING-003_midday_dead|TIMING-006_power_hour
"+$34,356.23 on Breaking News at 8 00am ET.txt",5851,True,True,0.9826,0.0174,17,SCRN-001_news_catalyst|SCRN-003_float|SCRN-007_foreign_stocks|SCRN-009_short_interest|ENTR-001_macd_gate|ENTR-002_fcnh|ENTR-004_micro_pullback|ENTR-005_vwap|ENTR-007_order_spoofing|ENTR-009_topping_tails|STOP-004_thirty_pct_soft_stop|PROF-002_scale_out|MKTCOND-004_overall_market|MKTCOND-005_seasonal|TIMING-002_opening_range|TIMING-003_midday_dead|TIMING-006_power_hour
12th Green Day!.txt,2593,True,True,0.9826,0.0174,13,SCRN-003_float|SCRN-004_price_range|SCRN-005_daily_chart_room|SCRN-010_front_back_side|ENTR-002_fcnh|ENTR-003_dollar_levels|ENTR-004_micro_pullback|STOP-001_macd_hands_off|PROF-001_dont_cap_green|PROF-002_scale_out|TIMING-001_premarket_watch|TIMING-002_opening_range|TIMING-003_midday_dead
Clustered Red Days -$4.7K Ross' Trade Recap.txt,2663,True,True,0.9826,0.0174,13,SCRN-003_float|SCRN-004_price_range|SCRN-009_short_interest|ENTR-002_fcnh|ENTR-003_dollar_levels|ENTR-004_micro_pullback|STOP-003_fifty_pct_daily_stop|PROF-001_dont_cap_green|PROF-003_daily_goals|MKTCOND-002_leading_gapper|MKTCOND-005_seasonal|TIMING-001_premarket_watch|TIMING-002_opening_range
GSIT +115% becomes the biggest winner of the day.txt,2189,True,True,0.9826,0.0174,9,SCRN-007_foreign_stocks|ENTR-003_dollar_levels|ENTR-004_micro_pullback|STOP-006_halt_offering|STOP-007_position_stop|PROF-005_cold_market|MKTCOND-001_cold_hot_framework|TIMING-001_premarket_watch|TIMING-002_opening_range
Ross's Day Trading Recap [8r_vrbZXyjI].txt,4384,True,True,0.9826,0.0174,14,SCRN-001_news_catalyst|SCRN-003_float|SCRN-004_price_range|SCRN-007_foreign_stocks|SCRN-010_front_back_side|ENTR-002_fcnh|ENTR-003_dollar_levels|STOP-004_thirty_pct_soft_stop|PROF-001_dont_cap_green|MKTCOND-002_leading_gapper|MKTCOND-005_seasonal|TIMING-001_premarket_watch|TIMING-003_midday_dead|TIMING-006_power_hour
Surprise! +150% Short Squeeze after Breaking News at 8 30AM ET.txt,2725,True,True,0.9826,0.0174,12,SCRN-001_news_catalyst|SCRN-006_reverse_splits|ENTR-003_dollar_levels|ENTR-004_micro_pullback|ENTR-005_vwap|STOP-003_fifty_pct_daily_stop|STOP-007_position_stop|PROF-003_daily_goals|PROF-005_cold_market|TIMING-001_premarket_watch|TIMING-002_opening_range|TIMING-004_no_trade_days
Travel Trading Station Red Day -$1.7k Ross' Trade Recap.txt,1405,False,False,0.9826,0.0174,8,SCRN-003_float|ENTR-003_dollar_levels|PROF-001_dont_cap_green|PROF-002_scale_out|MKTCOND-001_cold_hot_framework|MKTCOND-002_leading_gapper|TIMING-001_premarket_watch|TIMING-002_opening_range
Up Big in Two Days on This Stock... Ross' Trade Recap.txt,1940,True,True,0.9826,0.0174,9,SCRN-009_short_interest|ENTR-002_fcnh|ENTR-003_dollar_levels|ENTR-004_micro_pullback|PROF-003_daily_goals|PROF-004_size_up_hot|MKTCOND-005_seasonal|TIMING-001_premarket_watch|TIMING-003_midday_dead
$WORX Short Squeeze +400% Ross's Trade Recap.txt,4017,True,True,0.9825,0.0175,14,SCRN-001_news_catalyst|SCRN-003_float|SCRN-004_price_range|SCRN-005_daily_chart_room|SCRN-010_front_back_side|ENTR-002_fcnh|ENTR-003_dollar_levels|ENTR-004_micro_pullback|STOP-003_fifty_pct_daily_stop|STOP-005_fifty_pct_retrace|PROF-005_cold_market|MKTCOND-002_leading_gapper|MKTCOND-004_overall_market|TIMING-001_premarket_watch
A Public Apology....txt,2752,True,True,0.9825,0.0175,12,SCRN-001_news_catalyst|SCRN-003_float|ENTR-004_micro_pullback|ENTR-005_vwap|STOP-004_thirty_pct_soft_stop|PROF-003_daily_goals|PROF-005_cold_market|MKTCOND-001_cold_hot_framework|MKTCOND-005_seasonal|TIMING-001_premarket_watch|TIMING-002_opening_range|TIMING-006_power_hour
Day 12 ITCI +160% Small Account Challenge Ep 18.txt,2805,True,True,0.9825,0.0175,11,SCRN-001_news_catalyst|SCRN-003_float|SCRN-004_price_range|SCRN-005_daily_chart_room|SCRN-008_sector_theme|ENTR-003_dollar_levels|ENTR-004_micro_pullback|MKTCOND-002_leading_gapper|MKTCOND-005_seasonal|TIMING-002_opening_range|TIMING-003_midday_dead
"Day 26 Daily Recap +$10,571.17 on $DFFN $APOP $AEHR $XGTI.txt",6416,True,True,0.9825,0.0175,17,SCRN-001_news_catalyst|SCRN-002_relative_volume|SCRN-003_float|SCRN-005_daily_chart_room|ENTR-002_fcnh|ENTR-003_dollar_levels|ENTR-006_bull_flag|ENTR-007_order_spoofing|ENTR-009_topping_tails|STOP-003_fifty_pct_daily_stop|STOP-007_position_stop|PROF-001_dont_cap_green|MKTCOND-002_leading_gapper|MKTCOND-004_overall_market|TIMING-001_premarket_watch|TIMING-002_opening_range|TIMING-003_midday_dead
"Easy Come, Easy Go -$10k Recap By Ross Cameron.txt",2455,True,True,0.9825,0.0175,6,SCRN-007_foreign_stocks|STOP-003_fifty_pct_daily_stop|STOP-004_thirty_pct_soft_stop|PROF-001_dont_cap_green|PROF-003_daily_goals|TIMING-002_opening_range
Trading Summit this week! plus Game Plan for Monday.txt,5788,True,True,0.9825,0.0175,17,SCRN-001_news_catalyst|SCRN-003_float|SCRN-004_price_range|SCRN-007_foreign_stocks|SCRN-009_short_interest|STOP-006_halt_offering|PROF-002_scale_out|PROF-003_daily_goals|PROF-004_size_up_hot|PROF-005_cold_market|MKTCOND-001_cold_hot_framework|MKTCOND-002_leading_gapper|MKTCOND-004_overall_market|MKTCOND-005_seasonal|TIMING-001_premarket_watch|TIMING-002_opening_range|TIMING-003_midday_dead
a -$60k Loss !.txt,2755,True,True,0.9825,0.0175,11,SCRN-001_news_catalyst|SCRN-008_sector_theme|ENTR-003_dollar_levels|ENTR-005_vwap|ENTR-006_bull_flag|ENTR-009_topping_tails|STOP-004_thirty_pct_soft_stop|PROF-001_dont_cap_green|PROF-004_size_up_hot|TIMING-001_premarket_watch|TIMING-006_power_hour
i just blew up my small account... for real this time Small Account Challenge Ep 17.txt,4316,True,True,0.9825,0.0175,15,SCRN-001_news_catalyst|SCRN-004_price_range|SCRN-005_daily_chart_room|SCRN-006_reverse_splits|SCRN-007_foreign_stocks|SCRN-008_sector_theme|ENTR-003_dollar_levels|ENTR-004_micro_pullback|ENTR-009_topping_tails|STOP-003_fifty_pct_daily_stop|STOP-004_thirty_pct_soft_stop|PROF-004_size_up_hot|MKTCOND-002_leading_gapper|TIMING-001_premarket_watch|TIMING-003_midday_dead
$ASLN +200% Ross's Trade Recap.txt,2011,True,True,0.9824,0.0176,8,ENTR-003_dollar_levels|ENTR-004_micro_pullback|PROF-003_daily_goals|MKTCOND-001_cold_hot_framework|MKTCOND-003_cheap_gappers|MKTCOND-005_seasonal|TIMING-001_premarket_watch|TIMING-003_midday_dead
+$12k on $GLSI & $CMMB Recap by Ross Cameron.txt,3115,True,True,0.9824,0.0176,12,SCRN-001_news_catalyst|SCRN-009_short_interest|ENTR-002_fcnh|ENTR-004_micro_pullback|ENTR-006_bull_flag|ENTR-009_topping_tails|STOP-003_fifty_pct_daily_stop|PROF-001_dont_cap_green|PROF-003_daily_goals|MKTCOND-001_cold_hot_framework|MKTCOND-005_seasonal|TIMING-002_opening_range
+$37k in 3 Days! Ross's Trade Recap.txt,3761,True,True,0.9824,0.0176,15,SCRN-001_news_catalyst|SCRN-004_price_range|SCRN-009_short_interest|ENTR-003_dollar_levels|ENTR-004_micro_pullback|STOP-003_fifty_pct_daily_stop|STOP-007_position_stop|PROF-003_daily_goals|PROF-004_size_up_hot|MKTCOND-001_cold_hot_framework|MKTCOND-002_leading_gapper|MKTCOND-005_seasonal|TIMING-001_premarket_watch|TIMING-002_opening_range|TIMING-003_midday_dead
"+$9,420.25 on APDN From Zero to Hero!!.txt",6576,True,True,0.9824,0.0176,16,SCRN-001_news_catalyst|SCRN-003_float|SCRN-004_price_range|SCRN-006_reverse_splits|ENTR-002_fcnh|ENTR-003_dollar_levels|ENTR-004_micro_pullback|STOP-003_fifty_pct_daily_stop|PROF-001_dont_cap_green|PROF-002_scale_out|PROF-004_size_up_hot|PROF-005_cold_market|PROF-006_start_small|MKTCOND-002_leading_gapper|MKTCOND-003_cheap_gappers|TIMING-001_premarket_watch
Base Hit Day +$2k Ross's Trade Recap.txt,4657,True,True,0.9824,0.0176,19,SCRN-001_news_catalyst|SCRN-003_float|SCRN-004_price_range|SCRN-005_daily_chart_room|ENTR-002_fcnh|ENTR-003_dollar_levels|ENTR-004_micro_pullback|STOP-001_macd_hands_off|STOP-003_fifty_pct_daily_stop|PROF-001_dont_cap_green|PROF-003_daily_goals|PROF-004_size_up_hot|MKTCOND-001_cold_hot_framework|MKTCOND-004_overall_market|MKTCOND-005_seasonal|TIMING-001_premarket_watch|TIMING-002_opening_range|TIMING-003_midday_dead|TIMING-005_session_length
Day 2 - LIVE Day Trading from the All Star Traders Summit 2022 #daytrading.txt,5479,True,True,0.9824,0.0176,15,SCRN-001_news_catalyst|SCRN-002_relative_volume|SCRN-005_daily_chart_room|SCRN-006_reverse_splits|SCRN-009_short_interest|ENTR-003_dollar_levels|ENTR-004_micro_pullback|ENTR-009_topping_tails|PROF-001_dont_cap_green|PROF-002_scale_out|MKTCOND-002_leading_gapper|MKTCOND-004_overall_market|TIMING-001_premarket_watch|TIMING-002_opening_range|TIMING-003_midday_dead
Day 89 Trading with my NEW Broker!.txt,3377,True,True,0.9824,0.0176,12,SCRN-003_float|SCRN-004_price_range|SCRN-005_daily_chart_room|ENTR-002_fcnh|ENTR-003_dollar_levels|ENTR-004_micro_pullback|ENTR-005_vwap|ENTR-006_bull_flag|STOP-007_position_stop|TIMING-001_premarket_watch|TIMING-002_opening_range|TIMING-003_midday_dead
Trading Recap Digging Out Day 2.txt,3113,True,True,0.9824,0.0176,10,SCRN-001_news_catalyst|SCRN-003_float|SCRN-004_price_range|ENTR-002_fcnh|ENTR-003_dollar_levels|ENTR-004_micro_pullback|ENTR-007_order_spoofing|MKTCOND-002_leading_gapper|TIMING-001_premarket_watch|TIMING-003_midday_dead
$VCIG Daily Breakout Setup.txt,1267,False,False,0.9823,0.0177,8,SCRN-001_news_catalyst|SCRN-005_daily_chart_room|SCRN-010_front_back_side|ENTR-004_micro_pullback|ENTR-009_topping_tails|STOP-003_fifty_pct_daily_stop|PROF-003_daily_goals|MKTCOND-001_cold_hot_framework
+$29k on (NYSE RHE) Recap by Ross Cameron.txt,2516,True,True,0.9823,0.0177,11,ENTR-002_fcnh|ENTR-004_micro_pullback|ENTR-006_bull_flag|STOP-003_fifty_pct_daily_stop|STOP-004_thirty_pct_soft_stop|PROF-001_dont_cap_green|PROF-003_daily_goals|PROF-004_size_up_hot|PROF-005_cold_market|TIMING-001_premarket_watch|TIMING-002_opening_range
Day 2 of Trader Rehab There was ONE A-Quality Stock Today….txt,2918,True,True,0.9823,0.0177,11,SCRN-001_news_catalyst|SCRN-002_relative_volume|SCRN-004_price_range|ENTR-003_dollar_levels|ENTR-004_micro_pullback|ENTR-008_double_bottom|STOP-007_position_stop|PROF-005_cold_market|PROF-006_start_small|MKTCOND-005_seasonal|TIMING-001_premarket_watch
Day Trading Recap $TKAT $ISPC $DAVE.txt,2355,True,True,0.9823,0.0177,10,SCRN-004_price_range|ENTR-003_dollar_levels|PROF-001_dont_cap_green|PROF-003_daily_goals|PROF-005_cold_market|MKTCOND-001_cold_hot_framework|MKTCOND-002_leading_gapper|TIMING-002_opening_range|TIMING-004_no_trade_days|TIMING-005_session_length
LIVE Day Trading Morning Show & Watch List with Ross Cameron.txt,10557,True,True,0.9823,0.0177,23,SCRN-001_news_catalyst|SCRN-003_float|SCRN-004_price_range|SCRN-005_daily_chart_room|SCRN-006_reverse_splits|SCRN-009_short_interest|SCRN-010_front_back_side|ENTR-002_fcnh|ENTR-003_dollar_levels|ENTR-004_micro_pullback|ENTR-006_bull_flag|ENTR-008_double_bottom|ENTR-009_topping_tails|STOP-003_fifty_pct_daily_stop|STOP-006_halt_offering|STOP-007_position_stop|PROF-004_size_up_hot|PROF-005_cold_market|MKTCOND-002_leading_gapper|TIMING-001_premarket_watch|TIMING-002_opening_range|TIMING-003_midday_dead|TIMING-004_no_trade_days
Recovered 1 2 of Yesterday's Loss....txt,6152,True,True,0.9823,0.0177,19,SCRN-001_news_catalyst|SCRN-003_float|SCRN-004_price_range|SCRN-005_daily_chart_room|SCRN-006_reverse_splits|SCRN-009_short_interest|ENTR-001_macd_gate|ENTR-002_fcnh|ENTR-003_dollar_levels|ENTR-004_micro_pullback|ENTR-005_vwap|ENTR-007_order_spoofing|ENTR-009_topping_tails|STOP-006_halt_offering|PROF-002_scale_out|PROF-005_cold_market|MKTCOND-001_cold_hot_framework|MKTCOND-004_overall_market|TIMING-001_premarket_watch
"Three Red Trades, Two Green Trades -$9k Ross's Trade Recap.txt",4493,True,True,0.9823,0.0177,17,SCRN-001_news_catalyst|SCRN-003_float|SCRN-005_daily_chart_room|SCRN-006_reverse_splits|SCRN-009_short_interest|ENTR-002_fcnh|ENTR-003_dollar_levels|ENTR-005_vwap|STOP-003_fifty_pct_daily_stop|PROF-001_dont_cap_green|PROF-005_cold_market|MKTCOND-002_leading_gapper|MKTCOND-003_cheap_gappers|MKTCOND-005_seasonal|TIMING-001_premarket_watch|TIMING-002_opening_range|TIMING-003_midday_dead
Wildcard Friday! Day Trading Recap by Ross Cameron.txt,3651,True,True,0.9823,0.0177,14,SCRN-001_news_catalyst|SCRN-005_daily_chart_room|SCRN-009_short_interest|ENTR-003_dollar_levels|ENTR-004_micro_pullback|STOP-003_fifty_pct_daily_stop|PROF-001_dont_cap_green|PROF-003_daily_goals|PROF-004_size_up_hot|PROF-005_cold_market|MKTCOND-001_cold_hot_framework|TIMING-001_premarket_watch|TIMING-002_opening_range|TIMING-003_midday_dead
$GFAI +10% on the day on continuation.txt,793,False,False,0.9822,0.0178,4,SCRN-005_daily_chart_room|ENTR-004_micro_pullback|PROF-006_start_small|TIMING-001_premarket_watch
"+$5,123.26 in 30min.txt",3532,True,True,0.9822,0.0178,12,SCRN-001_news_catalyst|SCRN-004_price_range|ENTR-003_dollar_levels|ENTR-004_micro_pullback|STOP-003_fifty_pct_daily_stop|STOP-007_position_stop|PROF-001_dont_cap_green|PROF-002_scale_out|PROF-003_daily_goals|MKTCOND-003_cheap_gappers|MKTCOND-005_seasonal|TIMING-003_midday_dead
21st Green Day In a Row! Ross' Trade Recap.txt,3931,True,True,0.9822,0.0178,13,SCRN-001_news_catalyst|SCRN-003_float|SCRN-004_price_range|ENTR-002_fcnh|ENTR-003_dollar_levels|STOP-006_halt_offering|PROF-003_daily_goals|PROF-004_size_up_hot|MKTCOND-002_leading_gapper|MKTCOND-005_seasonal|TIMING-001_premarket_watch|TIMING-002_opening_range|TIMING-003_midday_dead
AKER +300% in 3 days! Ross's Trade Recap.txt,3574,True,True,0.9822,0.0178,11,SCRN-001_news_catalyst|SCRN-004_price_range|ENTR-002_fcnh|ENTR-003_dollar_levels|STOP-003_fifty_pct_daily_stop|STOP-006_halt_offering|STOP-007_position_stop|PROF-002_scale_out|PROF-004_size_up_hot|TIMING-001_premarket_watch|TIMING-003_midday_dead
Not Overstaying My Welcome +$10k on $UPC & $CYAN Recap by Ross Cameron.txt,1151,False,False,0.9822,0.0178,6,STOP-003_fifty_pct_daily_stop|PROF-001_dont_cap_green|PROF-003_daily_goals|TIMING-001_premarket_watch|TIMING-002_opening_range|TIMING-003_midday_dead
"Watch Me Day Trade Two Accounts! +$4,725 Ross' Trade Recap.txt",2120,True,True,0.9822,0.0178,12,SCRN-001_news_catalyst|SCRN-003_float|SCRN-004_price_range|SCRN-005_daily_chart_room|ENTR-002_fcnh|ENTR-003_dollar_levels|ENTR-006_bull_flag|PROF-003_daily_goals|MKTCOND-002_leading_gapper|TIMING-001_premarket_watch|TIMING-002_opening_range|TIMING-003_midday_dead
$4K Green Day! Ross' Trade Recap.txt,2429,True,True,0.9821,0.0179,10,SCRN-003_float|SCRN-005_daily_chart_room|SCRN-007_foreign_stocks|STOP-003_fifty_pct_daily_stop|STOP-006_halt_offering|STOP-007_position_stop|PROF-001_dont_cap_green|MKTCOND-002_leading_gapper|TIMING-001_premarket_watch|TIMING-003_midday_dead
$MLGO Gapping Up 68%.txt,1650,True,True,0.9821,0.0179,10,SCRN-003_float|SCRN-005_daily_chart_room|ENTR-004_micro_pullback|ENTR-009_topping_tails|STOP-003_fifty_pct_daily_stop|STOP-007_position_stop|PROF-005_cold_market|TIMING-001_premarket_watch|TIMING-002_opening_range|TIMING-004_no_trade_days
5X The Daily Goal on MYOV! Ross's Trade Recap.txt,3071,True,True,0.9821,0.0179,10,SCRN-002_relative_volume|SCRN-003_float|SCRN-004_price_range|ENTR-002_fcnh|ENTR-003_dollar_levels|STOP-003_fifty_pct_daily_stop|PROF-003_daily_goals|MKTCOND-005_seasonal|TIMING-001_premarket_watch|TIMING-002_opening_range
Day 41 +$20k To End The Month! Ross's Trade Recap.txt,6777,True,True,0.9821,0.0179,20,SCRN-001_news_catalyst|SCRN-004_price_range|SCRN-006_reverse_splits|ENTR-002_fcnh|ENTR-003_dollar_levels|ENTR-004_micro_pullback|ENTR-005_vwap|ENTR-006_bull_flag|STOP-003_fifty_pct_daily_stop|STOP-004_thirty_pct_soft_stop|STOP-007_position_stop|PROF-001_dont_cap_green|PROF-002_scale_out|PROF-004_size_up_hot|MKTCOND-001_cold_hot_framework|MKTCOND-002_leading_gapper|MKTCOND-004_overall_market|TIMING-001_premarket_watch|TIMING-002_opening_range|TIMING-003_midday_dead
Did you see the BIG resistance levels.txt,3054,True,True,0.9821,0.0179,15,SCRN-001_news_catalyst|SCRN-003_float|SCRN-005_daily_chart_room|SCRN-007_foreign_stocks|SCRN-008_sector_theme|ENTR-001_macd_gate|ENTR-003_dollar_levels|ENTR-009_topping_tails|PROF-001_dont_cap_green|PROF-005_cold_market|MKTCOND-001_cold_hot_framework|MKTCOND-004_overall_market|TIMING-002_opening_range|TIMING-003_midday_dead|TIMING-006_power_hour
Ross' Trade Recap New Office Luck.txt,7808,True,True,0.9821,0.0179,16,SCRN-003_float|SCRN-004_price_range|SCRN-005_daily_chart_room|SCRN-007_foreign_stocks|SCRN-009_short_interest|ENTR-002_fcnh|ENTR-003_dollar_levels|ENTR-004_micro_pullback|ENTR-009_topping_tails|STOP-003_fifty_pct_daily_stop|STOP-007_position_stop|PROF-001_dont_cap_green|PROF-002_scale_out|PROF-005_cold_market|MKTCOND-005_seasonal|TIMING-002_opening_range
"The Green Streak Continues! +$1,500!.txt",2399,True,True,0.9821,0.0179,12,SCRN-003_float|SCRN-004_price_range|ENTR-002_fcnh|STOP-003_fifty_pct_daily_stop|STOP-007_position_stop|PROF-001_dont_cap_green|MKTCOND-001_cold_hot_framework|MKTCOND-002_leading_gapper|TIMING-001_premarket_watch|TIMING-002_opening_range|TIMING-003_midday_dead|TIMING-005_session_length
$SGMT +$10k.txt,4901,True,True,0.982,0.018,15,SCRN-001_news_catalyst|SCRN-002_relative_volume|SCRN-003_float|ENTR-009_topping_tails|STOP-003_fifty_pct_daily_stop|STOP-004_thirty_pct_soft_stop|STOP-007_position_stop|PROF-005_cold_market|MKTCOND-001_cold_hot_framework|MKTCOND-002_leading_gapper|MKTCOND-005_seasonal|TIMING-001_premarket_watch|TIMING-002_opening_range|TIMING-003_midday_dead|TIMING-004_no_trade_days
47th Green Day.txt,5134,True,True,0.982,0.018,18,SCRN-001_news_catalyst|SCRN-003_float|SCRN-004_price_range|SCRN-005_daily_chart_room|SCRN-010_front_back_side|ENTR-003_dollar_levels|STOP-001_macd_hands_off|STOP-003_fifty_pct_daily_stop|STOP-007_position_stop|PROF-003_daily_goals|MKTCOND-001_cold_hot_framework|MKTCOND-002_leading_gapper|MKTCOND-004_overall_market|MKTCOND-005_seasonal|TIMING-001_premarket_watch|TIMING-002_opening_range|TIMING-003_midday_dead|TIMING-005_session_length
9th Green Day +$4.5k SONN & AIKI Ross's Trade Recap.txt,4876,True,True,0.982,0.018,12,SCRN-004_price_range|SCRN-005_daily_chart_room|ENTR-002_fcnh|ENTR-003_dollar_levels|ENTR-004_micro_pullback|STOP-003_fifty_pct_daily_stop|STOP-007_position_stop|PROF-004_size_up_hot|MKTCOND-002_leading_gapper|TIMING-001_premarket_watch|TIMING-002_opening_range|TIMING-003_midday_dead
LIVE Day Trading Morning Show with Ross Cameron [j8pu91GL-6I].txt,4376,True,True,0.982,0.018,18,SCRN-001_news_catalyst|SCRN-003_float|SCRN-004_price_range|SCRN-005_daily_chart_room|SCRN-009_short_interest|ENTR-002_fcnh|ENTR-003_dollar_levels|ENTR-004_micro_pullback|ENTR-006_bull_flag|STOP-005_fifty_pct_retrace|STOP-006_halt_offering|PROF-001_dont_cap_green|PROF-002_scale_out|PROF-004_size_up_hot|PROF-005_cold_market|MKTCOND-002_leading_gapper|TIMING-001_premarket_watch|TIMING-002_opening_range
Momentum is Coming Back +$3K! Ross' Trade Recap.txt,1758,True,True,0.982,0.018,7,SCRN-001_news_catalyst|SCRN-004_price_range|SCRN-006_reverse_splits|SCRN-008_sector_theme|ENTR-002_fcnh|ENTR-003_dollar_levels|TIMING-003_midday_dead
The Hot Streak is Alive! Ross' Trade Recap.txt,2130,True,True,0.982,0.018,12,SCRN-003_float|SCRN-004_price_range|SCRN-009_short_interest|ENTR-003_dollar_levels|ENTR-006_bull_flag|STOP-003_fifty_pct_daily_stop|PROF-005_cold_market|MKTCOND-001_cold_hot_framework|MKTCOND-002_leading_gapper|MKTCOND-005_seasonal|TIMING-001_premarket_watch|TIMING-003_midday_dead
Trade Recap Back in Action!.txt,3767,True,True,0.982,0.018,14,SCRN-001_news_catalyst|SCRN-002_relative_volume|SCRN-004_price_range|ENTR-002_fcnh|ENTR-003_dollar_levels|ENTR-004_micro_pullback|STOP-003_fifty_pct_daily_stop|PROF-001_dont_cap_green|PROF-003_daily_goals|PROF-005_cold_market|MKTCOND-001_cold_hot_framework|MKTCOND-005_seasonal|TIMING-002_opening_range|TIMING-003_midday_dead
Trade Recap My Journey To a Winner.txt,4832,True,True,0.982,0.018,16,SCRN-001_news_catalyst|SCRN-002_relative_volume|SCRN-003_float|SCRN-004_price_range|SCRN-008_sector_theme|ENTR-003_dollar_levels|ENTR-004_micro_pullback|ENTR-007_order_spoofing|PROF-001_dont_cap_green|PROF-005_cold_market|MKTCOND-001_cold_hot_framework|MKTCOND-002_leading_gapper|MKTCOND-005_seasonal|TIMING-001_premarket_watch|TIMING-002_opening_range|TIMING-003_midday_dead
Up and Down Trading Ross' Trade Recap.txt,2753,True,True,0.982,0.018,13,SCRN-001_news_catalyst|SCRN-004_price_range|SCRN-005_daily_chart_room|SCRN-006_reverse_splits|SCRN-010_front_back_side|ENTR-009_topping_tails|STOP-003_fifty_pct_daily_stop|PROF-006_start_small|MKTCOND-001_cold_hot_framework|MKTCOND-002_leading_gapper|MKTCOND-003_cheap_gappers|MKTCOND-005_seasonal|TIMING-003_midday_dead
$LIXT +300%! Day Trading Recap by Ross Cameron.txt,1948,True,True,0.9819,0.0181,8,SCRN-001_news_catalyst|SCRN-004_price_range|ENTR-009_topping_tails|STOP-004_thirty_pct_soft_stop|PROF-001_dont_cap_green|PROF-005_cold_market|TIMING-001_premarket_watch|TIMING-002_opening_range
+$2k in 1 Hour on the Portable ATM! Ross' Trade Recap.txt,1390,False,False,0.9819,0.0181,8,SCRN-001_news_catalyst|SCRN-003_float|SCRN-004_price_range|ENTR-003_dollar_levels|ENTR-004_micro_pullback|PROF-003_daily_goals|MKTCOND-002_leading_gapper|TIMING-003_midday_dead
+$500 To Finish The Week! Ross's Trade Recap.txt,2809,True,True,0.9819,0.0181,10,SCRN-005_daily_chart_room|SCRN-010_front_back_side|ENTR-002_fcnh|ENTR-003_dollar_levels|STOP-003_fifty_pct_daily_stop|STOP-007_position_stop|MKTCOND-002_leading_gapper|TIMING-001_premarket_watch|TIMING-002_opening_range|TIMING-003_midday_dead
A Very Tiny Win Today Ross' Trade Recap.txt,1920,True,True,0.9819,0.0181,8,SCRN-005_daily_chart_room|ENTR-002_fcnh|ENTR-003_dollar_levels|PROF-003_daily_goals|MKTCOND-002_leading_gapper|TIMING-001_premarket_watch|TIMING-002_opening_range|TIMING-003_midday_dead
Daily Goal on Day 1 2023 $RSLS $MSGM and $JSPR +600%.txt,3693,True,True,0.9819,0.0181,16,SCRN-001_news_catalyst|SCRN-002_relative_volume|SCRN-003_float|SCRN-004_price_range|SCRN-006_reverse_splits|SCRN-009_short_interest|ENTR-003_dollar_levels|STOP-003_fifty_pct_daily_stop|PROF-001_dont_cap_green|MKTCOND-002_leading_gapper|MKTCOND-004_overall_market|MKTCOND-005_seasonal|TIMING-001_premarket_watch|TIMING-002_opening_range|TIMING-003_midday_dead|TIMING-006_power_hour
Day 3 Mid Day Recap +79% on my Small Account on $HMNY $ETRM.txt,1773,True,True,0.9819,0.0181,8,SCRN-001_news_catalyst|SCRN-003_float|SCRN-008_sector_theme|ENTR-003_dollar_levels|PROF-004_size_up_hot|MKTCOND-002_leading_gapper|TIMING-001_premarket_watch|TIMING-003_midday_dead
Dip & Rip on HALT Resumption!.txt,4024,True,True,0.9819,0.0181,13,SCRN-001_news_catalyst|SCRN-003_float|SCRN-005_daily_chart_room|SCRN-009_short_interest|ENTR-001_macd_gate|ENTR-002_fcnh|ENTR-004_micro_pullback|ENTR-007_order_spoofing|STOP-007_position_stop|PROF-002_scale_out|PROF-005_cold_market|MKTCOND-004_overall_market|TIMING-002_opening_range
"Gotta Stay Focused +$5,500! Ross' Trade Recap.txt",5699,True,True,0.9819,0.0181,13,SCRN-003_float|SCRN-004_price_range|SCRN-005_daily_chart_room|ENTR-002_fcnh|ENTR-003_dollar_levels|ENTR-004_micro_pullback|ENTR-005_vwap|ENTR-006_bull_flag|STOP-003_fifty_pct_daily_stop|PROF-005_cold_market|MKTCOND-002_leading_gapper|TIMING-001_premarket_watch|TIMING-003_midday_dead
The worst way to finish the week....txt,3183,True,True,0.9819,0.0181,14,SCRN-001_news_catalyst|SCRN-003_float|SCRN-004_price_range|SCRN-007_foreign_stocks|SCRN-010_front_back_side|ENTR-002_fcnh|ENTR-004_micro_pullback|STOP-001_macd_hands_off|STOP-003_fifty_pct_daily_stop|PROF-004_size_up_hot|PROF-005_cold_market|MKTCOND-002_leading_gapper|MKTCOND-003_cheap_gappers|TIMING-004_no_trade_days
[LIVE] The DAY TRADING Morning Show 9 00 - 9 30am ET with Ross Cameron [o_jtu4AYzvw].txt,1917,True,True,0.9819,0.0181,7,SCRN-003_float|SCRN-006_reverse_splits|ENTR-003_dollar_levels|ENTR-004_micro_pullback|ENTR-009_topping_tails|MKTCOND-005_seasonal|TIMING-002_opening_range
+$20k in 3hrs of Day Trading the ONLY OBVIOUS Stock.txt,2859,True,True,0.9818,0.0182,15,SCRN-003_float|SCRN-005_daily_chart_room|SCRN-007_foreign_stocks|SCRN-008_sector_theme|ENTR-002_fcnh|ENTR-004_micro_pullback|ENTR-005_vwap|STOP-003_fifty_pct_daily_stop|PROF-003_daily_goals|PROF-004_size_up_hot|MKTCOND-005_seasonal|TIMING-001_premarket_watch|TIMING-002_opening_range|TIMING-005_session_length|TIMING-006_power_hour
"+$5,513.64 and breaking over $60k in profits trading from Santa Barbara!.txt",4417,True,True,0.9818,0.0182,16,SCRN-001_news_catalyst|SCRN-002_relative_volume|SCRN-003_float|SCRN-004_price_range|SCRN-005_daily_chart_room|SCRN-009_short_interest|SCRN-010_front_back_side|ENTR-003_dollar_levels|ENTR-006_bull_flag|STOP-001_macd_hands_off|PROF-005_cold_market|MKTCOND-002_leading_gapper|MKTCOND-005_seasonal|TIMING-001_premarket_watch|TIMING-002_opening_range|TIMING-003_midday_dead
10th Green Day in a row!! Small Account Challenge Ep 16.txt,2132,True,True,0.9818,0.0182,6,SCRN-004_price_range|SCRN-010_front_back_side|ENTR-002_fcnh|ENTR-003_dollar_levels|STOP-001_macd_hands_off|STOP-003_fifty_pct_daily_stop
"Day 42 of the $100k Challenge +$5,689.79.txt",5523,True,True,0.9818,0.0182,13,SCRN-001_news_catalyst|SCRN-002_relative_volume|SCRN-003_float|SCRN-005_daily_chart_room|ENTR-002_fcnh|ENTR-003_dollar_levels|ENTR-006_bull_flag|STOP-007_position_stop|PROF-003_daily_goals|MKTCOND-002_leading_gapper|MKTCOND-005_seasonal|TIMING-001_premarket_watch|TIMING-003_midday_dead
I Should've Walked Away Sooner….txt,6286,True,True,0.9818,0.0182,17,SCRN-001_news_catalyst|SCRN-002_relative_volume|SCRN-003_float|SCRN-004_price_range|SCRN-007_foreign_stocks|ENTR-003_dollar_levels|ENTR-005_vwap|STOP-003_fifty_pct_daily_stop|STOP-004_thirty_pct_soft_stop|PROF-001_dont_cap_green|PROF-003_daily_goals|PROF-004_size_up_hot|PROF-005_cold_market|MKTCOND-002_leading_gapper|TIMING-001_premarket_watch|TIMING-002_opening_range|TIMING-004_no_trade_days
I'm red on $MSGM.txt,4249,True,True,0.9818,0.0182,12,SCRN-001_news_catalyst|SCRN-003_float|SCRN-004_price_range|ENTR-004_micro_pullback|ENTR-006_bull_flag|ENTR-009_topping_tails|STOP-003_fifty_pct_daily_stop|STOP-006_halt_offering|MKTCOND-001_cold_hot_framework|MKTCOND-002_leading_gapper|TIMING-001_premarket_watch|TIMING-002_opening_range
LIVE Day Trading Morning Show with Ross Cameron [KdupMpbl3Wg].txt,1733,True,True,0.9818,0.0182,7,SCRN-001_news_catalyst|SCRN-004_price_range|ENTR-004_micro_pullback|STOP-004_thirty_pct_soft_stop|PROF-005_cold_market|TIMING-001_premarket_watch|TIMING-002_opening_range
RED DAY RECAP [AoEwlFnTBcg].txt,4199,True,True,0.9818,0.0182,14,SCRN-003_float|SCRN-004_price_range|SCRN-005_daily_chart_room|ENTR-004_micro_pullback|ENTR-005_vwap|STOP-003_fifty_pct_daily_stop|STOP-007_position_stop|PROF-001_dont_cap_green|PROF-006_start_small|MKTCOND-003_cheap_gappers|MKTCOND-004_overall_market|MKTCOND-005_seasonal|TIMING-001_premarket_watch|TIMING-002_opening_range
"The Mid Day Market Recap is BACK +$138,840.72 on the day.txt",4605,True,True,0.9818,0.0182,15,SCRN-001_news_catalyst|SCRN-002_relative_volume|SCRN-003_float|SCRN-004_price_range|SCRN-007_foreign_stocks|ENTR-003_dollar_levels|ENTR-004_micro_pullback|STOP-004_thirty_pct_soft_stop|PROF-001_dont_cap_green|MKTCOND-004_overall_market|TIMING-001_premarket_watch|TIMING-002_opening_range|TIMING-003_midday_dead|TIMING-005_session_length|TIMING-006_power_hour
Trading Recap Easy Friday!.txt,2924,True,True,0.9818,0.0182,11,SCRN-001_news_catalyst|SCRN-003_float|SCRN-004_price_range|SCRN-005_daily_chart_room|SCRN-006_reverse_splits|ENTR-002_fcnh|ENTR-003_dollar_levels|ENTR-004_micro_pullback|PROF-001_dont_cap_green|MKTCOND-002_leading_gapper|TIMING-003_midday_dead
$FULC +120% Day Trading Recap by Ross Cameron.txt,1513,True,True,0.9817,0.0183,9,SCRN-001_news_catalyst|SCRN-009_short_interest|ENTR-003_dollar_levels|PROF-001_dont_cap_green|PROF-003_daily_goals|PROF-005_cold_market|MKTCOND-002_leading_gapper|TIMING-001_premarket_watch|TIMING-002_opening_range
Biggest Winner at 9 47am ET.txt,3740,True,True,0.9817,0.0183,17,SCRN-001_news_catalyst|SCRN-003_float|SCRN-004_price_range|SCRN-005_daily_chart_room|ENTR-003_dollar_levels|ENTR-004_micro_pullback|ENTR-005_vwap|ENTR-008_double_bottom|ENTR-009_topping_tails|STOP-007_position_stop|PROF-003_daily_goals|PROF-004_size_up_hot|PROF-006_start_small|MKTCOND-004_overall_market|MKTCOND-005_seasonal|TIMING-002_opening_range|TIMING-006_power_hour
"Day 43 of the $100k Challenge +$6,189.79.txt",6202,True,True,0.9817,0.0183,16,SCRN-001_news_catalyst|SCRN-002_relative_volume|SCRN-003_float|SCRN-005_daily_chart_room|ENTR-002_fcnh|ENTR-003_dollar_levels|ENTR-006_bull_flag|STOP-003_fifty_pct_daily_stop|STOP-007_position_stop|PROF-001_dont_cap_green|PROF-004_size_up_hot|MKTCOND-002_leading_gapper|TIMING-001_premarket_watch|TIMING-002_opening_range|TIMING-003_midday_dead|TIMING-006_power_hour
Finishing January with $117k in profits!.txt,2753,True,True,0.9817,0.0183,8,SCRN-001_news_catalyst|SCRN-003_float|SCRN-006_reverse_splits|ENTR-002_fcnh|ENTR-003_dollar_levels|ENTR-004_micro_pullback|MKTCOND-005_seasonal|TIMING-003_midday_dead
How to use Level 2 data in your Day Trading Strategy (WITH LIVE MARKET EXAMPLES).txt,5058,True,True,0.9817,0.0183,13,SCRN-001_news_catalyst|SCRN-003_float|SCRN-004_price_range|ENTR-002_fcnh|ENTR-003_dollar_levels|ENTR-008_double_bottom|ENTR-009_topping_tails|STOP-003_fifty_pct_daily_stop|STOP-007_position_stop|PROF-001_dont_cap_green|MKTCOND-002_leading_gapper|TIMING-002_opening_range|TIMING-003_midday_dead
LIVE Day Trading Recap $RELI $LIXT $MYNZ $DTST.txt,4290,True,True,0.9817,0.0183,13,SCRN-002_relative_volume|SCRN-003_float|SCRN-004_price_range|SCRN-005_daily_chart_room|ENTR-002_fcnh|ENTR-007_order_spoofing|STOP-007_position_stop|PROF-002_scale_out|PROF-003_daily_goals|PROF-004_size_up_hot|MKTCOND-002_leading_gapper|TIMING-001_premarket_watch|TIMING-003_midday_dead
There Was Only ONE Obvious Stock Today.txt,1604,True,True,0.9817,0.0183,10,SCRN-001_news_catalyst|SCRN-002_relative_volume|SCRN-003_float|SCRN-008_sector_theme|PROF-001_dont_cap_green|PROF-005_cold_market|MKTCOND-005_seasonal|TIMING-001_premarket_watch|TIMING-003_midday_dead|TIMING-004_no_trade_days
12th Green Day +$1k in 1 Hour Ross's Trade Recap.txt,2629,True,True,0.9816,0.0184,10,ENTR-002_fcnh|ENTR-003_dollar_levels|STOP-003_fifty_pct_daily_stop|STOP-007_position_stop|PROF-004_size_up_hot|PROF-005_cold_market|PROF-006_start_small|MKTCOND-002_leading_gapper|TIMING-001_premarket_watch|TIMING-003_midday_dead
"A Nice Base Hit +$1,700! Ross's Trade Recap.txt",1456,False,False,0.9816,0.0184,6,ENTR-003_dollar_levels|STOP-003_fifty_pct_daily_stop|PROF-001_dont_cap_green|PROF-002_scale_out|PROF-003_daily_goals|TIMING-003_midday_dead
Another 100% Short Squeeze Today!.txt,3188,True,True,0.9816,0.0184,12,SCRN-001_news_catalyst|SCRN-003_float|SCRN-004_price_range|SCRN-005_daily_chart_room|ENTR-001_macd_gate|STOP-003_fifty_pct_daily_stop|PROF-003_daily_goals|PROF-005_cold_market|MKTCOND-002_leading_gapper|TIMING-002_opening_range|TIMING-004_no_trade_days|TIMING-006_power_hour
"Day 31 Gutter Ball! Red Day Recap -$1,849.72.txt",5265,True,True,0.9816,0.0184,13,SCRN-001_news_catalyst|SCRN-003_float|SCRN-005_daily_chart_room|ENTR-003_dollar_levels|ENTR-006_bull_flag|STOP-003_fifty_pct_daily_stop|PROF-001_dont_cap_green|PROF-003_daily_goals|PROF-004_size_up_hot|PROF-005_cold_market|MKTCOND-002_leading_gapper|TIMING-001_premarket_watch|TIMING-003_midday_dead
Day 6 Martha's Vineyard Trading Challenge Day Trading Recap by Ross Cameron.txt,1631,True,True,0.9816,0.0184,7,SCRN-001_news_catalyst|STOP-003_fifty_pct_daily_stop|STOP-004_thirty_pct_soft_stop|PROF-003_daily_goals|MKTCOND-002_leading_gapper|TIMING-001_premarket_watch|TIMING-002_opening_range
Day 6 And I'm GREEN day trading LIVE at Inner Circle Miami - Small Account Challenge Ep 12.txt,2408,True,True,0.9815,0.0185,8,SCRN-003_float|ENTR-003_dollar_levels|ENTR-004_micro_pullback|STOP-003_fifty_pct_daily_stop|PROF-004_size_up_hot|MKTCOND-002_leading_gapper|TIMING-001_premarket_watch|TIMING-003_midday_dead
Game Plan for Day Trading this week! [4rp2mFw30eU].txt,3647,True,True,0.9815,0.0185,15,SCRN-001_news_catalyst|SCRN-004_price_range|SCRN-006_reverse_splits|SCRN-009_short_interest|SCRN-010_front_back_side|ENTR-009_topping_tails|STOP-001_macd_hands_off|STOP-006_halt_offering|PROF-005_cold_market|MKTCOND-001_cold_hot_framework|MKTCOND-004_overall_market|TIMING-001_premarket_watch|TIMING-002_opening_range|TIMING-003_midday_dead|TIMING-006_power_hour
Penny Stock Goes Up +225% in 2 Hours!.txt,2433,True,True,0.9815,0.0185,13,SCRN-001_news_catalyst|SCRN-003_float|SCRN-004_price_range|SCRN-006_reverse_splits|ENTR-001_macd_gate|ENTR-002_fcnh|ENTR-004_micro_pullback|ENTR-009_topping_tails|MKTCOND-001_cold_hot_framework|MKTCOND-002_leading_gapper|MKTCOND-003_cheap_gappers|TIMING-001_premarket_watch|TIMING-005_session_length
"Soaring High +$2,000! Ross' Trade Recap.txt",4598,True,True,0.9815,0.0185,17,SCRN-001_news_catalyst|SCRN-002_relative_volume|SCRN-004_price_range|SCRN-005_daily_chart_room|ENTR-002_fcnh|ENTR-003_dollar_levels|ENTR-006_bull_flag|PROF-001_dont_cap_green|PROF-003_daily_goals|PROF-004_size_up_hot|MKTCOND-001_cold_hot_framework|MKTCOND-002_leading_gapper|MKTCOND-003_cheap_gappers|MKTCOND-005_seasonal|TIMING-001_premarket_watch|TIMING-002_opening_range|TIMING-003_midday_dead
+$12k on (NASDAQ EFTR & ISEE) Recap by Ross Cameron.txt,1444,False,False,0.9814,0.0186,11,SCRN-003_float|SCRN-004_price_range|SCRN-010_front_back_side|ENTR-003_dollar_levels|STOP-001_macd_hands_off|STOP-004_thirty_pct_soft_stop|PROF-005_cold_market|MKTCOND-002_leading_gapper|TIMING-001_premarket_watch|TIMING-002_opening_range|TIMING-003_midday_dead
Day 3 - LIVE Day Trading from the All Star Traders Summit 2022 #daytrading.txt,4592,True,True,0.9814,0.0186,17,SCRN-001_news_catalyst|SCRN-003_float|SCRN-004_price_range|SCRN-005_daily_chart_room|SCRN-009_short_interest|ENTR-009_topping_tails|STOP-002_ema_cross|STOP-003_fifty_pct_daily_stop|STOP-006_halt_offering|PROF-001_dont_cap_green|PROF-002_scale_out|MKTCOND-002_leading_gapper|MKTCOND-003_cheap_gappers|MKTCOND-004_overall_market|MKTCOND-005_seasonal|TIMING-001_premarket_watch|TIMING-002_opening_range
Day 44 The Hot Streak Continues+$28k Ross's Trade Recap.txt,4352,True,True,0.9814,0.0186,12,SCRN-001_news_catalyst|SCRN-003_float|SCRN-004_price_range|ENTR-003_dollar_levels|ENTR-004_micro_pullback|ENTR-005_vwap|STOP-006_halt_offering|PROF-001_dont_cap_green|PROF-004_size_up_hot|PROF-005_cold_market|MKTCOND-002_leading_gapper|TIMING-001_premarket_watch
Day 53 +$68k on Four Stocks! Ross's Trade Recap.txt,3631,True,True,0.9814,0.0186,16,SCRN-001_news_catalyst|SCRN-003_float|SCRN-008_sector_theme|SCRN-010_front_back_side|ENTR-002_fcnh|ENTR-003_dollar_levels|ENTR-004_micro_pullback|ENTR-006_bull_flag|ENTR-008_double_bottom|STOP-007_position_stop|PROF-002_scale_out|PROF-004_size_up_hot|MKTCOND-002_leading_gapper|TIMING-001_premarket_watch|TIMING-002_opening_range|TIMING-004_no_trade_days
Hong Kong Stock Market Faces Biggest Single Day Loss since 1997 while U.S. Small Caps SQUEEZE UP.txt,3427,True,True,0.9814,0.0186,17,SCRN-001_news_catalyst|SCRN-003_float|ENTR-001_macd_gate|ENTR-002_fcnh|ENTR-003_dollar_levels|ENTR-004_micro_pullback|ENTR-005_vwap|ENTR-009_topping_tails|STOP-003_fifty_pct_daily_stop|STOP-004_thirty_pct_soft_stop|PROF-005_cold_market|MKTCOND-001_cold_hot_framework|MKTCOND-004_overall_market|TIMING-001_premarket_watch|TIMING-002_opening_range|TIMING-003_midday_dead|TIMING-006_power_hour
I said yes to $DRUG +80%.txt,2526,True,True,0.9814,0.0186,11,SCRN-001_news_catalyst|ENTR-001_macd_gate|ENTR-008_double_bottom|STOP-003_fifty_pct_daily_stop|STOP-007_position_stop|PROF-005_cold_market|PROF-006_start_small|MKTCOND-002_leading_gapper|MKTCOND-004_overall_market|TIMING-002_opening_range|TIMING-004_no_trade_days
Red In Rehab Ross's Trade Recap.txt,2848,True,True,0.9814,0.0186,9,SCRN-003_float|ENTR-002_fcnh|ENTR-003_dollar_levels|ENTR-004_micro_pullback|STOP-003_fifty_pct_daily_stop|PROF-001_dont_cap_green|MKTCOND-003_cheap_gappers|MKTCOND-004_overall_market|MKTCOND-005_seasonal
"Three Losing Trades -$3,263 Ross' Trade Recap.txt",2488,True,True,0.9814,0.0186,10,SCRN-001_news_catalyst|SCRN-003_float|SCRN-004_price_range|SCRN-006_reverse_splits|ENTR-003_dollar_levels|STOP-003_fifty_pct_daily_stop|PROF-001_dont_cap_green|MKTCOND-001_cold_hot_framework|MKTCOND-005_seasonal|TIMING-003_midday_dead
"Trade The Best, Leave The Rest Ross' Trade Recap.txt",3296,True,True,0.9814,0.0186,12,SCRN-001_news_catalyst|SCRN-002_relative_volume|SCRN-003_float|SCRN-004_price_range|SCRN-005_daily_chart_room|SCRN-006_reverse_splits|ENTR-003_dollar_levels|ENTR-004_micro_pullback|PROF-001_dont_cap_green|PROF-004_size_up_hot|MKTCOND-002_leading_gapper|TIMING-003_midday_dead
Another BIG Short Squeeze! [9Q5y_PhZfig].txt,4544,True,True,0.9813,0.0187,17,SCRN-001_news_catalyst|SCRN-002_relative_volume|SCRN-003_float|SCRN-006_reverse_splits|ENTR-003_dollar_levels|ENTR-004_micro_pullback|ENTR-005_vwap|ENTR-009_topping_tails|STOP-003_fifty_pct_daily_stop|STOP-004_thirty_pct_soft_stop|MKTCOND-002_leading_gapper|MKTCOND-004_overall_market|MKTCOND-005_seasonal|TIMING-001_premarket_watch|TIMING-002_opening_range|TIMING-005_session_length|TIMING-006_power_hour
Another BIG Short Squeeze!.txt,4544,True,True,0.9813,0.0187,17,SCRN-001_news_catalyst|SCRN-002_relative_volume|SCRN-003_float|SCRN-006_reverse_splits|ENTR-003_dollar_levels|ENTR-004_micro_pullback|ENTR-005_vwap|ENTR-009_topping_tails|STOP-003_fifty_pct_daily_stop|STOP-004_thirty_pct_soft_stop|MKTCOND-002_leading_gapper|MKTCOND-004_overall_market|MKTCOND-005_seasonal|TIMING-001_premarket_watch|TIMING-002_opening_range|TIMING-005_session_length|TIMING-006_power_hour
"Another Great Trading Day - Up $14,826!.txt",2253,True,True,0.9813,0.0187,7,SCRN-001_news_catalyst|SCRN-005_daily_chart_room|ENTR-002_fcnh|ENTR-004_micro_pullback|PROF-001_dont_cap_green|TIMING-002_opening_range|TIMING-003_midday_dead
Day 27 Wildcard Friday Ross's Trade Recap.txt,4174,True,True,0.9813,0.0187,13,SCRN-001_news_catalyst|SCRN-004_price_range|SCRN-005_daily_chart_room|ENTR-002_fcnh|ENTR-003_dollar_levels|ENTR-004_micro_pullback|ENTR-009_topping_tails|STOP-003_fifty_pct_daily_stop|STOP-007_position_stop|PROF-001_dont_cap_green|PROF-005_cold_market|MKTCOND-002_leading_gapper|TIMING-003_midday_dead
Day Trading Morning Show with Ross Cameron [fjgkiAs_-3E].txt,4317,True,True,0.9813,0.0187,13,SCRN-001_news_catalyst|SCRN-003_float|SCRN-005_daily_chart_room|SCRN-009_short_interest|ENTR-002_fcnh|ENTR-003_dollar_levels|ENTR-004_micro_pullback|ENTR-009_topping_tails|PROF-002_scale_out|PROF-004_size_up_hot|PROF-005_cold_market|MKTCOND-002_leading_gapper|TIMING-002_opening_range
It's Better Than The Alternative....txt,1836,True,True,0.9813,0.0187,8,SCRN-001_news_catalyst|STOP-001_macd_hands_off|PROF-001_dont_cap_green|PROF-004_size_up_hot|PROF-005_cold_market|PROF-006_start_small|MKTCOND-001_cold_hot_framework|TIMING-006_power_hour
We Just Saw TWO 100%+ Short Squeezes!.txt,2003,True,True,0.9813,0.0187,8,SCRN-001_news_catalyst|ENTR-004_micro_pullback|ENTR-005_vwap|STOP-003_fifty_pct_daily_stop|PROF-003_daily_goals|PROF-004_size_up_hot|TIMING-001_premarket_watch|TIMING-002_opening_range
[LIVE] DAY TRADING Morning Show 9 00 - 9 30am ET with Ross Cameron [zAs0p7PKLQI].txt,1537,True,True,0.9813,0.0187,11,SCRN-004_price_range|SCRN-010_front_back_side|ENTR-004_micro_pullback|ENTR-009_topping_tails|STOP-001_macd_hands_off|PROF-004_size_up_hot|PROF-005_cold_market|MKTCOND-002_leading_gapper|MKTCOND-004_overall_market|TIMING-001_premarket_watch|TIMING-002_opening_range
$DCFC +$12k Day Trading Recap by Ross Cameron.txt,5624,True,True,0.9812,0.0188,19,SCRN-001_news_catalyst|SCRN-003_float|SCRN-006_reverse_splits|ENTR-002_fcnh|ENTR-003_dollar_levels|ENTR-004_micro_pullback|ENTR-006_bull_flag|ENTR-009_topping_tails|STOP-003_fifty_pct_daily_stop|STOP-004_thirty_pct_soft_stop|STOP-007_position_stop|PROF-004_size_up_hot|PROF-005_cold_market|MKTCOND-001_cold_hot_framework|MKTCOND-004_overall_market|MKTCOND-005_seasonal|TIMING-001_premarket_watch|TIMING-002_opening_range|TIMING-003_midday_dead
2nd Tough Trading Day -$2.9K Ross' Trade Recap.txt,3612,True,True,0.9812,0.0188,15,SCRN-001_news_catalyst|SCRN-003_float|SCRN-004_price_range|SCRN-005_daily_chart_room|ENTR-003_dollar_levels|ENTR-004_micro_pullback|STOP-003_fifty_pct_daily_stop|STOP-004_thirty_pct_soft_stop|PROF-001_dont_cap_green|PROF-005_cold_market|MKTCOND-001_cold_hot_framework|MKTCOND-002_leading_gapper|MKTCOND-004_overall_market|MKTCOND-005_seasonal|TIMING-003_midday_dead
Back In The Saddle +$3K! Ross' Trade Recap.txt,3852,True,True,0.9812,0.0188,11,SCRN-003_float|SCRN-004_price_range|ENTR-002_fcnh|ENTR-003_dollar_levels|ENTR-005_vwap|STOP-003_fifty_pct_daily_stop|PROF-003_daily_goals|MKTCOND-002_leading_gapper|TIMING-001_premarket_watch|TIMING-002_opening_range|TIMING-003_midday_dead
Biggest Green Day in Two Months! +$5K Ross' Trade Recap.txt,4975,True,True,0.9812,0.0188,15,SCRN-001_news_catalyst|SCRN-003_float|SCRN-004_price_range|SCRN-008_sector_theme|SCRN-010_front_back_side|ENTR-003_dollar_levels|ENTR-004_micro_pullback|STOP-003_fifty_pct_daily_stop|PROF-001_dont_cap_green|PROF-004_size_up_hot|MKTCOND-002_leading_gapper|MKTCOND-005_seasonal|TIMING-001_premarket_watch|TIMING-002_opening_range|TIMING-003_midday_dead
Day 2 RED DAY RECAP Small Account Challenge Ep 8.txt,3816,True,True,0.9812,0.0188,14,SCRN-001_news_catalyst|SCRN-002_relative_volume|SCRN-003_float|SCRN-004_price_range|SCRN-005_daily_chart_room|ENTR-002_fcnh|ENTR-003_dollar_levels|ENTR-004_micro_pullback|ENTR-006_bull_flag|ENTR-009_topping_tails|STOP-001_macd_hands_off|MKTCOND-002_leading_gapper|MKTCOND-005_seasonal|TIMING-002_opening_range
Day 84 and a HUGE 150% Short Squeeze on $APHB!!.txt,3773,True,True,0.9812,0.0188,12,SCRN-001_news_catalyst|SCRN-009_short_interest|ENTR-002_fcnh|ENTR-003_dollar_levels|ENTR-004_micro_pullback|ENTR-005_vwap|ENTR-006_bull_flag|STOP-003_fifty_pct_daily_stop|PROF-005_cold_market|TIMING-002_opening_range|TIMING-003_midday_dead|TIMING-005_session_length
Oops...I Did It Again! Down after Break-Even Ross' Trade Recap.txt,1898,True,True,0.9812,0.0188,7,SCRN-003_float|ENTR-002_fcnh|ENTR-003_dollar_levels|STOP-003_fifty_pct_daily_stop|PROF-003_daily_goals|PROF-004_size_up_hot|MKTCOND-005_seasonal
The ONLY Obvious Stock Today #stockmarket #daytrading.txt,3428,True,True,0.9812,0.0188,17,SCRN-001_news_catalyst|SCRN-003_float|SCRN-005_daily_chart_room|SCRN-010_front_back_side|ENTR-001_macd_gate|ENTR-003_dollar_levels|ENTR-004_micro_pullback|ENTR-005_vwap|ENTR-008_double_bottom|ENTR-009_topping_tails|PROF-003_daily_goals|PROF-004_size_up_hot|PROF-006_start_small|MKTCOND-002_leading_gapper|TIMING-001_premarket_watch|TIMING-002_opening_range|TIMING-003_midday_dead
Trading 7 of the Top Leading Percentage Gainers.txt,2327,True,True,0.9812,0.0188,11,SCRN-001_news_catalyst|SCRN-003_float|ENTR-004_micro_pullback|ENTR-005_vwap|STOP-003_fifty_pct_daily_stop|STOP-004_thirty_pct_soft_stop|PROF-001_dont_cap_green|MKTCOND-002_leading_gapper|TIMING-001_premarket_watch|TIMING-002_opening_range|TIMING-006_power_hour
Trading Green on Christmas Eve! Ross' Trade Recap.txt,3105,True,True,0.9812,0.0188,11,SCRN-001_news_catalyst|SCRN-003_float|SCRN-005_daily_chart_room|SCRN-006_reverse_splits|ENTR-003_dollar_levels|ENTR-004_micro_pullback|ENTR-007_order_spoofing|PROF-005_cold_market|MKTCOND-002_leading_gapper|MKTCOND-004_overall_market|TIMING-003_midday_dead
Watch List for FRIDAY & The Most Important Setup I'll be Watching!.txt,2853,True,True,0.9812,0.0188,13,SCRN-001_news_catalyst|SCRN-002_relative_volume|SCRN-003_float|ENTR-002_fcnh|ENTR-004_micro_pullback|ENTR-006_bull_flag|ENTR-009_topping_tails|STOP-001_macd_hands_off|STOP-003_fifty_pct_daily_stop|STOP-006_halt_offering|MKTCOND-002_leading_gapper|MKTCOND-004_overall_market|TIMING-003_midday_dead
[LIVE] DAY TRADING Morning Show 9 00 - 9 30am ET with Ross Cameron [-NlKmMrKlBs].txt,1208,False,False,0.9812,0.0188,6,ENTR-002_fcnh|STOP-004_thirty_pct_soft_stop|PROF-001_dont_cap_green|PROF-004_size_up_hot|MKTCOND-002_leading_gapper|TIMING-002_opening_range
"$40,854.67 in 3 Hours Day Trading! Hot Market Cycle Activated.txt",5851,True,True,0.9811,0.0189,16,SCRN-001_news_catalyst|SCRN-004_price_range|SCRN-005_daily_chart_room|SCRN-009_short_interest|SCRN-010_front_back_side|ENTR-002_fcnh|ENTR-009_topping_tails|STOP-003_fifty_pct_daily_stop|STOP-004_thirty_pct_soft_stop|STOP-006_halt_offering|PROF-001_dont_cap_green|PROF-003_daily_goals|MKTCOND-005_seasonal|TIMING-001_premarket_watch|TIMING-002_opening_range|TIMING-006_power_hour
+$48k on (NASDAQ MRIN) Recap by Ross Cameron.txt,1744,True,True,0.9811,0.0189,9,SCRN-003_float|SCRN-005_daily_chart_room|SCRN-009_short_interest|ENTR-003_dollar_levels|ENTR-004_micro_pullback|STOP-003_fifty_pct_daily_stop|STOP-004_thirty_pct_soft_stop|MKTCOND-002_leading_gapper|TIMING-001_premarket_watch
3 Green Days Trading on Vacation (NYSEAMERICAN BTX).txt,997,False,False,0.9811,0.0189,6,SCRN-003_float|SCRN-009_short_interest|ENTR-004_micro_pullback|MKTCOND-002_leading_gapper|MKTCOND-005_seasonal|TIMING-003_midday_dead
Big Wins in Two Days! Ross' Trade Recap.txt,2300,True,True,0.9811,0.0189,10,SCRN-001_news_catalyst|SCRN-003_float|SCRN-004_price_range|SCRN-005_daily_chart_room|SCRN-009_short_interest|ENTR-002_fcnh|ENTR-003_dollar_levels|MKTCOND-002_leading_gapper|TIMING-002_opening_range|TIMING-003_midday_dead
WAFU +200% Ross's Trade Recap.txt,2105,True,True,0.9811,0.0189,8,SCRN-001_news_catalyst|SCRN-003_float|ENTR-002_fcnh|ENTR-003_dollar_levels|STOP-003_fifty_pct_daily_stop|PROF-003_daily_goals|PROF-005_cold_market|MKTCOND-002_leading_gapper
WOW the Momentum is AMAZING!.txt,3066,True,True,0.9811,0.0189,14,SCRN-001_news_catalyst|SCRN-003_float|SCRN-005_daily_chart_room|SCRN-009_short_interest|SCRN-010_front_back_side|ENTR-002_fcnh|ENTR-003_dollar_levels|ENTR-004_micro_pullback|ENTR-005_vwap|STOP-003_fifty_pct_daily_stop|STOP-004_thirty_pct_soft_stop|STOP-006_halt_offering|PROF-006_start_small|TIMING-003_midday_dead
$MINM +$6.7k.txt,3491,True,True,0.981,0.019,14,SCRN-001_news_catalyst|SCRN-002_relative_volume|SCRN-003_float|SCRN-009_short_interest|ENTR-005_vwap|PROF-002_scale_out|PROF-006_start_small|MKTCOND-002_leading_gapper|MKTCOND-003_cheap_gappers|MKTCOND-004_overall_market|MKTCOND-005_seasonal|TIMING-001_premarket_watch|TIMING-003_midday_dead|TIMING-006_power_hour
A Surprise 40% Squeeze at the 9 30am Opening Bell!.txt,2607,True,True,0.981,0.019,10,SCRN-001_news_catalyst|ENTR-002_fcnh|STOP-003_fifty_pct_daily_stop|PROF-003_daily_goals|PROF-005_cold_market|MKTCOND-001_cold_hot_framework|MKTCOND-002_leading_gapper|MKTCOND-003_cheap_gappers|TIMING-002_opening_range|TIMING-004_no_trade_days
A Total Waste of Time -$9k Recap by Ross Cameron.txt,1418,False,False,0.981,0.019,7,SCRN-001_news_catalyst|SCRN-005_daily_chart_room|ENTR-004_micro_pullback|ENTR-009_topping_tails|MKTCOND-001_cold_hot_framework|MKTCOND-002_leading_gapper|TIMING-003_midday_dead
Day Trading 101 for Beginner Traders (LIVE STREAM).txt,17556,True,True,0.981,0.019,25,SCRN-001_news_catalyst|SCRN-003_float|SCRN-004_price_range|SCRN-005_daily_chart_room|SCRN-006_reverse_splits|SCRN-008_sector_theme|SCRN-009_short_interest|ENTR-002_fcnh|ENTR-003_dollar_levels|ENTR-004_micro_pullback|ENTR-005_vwap|ENTR-009_topping_tails|STOP-003_fifty_pct_daily_stop|STOP-007_position_stop|PROF-001_dont_cap_green|PROF-002_scale_out|PROF-004_size_up_hot|PROF-005_cold_market|PROF-006_start_small|MKTCOND-002_leading_gapper|MKTCOND-003_cheap_gappers|MKTCOND-004_overall_market|MKTCOND-005_seasonal|TIMING-001_premarket_watch|TIMING-002_opening_range
Day Trading Morning Show with Ross Cameron [PRyGxAFLBEE].txt,4629,True,True,0.981,0.019,16,SCRN-001_news_catalyst|SCRN-002_relative_volume|SCRN-003_float|SCRN-004_price_range|SCRN-005_daily_chart_room|ENTR-003_dollar_levels|STOP-007_position_stop|PROF-004_size_up_hot|PROF-005_cold_market|MKTCOND-001_cold_hot_framework|MKTCOND-002_leading_gapper|MKTCOND-003_cheap_gappers|MKTCOND-004_overall_market|TIMING-001_premarket_watch|TIMING-002_opening_range|TIMING-006_power_hour
Dead Cat Bounce $FRZA.txt,3887,True,True,0.981,0.019,16,SCRN-001_news_catalyst|SCRN-004_price_range|ENTR-003_dollar_levels|ENTR-004_micro_pullback|ENTR-006_bull_flag|STOP-003_fifty_pct_daily_stop|STOP-004_thirty_pct_soft_stop|STOP-005_fifty_pct_retrace|STOP-007_position_stop|PROF-003_daily_goals|PROF-004_size_up_hot|MKTCOND-002_leading_gapper|TIMING-001_premarket_watch|TIMING-002_opening_range|TIMING-003_midday_dead|TIMING-006_power_hour
Digging My Way Out! +$2.2K!.txt,3001,True,True,0.981,0.019,12,SCRN-001_news_catalyst|SCRN-003_float|SCRN-004_price_range|SCRN-006_reverse_splits|ENTR-002_fcnh|ENTR-003_dollar_levels|ENTR-009_topping_tails|PROF-004_size_up_hot|MKTCOND-002_leading_gapper|MKTCOND-004_overall_market|TIMING-002_opening_range|TIMING-003_midday_dead
"Finally, A Green Day +$3.3K!.txt",2539,True,True,0.981,0.019,11,SCRN-001_news_catalyst|SCRN-003_float|SCRN-004_price_range|ENTR-002_fcnh|ENTR-003_dollar_levels|ENTR-009_topping_tails|STOP-007_position_stop|PROF-003_daily_goals|PROF-004_size_up_hot|MKTCOND-002_leading_gapper|TIMING-003_midday_dead
I Started the day DEEP RED….txt,3585,True,True,0.981,0.019,16,SCRN-001_news_catalyst|SCRN-003_float|SCRN-004_price_range|SCRN-005_daily_chart_room|SCRN-006_reverse_splits|SCRN-009_short_interest|ENTR-002_fcnh|ENTR-003_dollar_levels|ENTR-009_topping_tails|PROF-004_size_up_hot|PROF-005_cold_market|PROF-006_start_small|MKTCOND-001_cold_hot_framework|MKTCOND-003_cheap_gappers|TIMING-001_premarket_watch|TIMING-002_opening_range
"One Red Day, Four Green Days!.txt",4048,True,True,0.981,0.019,16,SCRN-001_news_catalyst|SCRN-002_relative_volume|SCRN-003_float|SCRN-004_price_range|ENTR-003_dollar_levels|ENTR-004_micro_pullback|ENTR-006_bull_flag|STOP-003_fifty_pct_daily_stop|STOP-007_position_stop|PROF-001_dont_cap_green|PROF-002_scale_out|PROF-003_daily_goals|MKTCOND-002_leading_gapper|MKTCOND-005_seasonal|TIMING-002_opening_range|TIMING-003_midday_dead
Red on the first trade then $HILS +75% Gap and Go!.txt,1918,True,True,0.981,0.019,9,SCRN-001_news_catalyst|SCRN-003_float|SCRN-004_price_range|SCRN-006_reverse_splits|ENTR-004_micro_pullback|PROF-002_scale_out|PROF-003_daily_goals|MKTCOND-002_leading_gapper|TIMING-002_opening_range
We Just Had A 300%+ Short Squeeze!!.txt,2622,True,True,0.981,0.019,11,SCRN-001_news_catalyst|SCRN-002_relative_volume|SCRN-004_price_range|ENTR-002_fcnh|ENTR-005_vwap|STOP-003_fifty_pct_daily_stop|STOP-004_thirty_pct_soft_stop|MKTCOND-001_cold_hot_framework|TIMING-001_premarket_watch|TIMING-002_opening_range|TIMING-006_power_hour
"+$18,538.09 during the [LIVE] DAY TRADING Morning Show 9 00 - 9 30am ET with Ross Cameron.txt",3428,True,True,0.9809,0.0191,14,SCRN-001_news_catalyst|SCRN-003_float|SCRN-004_price_range|SCRN-006_reverse_splits|ENTR-002_fcnh|ENTR-004_micro_pullback|ENTR-009_topping_tails|PROF-001_dont_cap_green|PROF-002_scale_out|PROF-005_cold_market|MKTCOND-003_cheap_gappers|TIMING-001_premarket_watch|TIMING-002_opening_range|TIMING-004_no_trade_days
+$41k on CARV +$7k on GALT Recap by Ross Cameron.txt,2175,True,True,0.9809,0.0191,12,ENTR-004_micro_pullback|ENTR-005_vwap|ENTR-006_bull_flag|ENTR-009_topping_tails|STOP-003_fifty_pct_daily_stop|STOP-004_thirty_pct_soft_stop|STOP-006_halt_offering|STOP-007_position_stop|PROF-001_dont_cap_green|TIMING-001_premarket_watch|TIMING-002_opening_range|TIMING-006_power_hour
Day 42 Putting The Pedal to The Metal +$24k Ross's Trade Recap.txt,4017,True,True,0.9809,0.0191,14,SCRN-001_news_catalyst|SCRN-003_float|SCRN-004_price_range|SCRN-005_daily_chart_room|SCRN-010_front_back_side|ENTR-002_fcnh|ENTR-003_dollar_levels|ENTR-004_micro_pullback|STOP-003_fifty_pct_daily_stop|STOP-004_thirty_pct_soft_stop|STOP-007_position_stop|PROF-004_size_up_hot|MKTCOND-002_leading_gapper|TIMING-001_premarket_watch
How to Make Money Trading in a COLD Market.txt,4823,True,True,0.9809,0.0191,15,SCRN-001_news_catalyst|SCRN-003_float|SCRN-004_price_range|SCRN-005_daily_chart_room|SCRN-009_short_interest|STOP-003_fifty_pct_daily_stop|STOP-006_halt_offering|STOP-007_position_stop|PROF-005_cold_market|MKTCOND-001_cold_hot_framework|MKTCOND-002_leading_gapper|MKTCOND-003_cheap_gappers|MKTCOND-004_overall_market|MKTCOND-005_seasonal|TIMING-004_no_trade_days
My Afternoon Trades & Why The S&P 500 Bounced Off The Lows.txt,3550,True,True,0.9809,0.0191,9,SCRN-001_news_catalyst|SCRN-003_float|SCRN-004_price_range|ENTR-004_micro_pullback|MKTCOND-002_leading_gapper|MKTCOND-004_overall_market|TIMING-002_opening_range|TIMING-003_midday_dead|TIMING-006_power_hour
"Stairway To Heaven +$2,375! Ross' Trade Recap.txt",4598,True,True,0.9809,0.0191,11,SCRN-003_float|SCRN-004_price_range|ENTR-003_dollar_levels|ENTR-004_micro_pullback|STOP-003_fifty_pct_daily_stop|PROF-003_daily_goals|PROF-004_size_up_hot|PROF-005_cold_market|MKTCOND-002_leading_gapper|MKTCOND-003_cheap_gappers|TIMING-003_midday_dead
[LIVE] DAY TRADING Morning Show 9 00 - 9 30am EST with Ross Cameron! [Myw--q9QJ4Q].txt,4684,True,True,0.9809,0.0191,12,SCRN-001_news_catalyst|SCRN-002_relative_volume|SCRN-003_float|SCRN-004_price_range|ENTR-003_dollar_levels|ENTR-004_micro_pullback|ENTR-009_topping_tails|STOP-004_thirty_pct_soft_stop|PROF-001_dont_cap_green|MKTCOND-004_overall_market|TIMING-001_premarket_watch|TIMING-002_opening_range
"$12,553.50 on Today's BIGGEST Intraday Squeeze.txt",3596,True,True,0.9808,0.0192,11,SCRN-001_news_catalyst|SCRN-004_price_range|SCRN-007_foreign_stocks|ENTR-001_macd_gate|ENTR-009_topping_tails|PROF-003_daily_goals|PROF-005_cold_market|MKTCOND-002_leading_gapper|TIMING-001_premarket_watch|TIMING-002_opening_range|TIMING-006_power_hour
$NEXI +100% at the open!.txt,3574,True,True,0.9808,0.0192,20,SCRN-001_news_catalyst|SCRN-002_relative_volume|SCRN-003_float|SCRN-004_price_range|SCRN-005_daily_chart_room|SCRN-010_front_back_side|ENTR-002_fcnh|ENTR-005_vwap|ENTR-009_topping_tails|STOP-003_fifty_pct_daily_stop|PROF-001_dont_cap_green|PROF-002_scale_out|MKTCOND-002_leading_gapper|MKTCOND-003_cheap_gappers|MKTCOND-004_overall_market|TIMING-001_premarket_watch|TIMING-002_opening_range|TIMING-003_midday_dead|TIMING-005_session_length|TIMING-006_power_hour
"2nd to Last Trading Day of The Year +$1,874 Ross' Trade Recap.txt",2895,True,True,0.9808,0.0192,14,SCRN-004_price_range|SCRN-005_daily_chart_room|SCRN-010_front_back_side|ENTR-003_dollar_levels|ENTR-009_topping_tails|STOP-001_macd_hands_off|STOP-002_ema_cross|STOP-003_fifty_pct_daily_stop|STOP-007_position_stop|PROF-005_cold_market|MKTCOND-002_leading_gapper|MKTCOND-004_overall_market|TIMING-001_premarket_watch|TIMING-003_midday_dead
BIG LOSS.txt,4551,True,True,0.9808,0.0192,18,SCRN-001_news_catalyst|SCRN-004_price_range|SCRN-006_reverse_splits|SCRN-007_foreign_stocks|SCRN-009_short_interest|ENTR-002_fcnh|ENTR-003_dollar_levels|ENTR-004_micro_pullback|ENTR-007_order_spoofing|STOP-004_thirty_pct_soft_stop|STOP-007_position_stop|PROF-002_scale_out|PROF-004_size_up_hot|PROF-005_cold_market|MKTCOND-001_cold_hot_framework|MKTCOND-003_cheap_gappers|TIMING-001_premarket_watch|TIMING-002_opening_range
"Day 22 of the Small Account Challenge +$14,805.86 on $PULM $APOP $NAKD $BNTC.txt",4700,True,True,0.9808,0.0192,11,SCRN-001_news_catalyst|SCRN-005_daily_chart_room|ENTR-002_fcnh|ENTR-006_bull_flag|STOP-007_position_stop|PROF-004_size_up_hot|MKTCOND-002_leading_gapper|MKTCOND-005_seasonal|TIMING-001_premarket_watch|TIMING-003_midday_dead|TIMING-005_session_length
"Day 30 of the $100k Challenge +$8,429.93.txt",6493,True,True,0.9808,0.0192,17,SCRN-001_news_catalyst|SCRN-003_float|SCRN-004_price_range|SCRN-005_daily_chart_room|SCRN-006_reverse_splits|ENTR-002_fcnh|ENTR-003_dollar_levels|ENTR-004_micro_pullback|STOP-002_ema_cross|STOP-006_halt_offering|PROF-002_scale_out|PROF-004_size_up_hot|PROF-006_start_small|MKTCOND-002_leading_gapper|TIMING-001_premarket_watch|TIMING-002_opening_range|TIMING-003_midday_dead
Day 49 of the $100k Challenge -$5.9k on my 4th Red Day.txt,5387,True,True,0.9808,0.0192,12,SCRN-001_news_catalyst|SCRN-003_float|SCRN-005_daily_chart_room|SCRN-009_short_interest|ENTR-002_fcnh|ENTR-003_dollar_levels|ENTR-006_bull_flag|STOP-003_fifty_pct_daily_stop|STOP-007_position_stop|PROF-001_dont_cap_green|TIMING-003_midday_dead|TIMING-006_power_hour
Day Trading Morning Show with Ross Cameron [enRNk6yBKpo].txt,2868,True,True,0.9808,0.0192,8,SCRN-001_news_catalyst|SCRN-003_float|SCRN-004_price_range|SCRN-005_daily_chart_room|MKTCOND-001_cold_hot_framework|MKTCOND-002_leading_gapper|MKTCOND-003_cheap_gappers|TIMING-003_midday_dead
Finally Bouncing Back! +$25k on (NASDAQ ALF) Recap by Ross Cameron.txt,3390,True,True,0.9808,0.0192,13,SCRN-001_news_catalyst|SCRN-003_float|SCRN-009_short_interest|ENTR-002_fcnh|ENTR-003_dollar_levels|ENTR-004_micro_pullback|ENTR-005_vwap|STOP-003_fifty_pct_daily_stop|STOP-004_thirty_pct_soft_stop|PROF-001_dont_cap_green|PROF-005_cold_market|TIMING-001_premarket_watch|TIMING-002_opening_range
"Hardly Any Momentum, but Still Green! +$2,445 Ross Trade Recap.txt",1769,True,True,0.9808,0.0192,8,SCRN-001_news_catalyst|SCRN-004_price_range|ENTR-003_dollar_levels|PROF-003_daily_goals|MKTCOND-002_leading_gapper|TIMING-001_premarket_watch|TIMING-002_opening_range|TIMING-003_midday_dead
Red Day Recap [aMJ_fo_XGHM].txt,2161,True,True,0.9808,0.0192,10,SCRN-004_price_range|SCRN-005_daily_chart_room|SCRN-007_foreign_stocks|ENTR-007_order_spoofing|STOP-003_fifty_pct_daily_stop|STOP-007_position_stop|PROF-004_size_up_hot|PROF-005_cold_market|MKTCOND-001_cold_hot_framework|MKTCOND-002_leading_gapper
Scattered Attention on $DWAC $PHUN $SAVE $RVSN $RUM $ENSC.txt,3414,True,True,0.9808,0.0192,16,SCRN-001_news_catalyst|SCRN-002_relative_volume|SCRN-004_price_range|SCRN-005_daily_chart_room|SCRN-006_reverse_splits|SCRN-009_short_interest|ENTR-003_dollar_levels|ENTR-005_vwap|ENTR-009_topping_tails|PROF-001_dont_cap_green|PROF-004_size_up_hot|PROF-005_cold_market|MKTCOND-001_cold_hot_framework|MKTCOND-002_leading_gapper|MKTCOND-003_cheap_gappers|TIMING-001_premarket_watch
"Slow and Steady Profits +$2,700! Ross' Trade Recap.txt",3412,True,True,0.9808,0.0192,11,SCRN-003_float|SCRN-004_price_range|SCRN-005_daily_chart_room|SCRN-009_short_interest|ENTR-002_fcnh|ENTR-003_dollar_levels|ENTR-009_topping_tails|STOP-003_fifty_pct_daily_stop|MKTCOND-004_overall_market|TIMING-001_premarket_watch|TIMING-005_session_length
Today's #1 Leading Gapper.txt,3537,True,True,0.9808,0.0192,15,SCRN-001_news_catalyst|SCRN-003_float|SCRN-004_price_range|SCRN-005_daily_chart_room|SCRN-010_front_back_side|ENTR-001_macd_gate|ENTR-005_vwap|ENTR-008_double_bottom|STOP-006_halt_offering|STOP-007_position_stop|PROF-001_dont_cap_green|PROF-004_size_up_hot|MKTCOND-002_leading_gapper|TIMING-002_opening_range|TIMING-003_midday_dead
APOP +200% and LK down -75% Ross's Trade Recap.txt,3688,True,True,0.9807,0.0193,14,SCRN-001_news_catalyst|SCRN-004_price_range|SCRN-005_daily_chart_room|SCRN-006_reverse_splits|ENTR-002_fcnh|ENTR-003_dollar_levels|STOP-003_fifty_pct_daily_stop|PROF-004_size_up_hot|PROF-005_cold_market|MKTCOND-002_leading_gapper|MKTCOND-003_cheap_gappers|MKTCOND-004_overall_market|TIMING-001_premarket_watch|TIMING-003_midday_dead
Big Green Day Today!.txt,3436,True,True,0.9807,0.0193,10,SCRN-001_news_catalyst|SCRN-005_daily_chart_room|SCRN-006_reverse_splits|ENTR-004_micro_pullback|STOP-007_position_stop|PROF-004_size_up_hot|PROF-005_cold_market|MKTCOND-002_leading_gapper|TIMING-001_premarket_watch|TIMING-003_midday_dead
LIVE Day Trading Morning Show with Ross Cameron [z90E4L0S4Rk].txt,3606,True,True,0.9807,0.0193,16,SCRN-001_news_catalyst|SCRN-003_float|SCRN-005_daily_chart_room|SCRN-006_reverse_splits|SCRN-007_foreign_stocks|SCRN-009_short_interest|ENTR-003_dollar_levels|ENTR-004_micro_pullback|ENTR-006_bull_flag|ENTR-009_topping_tails|STOP-006_halt_offering|PROF-001_dont_cap_green|PROF-004_size_up_hot|MKTCOND-002_leading_gapper|MKTCOND-003_cheap_gappers|TIMING-002_opening_range
Surprising Green Day! +$7.8k on $VTSI Recap by Ross Cameron.txt,3016,True,True,0.9807,0.0193,11,SCRN-001_news_catalyst|SCRN-003_float|ENTR-003_dollar_levels|PROF-001_dont_cap_green|PROF-005_cold_market|MKTCOND-001_cold_hot_framework|MKTCOND-002_leading_gapper|TIMING-001_premarket_watch|TIMING-002_opening_range|TIMING-003_midday_dead|TIMING-006_power_hour
Was this the right stock to trade today.txt,4212,True,True,0.9807,0.0193,17,SCRN-001_news_catalyst|SCRN-002_relative_volume|SCRN-003_float|SCRN-004_price_range|SCRN-005_daily_chart_room|SCRN-006_reverse_splits|SCRN-010_front_back_side|ENTR-005_vwap|STOP-001_macd_hands_off|STOP-003_fifty_pct_daily_stop|STOP-004_thirty_pct_soft_stop|PROF-003_daily_goals|MKTCOND-002_leading_gapper|MKTCOND-004_overall_market|TIMING-001_premarket_watch|TIMING-002_opening_range|TIMING-003_midday_dead
We had 6 stocks go up over 100% today!.txt,3829,True,True,0.9807,0.0193,12,SCRN-003_float|SCRN-007_foreign_stocks|ENTR-002_fcnh|ENTR-005_vwap|ENTR-006_bull_flag|STOP-003_fifty_pct_daily_stop|STOP-004_thirty_pct_soft_stop|MKTCOND-001_cold_hot_framework|MKTCOND-002_leading_gapper|MKTCOND-004_overall_market|TIMING-001_premarket_watch|TIMING-003_midday_dead
4 Base Hit Winners = 1 Daily HOT MARKET Goal.txt,2596,True,True,0.9806,0.0194,9,SCRN-001_news_catalyst|SCRN-007_foreign_stocks|ENTR-002_fcnh|ENTR-003_dollar_levels|STOP-004_thirty_pct_soft_stop|PROF-005_cold_market|TIMING-001_premarket_watch|TIMING-004_no_trade_days|TIMING-006_power_hour
A Bloody Valentine... -$6k in Day Trades.txt,3690,True,True,0.9806,0.0194,13,ENTR-002_fcnh|ENTR-003_dollar_levels|ENTR-006_bull_flag|STOP-003_fifty_pct_daily_stop|PROF-001_dont_cap_green|PROF-002_scale_out|PROF-004_size_up_hot|PROF-005_cold_market|MKTCOND-001_cold_hot_framework|MKTCOND-004_overall_market|MKTCOND-005_seasonal|TIMING-001_premarket_watch|TIMING-003_midday_dead
Day 4 LIVE Day Trading from the All Star Traders Summit 2022 #daytrading.txt,3482,True,True,0.9806,0.0194,15,SCRN-001_news_catalyst|SCRN-003_float|SCRN-004_price_range|SCRN-005_daily_chart_room|SCRN-006_reverse_splits|SCRN-008_sector_theme|SCRN-009_short_interest|ENTR-001_macd_gate|ENTR-002_fcnh|ENTR-006_bull_flag|PROF-005_cold_market|MKTCOND-002_leading_gapper|MKTCOND-003_cheap_gappers|TIMING-002_opening_range|TIMING-003_midday_dead
Did I follow the 6 Rules of Trader Rehab.txt,4311,True,True,0.9806,0.0194,20,SCRN-001_news_catalyst|SCRN-003_float|SCRN-004_price_range|SCRN-005_daily_chart_room|SCRN-006_reverse_splits|SCRN-007_foreign_stocks|ENTR-003_dollar_levels|ENTR-004_micro_pullback|ENTR-009_topping_tails|STOP-003_fifty_pct_daily_stop|STOP-004_thirty_pct_soft_stop|STOP-007_position_stop|PROF-004_size_up_hot|PROF-005_cold_market|PROF-006_start_small|MKTCOND-004_overall_market|MKTCOND-005_seasonal|TIMING-001_premarket_watch|TIMING-002_opening_range|TIMING-004_no_trade_days
I couldn't say no to $DRUG +30%.txt,2755,True,True,0.9806,0.0194,12,SCRN-004_price_range|ENTR-001_macd_gate|ENTR-004_micro_pullback|ENTR-005_vwap|PROF-003_daily_goals|PROF-004_size_up_hot|PROF-006_start_small|MKTCOND-002_leading_gapper|MKTCOND-004_overall_market|MKTCOND-005_seasonal|TIMING-001_premarket_watch|TIMING-002_opening_range
+$22k in My Main Account! Recap by Ross Cameron.txt,5160,True,True,0.9805,0.0195,19,SCRN-001_news_catalyst|SCRN-003_float|SCRN-004_price_range|SCRN-005_daily_chart_room|ENTR-003_dollar_levels|ENTR-004_micro_pullback|ENTR-005_vwap|ENTR-006_bull_flag|ENTR-008_double_bottom|ENTR-009_topping_tails|STOP-003_fifty_pct_daily_stop|STOP-004_thirty_pct_soft_stop|STOP-007_position_stop|PROF-001_dont_cap_green|MKTCOND-002_leading_gapper|MKTCOND-003_cheap_gappers|MKTCOND-004_overall_market|TIMING-001_premarket_watch|TIMING-003_midday_dead
+$35k on (NASDAQ ENTX) Recap by Ross Cameron.txt,2941,True,True,0.9805,0.0195,9,SCRN-003_float|SCRN-004_price_range|STOP-003_fifty_pct_daily_stop|STOP-007_position_stop|PROF-001_dont_cap_green|PROF-004_size_up_hot|MKTCOND-002_leading_gapper|TIMING-001_premarket_watch|TIMING-002_opening_range
"100% Accuracy on Five Trades! +$2,700! Ross' Trade Recap.txt",4788,True,True,0.9805,0.0195,19,SCRN-001_news_catalyst|SCRN-003_float|SCRN-004_price_range|SCRN-007_foreign_stocks|ENTR-002_fcnh|ENTR-003_dollar_levels|ENTR-004_micro_pullback|ENTR-009_topping_tails|STOP-003_fifty_pct_daily_stop|STOP-004_thirty_pct_soft_stop|PROF-001_dont_cap_green|PROF-003_daily_goals|PROF-006_start_small|MKTCOND-002_leading_gapper|MKTCOND-004_overall_market|MKTCOND-005_seasonal|TIMING-001_premarket_watch|TIMING-002_opening_range|TIMING-003_midday_dead
First Red Day in 57 Trading Days -$10k Ross's Trade Recap.txt,6511,True,True,0.9805,0.0195,16,SCRN-001_news_catalyst|SCRN-003_float|SCRN-005_daily_chart_room|ENTR-002_fcnh|ENTR-003_dollar_levels|ENTR-004_micro_pullback|ENTR-007_order_spoofing|STOP-003_fifty_pct_daily_stop|STOP-007_position_stop|PROF-001_dont_cap_green|PROF-004_size_up_hot|PROF-005_cold_market|MKTCOND-002_leading_gapper|TIMING-001_premarket_watch|TIMING-002_opening_range|TIMING-003_midday_dead
GFAI +115% wow!.txt,4406,True,True,0.9805,0.0195,22,SCRN-001_news_catalyst|SCRN-003_float|SCRN-004_price_range|SCRN-005_daily_chart_room|SCRN-007_foreign_stocks|SCRN-008_sector_theme|ENTR-004_micro_pullback|ENTR-009_topping_tails|STOP-003_fifty_pct_daily_stop|STOP-004_thirty_pct_soft_stop|STOP-006_halt_offering|STOP-007_position_stop|PROF-003_daily_goals|PROF-005_cold_market|MKTCOND-001_cold_hot_framework|MKTCOND-002_leading_gapper|MKTCOND-004_overall_market|MKTCOND-005_seasonal|TIMING-001_premarket_watch|TIMING-002_opening_range|TIMING-003_midday_dead|TIMING-004_no_trade_days
Momentum Day Trading $ATXI +50%.txt,2883,True,True,0.9805,0.0195,9,SCRN-003_float|SCRN-004_price_range|ENTR-004_micro_pullback|PROF-003_daily_goals|MKTCOND-002_leading_gapper|MKTCOND-003_cheap_gappers|MKTCOND-005_seasonal|TIMING-001_premarket_watch|TIMING-002_opening_range
Roaring Kitty is BACK on GameStop.txt,3549,True,True,0.9805,0.0195,14,SCRN-001_news_catalyst|SCRN-003_float|SCRN-005_daily_chart_room|SCRN-006_reverse_splits|SCRN-010_front_back_side|ENTR-001_macd_gate|ENTR-002_fcnh|ENTR-003_dollar_levels|ENTR-004_micro_pullback|ENTR-005_vwap|STOP-003_fifty_pct_daily_stop|PROF-006_start_small|TIMING-001_premarket_watch|TIMING-002_opening_range
[LIVE] DAY TRADING Morning Show 9 00 - 9 30am ET with Ross Cameron [EH_dffnJSfs].txt,2972,True,True,0.9805,0.0195,12,SCRN-001_news_catalyst|SCRN-003_float|SCRN-004_price_range|SCRN-005_daily_chart_room|SCRN-006_reverse_splits|ENTR-002_fcnh|ENTR-005_vwap|STOP-006_halt_offering|PROF-003_daily_goals|TIMING-001_premarket_watch|TIMING-002_opening_range|TIMING-003_midday_dead
+$14k on (NYSE TKAT) (NYSE BTX) Recap by Ross Cameron.txt,3353,True,True,0.9804,0.0196,15,SCRN-001_news_catalyst|SCRN-002_relative_volume|SCRN-003_float|SCRN-004_price_range|SCRN-005_daily_chart_room|SCRN-006_reverse_splits|SCRN-009_short_interest|ENTR-002_fcnh|ENTR-004_micro_pullback|ENTR-009_topping_tails|STOP-004_thirty_pct_soft_stop|PROF-004_size_up_hot|PROF-005_cold_market|MKTCOND-001_cold_hot_framework|TIMING-003_midday_dead
+$42k on (NASDAQ DTSS) Recap by Ross Cameron.txt,1444,False,False,0.9804,0.0196,7,STOP-003_fifty_pct_daily_stop|STOP-004_thirty_pct_soft_stop|STOP-007_position_stop|PROF-003_daily_goals|MKTCOND-002_leading_gapper|TIMING-001_premarket_watch|TIMING-002_opening_range
+$6k on (NASDAQ TLC) & (NASDAQ PRVB) Recap by Ross Cameron.txt,2166,True,True,0.9804,0.0196,10,SCRN-001_news_catalyst|SCRN-005_daily_chart_room|ENTR-003_dollar_levels|ENTR-004_micro_pullback|STOP-003_fifty_pct_daily_stop|PROF-003_daily_goals|PROF-005_cold_market|MKTCOND-002_leading_gapper|TIMING-001_premarket_watch|TIMING-002_opening_range
BLPH Surges Pre-market +$13k Ross's Trade Recap.txt,3156,True,True,0.9804,0.0196,12,SCRN-001_news_catalyst|SCRN-003_float|SCRN-005_daily_chart_room|ENTR-003_dollar_levels|ENTR-004_micro_pullback|STOP-003_fifty_pct_daily_stop|PROF-002_scale_out|PROF-003_daily_goals|MKTCOND-002_leading_gapper|TIMING-001_premarket_watch|TIMING-002_opening_range|TIMING-003_midday_dead
Buckle up!!.txt,2343,True,True,0.9804,0.0196,14,SCRN-001_news_catalyst|SCRN-003_float|SCRN-004_price_range|SCRN-005_daily_chart_room|ENTR-002_fcnh|ENTR-009_topping_tails|STOP-003_fifty_pct_daily_stop|PROF-001_dont_cap_green|PROF-005_cold_market|MKTCOND-002_leading_gapper|TIMING-001_premarket_watch|TIMING-003_midday_dead|TIMING-004_no_trade_days|TIMING-006_power_hour
Canadian Stock Goes Up OVER 100% in 2hrs.txt,2850,True,True,0.9804,0.0196,12,SCRN-001_news_catalyst|SCRN-003_float|SCRN-004_price_range|SCRN-005_daily_chart_room|ENTR-003_dollar_levels|STOP-006_halt_offering|STOP-007_position_stop|PROF-003_daily_goals|PROF-004_size_up_hot|PROF-006_start_small|MKTCOND-001_cold_hot_framework|TIMING-002_opening_range
Game Plan for Day Trading this week! [aNu3cwM626w].txt,5643,True,True,0.9804,0.0196,15,SCRN-001_news_catalyst|SCRN-004_price_range|SCRN-005_daily_chart_room|SCRN-006_reverse_splits|SCRN-009_short_interest|ENTR-003_dollar_levels|STOP-005_fifty_pct_retrace|STOP-007_position_stop|PROF-003_daily_goals|PROF-006_start_small|MKTCOND-002_leading_gapper|MKTCOND-004_overall_market|TIMING-001_premarket_watch|TIMING-002_opening_range|TIMING-006_power_hour
Making money in the Hotel on my Travel Station Ross' Trading Recap.txt,3640,True,True,0.9804,0.0196,12,SCRN-003_float|SCRN-004_price_range|SCRN-005_daily_chart_room|SCRN-009_short_interest|ENTR-002_fcnh|ENTR-003_dollar_levels|STOP-003_fifty_pct_daily_stop|STOP-007_position_stop|MKTCOND-002_leading_gapper|TIMING-001_premarket_watch|TIMING-002_opening_range|TIMING-003_midday_dead
"Met My Daily Goal In 45 Minutes! +$2,687 Ross' Trade Recap.txt",1863,True,True,0.9804,0.0196,11,SCRN-001_news_catalyst|SCRN-003_float|SCRN-004_price_range|ENTR-002_fcnh|ENTR-003_dollar_levels|ENTR-009_topping_tails|STOP-003_fifty_pct_daily_stop|PROF-003_daily_goals|MKTCOND-002_leading_gapper|TIMING-001_premarket_watch|TIMING-003_midday_dead
$SINT +72% on PR from 9am ET.txt,1739,True,True,0.9803,0.0197,7,SCRN-001_news_catalyst|SCRN-009_short_interest|STOP-003_fifty_pct_daily_stop|STOP-007_position_stop|PROF-001_dont_cap_green|PROF-005_cold_market|TIMING-002_opening_range
Day Trading Recap $VINE $FATH $IMMX.txt,3654,True,True,0.9803,0.0197,14,SCRN-003_float|SCRN-004_price_range|SCRN-005_daily_chart_room|ENTR-002_fcnh|ENTR-004_micro_pullback|ENTR-008_double_bottom|STOP-003_fifty_pct_daily_stop|STOP-007_position_stop|PROF-003_daily_goals|PROF-004_size_up_hot|MKTCOND-002_leading_gapper|MKTCOND-005_seasonal|TIMING-001_premarket_watch|TIMING-002_opening_range
I DID NOT Like the Most Obvious Stock Today... [XDyZNlvvyzQ].txt,3167,True,True,0.9803,0.0197,17,SCRN-001_news_catalyst|SCRN-003_float|SCRN-009_short_interest|SCRN-010_front_back_side|ENTR-002_fcnh|ENTR-003_dollar_levels|ENTR-004_micro_pullback|ENTR-005_vwap|STOP-003_fifty_pct_daily_stop|PROF-001_dont_cap_green|PROF-003_daily_goals|PROF-005_cold_market|MKTCOND-001_cold_hot_framework|TIMING-001_premarket_watch|TIMING-002_opening_range|TIMING-004_no_trade_days|TIMING-006_power_hour
I DID NOT Like the Most Obvious Stock Today....txt,3167,True,True,0.9803,0.0197,17,SCRN-001_news_catalyst|SCRN-003_float|SCRN-009_short_interest|SCRN-010_front_back_side|ENTR-002_fcnh|ENTR-003_dollar_levels|ENTR-004_micro_pullback|ENTR-005_vwap|STOP-003_fifty_pct_daily_stop|PROF-001_dont_cap_green|PROF-003_daily_goals|PROF-005_cold_market|MKTCOND-001_cold_hot_framework|TIMING-001_premarket_watch|TIMING-002_opening_range|TIMING-004_no_trade_days|TIMING-006_power_hour
These were the BEST stocks today!.txt,3132,True,True,0.9803,0.0197,9,SCRN-001_news_catalyst|SCRN-003_float|SCRN-009_short_interest|ENTR-004_micro_pullback|MKTCOND-002_leading_gapper|MKTCOND-003_cheap_gappers|TIMING-001_premarket_watch|TIMING-002_opening_range|TIMING-005_session_length
[LIVE] DAY TRADING Morning Show 9 00 - 9 30am ET with Ross Cameron [as5ECmIpCq0].txt,3267,True,True,0.9803,0.0197,9,SCRN-001_news_catalyst|SCRN-003_float|SCRN-005_daily_chart_room|SCRN-010_front_back_side|MKTCOND-002_leading_gapper|MKTCOND-003_cheap_gappers|MKTCOND-004_overall_market|TIMING-002_opening_range|TIMING-005_session_length
ANOTHER Red Day Recap.txt,5013,True,True,0.9802,0.0198,17,SCRN-001_news_catalyst|SCRN-003_float|SCRN-004_price_range|SCRN-005_daily_chart_room|ENTR-001_macd_gate|ENTR-002_fcnh|ENTR-004_micro_pullback|ENTR-009_topping_tails|STOP-003_fifty_pct_daily_stop|PROF-001_dont_cap_green|PROF-002_scale_out|PROF-004_size_up_hot|MKTCOND-002_leading_gapper|MKTCOND-003_cheap_gappers|TIMING-001_premarket_watch|TIMING-002_opening_range|TIMING-006_power_hour
Another Awesome Day of Trading! [w5jyWZWAn4I].txt,1733,True,True,0.9802,0.0198,7,SCRN-004_price_range|ENTR-003_dollar_levels|ENTR-004_micro_pullback|STOP-003_fifty_pct_daily_stop|PROF-005_cold_market|MKTCOND-003_cheap_gappers|TIMING-003_midday_dead
Another Awesome Day of Trading!.txt,1733,True,True,0.9802,0.0198,7,SCRN-004_price_range|ENTR-003_dollar_levels|ENTR-004_micro_pullback|STOP-003_fifty_pct_daily_stop|PROF-005_cold_market|MKTCOND-003_cheap_gappers|TIMING-003_midday_dead
Breaking News Sends Stock Up 75% In 45 Minutes.txt,2369,True,True,0.9802,0.0198,8,SCRN-001_news_catalyst|SCRN-003_float|SCRN-004_price_range|SCRN-006_reverse_splits|PROF-004_size_up_hot|MKTCOND-003_cheap_gappers|TIMING-001_premarket_watch|TIMING-002_opening_range
GREEN DAY.txt,3820,True,True,0.9802,0.0198,14,SCRN-001_news_catalyst|SCRN-003_float|SCRN-004_price_range|SCRN-006_reverse_splits|SCRN-007_foreign_stocks|SCRN-008_sector_theme|STOP-006_halt_offering|PROF-002_scale_out|PROF-004_size_up_hot|PROF-005_cold_market|PROF-006_start_small|MKTCOND-001_cold_hot_framework|MKTCOND-005_seasonal|TIMING-004_no_trade_days
Green While Wearing Red! Ross' Trade Recap.txt,4002,True,True,0.9802,0.0198,14,SCRN-001_news_catalyst|SCRN-002_relative_volume|SCRN-003_float|SCRN-004_price_range|SCRN-005_daily_chart_room|ENTR-002_fcnh|ENTR-003_dollar_levels|STOP-007_position_stop|MKTCOND-002_leading_gapper|MKTCOND-005_seasonal|TIMING-001_premarket_watch|TIMING-002_opening_range|TIMING-003_midday_dead|TIMING-005_session_length
Green on 100% of My Trades Today!.txt,2457,True,True,0.9802,0.0198,13,SCRN-001_news_catalyst|SCRN-008_sector_theme|ENTR-001_macd_gate|ENTR-004_micro_pullback|ENTR-005_vwap|ENTR-009_topping_tails|STOP-003_fifty_pct_daily_stop|PROF-006_start_small|MKTCOND-001_cold_hot_framework|MKTCOND-002_leading_gapper|TIMING-001_premarket_watch|TIMING-003_midday_dead|TIMING-006_power_hour
Okay Now I'm Really Mad....txt,3350,True,True,0.9802,0.0198,13,SCRN-001_news_catalyst|SCRN-010_front_back_side|ENTR-002_fcnh|ENTR-004_micro_pullback|STOP-001_macd_hands_off|STOP-003_fifty_pct_daily_stop|PROF-001_dont_cap_green|PROF-003_daily_goals|PROF-004_size_up_hot|PROF-006_start_small|MKTCOND-001_cold_hot_framework|TIMING-001_premarket_watch|TIMING-002_opening_range
"Summer Trading! Slow and steady, don't push it!.txt",2538,True,True,0.9802,0.0198,11,SCRN-003_float|SCRN-005_daily_chart_room|ENTR-002_fcnh|ENTR-006_bull_flag|ENTR-007_order_spoofing|STOP-001_macd_hands_off|STOP-003_fifty_pct_daily_stop|STOP-007_position_stop|TIMING-001_premarket_watch|TIMING-002_opening_range|TIMING-003_midday_dead
This Biotech Stock Just Squeezed Up 80% in 10 MINUTES.txt,5401,True,True,0.9802,0.0198,24,SCRN-001_news_catalyst|SCRN-003_float|SCRN-007_foreign_stocks|SCRN-008_sector_theme|SCRN-010_front_back_side|ENTR-001_macd_gate|ENTR-003_dollar_levels|ENTR-005_vwap|ENTR-007_order_spoofing|STOP-003_fifty_pct_daily_stop|STOP-005_fifty_pct_retrace|STOP-006_halt_offering|STOP-007_position_stop|PROF-001_dont_cap_green|PROF-002_scale_out|PROF-003_daily_goals|PROF-004_size_up_hot|PROF-005_cold_market|MKTCOND-001_cold_hot_framework|MKTCOND-002_leading_gapper|MKTCOND-004_overall_market|TIMING-001_premarket_watch|TIMING-002_opening_range|TIMING-003_midday_dead
$MSGM Top Gainer in the Market!.txt,3028,True,True,0.9801,0.0199,17,SCRN-001_news_catalyst|SCRN-003_float|SCRN-004_price_range|SCRN-010_front_back_side|ENTR-001_macd_gate|ENTR-002_fcnh|ENTR-003_dollar_levels|ENTR-004_micro_pullback|ENTR-006_bull_flag|ENTR-008_double_bottom|ENTR-009_topping_tails|STOP-003_fifty_pct_daily_stop|STOP-006_halt_offering|STOP-007_position_stop|PROF-004_size_up_hot|TIMING-001_premarket_watch|TIMING-003_midday_dead
+$62k on 3 Gap and Go Stocks! Ross's Trade Recap.txt,5425,True,True,0.9801,0.0199,19,SCRN-001_news_catalyst|SCRN-003_float|SCRN-004_price_range|SCRN-005_daily_chart_room|SCRN-007_foreign_stocks|ENTR-002_fcnh|ENTR-003_dollar_levels|ENTR-004_micro_pullback|ENTR-009_topping_tails|STOP-003_fifty_pct_daily_stop|STOP-004_thirty_pct_soft_stop|STOP-006_halt_offering|PROF-002_scale_out|PROF-004_size_up_hot|MKTCOND-002_leading_gapper|MKTCOND-003_cheap_gappers|MKTCOND-004_overall_market|MKTCOND-005_seasonal|TIMING-006_power_hour
"3 Trades, 3 Winners GREEN Day Recap Ross's Trade Recap.txt",2165,True,True,0.9801,0.0199,9,SCRN-003_float|ENTR-002_fcnh|ENTR-003_dollar_levels|STOP-003_fifty_pct_daily_stop|PROF-002_scale_out|PROF-005_cold_market|MKTCOND-005_seasonal|TIMING-001_premarket_watch|TIMING-003_midday_dead
Back in Action after a week off! +$1k in 1hr.txt,3591,True,True,0.9801,0.0199,13,SCRN-003_float|SCRN-004_price_range|SCRN-005_daily_chart_room|ENTR-002_fcnh|ENTR-003_dollar_levels|ENTR-006_bull_flag|STOP-003_fifty_pct_daily_stop|STOP-007_position_stop|PROF-003_daily_goals|PROF-004_size_up_hot|TIMING-001_premarket_watch|TIMING-002_opening_range|TIMING-003_midday_dead
"Bouncing Back From Yesterday! +$5,929 Ross' Trade Recap.txt",1959,True,True,0.9801,0.0199,11,SCRN-003_float|SCRN-005_daily_chart_room|SCRN-008_sector_theme|SCRN-009_short_interest|ENTR-002_fcnh|ENTR-003_dollar_levels|ENTR-004_micro_pullback|STOP-003_fifty_pct_daily_stop|MKTCOND-002_leading_gapper|TIMING-002_opening_range|TIMING-003_midday_dead
First Big Red Day in a While Ross's Trade Recap.txt,4598,True,True,0.9801,0.0199,13,SCRN-001_news_catalyst|SCRN-003_float|SCRN-004_price_range|SCRN-005_daily_chart_room|SCRN-009_short_interest|ENTR-002_fcnh|ENTR-003_dollar_levels|ENTR-008_double_bottom|ENTR-009_topping_tails|STOP-003_fifty_pct_daily_stop|STOP-005_fifty_pct_retrace|MKTCOND-002_leading_gapper|TIMING-001_premarket_watch
I didn't know I'd be riding a rollercoaster.txt,6666,True,True,0.9801,0.0199,19,SCRN-001_news_catalyst|SCRN-003_float|SCRN-005_daily_chart_room|SCRN-006_reverse_splits|SCRN-008_sector_theme|SCRN-010_front_back_side|ENTR-001_macd_gate|ENTR-003_dollar_levels|ENTR-004_micro_pullback|ENTR-005_vwap|STOP-001_macd_hands_off|STOP-003_fifty_pct_daily_stop|STOP-007_position_stop|PROF-003_daily_goals|PROF-004_size_up_hot|MKTCOND-002_leading_gapper|TIMING-001_premarket_watch|TIMING-002_opening_range|TIMING-006_power_hour
Q2 Begins with a week of HOT Momentum.txt,3689,True,True,0.9801,0.0199,15,SCRN-001_news_catalyst|SCRN-004_price_range|SCRN-005_daily_chart_room|SCRN-006_reverse_splits|SCRN-008_sector_theme|STOP-007_position_stop|PROF-003_daily_goals|PROF-004_size_up_hot|PROF-005_cold_market|MKTCOND-001_cold_hot_framework|MKTCOND-004_overall_market|MKTCOND-005_seasonal|TIMING-001_premarket_watch|TIMING-002_opening_range|TIMING-004_no_trade_days
The Hot Streak is Over Ross' Trade Recap.txt,4862,True,True,0.9801,0.0199,15,SCRN-001_news_catalyst|SCRN-003_float|SCRN-005_daily_chart_room|ENTR-002_fcnh|ENTR-003_dollar_levels|ENTR-004_micro_pullback|ENTR-006_bull_flag|STOP-003_fifty_pct_daily_stop|STOP-004_thirty_pct_soft_stop|STOP-007_position_stop|PROF-001_dont_cap_green|MKTCOND-002_leading_gapper|TIMING-001_premarket_watch|TIMING-003_midday_dead|TIMING-005_session_length
Which Stock Will Make The Big Move Today.txt,4867,True,True,0.9801,0.0199,19,SCRN-001_news_catalyst|SCRN-002_relative_volume|SCRN-003_float|SCRN-005_daily_chart_room|SCRN-008_sector_theme|ENTR-001_macd_gate|ENTR-002_fcnh|ENTR-003_dollar_levels|ENTR-004_micro_pullback|ENTR-005_vwap|ENTR-009_topping_tails|STOP-003_fifty_pct_daily_stop|PROF-001_dont_cap_green|PROF-004_size_up_hot|MKTCOND-001_cold_hot_framework|MKTCOND-004_overall_market|TIMING-001_premarket_watch|TIMING-002_opening_range|TIMING-006_power_hour
(NASDAQ FLGC) from $17 - $21.45 +25% Day Trading Recap by Ross Cameron.txt,1715,True,True,0.98,0.02,10,SCRN-003_float|SCRN-004_price_range|ENTR-004_micro_pullback|ENTR-008_double_bottom|ENTR-009_topping_tails|STOP-004_thirty_pct_soft_stop|PROF-003_daily_goals|MKTCOND-002_leading_gapper|TIMING-001_premarket_watch|TIMING-002_opening_range
15th Green Day +$14k Ross's Trade Recap.txt,3955,True,True,0.98,0.02,12,SCRN-001_news_catalyst|SCRN-004_price_range|SCRN-005_daily_chart_room|SCRN-009_short_interest|ENTR-002_fcnh|ENTR-003_dollar_levels|STOP-003_fifty_pct_daily_stop|PROF-005_cold_market|MKTCOND-002_leading_gapper|TIMING-001_premarket_watch|TIMING-002_opening_range|TIMING-003_midday_dead
37 Consecutive Green Days.txt,2370,True,True,0.98,0.02,11,SCRN-001_news_catalyst|ENTR-003_dollar_levels|ENTR-004_micro_pullback|ENTR-008_double_bottom|STOP-003_fifty_pct_daily_stop|PROF-001_dont_cap_green|PROF-003_daily_goals|PROF-005_cold_market|MKTCOND-004_overall_market|TIMING-002_opening_range|TIMING-004_no_trade_days
Biggest Loss of 2024.txt,3846,True,True,0.98,0.02,13,SCRN-001_news_catalyst|SCRN-003_float|SCRN-006_reverse_splits|ENTR-005_vwap|ENTR-007_order_spoofing|STOP-003_fifty_pct_daily_stop|STOP-004_thirty_pct_soft_stop|PROF-001_dont_cap_green|PROF-003_daily_goals|PROF-004_size_up_hot|PROF-005_cold_market|PROF-006_start_small|TIMING-006_power_hour
DRMA +110%.txt,3719,True,True,0.98,0.02,13,SCRN-003_float|SCRN-004_price_range|ENTR-003_dollar_levels|ENTR-004_micro_pullback|ENTR-009_topping_tails|STOP-003_fifty_pct_daily_stop|PROF-001_dont_cap_green|PROF-003_daily_goals|PROF-004_size_up_hot|MKTCOND-001_cold_hot_framework|MKTCOND-002_leading_gapper|TIMING-001_premarket_watch|TIMING-002_opening_range
Life is Good! Ross' Trade Recap.txt,3670,True,True,0.98,0.02,15,SCRN-001_news_catalyst|SCRN-004_price_range|SCRN-005_daily_chart_room|ENTR-003_dollar_levels|ENTR-004_micro_pullback|ENTR-007_order_spoofing|ENTR-009_topping_tails|STOP-007_position_stop|PROF-003_daily_goals|PROF-004_size_up_hot|PROF-005_cold_market|MKTCOND-001_cold_hot_framework|MKTCOND-002_leading_gapper|TIMING-002_opening_range|TIMING-003_midday_dead
"Ross' Trade Recap Big Wins, Big Grin +$13,855!.txt",2981,True,True,0.98,0.02,8,SCRN-001_news_catalyst|SCRN-003_float|SCRN-004_price_range|ENTR-002_fcnh|ENTR-003_dollar_levels|ENTR-004_micro_pullback|MKTCOND-002_leading_gapper|TIMING-003_midday_dead
This stock is up 971% in 2 DAYS!! #stockmarket #trading.txt,5356,True,True,0.98,0.02,12,SCRN-003_float|SCRN-004_price_range|SCRN-007_foreign_stocks|SCRN-008_sector_theme|ENTR-002_fcnh|STOP-006_halt_offering|PROF-003_daily_goals|PROF-004_size_up_hot|MKTCOND-001_cold_hot_framework|MKTCOND-003_cheap_gappers|TIMING-001_premarket_watch|TIMING-006_power_hour
[LIVE] $MOBQ $BBAI Live Stock Trading - DAY TRADING with Ross!.txt,4184,True,True,0.98,0.02,12,SCRN-001_news_catalyst|SCRN-002_relative_volume|SCRN-003_float|SCRN-005_daily_chart_room|ENTR-004_micro_pullback|ENTR-009_topping_tails|PROF-001_dont_cap_green|PROF-002_scale_out|PROF-004_size_up_hot|MKTCOND-002_leading_gapper|TIMING-001_premarket_watch|TIMING-002_opening_range
[LIVE] LIVE FROM BOSTON - Day Trading Morning Show with Ross Cameron #stocks #daytrading.txt,1574,True,True,0.98,0.02,9,SCRN-003_float|SCRN-004_price_range|ENTR-004_micro_pullback|STOP-003_fifty_pct_daily_stop|PROF-001_dont_cap_green|PROF-003_daily_goals|MKTCOND-002_leading_gapper|MKTCOND-004_overall_market|TIMING-002_opening_range
$23K in 3 Days of Trading! Ross' Trade Recap.txt,3546,True,True,0.9799,0.0201,13,SCRN-002_relative_volume|SCRN-003_float|ENTR-002_fcnh|ENTR-003_dollar_levels|STOP-003_fifty_pct_daily_stop|STOP-007_position_stop|PROF-003_daily_goals|PROF-004_size_up_hot|MKTCOND-002_leading_gapper|MKTCOND-005_seasonal|TIMING-002_opening_range|TIMING-003_midday_dead|TIMING-005_session_length
DAY 2 of LIVE Day Trading in Puerto Rico.txt,4490,True,True,0.9799,0.0201,16,SCRN-001_news_catalyst|SCRN-005_daily_chart_room|SCRN-006_reverse_splits|ENTR-003_dollar_levels|ENTR-004_micro_pullback|ENTR-005_vwap|ENTR-006_bull_flag|ENTR-009_topping_tails|STOP-006_halt_offering|PROF-002_scale_out|PROF-003_daily_goals|PROF-004_size_up_hot|MKTCOND-002_leading_gapper|MKTCOND-004_overall_market|TIMING-001_premarket_watch|TIMING-002_opening_range
Finishing The Week Green! +$22k Ross's Trade Recap.txt,4784,True,True,0.9799,0.0201,17,SCRN-001_news_catalyst|SCRN-003_float|SCRN-004_price_range|SCRN-009_short_interest|ENTR-002_fcnh|ENTR-003_dollar_levels|ENTR-004_micro_pullback|ENTR-006_bull_flag|ENTR-009_topping_tails|STOP-003_fifty_pct_daily_stop|PROF-001_dont_cap_green|PROF-003_daily_goals|PROF-004_size_up_hot|MKTCOND-002_leading_gapper|TIMING-001_premarket_watch|TIMING-003_midday_dead|TIMING-006_power_hour
Oh No! Red Day Recap.txt,4060,True,True,0.9799,0.0201,12,SCRN-001_news_catalyst|SCRN-004_price_range|SCRN-008_sector_theme|SCRN-009_short_interest|ENTR-006_bull_flag|ENTR-009_topping_tails|STOP-002_ema_cross|STOP-003_fifty_pct_daily_stop|MKTCOND-001_cold_hot_framework|MKTCOND-005_seasonal|TIMING-002_opening_range|TIMING-003_midday_dead
Swing and a Miss -$13k Ross's Trade Recap.txt,6064,True,True,0.9799,0.0201,18,SCRN-001_news_catalyst|SCRN-002_relative_volume|SCRN-003_float|SCRN-004_price_range|SCRN-009_short_interest|SCRN-010_front_back_side|ENTR-002_fcnh|ENTR-003_dollar_levels|ENTR-004_micro_pullback|STOP-001_macd_hands_off|STOP-003_fifty_pct_daily_stop|STOP-007_position_stop|PROF-001_dont_cap_green|PROF-004_size_up_hot|PROF-005_cold_market|MKTCOND-002_leading_gapper|TIMING-001_premarket_watch|TIMING-002_opening_range
[LIVE] Live Day Trading Morning Show with Ross Cameron #stocks #daytrading [IbeoWnsQeE0].txt,2080,True,True,0.9799,0.0201,9,SCRN-003_float|SCRN-004_price_range|ENTR-008_double_bottom|PROF-003_daily_goals|MKTCOND-002_leading_gapper|MKTCOND-004_overall_market|TIMING-001_premarket_watch|TIMING-002_opening_range|TIMING-005_session_length
[LIVE] Live Stock Trading - Day Trading Morning Show with Ross [gE5b6AuaJVw].txt,2089,True,True,0.9799,0.0201,10,SCRN-001_news_catalyst|SCRN-004_price_range|SCRN-005_daily_chart_room|ENTR-002_fcnh|ENTR-003_dollar_levels|ENTR-009_topping_tails|PROF-001_dont_cap_green|MKTCOND-002_leading_gapper|TIMING-001_premarket_watch|TIMING-002_opening_range
2nd Red Day of The Month Ross' Trade Recap.txt,4454,True,True,0.9798,0.0202,14,SCRN-001_news_catalyst|SCRN-004_price_range|SCRN-005_daily_chart_room|SCRN-009_short_interest|ENTR-002_fcnh|ENTR-003_dollar_levels|ENTR-004_micro_pullback|ENTR-005_vwap|ENTR-006_bull_flag|STOP-003_fifty_pct_daily_stop|STOP-007_position_stop|PROF-002_scale_out|MKTCOND-002_leading_gapper|TIMING-003_midday_dead
I Only Took 2 Trades Today....txt,2938,True,True,0.9798,0.0202,10,SCRN-001_news_catalyst|SCRN-005_daily_chart_room|SCRN-008_sector_theme|ENTR-002_fcnh|ENTR-009_topping_tails|STOP-007_position_stop|PROF-003_daily_goals|PROF-005_cold_market|MKTCOND-001_cold_hot_framework|TIMING-002_opening_range
"New Month, 100% Accuracy! Ross's Trade Recap.txt",1137,False,False,0.9798,0.0202,5,SCRN-002_relative_volume|SCRN-003_float|ENTR-003_dollar_levels|MKTCOND-005_seasonal|TIMING-001_premarket_watch
There was only ONE trade today....txt,2091,True,True,0.9798,0.0202,10,SCRN-001_news_catalyst|SCRN-003_float|STOP-006_halt_offering|PROF-001_dont_cap_green|PROF-005_cold_market|PROF-006_start_small|MKTCOND-002_leading_gapper|MKTCOND-005_seasonal|TIMING-002_opening_range|TIMING-004_no_trade_days
+$49k Trading $KODK and $FRAN Straight Off The Watch List! Ross's Trade Recap.txt,6391,True,True,0.9797,0.0203,18,SCRN-003_float|SCRN-004_price_range|ENTR-002_fcnh|ENTR-003_dollar_levels|ENTR-004_micro_pullback|ENTR-005_vwap|ENTR-008_double_bottom|STOP-003_fifty_pct_daily_stop|STOP-007_position_stop|PROF-003_daily_goals|PROF-004_size_up_hot|PROF-005_cold_market|MKTCOND-001_cold_hot_framework|MKTCOND-002_leading_gapper|MKTCOND-004_overall_market|TIMING-001_premarket_watch|TIMING-002_opening_range|TIMING-003_midday_dead
+$5k on DBGI & +$7.9k on BON Recap by Ross Cameron.txt,2655,True,True,0.9797,0.0203,13,SCRN-001_news_catalyst|SCRN-003_float|SCRN-004_price_range|SCRN-005_daily_chart_room|ENTR-004_micro_pullback|ENTR-008_double_bottom|ENTR-009_topping_tails|STOP-003_fifty_pct_daily_stop|PROF-003_daily_goals|PROF-004_size_up_hot|MKTCOND-002_leading_gapper|TIMING-001_premarket_watch|TIMING-002_opening_range
Day Trading Watch List for Monday.txt,3125,True,True,0.9797,0.0203,15,SCRN-001_news_catalyst|SCRN-002_relative_volume|SCRN-003_float|SCRN-004_price_range|SCRN-005_daily_chart_room|SCRN-006_reverse_splits|SCRN-007_foreign_stocks|SCRN-008_sector_theme|STOP-004_thirty_pct_soft_stop|STOP-006_halt_offering|PROF-005_cold_market|PROF-006_start_small|MKTCOND-001_cold_hot_framework|MKTCOND-005_seasonal|TIMING-006_power_hour
Feelin' Good About This Hot Streak! Ross' Trade Recap.txt,2824,True,True,0.9797,0.0203,12,SCRN-001_news_catalyst|SCRN-004_price_range|SCRN-006_reverse_splits|SCRN-007_foreign_stocks|SCRN-009_short_interest|ENTR-002_fcnh|ENTR-003_dollar_levels|ENTR-004_micro_pullback|STOP-003_fifty_pct_daily_stop|STOP-007_position_stop|MKTCOND-005_seasonal|TIMING-003_midday_dead
Final Recap from of 2022! $DBGI $PALI $KALA $SILO.txt,2493,True,True,0.9797,0.0203,9,SCRN-004_price_range|ENTR-003_dollar_levels|STOP-003_fifty_pct_daily_stop|STOP-006_halt_offering|PROF-004_size_up_hot|MKTCOND-002_leading_gapper|MKTCOND-005_seasonal|TIMING-001_premarket_watch|TIMING-002_opening_range
"Huge Trades! +$6,077.26 on Friday the 13th!.txt",3573,True,True,0.9797,0.0203,12,SCRN-001_news_catalyst|ENTR-002_fcnh|ENTR-003_dollar_levels|ENTR-004_micro_pullback|ENTR-007_order_spoofing|PROF-003_daily_goals|PROF-005_cold_market|MKTCOND-002_leading_gapper|MKTCOND-005_seasonal|TIMING-001_premarket_watch|TIMING-002_opening_range|TIMING-003_midday_dead
My Account is up 25% TODAY.txt,2312,True,True,0.9797,0.0203,12,SCRN-001_news_catalyst|SCRN-003_float|SCRN-004_price_range|ENTR-003_dollar_levels|ENTR-005_vwap|ENTR-008_double_bottom|ENTR-009_topping_tails|PROF-004_size_up_hot|PROF-006_start_small|MKTCOND-002_leading_gapper|TIMING-001_premarket_watch|TIMING-002_opening_range
RED DAY RECAP [9apJE735XS8].txt,3492,True,True,0.9797,0.0203,19,SCRN-001_news_catalyst|SCRN-003_float|SCRN-004_price_range|SCRN-005_daily_chart_room|ENTR-003_dollar_levels|ENTR-004_micro_pullback|ENTR-009_topping_tails|STOP-003_fifty_pct_daily_stop|STOP-004_thirty_pct_soft_stop|PROF-001_dont_cap_green|PROF-003_daily_goals|PROF-005_cold_market|PROF-006_start_small|MKTCOND-002_leading_gapper|MKTCOND-005_seasonal|TIMING-001_premarket_watch|TIMING-002_opening_range|TIMING-003_midday_dead|TIMING-006_power_hour
Somebody Had The News Early....txt,3054,True,True,0.9797,0.0203,10,SCRN-001_news_catalyst|SCRN-003_float|SCRN-004_price_range|SCRN-007_foreign_stocks|SCRN-010_front_back_side|ENTR-004_micro_pullback|ENTR-009_topping_tails|STOP-001_macd_hands_off|PROF-003_daily_goals|TIMING-003_midday_dead
TUESDAY Day Trading Watch List & Game Plan (P.S. Don't Forget the Memorial Day Sales!).txt,6154,True,True,0.9797,0.0203,17,SCRN-001_news_catalyst|SCRN-003_float|SCRN-004_price_range|SCRN-005_daily_chart_room|SCRN-006_reverse_splits|SCRN-007_foreign_stocks|SCRN-008_sector_theme|SCRN-010_front_back_side|ENTR-001_macd_gate|ENTR-002_fcnh|STOP-003_fifty_pct_daily_stop|STOP-006_halt_offering|PROF-001_dont_cap_green|PROF-003_daily_goals|MKTCOND-001_cold_hot_framework|TIMING-001_premarket_watch|TIMING-006_power_hour
The Streak is Over Ross' Trade Recap.txt,4648,True,True,0.9797,0.0203,15,SCRN-001_news_catalyst|SCRN-003_float|SCRN-004_price_range|ENTR-002_fcnh|ENTR-003_dollar_levels|ENTR-006_bull_flag|ENTR-007_order_spoofing|STOP-003_fifty_pct_daily_stop|STOP-007_position_stop|PROF-001_dont_cap_green|PROF-006_start_small|MKTCOND-002_leading_gapper|TIMING-001_premarket_watch|TIMING-002_opening_range|TIMING-003_midday_dead
Where’s The Volatility +$3k Ross's Trade Recap.txt,2447,True,True,0.9797,0.0203,10,SCRN-004_price_range|SCRN-010_front_back_side|ENTR-002_fcnh|ENTR-004_micro_pullback|PROF-003_daily_goals|PROF-005_cold_market|MKTCOND-002_leading_gapper|MKTCOND-004_overall_market|TIMING-001_premarket_watch|TIMING-003_midday_dead
$CHSN $HCDI Momo Stocks.txt,1293,False,False,0.9796,0.0204,4,SCRN-005_daily_chart_room|SCRN-007_foreign_stocks|STOP-006_halt_offering|MKTCOND-004_overall_market
End of a Frustrating Week Ross' Trade Recap.txt,2559,True,True,0.9796,0.0204,12,SCRN-001_news_catalyst|SCRN-003_float|SCRN-005_daily_chart_room|SCRN-006_reverse_splits|ENTR-002_fcnh|ENTR-004_micro_pullback|ENTR-009_topping_tails|STOP-007_position_stop|MKTCOND-002_leading_gapper|MKTCOND-005_seasonal|TIMING-002_opening_range|TIMING-003_midday_dead
Momentum Day Trading.txt,2574,True,True,0.9796,0.0204,13,SCRN-009_short_interest|ENTR-001_macd_gate|ENTR-003_dollar_levels|ENTR-005_vwap|ENTR-008_double_bottom|ENTR-009_topping_tails|STOP-004_thirty_pct_soft_stop|PROF-004_size_up_hot|PROF-006_start_small|MKTCOND-005_seasonal|TIMING-001_premarket_watch|TIMING-002_opening_range|TIMING-006_power_hour
Winner Before a Bear Raid Hit The Market! Ross' Trade Recap.txt,3825,True,True,0.9796,0.0204,13,SCRN-001_news_catalyst|SCRN-003_float|SCRN-004_price_range|ENTR-002_fcnh|ENTR-004_micro_pullback|ENTR-006_bull_flag|STOP-003_fifty_pct_daily_stop|PROF-004_size_up_hot|MKTCOND-003_cheap_gappers|MKTCOND-005_seasonal|TIMING-001_premarket_watch|TIMING-003_midday_dead|TIMING-006_power_hour
$SECO +128% plus 2 other big momentum stocks.txt,2154,True,True,0.9795,0.0205,8,SCRN-004_price_range|SCRN-005_daily_chart_room|SCRN-009_short_interest|ENTR-004_micro_pullback|ENTR-009_topping_tails|PROF-002_scale_out|TIMING-001_premarket_watch|TIMING-002_opening_range
Another +$5K Day! Ross' Trade Recap.txt,3157,True,True,0.9795,0.0205,13,SCRN-001_news_catalyst|SCRN-003_float|SCRN-004_price_range|SCRN-005_daily_chart_room|ENTR-002_fcnh|ENTR-003_dollar_levels|STOP-004_thirty_pct_soft_stop|STOP-005_fifty_pct_retrace|STOP-006_halt_offering|PROF-002_scale_out|PROF-004_size_up_hot|MKTCOND-004_overall_market|TIMING-003_midday_dead
But I do have some bad news....txt,3643,True,True,0.9795,0.0205,13,SCRN-001_news_catalyst|SCRN-003_float|SCRN-008_sector_theme|ENTR-005_vwap|ENTR-009_topping_tails|STOP-004_thirty_pct_soft_stop|STOP-006_halt_offering|PROF-001_dont_cap_green|PROF-006_start_small|MKTCOND-001_cold_hot_framework|MKTCOND-002_leading_gapper|MKTCOND-005_seasonal|TIMING-002_opening_range
Halloween Recap! Ross' Trade Recap.txt,3695,True,True,0.9795,0.0205,16,SCRN-001_news_catalyst|SCRN-002_relative_volume|SCRN-003_float|SCRN-004_price_range|SCRN-005_daily_chart_room|ENTR-003_dollar_levels|ENTR-004_micro_pullback|STOP-007_position_stop|PROF-001_dont_cap_green|PROF-002_scale_out|PROF-004_size_up_hot|MKTCOND-001_cold_hot_framework|MKTCOND-002_leading_gapper|MKTCOND-004_overall_market|MKTCOND-005_seasonal|TIMING-003_midday_dead
Live Day Trading Morning Show with Ross Cameron [cJb9Vpo_E-g].txt,3200,True,True,0.9795,0.0205,18,SCRN-001_news_catalyst|SCRN-003_float|SCRN-004_price_range|SCRN-005_daily_chart_room|SCRN-007_foreign_stocks|SCRN-008_sector_theme|SCRN-010_front_back_side|ENTR-003_dollar_levels|ENTR-008_double_bottom|ENTR-009_topping_tails|STOP-001_macd_hands_off|STOP-004_thirty_pct_soft_stop|PROF-001_dont_cap_green|PROF-004_size_up_hot|MKTCOND-001_cold_hot_framework|MKTCOND-004_overall_market|TIMING-001_premarket_watch|TIMING-002_opening_range
Max Loss Red Day.txt,2527,True,True,0.9795,0.0205,9,SCRN-001_news_catalyst|STOP-003_fifty_pct_daily_stop|STOP-004_thirty_pct_soft_stop|PROF-001_dont_cap_green|PROF-003_daily_goals|PROF-005_cold_market|MKTCOND-001_cold_hot_framework|TIMING-002_opening_range|TIMING-004_no_trade_days
Momentum is Picking Back Up! Ross' Trade Recap.txt,3778,True,True,0.9795,0.0205,13,SCRN-001_news_catalyst|SCRN-003_float|SCRN-006_reverse_splits|SCRN-009_short_interest|ENTR-003_dollar_levels|ENTR-004_micro_pullback|STOP-004_thirty_pct_soft_stop|STOP-007_position_stop|PROF-001_dont_cap_green|MKTCOND-002_leading_gapper|MKTCOND-005_seasonal|TIMING-001_premarket_watch|TIMING-003_midday_dead
"Ross The Road Warrior +$5,200! Ross' Trade Recap.txt",6012,True,True,0.9795,0.0205,18,SCRN-001_news_catalyst|SCRN-003_float|SCRN-004_price_range|SCRN-005_daily_chart_room|SCRN-006_reverse_splits|SCRN-009_short_interest|SCRN-010_front_back_side|ENTR-003_dollar_levels|ENTR-004_micro_pullback|STOP-003_fifty_pct_daily_stop|STOP-005_fifty_pct_retrace|PROF-001_dont_cap_green|PROF-002_scale_out|PROF-003_daily_goals|MKTCOND-001_cold_hot_framework|MKTCOND-005_seasonal|TIMING-001_premarket_watch|TIMING-003_midday_dead
Small Win on $AMC Day Trading Recap by Ross Cameron.txt,2649,True,True,0.9795,0.0205,13,SCRN-001_news_catalyst|ENTR-003_dollar_levels|ENTR-007_order_spoofing|ENTR-009_topping_tails|STOP-003_fifty_pct_daily_stop|STOP-007_position_stop|PROF-001_dont_cap_green|PROF-002_scale_out|PROF-004_size_up_hot|MKTCOND-001_cold_hot_framework|MKTCOND-002_leading_gapper|TIMING-001_premarket_watch|TIMING-002_opening_range
The Next Hot Streak Begins In 3...2...1.....txt,5945,True,True,0.9795,0.0205,17,SCRN-001_news_catalyst|SCRN-003_float|SCRN-004_price_range|SCRN-005_daily_chart_room|SCRN-006_reverse_splits|SCRN-007_foreign_stocks|SCRN-008_sector_theme|SCRN-009_short_interest|ENTR-002_fcnh|ENTR-004_micro_pullback|PROF-001_dont_cap_green|PROF-005_cold_market|MKTCOND-001_cold_hot_framework|MKTCOND-004_overall_market|MKTCOND-005_seasonal|TIMING-001_premarket_watch|TIMING-006_power_hour
"+$61,798.97 as I cross $350k Day Trading Profits in the Month of April.txt",2046,True,True,0.9794,0.0206,14,SCRN-001_news_catalyst|SCRN-003_float|SCRN-006_reverse_splits|SCRN-008_sector_theme|ENTR-004_micro_pullback|ENTR-005_vwap|ENTR-009_topping_tails|STOP-007_position_stop|PROF-006_start_small|MKTCOND-004_overall_market|TIMING-001_premarket_watch|TIMING-002_opening_range|TIMING-005_session_length|TIMING-006_power_hour
Back in The Green!.txt,2547,True,True,0.9794,0.0206,10,SCRN-001_news_catalyst|SCRN-003_float|SCRN-005_daily_chart_room|SCRN-006_reverse_splits|SCRN-009_short_interest|ENTR-002_fcnh|ENTR-003_dollar_levels|MKTCOND-001_cold_hot_framework|TIMING-001_premarket_watch|TIMING-003_midday_dead
"Green Day Trading in CA +$3,213! Ross' Trade Recap.txt",1415,False,False,0.9794,0.0206,9,SCRN-001_news_catalyst|SCRN-003_float|ENTR-002_fcnh|ENTR-003_dollar_levels|ENTR-004_micro_pullback|STOP-003_fifty_pct_daily_stop|PROF-003_daily_goals|MKTCOND-002_leading_gapper|TIMING-003_midday_dead
Trading the Biggest % Gainers.txt,3503,True,True,0.9794,0.0206,14,SCRN-001_news_catalyst|SCRN-005_daily_chart_room|SCRN-006_reverse_splits|ENTR-002_fcnh|ENTR-004_micro_pullback|ENTR-005_vwap|ENTR-008_double_bottom|STOP-003_fifty_pct_daily_stop|PROF-001_dont_cap_green|PROF-004_size_up_hot|PROF-005_cold_market|MKTCOND-002_leading_gapper|TIMING-001_premarket_watch|TIMING-002_opening_range
-$32k on IRNT ETRF & PMCB Recap by Ross Cameron.txt,1695,True,True,0.9793,0.0207,7,ENTR-008_double_bottom|STOP-003_fifty_pct_daily_stop|STOP-004_thirty_pct_soft_stop|PROF-001_dont_cap_green|TIMING-001_premarket_watch|TIMING-002_opening_range|TIMING-006_power_hour
Breaking News Sends Stock Up 80% in 2hrs.txt,2784,True,True,0.9793,0.0207,11,SCRN-001_news_catalyst|SCRN-002_relative_volume|SCRN-003_float|ENTR-002_fcnh|ENTR-004_micro_pullback|ENTR-005_vwap|PROF-001_dont_cap_green|PROF-003_daily_goals|PROF-005_cold_market|MKTCOND-001_cold_hot_framework|TIMING-002_opening_range
$PGY All Time Highs! Day Trading Recap by Ross Cameron.txt,3403,True,True,0.9792,0.0208,13,SCRN-001_news_catalyst|SCRN-005_daily_chart_room|SCRN-010_front_back_side|ENTR-003_dollar_levels|ENTR-004_micro_pullback|STOP-003_fifty_pct_daily_stop|STOP-004_thirty_pct_soft_stop|PROF-003_daily_goals|PROF-005_cold_market|MKTCOND-001_cold_hot_framework|MKTCOND-005_seasonal|TIMING-002_opening_range|TIMING-003_midday_dead
"A Good Green Day +$18,538 Ross's Recap.txt",2304,True,True,0.9792,0.0208,12,SCRN-001_news_catalyst|SCRN-004_price_range|SCRN-009_short_interest|ENTR-003_dollar_levels|ENTR-004_micro_pullback|STOP-003_fifty_pct_daily_stop|STOP-005_fifty_pct_retrace|PROF-003_daily_goals|TIMING-001_premarket_watch|TIMING-002_opening_range|TIMING-003_midday_dead|TIMING-006_power_hour
Big Winners in 13 Days of Trading! Ross' Trade Recap.txt,3498,True,True,0.9792,0.0208,12,SCRN-001_news_catalyst|SCRN-003_float|SCRN-005_daily_chart_room|ENTR-002_fcnh|ENTR-003_dollar_levels|ENTR-004_micro_pullback|STOP-003_fifty_pct_daily_stop|STOP-007_position_stop|PROF-002_scale_out|PROF-004_size_up_hot|TIMING-001_premarket_watch|TIMING-003_midday_dead
Biggest Gain in the Stock Market +174% Today!.txt,3321,True,True,0.9792,0.0208,17,SCRN-001_news_catalyst|SCRN-003_float|SCRN-004_price_range|SCRN-005_daily_chart_room|SCRN-006_reverse_splits|SCRN-009_short_interest|ENTR-009_topping_tails|PROF-003_daily_goals|PROF-004_size_up_hot|PROF-005_cold_market|MKTCOND-002_leading_gapper|MKTCOND-003_cheap_gappers|TIMING-001_premarket_watch|TIMING-002_opening_range|TIMING-003_midday_dead|TIMING-004_no_trade_days|TIMING-006_power_hour
Day 25 +$8.5k on XRF Ross's Trade Recap.txt,6066,True,True,0.9792,0.0208,17,SCRN-003_float|SCRN-004_price_range|SCRN-009_short_interest|ENTR-002_fcnh|ENTR-003_dollar_levels|ENTR-004_micro_pullback|ENTR-005_vwap|STOP-003_fifty_pct_daily_stop|STOP-004_thirty_pct_soft_stop|STOP-007_position_stop|PROF-004_size_up_hot|MKTCOND-002_leading_gapper|MKTCOND-003_cheap_gappers|MKTCOND-005_seasonal|TIMING-001_premarket_watch|TIMING-002_opening_range|TIMING-003_midday_dead
Here's what I think is happening....txt,2142,True,True,0.9792,0.0208,9,SCRN-001_news_catalyst|SCRN-004_price_range|ENTR-002_fcnh|ENTR-004_micro_pullback|PROF-005_cold_market|MKTCOND-003_cheap_gappers|MKTCOND-004_overall_market|MKTCOND-005_seasonal|TIMING-004_no_trade_days
How I Find Stocks as a Retail Trader.txt,8325,True,True,0.9792,0.0208,19,SCRN-001_news_catalyst|SCRN-002_relative_volume|SCRN-003_float|SCRN-004_price_range|SCRN-005_daily_chart_room|SCRN-006_reverse_splits|SCRN-007_foreign_stocks|SCRN-009_short_interest|ENTR-002_fcnh|ENTR-005_vwap|ENTR-009_topping_tails|STOP-005_fifty_pct_retrace|STOP-006_halt_offering|STOP-007_position_stop|PROF-001_dont_cap_green|MKTCOND-001_cold_hot_framework|MKTCOND-004_overall_market|TIMING-002_opening_range|TIMING-005_session_length
Recovering from $600 Shy of Max Loss to Daily Goal.txt,3134,True,True,0.9792,0.0208,14,SCRN-001_news_catalyst|SCRN-003_float|SCRN-007_foreign_stocks|ENTR-003_dollar_levels|ENTR-004_micro_pullback|ENTR-005_vwap|STOP-003_fifty_pct_daily_stop|PROF-002_scale_out|PROF-003_daily_goals|MKTCOND-002_leading_gapper|MKTCOND-004_overall_market|MKTCOND-005_seasonal|TIMING-001_premarket_watch|TIMING-002_opening_range
"Ross' Trading Recap +$7,500 in 1hr - Home Run Trading!.txt",3741,True,True,0.9792,0.0208,12,SCRN-001_news_catalyst|SCRN-003_float|SCRN-004_price_range|SCRN-005_daily_chart_room|SCRN-006_reverse_splits|SCRN-010_front_back_side|ENTR-003_dollar_levels|ENTR-004_micro_pullback|PROF-004_size_up_hot|MKTCOND-002_leading_gapper|TIMING-002_opening_range|TIMING-003_midday_dead
Trader Rehab is COMPLETE!.txt,4921,True,True,0.9792,0.0208,14,SCRN-001_news_catalyst|SCRN-003_float|SCRN-004_price_range|SCRN-009_short_interest|SCRN-010_front_back_side|ENTR-002_fcnh|ENTR-004_micro_pullback|STOP-004_thirty_pct_soft_stop|STOP-006_halt_offering|PROF-001_dont_cap_green|PROF-002_scale_out|MKTCOND-004_overall_market|MKTCOND-005_seasonal|TIMING-002_opening_range
[LIVE] Live Day Trading Morning Show with Ross Cameron #stocks #daytrading [6YcgXwFsqcw].txt,1774,True,True,0.9792,0.0208,10,SCRN-004_price_range|ENTR-002_fcnh|ENTR-003_dollar_levels|ENTR-004_micro_pullback|ENTR-009_topping_tails|STOP-004_thirty_pct_soft_stop|PROF-001_dont_cap_green|PROF-003_daily_goals|MKTCOND-002_leading_gapper|TIMING-002_opening_range
$PGY -6% Red Trade Day Trading Recap by Ross Cameron.txt,2584,True,True,0.9791,0.0209,11,SCRN-001_news_catalyst|SCRN-003_float|SCRN-004_price_range|SCRN-005_daily_chart_room|ENTR-003_dollar_levels|ENTR-004_micro_pullback|STOP-006_halt_offering|STOP-007_position_stop|PROF-006_start_small|TIMING-001_premarket_watch|TIMING-002_opening_range
+$16K Best Day of August Ever! Ross' Trade Recap.txt,2706,True,True,0.9791,0.0209,13,SCRN-004_price_range|ENTR-002_fcnh|ENTR-003_dollar_levels|ENTR-004_micro_pullback|STOP-004_thirty_pct_soft_stop|PROF-001_dont_cap_green|PROF-003_daily_goals|PROF-004_size_up_hot|MKTCOND-002_leading_gapper|MKTCOND-005_seasonal|TIMING-001_premarket_watch|TIMING-002_opening_range|TIMING-003_midday_dead
+$58k Gap Trading Ross's Trade Recap.txt,4930,True,True,0.9791,0.0209,16,SCRN-001_news_catalyst|SCRN-003_float|SCRN-004_price_range|SCRN-007_foreign_stocks|SCRN-009_short_interest|SCRN-010_front_back_side|ENTR-003_dollar_levels|ENTR-004_micro_pullback|ENTR-008_double_bottom|STOP-003_fifty_pct_daily_stop|STOP-004_thirty_pct_soft_stop|STOP-007_position_stop|PROF-006_start_small|MKTCOND-001_cold_hot_framework|MKTCOND-002_leading_gapper|TIMING-001_premarket_watch
Biggest Squeeze of the WEEK!.txt,3868,True,True,0.9791,0.0209,14,SCRN-001_news_catalyst|SCRN-006_reverse_splits|ENTR-001_macd_gate|ENTR-003_dollar_levels|ENTR-005_vwap|STOP-004_thirty_pct_soft_stop|STOP-006_halt_offering|PROF-002_scale_out|PROF-003_daily_goals|PROF-004_size_up_hot|PROF-005_cold_market|MKTCOND-001_cold_hot_framework|TIMING-001_premarket_watch|TIMING-002_opening_range
Daily Breakout Setups.txt,2943,True,True,0.9791,0.0209,12,SCRN-001_news_catalyst|SCRN-003_float|SCRN-004_price_range|SCRN-005_daily_chart_room|SCRN-007_foreign_stocks|SCRN-008_sector_theme|ENTR-002_fcnh|ENTR-005_vwap|STOP-007_position_stop|MKTCOND-004_overall_market|TIMING-002_opening_range|TIMING-003_midday_dead
Day 16 From Red to Green Ross's Trade Recap.txt,3772,True,True,0.9791,0.0209,14,SCRN-001_news_catalyst|SCRN-003_float|SCRN-004_price_range|ENTR-003_dollar_levels|ENTR-004_micro_pullback|ENTR-009_topping_tails|STOP-003_fifty_pct_daily_stop|STOP-007_position_stop|PROF-001_dont_cap_green|PROF-002_scale_out|PROF-003_daily_goals|MKTCOND-002_leading_gapper|TIMING-001_premarket_watch|TIMING-002_opening_range
Day 9 Account is up 50% TODAY! - Small Account Challenge Ep 15.txt,4089,True,True,0.9791,0.0209,14,SCRN-003_float|SCRN-004_price_range|ENTR-002_fcnh|ENTR-003_dollar_levels|ENTR-004_micro_pullback|STOP-003_fifty_pct_daily_stop|STOP-004_thirty_pct_soft_stop|STOP-005_fifty_pct_retrace|STOP-007_position_stop|PROF-003_daily_goals|MKTCOND-002_leading_gapper|MKTCOND-003_cheap_gappers|MKTCOND-005_seasonal|TIMING-001_premarket_watch
From Green to Red to Green +$2k Ross's Trade Recap.txt,2172,True,True,0.9791,0.0209,12,SCRN-003_float|SCRN-007_foreign_stocks|SCRN-008_sector_theme|SCRN-009_short_interest|ENTR-003_dollar_levels|STOP-003_fifty_pct_daily_stop|PROF-003_daily_goals|PROF-005_cold_market|MKTCOND-001_cold_hot_framework|MKTCOND-002_leading_gapper|TIMING-001_premarket_watch|TIMING-003_midday_dead
Red Day Recap Day Trading Recap by Ross Cameron [N3BJBQ9ttLQ].txt,2376,True,True,0.9791,0.0209,9,SCRN-001_news_catalyst|ENTR-003_dollar_levels|ENTR-006_bull_flag|STOP-003_fifty_pct_daily_stop|PROF-001_dont_cap_green|PROF-005_cold_market|MKTCOND-004_overall_market|TIMING-002_opening_range|TIMING-004_no_trade_days
Thankful Thursday +$5.4K Going to Local Charities Ross' Trade Recap.txt,4318,True,True,0.9791,0.0209,12,SCRN-003_float|SCRN-004_price_range|SCRN-005_daily_chart_room|ENTR-002_fcnh|ENTR-003_dollar_levels|ENTR-005_vwap|ENTR-006_bull_flag|MKTCOND-001_cold_hot_framework|MKTCOND-003_cheap_gappers|MKTCOND-004_overall_market|TIMING-002_opening_range|TIMING-003_midday_dead
"Trying To Be Consistent +$1,800! Ross' Trade Recap.txt",1517,True,True,0.9791,0.0209,9,ENTR-002_fcnh|ENTR-003_dollar_levels|ENTR-004_micro_pullback|ENTR-009_topping_tails|STOP-005_fifty_pct_retrace|PROF-003_daily_goals|MKTCOND-002_leading_gapper|TIMING-001_premarket_watch|TIMING-003_midday_dead
$NEXI +200% plus big moves on $SIDU $SASI and $ABVC.txt,4268,True,True,0.979,0.021,16,SCRN-001_news_catalyst|SCRN-003_float|SCRN-004_price_range|ENTR-004_micro_pullback|STOP-003_fifty_pct_daily_stop|STOP-004_thirty_pct_soft_stop|PROF-003_daily_goals|PROF-004_size_up_hot|PROF-005_cold_market|PROF-006_start_small|MKTCOND-002_leading_gapper|MKTCOND-005_seasonal|TIMING-001_premarket_watch|TIMING-002_opening_range|TIMING-003_midday_dead|TIMING-006_power_hour
$PIXY +$23k in 2 Days.txt,3064,True,True,0.979,0.021,11,SCRN-001_news_catalyst|SCRN-006_reverse_splits|SCRN-009_short_interest|ENTR-003_dollar_levels|ENTR-009_topping_tails|PROF-003_daily_goals|PROF-004_size_up_hot|MKTCOND-004_overall_market|MKTCOND-005_seasonal|TIMING-001_premarket_watch|TIMING-002_opening_range
"+$23,952.98 Momentum Trading Stocks with NO NEWS.txt",3693,True,True,0.979,0.021,15,SCRN-001_news_catalyst|SCRN-003_float|SCRN-007_foreign_stocks|SCRN-008_sector_theme|SCRN-009_short_interest|ENTR-004_micro_pullback|ENTR-005_vwap|ENTR-009_topping_tails|PROF-001_dont_cap_green|PROF-003_daily_goals|PROF-005_cold_market|MKTCOND-001_cold_hot_framework|MKTCOND-005_seasonal|TIMING-002_opening_range|TIMING-006_power_hour
Narrowly Avoided a $10k Loss!.txt,2552,True,True,0.979,0.021,14,SCRN-001_news_catalyst|SCRN-004_price_range|SCRN-005_daily_chart_room|SCRN-006_reverse_splits|SCRN-009_short_interest|SCRN-010_front_back_side|STOP-003_fifty_pct_daily_stop|STOP-007_position_stop|PROF-002_scale_out|PROF-005_cold_market|TIMING-001_premarket_watch|TIMING-002_opening_range|TIMING-003_midday_dead|TIMING-004_no_trade_days
Rollercoaster Trading.txt,5150,True,True,0.979,0.021,15,SCRN-001_news_catalyst|SCRN-003_float|SCRN-004_price_range|ENTR-004_micro_pullback|ENTR-005_vwap|ENTR-007_order_spoofing|STOP-003_fifty_pct_daily_stop|PROF-001_dont_cap_green|PROF-003_daily_goals|MKTCOND-002_leading_gapper|MKTCOND-005_seasonal|TIMING-001_premarket_watch|TIMING-002_opening_range|TIMING-004_no_trade_days|TIMING-006_power_hour
ZERO LOSING TRADES TODAY!.txt,2273,True,True,0.979,0.021,9,SCRN-001_news_catalyst|SCRN-003_float|SCRN-004_price_range|SCRN-005_daily_chart_room|SCRN-007_foreign_stocks|ENTR-003_dollar_levels|ENTR-006_bull_flag|PROF-001_dont_cap_green|PROF-004_size_up_hot
+$3k on SPEX Ross's Trade Recap.txt,1343,False,False,0.9789,0.0211,9,ENTR-002_fcnh|ENTR-003_dollar_levels|ENTR-004_micro_pullback|STOP-007_position_stop|MKTCOND-001_cold_hot_framework|MKTCOND-002_leading_gapper|MKTCOND-004_overall_market|TIMING-002_opening_range|TIMING-003_midday_dead
A Surprise News Headline Sends Stock Up 113%.txt,5154,True,True,0.9789,0.0211,19,SCRN-001_news_catalyst|SCRN-003_float|SCRN-004_price_range|SCRN-005_daily_chart_room|SCRN-006_reverse_splits|SCRN-008_sector_theme|SCRN-009_short_interest|ENTR-002_fcnh|ENTR-003_dollar_levels|ENTR-005_vwap|STOP-006_halt_offering|STOP-007_position_stop|PROF-002_scale_out|PROF-003_daily_goals|PROF-004_size_up_hot|PROF-006_start_small|MKTCOND-002_leading_gapper|MKTCOND-004_overall_market|TIMING-001_premarket_watch
"Stock ticker $HOLO just went up +3,000%. Here’s how it happened..txt",7393,True,True,0.9789,0.0211,17,SCRN-001_news_catalyst|SCRN-003_float|SCRN-004_price_range|SCRN-005_daily_chart_room|SCRN-006_reverse_splits|SCRN-007_foreign_stocks|SCRN-009_short_interest|ENTR-003_dollar_levels|ENTR-004_micro_pullback|STOP-003_fifty_pct_daily_stop|MKTCOND-001_cold_hot_framework|MKTCOND-003_cheap_gappers|MKTCOND-004_overall_market|TIMING-001_premarket_watch|TIMING-002_opening_range|TIMING-003_midday_dead|TIMING-006_power_hour
"[LIVE] Recap & Live Trading Power Hour Momentum ($HKD to a high of $2,555.30) #stocks #daytrading.txt",9704,True,True,0.9789,0.0211,21,SCRN-001_news_catalyst|SCRN-002_relative_volume|SCRN-003_float|SCRN-004_price_range|SCRN-007_foreign_stocks|SCRN-008_sector_theme|SCRN-009_short_interest|SCRN-010_front_back_side|ENTR-002_fcnh|ENTR-003_dollar_levels|ENTR-004_micro_pullback|ENTR-009_topping_tails|STOP-007_position_stop|PROF-002_scale_out|PROF-004_size_up_hot|PROF-005_cold_market|PROF-006_start_small|MKTCOND-002_leading_gapper|TIMING-001_premarket_watch|TIMING-003_midday_dead|TIMING-006_power_hour
$SNTG +50%.txt,1941,True,True,0.9788,0.0212,10,SCRN-004_price_range|ENTR-002_fcnh|STOP-006_halt_offering|PROF-005_cold_market|MKTCOND-002_leading_gapper|TIMING-001_premarket_watch|TIMING-002_opening_range|TIMING-003_midday_dead|TIMING-004_no_trade_days|TIMING-006_power_hour
+$20k on (NYSE BTX) (NYSE RHE) & (NASDAQ AIH) Recap by Ross Cameron.txt,1342,False,False,0.9788,0.0212,8,SCRN-010_front_back_side|ENTR-003_dollar_levels|ENTR-004_micro_pullback|ENTR-007_order_spoofing|ENTR-009_topping_tails|STOP-003_fifty_pct_daily_stop|TIMING-001_premarket_watch|TIMING-002_opening_range
Biotech Stocks Give Today's Biggest Winners!.txt,4454,True,True,0.9788,0.0212,19,SCRN-001_news_catalyst|SCRN-003_float|SCRN-005_daily_chart_room|SCRN-006_reverse_splits|SCRN-008_sector_theme|ENTR-004_micro_pullback|ENTR-009_topping_tails|STOP-003_fifty_pct_daily_stop|STOP-007_position_stop|PROF-001_dont_cap_green|PROF-003_daily_goals|PROF-005_cold_market|MKTCOND-002_leading_gapper|MKTCOND-003_cheap_gappers|MKTCOND-004_overall_market|TIMING-001_premarket_watch|TIMING-002_opening_range|TIMING-003_midday_dead|TIMING-006_power_hour
Discipline or Doubt.txt,2949,True,True,0.9788,0.0212,13,SCRN-001_news_catalyst|SCRN-003_float|SCRN-004_price_range|SCRN-007_foreign_stocks|SCRN-008_sector_theme|ENTR-007_order_spoofing|STOP-003_fifty_pct_daily_stop|PROF-005_cold_market|MKTCOND-001_cold_hot_framework|MKTCOND-004_overall_market|TIMING-001_premarket_watch|TIMING-002_opening_range|TIMING-004_no_trade_days
Locking up a Green Day with 75% Accuracy.txt,3244,True,True,0.9788,0.0212,15,SCRN-001_news_catalyst|SCRN-004_price_range|ENTR-002_fcnh|ENTR-005_vwap|ENTR-007_order_spoofing|ENTR-009_topping_tails|STOP-003_fifty_pct_daily_stop|STOP-007_position_stop|PROF-003_daily_goals|PROF-005_cold_market|MKTCOND-002_leading_gapper|MKTCOND-003_cheap_gappers|TIMING-001_premarket_watch|TIMING-002_opening_range|TIMING-006_power_hour
"Mmm, The Sweet Smell of Green! +$7,079.91!.txt",2485,True,True,0.9788,0.0212,10,SCRN-005_daily_chart_room|ENTR-002_fcnh|ENTR-003_dollar_levels|STOP-003_fifty_pct_daily_stop|STOP-007_position_stop|PROF-002_scale_out|PROF-005_cold_market|MKTCOND-002_leading_gapper|TIMING-001_premarket_watch|TIMING-003_midday_dead
$RDBX +30% Day Trading Recap by Ross Cameron.txt,7455,True,True,0.9787,0.0213,21,SCRN-001_news_catalyst|SCRN-002_relative_volume|SCRN-003_float|SCRN-004_price_range|SCRN-005_daily_chart_room|ENTR-003_dollar_levels|ENTR-004_micro_pullback|ENTR-008_double_bottom|ENTR-009_topping_tails|STOP-001_macd_hands_off|STOP-004_thirty_pct_soft_stop|PROF-001_dont_cap_green|PROF-004_size_up_hot|PROF-005_cold_market|PROF-006_start_small|MKTCOND-001_cold_hot_framework|MKTCOND-002_leading_gapper|MKTCOND-004_overall_market|TIMING-001_premarket_watch|TIMING-002_opening_range|TIMING-004_no_trade_days
"+$20,121.85 in 5 Killer Days! Ross' Trading Recap.txt",3375,True,True,0.9787,0.0213,9,SCRN-001_news_catalyst|SCRN-003_float|SCRN-004_price_range|SCRN-006_reverse_splits|ENTR-002_fcnh|MKTCOND-002_leading_gapper|MKTCOND-003_cheap_gappers|MKTCOND-005_seasonal|TIMING-002_opening_range
+$30k on PALT Day Trading Recap by Ross Cameron.txt,1524,True,True,0.9787,0.0213,9,SCRN-001_news_catalyst|ENTR-003_dollar_levels|ENTR-004_micro_pullback|ENTR-009_topping_tails|STOP-003_fifty_pct_daily_stop|STOP-004_thirty_pct_soft_stop|TIMING-001_premarket_watch|TIMING-002_opening_range|TIMING-003_midday_dead
+200% on $INDO Ross's Day Trading Recap.txt,849,False,False,0.9787,0.0213,6,SCRN-003_float|SCRN-005_daily_chart_room|ENTR-003_dollar_levels|ENTR-009_topping_tails|PROF-003_daily_goals|PROF-004_size_up_hot
"Day 32 Gave Back Profit, but Finished Green! +$1,500 Ross's Trade Recap.txt",4568,True,True,0.9787,0.0213,20,SCRN-001_news_catalyst|SCRN-003_float|SCRN-004_price_range|SCRN-006_reverse_splits|SCRN-008_sector_theme|ENTR-002_fcnh|ENTR-003_dollar_levels|ENTR-004_micro_pullback|ENTR-005_vwap|ENTR-009_topping_tails|STOP-003_fifty_pct_daily_stop|STOP-006_halt_offering|STOP-007_position_stop|PROF-001_dont_cap_green|PROF-004_size_up_hot|MKTCOND-002_leading_gapper|TIMING-001_premarket_watch|TIMING-002_opening_range|TIMING-003_midday_dead|TIMING-005_session_length
Unexpected Huge Win Ross's Day Trading Recap.txt,4160,True,True,0.9787,0.0213,17,SCRN-001_news_catalyst|SCRN-003_float|SCRN-004_price_range|SCRN-005_daily_chart_room|SCRN-010_front_back_side|ENTR-003_dollar_levels|ENTR-004_micro_pullback|ENTR-006_bull_flag|STOP-003_fifty_pct_daily_stop|PROF-001_dont_cap_green|PROF-003_daily_goals|PROF-004_size_up_hot|MKTCOND-002_leading_gapper|MKTCOND-003_cheap_gappers|TIMING-001_premarket_watch|TIMING-002_opening_range|TIMING-003_midday_dead
[LIVE] THE FINAL DAY TRADING Morning Show for Summer 2023 with Ross Cameron.txt,3583,True,True,0.9787,0.0213,14,SCRN-001_news_catalyst|SCRN-004_price_range|SCRN-010_front_back_side|ENTR-002_fcnh|ENTR-003_dollar_levels|ENTR-005_vwap|ENTR-006_bull_flag|ENTR-008_double_bottom|ENTR-009_topping_tails|STOP-001_macd_hands_off|MKTCOND-002_leading_gapper|MKTCOND-005_seasonal|TIMING-001_premarket_watch|TIMING-002_opening_range
"+$8,740 On My Traveling Trading Station! Ross' Trade Recap.txt",2196,True,True,0.9786,0.0214,11,SCRN-003_float|SCRN-009_short_interest|ENTR-002_fcnh|ENTR-003_dollar_levels|STOP-003_fifty_pct_daily_stop|STOP-006_halt_offering|PROF-005_cold_market|MKTCOND-001_cold_hot_framework|TIMING-001_premarket_watch|TIMING-002_opening_range|TIMING-003_midday_dead
A Solid Green Day! Ross' Trade Recap.txt,3638,True,True,0.9786,0.0214,14,SCRN-001_news_catalyst|SCRN-003_float|SCRN-004_price_range|SCRN-005_daily_chart_room|SCRN-006_reverse_splits|ENTR-002_fcnh|ENTR-003_dollar_levels|PROF-002_scale_out|MKTCOND-002_leading_gapper|MKTCOND-003_cheap_gappers|TIMING-001_premarket_watch|TIMING-002_opening_range|TIMING-003_midday_dead|TIMING-005_session_length
Day 15 of the Small Account Challenge [0-b_wHYse98].txt,4649,True,True,0.9786,0.0214,15,SCRN-001_news_catalyst|SCRN-002_relative_volume|SCRN-003_float|SCRN-004_price_range|SCRN-005_daily_chart_room|SCRN-010_front_back_side|ENTR-002_fcnh|ENTR-003_dollar_levels|ENTR-004_micro_pullback|STOP-005_fifty_pct_retrace|PROF-004_size_up_hot|PROF-005_cold_market|MKTCOND-002_leading_gapper|TIMING-001_premarket_watch|TIMING-003_midday_dead
Day 15 of the Small Account Challenge.txt,4649,True,True,0.9786,0.0214,15,SCRN-001_news_catalyst|SCRN-002_relative_volume|SCRN-003_float|SCRN-004_price_range|SCRN-005_daily_chart_room|SCRN-010_front_back_side|ENTR-002_fcnh|ENTR-003_dollar_levels|ENTR-004_micro_pullback|STOP-005_fifty_pct_retrace|PROF-004_size_up_hot|PROF-005_cold_market|MKTCOND-002_leading_gapper|TIMING-001_premarket_watch|TIMING-003_midday_dead
Day 5 Giving Back Profit...BUT I finished the day GREEN Small Account Challenge Ep 11.txt,3164,True,True,0.9786,0.0214,12,SCRN-001_news_catalyst|SCRN-004_price_range|ENTR-003_dollar_levels|ENTR-004_micro_pullback|STOP-001_macd_hands_off|STOP-003_fifty_pct_daily_stop|STOP-004_thirty_pct_soft_stop|PROF-001_dont_cap_green|PROF-004_size_up_hot|MKTCOND-002_leading_gapper|MKTCOND-003_cheap_gappers|TIMING-003_midday_dead
LIVE Day Trading Morning Show with Ross Cameron [jwEL2kk1lr0].txt,2616,True,True,0.9786,0.0214,9,SCRN-004_price_range|SCRN-006_reverse_splits|ENTR-002_fcnh|ENTR-003_dollar_levels|ENTR-004_micro_pullback|ENTR-008_double_bottom|STOP-006_halt_offering|PROF-006_start_small|TIMING-002_opening_range
This was my WORST day of the week.txt,5226,True,True,0.9786,0.0214,19,SCRN-001_news_catalyst|SCRN-003_float|SCRN-005_daily_chart_room|ENTR-001_macd_gate|ENTR-003_dollar_levels|ENTR-005_vwap|ENTR-009_topping_tails|STOP-003_fifty_pct_daily_stop|STOP-004_thirty_pct_soft_stop|PROF-001_dont_cap_green|PROF-003_daily_goals|PROF-004_size_up_hot|PROF-005_cold_market|MKTCOND-001_cold_hot_framework|MKTCOND-002_leading_gapper|TIMING-001_premarket_watch|TIMING-002_opening_range|TIMING-005_session_length|TIMING-006_power_hour
[LIVE] The DAY TRADING Morning Show 9 00 - 9 30am ET with Ross Cameron.txt,3782,True,True,0.9786,0.0214,16,SCRN-001_news_catalyst|SCRN-003_float|SCRN-005_daily_chart_room|SCRN-006_reverse_splits|SCRN-010_front_back_side|ENTR-002_fcnh|ENTR-003_dollar_levels|ENTR-005_vwap|ENTR-009_topping_tails|STOP-004_thirty_pct_soft_stop|MKTCOND-002_leading_gapper|MKTCOND-005_seasonal|TIMING-001_premarket_watch|TIMING-002_opening_range|TIMING-003_midday_dead|TIMING-005_session_length
"+$11,047.13 in 3 Hours Day Trading 3x 100% Short Squeezes!.txt",5255,True,True,0.9785,0.0215,16,SCRN-001_news_catalyst|SCRN-003_float|SCRN-004_price_range|SCRN-006_reverse_splits|SCRN-010_front_back_side|ENTR-002_fcnh|ENTR-004_micro_pullback|ENTR-005_vwap|STOP-003_fifty_pct_daily_stop|STOP-004_thirty_pct_soft_stop|STOP-006_halt_offering|PROF-001_dont_cap_green|PROF-003_daily_goals|TIMING-002_opening_range|TIMING-003_midday_dead|TIMING-006_power_hour
+$5k on Seven Trades! Ross's Trade Recap.txt,4312,True,True,0.9785,0.0215,10,SCRN-001_news_catalyst|SCRN-003_float|SCRN-004_price_range|SCRN-005_daily_chart_room|SCRN-008_sector_theme|ENTR-002_fcnh|ENTR-003_dollar_levels|MKTCOND-002_leading_gapper|TIMING-001_premarket_watch|TIMING-003_midday_dead
Friday Recap $XPON +225% on news.txt,1300,False,False,0.9785,0.0215,8,SCRN-001_news_catalyst|SCRN-006_reverse_splits|PROF-001_dont_cap_green|PROF-003_daily_goals|PROF-005_cold_market|MKTCOND-002_leading_gapper|TIMING-001_premarket_watch|TIMING-002_opening_range
I am the Green Lorax. I speak for the Markets.txt,3136,True,True,0.9785,0.0215,17,SCRN-001_news_catalyst|SCRN-003_float|SCRN-004_price_range|SCRN-005_daily_chart_room|SCRN-006_reverse_splits|ENTR-001_macd_gate|ENTR-002_fcnh|ENTR-004_micro_pullback|ENTR-005_vwap|ENTR-009_topping_tails|PROF-001_dont_cap_green|PROF-004_size_up_hot|PROF-006_start_small|MKTCOND-002_leading_gapper|MKTCOND-003_cheap_gappers|TIMING-003_midday_dead|TIMING-006_power_hour
Learn to ride the Momentum to the $1k day goal! +$1.3k in 60min.txt,2424,True,True,0.9785,0.0215,13,SCRN-001_news_catalyst|SCRN-005_daily_chart_room|SCRN-009_short_interest|ENTR-002_fcnh|ENTR-003_dollar_levels|ENTR-005_vwap|ENTR-006_bull_flag|ENTR-009_topping_tails|PROF-003_daily_goals|PROF-005_cold_market|TIMING-001_premarket_watch|TIMING-002_opening_range|TIMING-003_midday_dead
Live Day Trading Morning Show with Ross Cameron [wMwlXFrXbZE].txt,3903,True,True,0.9785,0.0215,18,SCRN-001_news_catalyst|SCRN-003_float|SCRN-004_price_range|SCRN-005_daily_chart_room|SCRN-006_reverse_splits|SCRN-008_sector_theme|SCRN-009_short_interest|SCRN-010_front_back_side|ENTR-004_micro_pullback|ENTR-007_order_spoofing|ENTR-009_topping_tails|STOP-001_macd_hands_off|STOP-003_fifty_pct_daily_stop|PROF-005_cold_market|MKTCOND-001_cold_hot_framework|MKTCOND-002_leading_gapper|TIMING-002_opening_range|TIMING-003_midday_dead
RED DAY RECAP -$6k on $BBLG.txt,5612,True,True,0.9785,0.0215,16,SCRN-001_news_catalyst|SCRN-002_relative_volume|SCRN-009_short_interest|STOP-003_fifty_pct_daily_stop|STOP-004_thirty_pct_soft_stop|STOP-007_position_stop|PROF-001_dont_cap_green|PROF-003_daily_goals|PROF-004_size_up_hot|PROF-005_cold_market|MKTCOND-001_cold_hot_framework|TIMING-001_premarket_watch|TIMING-002_opening_range|TIMING-003_midday_dead|TIMING-004_no_trade_days|TIMING-005_session_length
"Rough Way To Start The Week -$5,800 Ross' Trade Recap.txt",2164,True,True,0.9785,0.0215,9,SCRN-001_news_catalyst|SCRN-003_float|ENTR-004_micro_pullback|STOP-003_fifty_pct_daily_stop|STOP-007_position_stop|PROF-001_dont_cap_green|PROF-005_cold_market|MKTCOND-002_leading_gapper|TIMING-003_midday_dead
The Power of Trading S&P 500 is RED but I'm GREEN. Here's how....txt,3054,True,True,0.9785,0.0215,14,SCRN-001_news_catalyst|SCRN-004_price_range|SCRN-005_daily_chart_room|SCRN-007_foreign_stocks|SCRN-009_short_interest|ENTR-001_macd_gate|ENTR-004_micro_pullback|ENTR-005_vwap|ENTR-008_double_bottom|PROF-005_cold_market|MKTCOND-003_cheap_gappers|MKTCOND-004_overall_market|TIMING-001_premarket_watch|TIMING-002_opening_range
[LIVE] DAY TRADING Morning Show 9 00 - 9 30am ET with Ross Cameron [1QwqMRdnvsA].txt,2598,True,True,0.9785,0.0215,10,SCRN-003_float|SCRN-004_price_range|SCRN-005_daily_chart_room|ENTR-003_dollar_levels|ENTR-009_topping_tails|STOP-007_position_stop|MKTCOND-002_leading_gapper|MKTCOND-003_cheap_gappers|MKTCOND-004_overall_market|TIMING-002_opening_range
[LIVE] from CANADA - The DAY TRADING Morning Show 9 00 - 9 30am ET with Ross Cameron [IqQrVXa5G70].txt,2577,True,True,0.9785,0.0215,10,SCRN-003_float|SCRN-004_price_range|SCRN-005_daily_chart_room|ENTR-004_micro_pullback|STOP-006_halt_offering|PROF-001_dont_cap_green|PROF-006_start_small|TIMING-001_premarket_watch|TIMING-002_opening_range|TIMING-005_session_length
from $2 to $16.78 in 24hrs.txt,2606,True,True,0.9785,0.0215,14,SCRN-001_news_catalyst|SCRN-003_float|SCRN-006_reverse_splits|ENTR-003_dollar_levels|ENTR-005_vwap|ENTR-008_double_bottom|ENTR-009_topping_tails|STOP-003_fifty_pct_daily_stop|STOP-005_fifty_pct_retrace|PROF-003_daily_goals|PROF-006_start_small|MKTCOND-004_overall_market|TIMING-002_opening_range|TIMING-006_power_hour
+$4k in 90min on $SURG $UAVS $BDRX.txt,3069,True,True,0.9784,0.0216,18,SCRN-001_news_catalyst|SCRN-003_float|SCRN-004_price_range|SCRN-010_front_back_side|ENTR-002_fcnh|ENTR-003_dollar_levels|ENTR-004_micro_pullback|ENTR-005_vwap|ENTR-009_topping_tails|STOP-004_thirty_pct_soft_stop|PROF-001_dont_cap_green|PROF-005_cold_market|MKTCOND-001_cold_hot_framework|MKTCOND-002_leading_gapper|MKTCOND-004_overall_market|TIMING-001_premarket_watch|TIMING-003_midday_dead|TIMING-005_session_length
Feeling Grateful +$13k Recap by Ross Cameron.txt,2456,True,True,0.9784,0.0216,12,SCRN-001_news_catalyst|ENTR-002_fcnh|STOP-003_fifty_pct_daily_stop|STOP-004_thirty_pct_soft_stop|STOP-005_fifty_pct_retrace|PROF-001_dont_cap_green|PROF-003_daily_goals|PROF-004_size_up_hot|PROF-005_cold_market|MKTCOND-001_cold_hot_framework|TIMING-001_premarket_watch|TIMING-002_opening_range
It's Starting to Make Cents....txt,2303,True,True,0.9784,0.0216,9,SCRN-001_news_catalyst|SCRN-003_float|SCRN-004_price_range|PROF-005_cold_market|PROF-006_start_small|MKTCOND-002_leading_gapper|MKTCOND-003_cheap_gappers|TIMING-004_no_trade_days|TIMING-006_power_hour
Up $8K on Two Stocks! Ross' Trade Recap.txt,2282,True,True,0.9784,0.0216,10,SCRN-001_news_catalyst|SCRN-004_price_range|SCRN-005_daily_chart_room|ENTR-003_dollar_levels|ENTR-009_topping_tails|PROF-001_dont_cap_green|PROF-004_size_up_hot|MKTCOND-002_leading_gapper|TIMING-002_opening_range|TIMING-003_midday_dead
$AGFY +128% on News.txt,1906,True,True,0.9783,0.0217,10,SCRN-001_news_catalyst|SCRN-002_relative_volume|SCRN-003_float|ENTR-002_fcnh|ENTR-005_vwap|ENTR-009_topping_tails|STOP-003_fifty_pct_daily_stop|PROF-005_cold_market|MKTCOND-002_leading_gapper|TIMING-004_no_trade_days
"A Great Start to 2019! +$2,030! Ross' Trade Recap.txt",2825,True,True,0.9783,0.0217,13,SCRN-001_news_catalyst|SCRN-004_price_range|SCRN-005_daily_chart_room|SCRN-006_reverse_splits|ENTR-002_fcnh|ENTR-004_micro_pullback|STOP-003_fifty_pct_daily_stop|PROF-001_dont_cap_green|PROF-002_scale_out|PROF-003_daily_goals|MKTCOND-002_leading_gapper|MKTCOND-005_seasonal|TIMING-003_midday_dead
Day Trading Energy Stocks (Multiple 500% Squeezes).txt,4989,True,True,0.9783,0.0217,13,SCRN-001_news_catalyst|SCRN-002_relative_volume|SCRN-003_float|SCRN-007_foreign_stocks|SCRN-008_sector_theme|SCRN-009_short_interest|ENTR-002_fcnh|ENTR-003_dollar_levels|ENTR-004_micro_pullback|STOP-003_fifty_pct_daily_stop|STOP-007_position_stop|PROF-001_dont_cap_green|PROF-006_start_small
In a Little Slump -$5K Ross' Trade Recap.txt,1446,False,False,0.9783,0.0217,6,SCRN-001_news_catalyst|SCRN-003_float|ENTR-003_dollar_levels|STOP-003_fifty_pct_daily_stop|PROF-001_dont_cap_green|TIMING-001_premarket_watch
"Red Day in NYC -$3,182 Ross' Trade Recap.txt",3904,True,True,0.9783,0.0217,12,SCRN-001_news_catalyst|SCRN-003_float|SCRN-005_daily_chart_room|SCRN-009_short_interest|ENTR-002_fcnh|ENTR-003_dollar_levels|STOP-003_fifty_pct_daily_stop|STOP-007_position_stop|MKTCOND-002_leading_gapper|MKTCOND-004_overall_market|MKTCOND-005_seasonal|TIMING-003_midday_dead
The LAST DAY of 2024.txt,3173,True,True,0.9783,0.0217,14,SCRN-003_float|SCRN-007_foreign_stocks|SCRN-010_front_back_side|ENTR-003_dollar_levels|ENTR-004_micro_pullback|STOP-001_macd_hands_off|STOP-004_thirty_pct_soft_stop|STOP-007_position_stop|PROF-005_cold_market|PROF-006_start_small|MKTCOND-005_seasonal|TIMING-001_premarket_watch|TIMING-002_opening_range|TIMING-006_power_hour
[LIVE] $DRCT +96% $SDIG +26% - Day Trading Morning Show with Ross Cameron #stocks #daytrading.txt,3150,True,True,0.9783,0.0217,12,SCRN-001_news_catalyst|SCRN-004_price_range|SCRN-005_daily_chart_room|SCRN-008_sector_theme|SCRN-009_short_interest|ENTR-003_dollar_levels|ENTR-004_micro_pullback|PROF-004_size_up_hot|MKTCOND-002_leading_gapper|TIMING-001_premarket_watch|TIMING-002_opening_range|TIMING-006_power_hour
+$160 on My Portable ATM! Ross' Trade Recap.txt,2634,True,True,0.9782,0.0218,11,SCRN-001_news_catalyst|SCRN-003_float|ENTR-003_dollar_levels|PROF-001_dont_cap_green|PROF-002_scale_out|PROF-003_daily_goals|MKTCOND-002_leading_gapper|TIMING-001_premarket_watch|TIMING-002_opening_range|TIMING-003_midday_dead|TIMING-006_power_hour
Day 33 Pot Paid The Bills Today! +$7k on ACB Ross's Trade Recap.txt,2044,True,True,0.9782,0.0218,11,SCRN-001_news_catalyst|SCRN-003_float|SCRN-004_price_range|SCRN-006_reverse_splits|ENTR-003_dollar_levels|ENTR-004_micro_pullback|STOP-004_thirty_pct_soft_stop|MKTCOND-002_leading_gapper|MKTCOND-005_seasonal|TIMING-001_premarket_watch|TIMING-002_opening_range
RDBX +44% Day Trading Recap by Ross Cameron.txt,2155,True,True,0.9782,0.0218,10,SCRN-003_float|SCRN-004_price_range|ENTR-004_micro_pullback|STOP-003_fifty_pct_daily_stop|PROF-005_cold_market|MKTCOND-001_cold_hot_framework|MKTCOND-002_leading_gapper|MKTCOND-004_overall_market|TIMING-001_premarket_watch|TIMING-002_opening_range
"+$8,123.64 on 5 stocks this morning!.txt",3487,True,True,0.9781,0.0219,10,SCRN-004_price_range|ENTR-002_fcnh|ENTR-003_dollar_levels|ENTR-004_micro_pullback|ENTR-006_bull_flag|PROF-003_daily_goals|MKTCOND-001_cold_hot_framework|TIMING-001_premarket_watch|TIMING-002_opening_range|TIMING-003_midday_dead
-$15k Red Day Recap by Ross Cameron.txt,1897,True,True,0.9781,0.0219,6,SCRN-003_float|STOP-003_fifty_pct_daily_stop|STOP-007_position_stop|PROF-003_daily_goals|TIMING-002_opening_range|TIMING-003_midday_dead
Day 30 Wildcard Wednesday +$25k Ross's Trade Recap.txt,4701,True,True,0.9781,0.0219,16,SCRN-001_news_catalyst|SCRN-002_relative_volume|SCRN-003_float|SCRN-004_price_range|SCRN-005_daily_chart_room|SCRN-010_front_back_side|ENTR-002_fcnh|ENTR-003_dollar_levels|ENTR-005_vwap|STOP-003_fifty_pct_daily_stop|PROF-002_scale_out|PROF-005_cold_market|MKTCOND-002_leading_gapper|TIMING-001_premarket_watch|TIMING-002_opening_range|TIMING-003_midday_dead
Day 69 of the $583 Challenge - Red Day Recap -$7k.txt,4805,True,True,0.9781,0.0219,14,SCRN-001_news_catalyst|SCRN-003_float|SCRN-005_daily_chart_room|ENTR-002_fcnh|ENTR-003_dollar_levels|STOP-003_fifty_pct_daily_stop|PROF-001_dont_cap_green|PROF-002_scale_out|MKTCOND-002_leading_gapper|MKTCOND-004_overall_market|TIMING-001_premarket_watch|TIMING-002_opening_range|TIMING-003_midday_dead|TIMING-006_power_hour
Ross' Trade Recap Hallelujah.txt,2716,True,True,0.9781,0.0219,9,SCRN-001_news_catalyst|SCRN-002_relative_volume|SCRN-003_float|SCRN-004_price_range|ENTR-002_fcnh|ENTR-004_micro_pullback|MKTCOND-002_leading_gapper|TIMING-002_opening_range|TIMING-003_midday_dead
Ross's Trade Recap.txt,4882,True,True,0.9781,0.0219,12,SCRN-001_news_catalyst|SCRN-003_float|SCRN-005_daily_chart_room|SCRN-006_reverse_splits|SCRN-007_foreign_stocks|SCRN-010_front_back_side|ENTR-002_fcnh|ENTR-003_dollar_levels|PROF-006_start_small|MKTCOND-002_leading_gapper|TIMING-001_premarket_watch|TIMING-003_midday_dead
The Wind's at My Back! Ross' Trade Recap.txt,3633,True,True,0.9781,0.0219,14,SCRN-001_news_catalyst|SCRN-004_price_range|ENTR-003_dollar_levels|ENTR-004_micro_pullback|ENTR-007_order_spoofing|STOP-003_fifty_pct_daily_stop|PROF-001_dont_cap_green|PROF-002_scale_out|MKTCOND-001_cold_hot_framework|MKTCOND-002_leading_gapper|MKTCOND-005_seasonal|TIMING-001_premarket_watch|TIMING-002_opening_range|TIMING-003_midday_dead
This Stock Went Up 300% TODAY.txt,1557,True,True,0.9781,0.0219,11,SCRN-002_relative_volume|SCRN-003_float|ENTR-003_dollar_levels|ENTR-009_topping_tails|STOP-004_thirty_pct_soft_stop|PROF-001_dont_cap_green|PROF-003_daily_goals|TIMING-001_premarket_watch|TIMING-002_opening_range|TIMING-003_midday_dead|TIMING-006_power_hour
Today we had ANOTHER 400%+ Gain.txt,6260,True,True,0.9781,0.0219,20,SCRN-001_news_catalyst|SCRN-004_price_range|SCRN-005_daily_chart_room|SCRN-006_reverse_splits|ENTR-002_fcnh|ENTR-004_micro_pullback|ENTR-005_vwap|ENTR-008_double_bottom|ENTR-009_topping_tails|STOP-007_position_stop|PROF-001_dont_cap_green|PROF-003_daily_goals|PROF-004_size_up_hot|PROF-006_start_small|MKTCOND-001_cold_hot_framework|MKTCOND-002_leading_gapper|TIMING-001_premarket_watch|TIMING-002_opening_range|TIMING-003_midday_dead|TIMING-006_power_hour
Green on 5 6 Stocks +$9k Ross's Trade Recap.txt,2953,True,True,0.978,0.022,15,SCRN-001_news_catalyst|SCRN-003_float|SCRN-005_daily_chart_room|SCRN-008_sector_theme|ENTR-002_fcnh|ENTR-003_dollar_levels|ENTR-004_micro_pullback|ENTR-006_bull_flag|STOP-003_fifty_pct_daily_stop|STOP-007_position_stop|PROF-005_cold_market|MKTCOND-002_leading_gapper|MKTCOND-004_overall_market|TIMING-002_opening_range|TIMING-003_midday_dead
I Can't Believe I Did This....txt,3819,True,True,0.978,0.022,17,SCRN-001_news_catalyst|SCRN-003_float|ENTR-001_macd_gate|ENTR-002_fcnh|ENTR-005_vwap|ENTR-009_topping_tails|STOP-003_fifty_pct_daily_stop|STOP-004_thirty_pct_soft_stop|STOP-005_fifty_pct_retrace|PROF-001_dont_cap_green|PROF-004_size_up_hot|PROF-005_cold_market|PROF-006_start_small|MKTCOND-001_cold_hot_framework|MKTCOND-004_overall_market|TIMING-001_premarket_watch|TIMING-002_opening_range
STOP Chasing the Money!.txt,9525,True,True,0.978,0.022,28,SCRN-001_news_catalyst|SCRN-002_relative_volume|SCRN-003_float|SCRN-004_price_range|SCRN-005_daily_chart_room|SCRN-006_reverse_splits|SCRN-007_foreign_stocks|SCRN-008_sector_theme|SCRN-010_front_back_side|ENTR-002_fcnh|ENTR-004_micro_pullback|STOP-001_macd_hands_off|STOP-003_fifty_pct_daily_stop|STOP-006_halt_offering|STOP-007_position_stop|PROF-001_dont_cap_green|PROF-002_scale_out|PROF-003_daily_goals|PROF-005_cold_market|MKTCOND-001_cold_hot_framework|MKTCOND-002_leading_gapper|MKTCOND-003_cheap_gappers|MKTCOND-004_overall_market|MKTCOND-005_seasonal|TIMING-001_premarket_watch|TIMING-003_midday_dead|TIMING-004_no_trade_days|TIMING-006_power_hour
Trader Rehab Day 2 +$5k Recap by Ross Cameron.txt,1917,True,True,0.978,0.022,12,SCRN-001_news_catalyst|ENTR-002_fcnh|ENTR-003_dollar_levels|ENTR-004_micro_pullback|ENTR-008_double_bottom|PROF-004_size_up_hot|PROF-005_cold_market|MKTCOND-001_cold_hot_framework|MKTCOND-002_leading_gapper|TIMING-001_premarket_watch|TIMING-002_opening_range|TIMING-003_midday_dead
Watchlist & Game Plan for MONDAY! #StockMarket #DayTrading.txt,4962,True,True,0.978,0.022,15,SCRN-001_news_catalyst|SCRN-002_relative_volume|SCRN-003_float|SCRN-004_price_range|SCRN-007_foreign_stocks|STOP-006_halt_offering|STOP-007_position_stop|PROF-001_dont_cap_green|PROF-005_cold_market|MKTCOND-001_cold_hot_framework|MKTCOND-002_leading_gapper|MKTCOND-004_overall_market|MKTCOND-005_seasonal|TIMING-001_premarket_watch|TIMING-006_power_hour
With Every Loss Comes a Lesson Ross' Trade Recap.txt,4158,True,True,0.978,0.022,12,SCRN-003_float|SCRN-004_price_range|SCRN-005_daily_chart_room|ENTR-002_fcnh|ENTR-003_dollar_levels|STOP-003_fifty_pct_daily_stop|PROF-001_dont_cap_green|PROF-003_daily_goals|PROF-004_size_up_hot|PROF-005_cold_market|MKTCOND-002_leading_gapper|TIMING-002_opening_range
[LIVE] DAY TRADING Morning Show 9 00 - 9 30am ET with Ross Cameron [pBspkati584].txt,4846,True,True,0.978,0.022,17,SCRN-001_news_catalyst|SCRN-002_relative_volume|SCRN-003_float|SCRN-004_price_range|SCRN-005_daily_chart_room|ENTR-003_dollar_levels|ENTR-009_topping_tails|STOP-006_halt_offering|PROF-001_dont_cap_green|PROF-003_daily_goals|PROF-005_cold_market|MKTCOND-002_leading_gapper|MKTCOND-004_overall_market|TIMING-001_premarket_watch|TIMING-002_opening_range|TIMING-004_no_trade_days|TIMING-005_session_length
[LIVE] Recovering from deep in the red - Day Trading Morning Show #stocks #daytrading.txt,3486,True,True,0.978,0.022,14,SCRN-001_news_catalyst|SCRN-004_price_range|SCRN-005_daily_chart_room|SCRN-009_short_interest|ENTR-004_micro_pullback|ENTR-005_vwap|ENTR-006_bull_flag|ENTR-007_order_spoofing|PROF-001_dont_cap_green|PROF-004_size_up_hot|MKTCOND-002_leading_gapper|TIMING-001_premarket_watch|TIMING-002_opening_range|TIMING-005_session_length
"+$1,815.54 in 9min! Momentum is on Fire!.txt",1798,True,True,0.9779,0.0221,10,SCRN-001_news_catalyst|SCRN-005_daily_chart_room|ENTR-003_dollar_levels|ENTR-007_order_spoofing|ENTR-009_topping_tails|STOP-007_position_stop|PROF-003_daily_goals|TIMING-001_premarket_watch|TIMING-002_opening_range|TIMING-003_midday_dead
A Great Start For June! +$10K Ross' Trade Recap.txt,5506,True,True,0.9779,0.0221,16,SCRN-001_news_catalyst|SCRN-002_relative_volume|SCRN-003_float|SCRN-004_price_range|SCRN-005_daily_chart_room|ENTR-002_fcnh|ENTR-003_dollar_levels|STOP-003_fifty_pct_daily_stop|PROF-003_daily_goals|PROF-004_size_up_hot|MKTCOND-001_cold_hot_framework|MKTCOND-002_leading_gapper|MKTCOND-005_seasonal|TIMING-001_premarket_watch|TIMING-002_opening_range|TIMING-003_midday_dead
DAY 2 - LIVE from the Trading Summit - Day Trading Morning Show with Ross Cameron.txt,5358,True,True,0.9779,0.0221,18,SCRN-001_news_catalyst|SCRN-003_float|SCRN-004_price_range|SCRN-005_daily_chart_room|SCRN-006_reverse_splits|SCRN-007_foreign_stocks|SCRN-009_short_interest|ENTR-003_dollar_levels|ENTR-005_vwap|ENTR-007_order_spoofing|STOP-006_halt_offering|PROF-004_size_up_hot|PROF-005_cold_market|MKTCOND-001_cold_hot_framework|MKTCOND-002_leading_gapper|TIMING-001_premarket_watch|TIMING-002_opening_range|TIMING-003_midday_dead
"Finishing the morning +$9,680.18.txt",4242,True,True,0.9779,0.0221,16,SCRN-001_news_catalyst|SCRN-003_float|SCRN-004_price_range|SCRN-005_daily_chart_room|ENTR-002_fcnh|ENTR-003_dollar_levels|ENTR-004_micro_pullback|ENTR-006_bull_flag|STOP-003_fifty_pct_daily_stop|PROF-002_scale_out|MKTCOND-002_leading_gapper|MKTCOND-005_seasonal|TIMING-001_premarket_watch|TIMING-002_opening_range|TIMING-003_midday_dead|TIMING-005_session_length
Monday Recap back in the GREEN with Ross Cameron.txt,2101,True,True,0.9779,0.0221,12,SCRN-004_price_range|ENTR-002_fcnh|ENTR-009_topping_tails|STOP-003_fifty_pct_daily_stop|STOP-004_thirty_pct_soft_stop|STOP-007_position_stop|PROF-003_daily_goals|MKTCOND-001_cold_hot_framework|MKTCOND-002_leading_gapper|MKTCOND-003_cheap_gappers|TIMING-001_premarket_watch|TIMING-002_opening_range
Starting Off September Grateful! ) Ross' Trade Recap.txt,3913,True,True,0.9779,0.0221,16,SCRN-001_news_catalyst|SCRN-003_float|SCRN-004_price_range|ENTR-003_dollar_levels|ENTR-004_micro_pullback|STOP-003_fifty_pct_daily_stop|STOP-004_thirty_pct_soft_stop|PROF-001_dont_cap_green|PROF-003_daily_goals|PROF-005_cold_market|MKTCOND-002_leading_gapper|MKTCOND-004_overall_market|TIMING-001_premarket_watch|TIMING-002_opening_range|TIMING-003_midday_dead|TIMING-005_session_length
[LIVE] Day Trading Morning Show with Ross Cameron #stockmarket #stocks #daytrading.txt,939,False,False,0.9779,0.0221,4,SCRN-001_news_catalyst|SCRN-006_reverse_splits|MKTCOND-004_overall_market|TIMING-002_opening_range
$7K on My 7th Green Day! Ross' Trade Recap [jcIM467dXns].txt,3719,True,True,0.9778,0.0222,15,SCRN-001_news_catalyst|SCRN-003_float|SCRN-004_price_range|SCRN-005_daily_chart_room|ENTR-002_fcnh|ENTR-003_dollar_levels|ENTR-004_micro_pullback|STOP-003_fifty_pct_daily_stop|STOP-007_position_stop|PROF-004_size_up_hot|PROF-005_cold_market|MKTCOND-001_cold_hot_framework|MKTCOND-002_leading_gapper|MKTCOND-003_cheap_gappers|TIMING-003_midday_dead
-$11k on (NYSE TKAT) (NYSE GSX) Recap by Ross Cameron.txt,1177,False,False,0.9778,0.0222,5,SCRN-004_price_range|ENTR-002_fcnh|STOP-003_fifty_pct_daily_stop|PROF-001_dont_cap_green|MKTCOND-002_leading_gapper
Defense Mode Activated!.txt,2330,True,True,0.9778,0.0222,11,SCRN-004_price_range|SCRN-007_foreign_stocks|ENTR-001_macd_gate|ENTR-002_fcnh|ENTR-003_dollar_levels|ENTR-004_micro_pullback|STOP-003_fifty_pct_daily_stop|MKTCOND-001_cold_hot_framework|TIMING-001_premarket_watch|TIMING-002_opening_range|TIMING-006_power_hour
Is Momentum Back ! We had 3 Stocks Up 100%.txt,2021,True,True,0.9778,0.0222,10,SCRN-001_news_catalyst|SCRN-005_daily_chart_room|ENTR-001_macd_gate|ENTR-002_fcnh|ENTR-004_micro_pullback|STOP-006_halt_offering|PROF-001_dont_cap_green|PROF-004_size_up_hot|MKTCOND-005_seasonal|TIMING-002_opening_range
Penny Stocks Getting The MOST Volume Today.txt,4296,True,True,0.9778,0.0222,17,SCRN-001_news_catalyst|SCRN-003_float|SCRN-004_price_range|SCRN-005_daily_chart_room|ENTR-003_dollar_levels|ENTR-004_micro_pullback|ENTR-005_vwap|ENTR-009_topping_tails|STOP-004_thirty_pct_soft_stop|STOP-006_halt_offering|PROF-002_scale_out|PROF-004_size_up_hot|MKTCOND-003_cheap_gappers|MKTCOND-005_seasonal|TIMING-002_opening_range|TIMING-003_midday_dead|TIMING-006_power_hour
$JSPR +50% Gap and Go!.txt,1211,False,False,0.9777,0.0223,5,ENTR-003_dollar_levels|ENTR-004_micro_pullback|PROF-001_dont_cap_green|PROF-004_size_up_hot|MKTCOND-002_leading_gapper
2 Hours of Day Trading.txt,3879,True,True,0.9777,0.0223,13,SCRN-001_news_catalyst|SCRN-003_float|SCRN-005_daily_chart_room|ENTR-003_dollar_levels|ENTR-005_vwap|STOP-003_fifty_pct_daily_stop|PROF-001_dont_cap_green|PROF-004_size_up_hot|PROF-005_cold_market|MKTCOND-004_overall_market|TIMING-001_premarket_watch|TIMING-002_opening_range|TIMING-006_power_hour
Base Hits Are The Way To Go! Ross' Trade Recap.txt,2279,True,True,0.9777,0.0223,11,SCRN-001_news_catalyst|SCRN-003_float|SCRN-004_price_range|SCRN-006_reverse_splits|PROF-003_daily_goals|PROF-006_start_small|MKTCOND-001_cold_hot_framework|MKTCOND-002_leading_gapper|TIMING-001_premarket_watch|TIMING-002_opening_range|TIMING-003_midday_dead
Day 52 +$14k in a 30 Minutes of Trading! Ross's Trade Recap.txt,2654,True,True,0.9777,0.0223,12,SCRN-001_news_catalyst|SCRN-004_price_range|ENTR-003_dollar_levels|ENTR-004_micro_pullback|ENTR-008_double_bottom|STOP-003_fifty_pct_daily_stop|PROF-004_size_up_hot|MKTCOND-002_leading_gapper|MKTCOND-003_cheap_gappers|TIMING-001_premarket_watch|TIMING-002_opening_range|TIMING-003_midday_dead
LIVE Day Trading Morning Show with Ross Cameron [7syq_ByZt2k].txt,2523,True,True,0.9777,0.0223,10,SCRN-001_news_catalyst|SCRN-003_float|SCRN-009_short_interest|ENTR-004_micro_pullback|STOP-007_position_stop|PROF-004_size_up_hot|MKTCOND-002_leading_gapper|TIMING-001_premarket_watch|TIMING-002_opening_range|TIMING-006_power_hour
Live Day Trading Morning Show.txt,4645,True,True,0.9777,0.0223,13,SCRN-001_news_catalyst|SCRN-003_float|SCRN-005_daily_chart_room|SCRN-006_reverse_splits|SCRN-010_front_back_side|ENTR-001_macd_gate|ENTR-009_topping_tails|STOP-004_thirty_pct_soft_stop|PROF-005_cold_market|MKTCOND-001_cold_hot_framework|MKTCOND-005_seasonal|TIMING-001_premarket_watch|TIMING-002_opening_range
Small Green Day +$2k Recap by Ross Cameron.txt,1092,False,False,0.9777,0.0223,9,SCRN-001_news_catalyst|SCRN-006_reverse_splits|ENTR-002_fcnh|ENTR-004_micro_pullback|PROF-003_daily_goals|MKTCOND-002_leading_gapper|TIMING-001_premarket_watch|TIMING-002_opening_range|TIMING-003_midday_dead
[LIVE] DAY TRADING Morning Show 9 00 - 9 30am ET with Ross Cameron [atsTbXZB6hM].txt,1620,True,True,0.9777,0.0223,11,SCRN-001_news_catalyst|SCRN-005_daily_chart_room|SCRN-006_reverse_splits|SCRN-010_front_back_side|ENTR-004_micro_pullback|STOP-001_macd_hands_off|PROF-001_dont_cap_green|MKTCOND-002_leading_gapper|MKTCOND-003_cheap_gappers|MKTCOND-004_overall_market|TIMING-002_opening_range
[LIVE] Live Day Trading Morning Show with Ross Cameron #stocks #daytrading [2_UagwPahF0].txt,1221,False,False,0.9777,0.0223,9,SCRN-005_daily_chart_room|ENTR-003_dollar_levels|ENTR-004_micro_pullback|ENTR-009_topping_tails|STOP-004_thirty_pct_soft_stop|PROF-001_dont_cap_green|PROF-002_scale_out|MKTCOND-002_leading_gapper|TIMING-002_opening_range
3 Stocks UP OVER 100%.txt,1781,True,True,0.9776,0.0224,9,SCRN-001_news_catalyst|SCRN-005_daily_chart_room|ENTR-004_micro_pullback|ENTR-005_vwap|ENTR-008_double_bottom|STOP-004_thirty_pct_soft_stop|PROF-005_cold_market|TIMING-002_opening_range|TIMING-006_power_hour
Day 16 Going from RED to GREEN - Small Account Challenge Ep 22.txt,5559,True,True,0.9776,0.0224,16,SCRN-001_news_catalyst|SCRN-003_float|SCRN-004_price_range|SCRN-005_daily_chart_room|SCRN-006_reverse_splits|SCRN-008_sector_theme|ENTR-003_dollar_levels|ENTR-004_micro_pullback|STOP-003_fifty_pct_daily_stop|STOP-007_position_stop|PROF-001_dont_cap_green|PROF-006_start_small|MKTCOND-002_leading_gapper|MKTCOND-005_seasonal|TIMING-001_premarket_watch|TIMING-002_opening_range
Day Trading Morning Show with Ross Cameron [_bL25EdLyas].txt,2450,True,True,0.9776,0.0224,14,SCRN-001_news_catalyst|SCRN-003_float|SCRN-006_reverse_splits|SCRN-008_sector_theme|ENTR-004_micro_pullback|ENTR-006_bull_flag|ENTR-009_topping_tails|STOP-006_halt_offering|STOP-007_position_stop|PROF-001_dont_cap_green|PROF-002_scale_out|PROF-003_daily_goals|MKTCOND-005_seasonal|TIMING-002_opening_range
From Big Red to Green $RVSN $NEXI $CLRB $MINM $REVB.txt,4838,True,True,0.9776,0.0224,20,SCRN-001_news_catalyst|SCRN-004_price_range|SCRN-009_short_interest|ENTR-002_fcnh|ENTR-003_dollar_levels|ENTR-005_vwap|ENTR-006_bull_flag|ENTR-009_topping_tails|STOP-003_fifty_pct_daily_stop|STOP-006_halt_offering|STOP-007_position_stop|PROF-001_dont_cap_green|PROF-006_start_small|MKTCOND-001_cold_hot_framework|MKTCOND-002_leading_gapper|MKTCOND-003_cheap_gappers|MKTCOND-005_seasonal|TIMING-001_premarket_watch|TIMING-002_opening_range|TIMING-006_power_hour
RED DAY RECAP [P2daMgjYKQw].txt,2372,True,True,0.9776,0.0224,13,SCRN-001_news_catalyst|SCRN-006_reverse_splits|SCRN-007_foreign_stocks|ENTR-002_fcnh|ENTR-004_micro_pullback|ENTR-005_vwap|STOP-004_thirty_pct_soft_stop|PROF-001_dont_cap_green|PROF-004_size_up_hot|MKTCOND-001_cold_hot_framework|TIMING-001_premarket_watch|TIMING-003_midday_dead|TIMING-006_power_hour
Study Group TOMORROW 1pm ET plus Game Plan for the week ahead.txt,5487,True,True,0.9776,0.0224,21,SCRN-001_news_catalyst|SCRN-003_float|SCRN-004_price_range|SCRN-005_daily_chart_room|SCRN-006_reverse_splits|SCRN-008_sector_theme|SCRN-009_short_interest|ENTR-003_dollar_levels|ENTR-004_micro_pullback|ENTR-005_vwap|STOP-003_fifty_pct_daily_stop|STOP-007_position_stop|PROF-001_dont_cap_green|PROF-002_scale_out|PROF-004_size_up_hot|PROF-006_start_small|MKTCOND-002_leading_gapper|MKTCOND-003_cheap_gappers|MKTCOND-004_overall_market|TIMING-001_premarket_watch|TIMING-002_opening_range
This was the ONLY stock I traded today....txt,2925,True,True,0.9776,0.0224,12,SCRN-001_news_catalyst|SCRN-003_float|SCRN-005_daily_chart_room|SCRN-006_reverse_splits|SCRN-009_short_interest|SCRN-010_front_back_side|STOP-001_macd_hands_off|PROF-004_size_up_hot|MKTCOND-001_cold_hot_framework|MKTCOND-002_leading_gapper|MKTCOND-004_overall_market|TIMING-002_opening_range
[LIVE] Live Day Trading Morning Show with Ross Cameron [3U1PJWnxry8].txt,3419,True,True,0.9776,0.0224,15,SCRN-001_news_catalyst|SCRN-004_price_range|SCRN-005_daily_chart_room|SCRN-006_reverse_splits|ENTR-001_macd_gate|ENTR-003_dollar_levels|ENTR-004_micro_pullback|ENTR-009_topping_tails|STOP-004_thirty_pct_soft_stop|PROF-003_daily_goals|PROF-005_cold_market|MKTCOND-002_leading_gapper|MKTCOND-004_overall_market|TIMING-001_premarket_watch|TIMING-002_opening_range
"+$35,347.34 in 3 Hours of Day Trading.txt",5418,True,True,0.9775,0.0225,22,SCRN-001_news_catalyst|SCRN-003_float|SCRN-004_price_range|SCRN-005_daily_chart_room|SCRN-006_reverse_splits|SCRN-007_foreign_stocks|SCRN-008_sector_theme|ENTR-002_fcnh|ENTR-003_dollar_levels|ENTR-004_micro_pullback|ENTR-005_vwap|ENTR-009_topping_tails|STOP-004_thirty_pct_soft_stop|STOP-006_halt_offering|STOP-007_position_stop|PROF-001_dont_cap_green|MKTCOND-001_cold_hot_framework|MKTCOND-004_overall_market|TIMING-001_premarket_watch|TIMING-002_opening_range|TIMING-003_midday_dead|TIMING-006_power_hour
+$52k FOMO MOMO Day Trading Recap by Ross Cameron.txt,6025,True,True,0.9775,0.0225,16,SCRN-001_news_catalyst|SCRN-004_price_range|SCRN-010_front_back_side|ENTR-003_dollar_levels|ENTR-004_micro_pullback|STOP-003_fifty_pct_daily_stop|STOP-004_thirty_pct_soft_stop|PROF-001_dont_cap_green|PROF-002_scale_out|PROF-003_daily_goals|PROF-004_size_up_hot|MKTCOND-002_leading_gapper|TIMING-001_premarket_watch|TIMING-002_opening_range|TIMING-003_midday_dead|TIMING-006_power_hour
"Aiming For Those Base Hits +$2,500 Ross' Trade Recap.txt",3343,True,True,0.9775,0.0225,16,SCRN-001_news_catalyst|SCRN-003_float|SCRN-004_price_range|SCRN-005_daily_chart_room|SCRN-009_short_interest|ENTR-002_fcnh|ENTR-003_dollar_levels|ENTR-006_bull_flag|STOP-003_fifty_pct_daily_stop|PROF-001_dont_cap_green|PROF-003_daily_goals|MKTCOND-002_leading_gapper|TIMING-001_premarket_watch|TIMING-002_opening_range|TIMING-003_midday_dead|TIMING-005_session_length
Big Moves with Big Spreads = Big Risk.txt,2675,True,True,0.9775,0.0225,13,SCRN-001_news_catalyst|SCRN-002_relative_volume|SCRN-003_float|SCRN-004_price_range|SCRN-006_reverse_splits|ENTR-003_dollar_levels|ENTR-004_micro_pullback|ENTR-007_order_spoofing|PROF-005_cold_market|MKTCOND-002_leading_gapper|TIMING-001_premarket_watch|TIMING-002_opening_range|TIMING-004_no_trade_days
Chinese IPO $GCT +205% from 17.61 to 60.00 in 1 Day.txt,6517,True,True,0.9775,0.0225,16,SCRN-001_news_catalyst|SCRN-003_float|SCRN-009_short_interest|ENTR-001_macd_gate|ENTR-002_fcnh|ENTR-003_dollar_levels|ENTR-004_micro_pullback|ENTR-005_vwap|ENTR-009_topping_tails|PROF-005_cold_market|MKTCOND-004_overall_market|MKTCOND-005_seasonal|TIMING-001_premarket_watch|TIMING-002_opening_range|TIMING-003_midday_dead|TIMING-006_power_hour
Day Trading Bitcoin Sympathy and Private Placement News.txt,3744,True,True,0.9775,0.0225,16,SCRN-001_news_catalyst|SCRN-003_float|SCRN-009_short_interest|ENTR-002_fcnh|ENTR-004_micro_pullback|STOP-004_thirty_pct_soft_stop|STOP-006_halt_offering|PROF-001_dont_cap_green|PROF-003_daily_goals|PROF-004_size_up_hot|PROF-005_cold_market|PROF-006_start_small|MKTCOND-002_leading_gapper|MKTCOND-005_seasonal|TIMING-002_opening_range|TIMING-003_midday_dead
Day Trading Watch List & Game Plan for Monday.txt,4438,True,True,0.9775,0.0225,17,SCRN-001_news_catalyst|SCRN-004_price_range|SCRN-005_daily_chart_room|SCRN-006_reverse_splits|SCRN-007_foreign_stocks|ENTR-008_double_bottom|STOP-003_fifty_pct_daily_stop|STOP-006_halt_offering|PROF-003_daily_goals|PROF-004_size_up_hot|PROF-006_start_small|MKTCOND-001_cold_hot_framework|MKTCOND-002_leading_gapper|MKTCOND-004_overall_market|MKTCOND-005_seasonal|TIMING-001_premarket_watch|TIMING-006_power_hour
Home Runs vs Base Hits (Hot Market vs Cold Market).txt,5627,True,True,0.9775,0.0225,22,SCRN-001_news_catalyst|SCRN-003_float|SCRN-004_price_range|SCRN-005_daily_chart_room|SCRN-006_reverse_splits|SCRN-007_foreign_stocks|SCRN-008_sector_theme|SCRN-009_short_interest|ENTR-002_fcnh|ENTR-003_dollar_levels|ENTR-004_micro_pullback|ENTR-005_vwap|STOP-004_thirty_pct_soft_stop|STOP-006_halt_offering|PROF-004_size_up_hot|PROF-005_cold_market|PROF-006_start_small|MKTCOND-001_cold_hot_framework|MKTCOND-003_cheap_gappers|TIMING-001_premarket_watch|TIMING-003_midday_dead|TIMING-006_power_hour
I made a mistake today….txt,4660,True,True,0.9775,0.0225,19,SCRN-001_news_catalyst|SCRN-002_relative_volume|SCRN-003_float|SCRN-004_price_range|SCRN-005_daily_chart_room|SCRN-009_short_interest|ENTR-003_dollar_levels|STOP-007_position_stop|PROF-001_dont_cap_green|PROF-004_size_up_hot|PROF-005_cold_market|PROF-006_start_small|MKTCOND-001_cold_hot_framework|MKTCOND-003_cheap_gappers|MKTCOND-004_overall_market|MKTCOND-005_seasonal|TIMING-001_premarket_watch|TIMING-002_opening_range|TIMING-004_no_trade_days
No Trades Today Ross' No Trade Recap.txt,2591,True,True,0.9775,0.0225,11,SCRN-001_news_catalyst|SCRN-002_relative_volume|SCRN-003_float|SCRN-004_price_range|SCRN-010_front_back_side|PROF-003_daily_goals|MKTCOND-002_leading_gapper|MKTCOND-005_seasonal|TIMING-001_premarket_watch|TIMING-003_midday_dead|TIMING-004_no_trade_days
The FASTEST Day Trade of the WEEK Revealed!.txt,4160,True,True,0.9775,0.0225,16,SCRN-001_news_catalyst|SCRN-003_float|SCRN-004_price_range|SCRN-005_daily_chart_room|SCRN-006_reverse_splits|ENTR-004_micro_pullback|ENTR-007_order_spoofing|ENTR-008_double_bottom|STOP-003_fifty_pct_daily_stop|PROF-003_daily_goals|PROF-006_start_small|MKTCOND-001_cold_hot_framework|MKTCOND-005_seasonal|TIMING-001_premarket_watch|TIMING-002_opening_range|TIMING-003_midday_dead
Trading from NEW YORK CITY.txt,2820,True,True,0.9775,0.0225,16,SCRN-001_news_catalyst|SCRN-003_float|SCRN-005_daily_chart_room|SCRN-008_sector_theme|ENTR-004_micro_pullback|STOP-003_fifty_pct_daily_stop|PROF-001_dont_cap_green|PROF-003_daily_goals|PROF-004_size_up_hot|MKTCOND-002_leading_gapper|MKTCOND-003_cheap_gappers|MKTCOND-004_overall_market|TIMING-001_premarket_watch|TIMING-002_opening_range|TIMING-003_midday_dead|TIMING-005_session_length
+2.8k Trading a Pharma Stock with News & Strong Daily Chart.txt,2339,True,True,0.9774,0.0226,10,SCRN-001_news_catalyst|SCRN-003_float|SCRN-005_daily_chart_room|SCRN-008_sector_theme|ENTR-003_dollar_levels|ENTR-004_micro_pullback|PROF-003_daily_goals|MKTCOND-002_leading_gapper|TIMING-001_premarket_watch|TIMING-003_midday_dead
Day 13 Small Account Challenge.txt,3300,True,True,0.9774,0.0226,12,SCRN-001_news_catalyst|SCRN-005_daily_chart_room|ENTR-002_fcnh|ENTR-003_dollar_levels|STOP-003_fifty_pct_daily_stop|PROF-002_scale_out|PROF-005_cold_market|MKTCOND-001_cold_hot_framework|MKTCOND-005_seasonal|TIMING-001_premarket_watch|TIMING-002_opening_range|TIMING-003_midday_dead
Day 28 +$3.8k on APOP Ross's Trade Recap.txt,7455,True,True,0.9774,0.0226,20,SCRN-001_news_catalyst|SCRN-003_float|SCRN-004_price_range|SCRN-005_daily_chart_room|SCRN-006_reverse_splits|SCRN-008_sector_theme|SCRN-009_short_interest|ENTR-002_fcnh|ENTR-003_dollar_levels|ENTR-004_micro_pullback|ENTR-005_vwap|ENTR-007_order_spoofing|ENTR-008_double_bottom|STOP-003_fifty_pct_daily_stop|STOP-007_position_stop|PROF-002_scale_out|MKTCOND-002_leading_gapper|MKTCOND-003_cheap_gappers|TIMING-001_premarket_watch|TIMING-002_opening_range
"Five Trades, Five Winners! Ross' Trade Recap.txt",1882,True,True,0.9774,0.0226,11,SCRN-001_news_catalyst|SCRN-003_float|SCRN-006_reverse_splits|ENTR-002_fcnh|ENTR-004_micro_pullback|PROF-001_dont_cap_green|PROF-005_cold_market|MKTCOND-002_leading_gapper|MKTCOND-005_seasonal|TIMING-001_premarket_watch|TIMING-003_midday_dead
High Accuracy Trading with Small Losses.txt,2315,True,True,0.9774,0.0226,14,SCRN-001_news_catalyst|SCRN-002_relative_volume|SCRN-004_price_range|SCRN-005_daily_chart_room|SCRN-007_foreign_stocks|ENTR-004_micro_pullback|ENTR-009_topping_tails|STOP-003_fifty_pct_daily_stop|PROF-001_dont_cap_green|PROF-005_cold_market|MKTCOND-002_leading_gapper|TIMING-001_premarket_watch|TIMING-002_opening_range|TIMING-004_no_trade_days
LIVE Day Trading Morning Show with Ross [eXPoceS25uI].txt,2508,True,True,0.9774,0.0226,11,SCRN-001_news_catalyst|SCRN-004_price_range|ENTR-002_fcnh|ENTR-003_dollar_levels|ENTR-004_micro_pullback|PROF-003_daily_goals|PROF-005_cold_market|MKTCOND-002_leading_gapper|MKTCOND-003_cheap_gappers|TIMING-002_opening_range|TIMING-003_midday_dead
March Monthly Review Day Trading Ross Cameron.txt,6271,True,True,0.9774,0.0226,15,SCRN-001_news_catalyst|SCRN-002_relative_volume|SCRN-003_float|SCRN-004_price_range|STOP-003_fifty_pct_daily_stop|STOP-004_thirty_pct_soft_stop|PROF-003_daily_goals|PROF-004_size_up_hot|PROF-005_cold_market|MKTCOND-001_cold_hot_framework|TIMING-001_premarket_watch|TIMING-003_midday_dead|TIMING-004_no_trade_days|TIMING-005_session_length|TIMING-006_power_hour
Red Day Recap Ross's Trade Recap [ktafBoiczTo].txt,1201,False,False,0.9774,0.0226,7,SCRN-001_news_catalyst|SCRN-006_reverse_splits|ENTR-003_dollar_levels|STOP-003_fifty_pct_daily_stop|PROF-001_dont_cap_green|PROF-005_cold_market|MKTCOND-005_seasonal
Red Day Recap.txt,3578,True,True,0.9774,0.0226,15,SCRN-001_news_catalyst|SCRN-002_relative_volume|SCRN-003_float|SCRN-004_price_range|SCRN-005_daily_chart_room|SCRN-006_reverse_splits|SCRN-009_short_interest|ENTR-002_fcnh|STOP-003_fifty_pct_daily_stop|STOP-006_halt_offering|PROF-001_dont_cap_green|MKTCOND-004_overall_market|MKTCOND-005_seasonal|TIMING-001_premarket_watch|TIMING-003_midday_dead
There Was Only ONE Obvious Stock Today!.txt,4014,True,True,0.9774,0.0226,18,SCRN-001_news_catalyst|SCRN-003_float|SCRN-005_daily_chart_room|SCRN-007_foreign_stocks|ENTR-004_micro_pullback|ENTR-005_vwap|ENTR-009_topping_tails|STOP-004_thirty_pct_soft_stop|STOP-007_position_stop|PROF-002_scale_out|PROF-003_daily_goals|PROF-005_cold_market|MKTCOND-002_leading_gapper|MKTCOND-004_overall_market|TIMING-001_premarket_watch|TIMING-002_opening_range|TIMING-004_no_trade_days|TIMING-006_power_hour
BTAI Broke My Heart on Valentine's Day Ross's Trade Recap.txt,2676,True,True,0.9773,0.0227,12,SCRN-002_relative_volume|SCRN-003_float|ENTR-002_fcnh|ENTR-003_dollar_levels|ENTR-004_micro_pullback|ENTR-009_topping_tails|STOP-003_fifty_pct_daily_stop|PROF-003_daily_goals|MKTCOND-001_cold_hot_framework|MKTCOND-002_leading_gapper|TIMING-002_opening_range|TIMING-006_power_hour
Day Trading Breaking News!.txt,3531,True,True,0.9773,0.0227,18,SCRN-001_news_catalyst|SCRN-002_relative_volume|SCRN-003_float|SCRN-005_daily_chart_room|SCRN-006_reverse_splits|SCRN-007_foreign_stocks|ENTR-002_fcnh|ENTR-003_dollar_levels|ENTR-004_micro_pullback|ENTR-005_vwap|STOP-003_fifty_pct_daily_stop|STOP-005_fifty_pct_retrace|PROF-002_scale_out|PROF-006_start_small|MKTCOND-002_leading_gapper|MKTCOND-003_cheap_gappers|TIMING-001_premarket_watch|TIMING-006_power_hour
MAX LOSS [1gADIhkJ1Jw].txt,5255,True,True,0.9773,0.0227,18,SCRN-001_news_catalyst|SCRN-003_float|SCRN-004_price_range|SCRN-006_reverse_splits|SCRN-007_foreign_stocks|SCRN-008_sector_theme|SCRN-009_short_interest|SCRN-010_front_back_side|ENTR-003_dollar_levels|ENTR-009_topping_tails|STOP-003_fifty_pct_daily_stop|PROF-005_cold_market|MKTCOND-001_cold_hot_framework|MKTCOND-002_leading_gapper|MKTCOND-004_overall_market|MKTCOND-005_seasonal|TIMING-001_premarket_watch|TIMING-006_power_hour
MAX LOSS.txt,5255,True,True,0.9773,0.0227,18,SCRN-001_news_catalyst|SCRN-003_float|SCRN-004_price_range|SCRN-006_reverse_splits|SCRN-007_foreign_stocks|SCRN-008_sector_theme|SCRN-009_short_interest|SCRN-010_front_back_side|ENTR-003_dollar_levels|ENTR-009_topping_tails|STOP-003_fifty_pct_daily_stop|PROF-005_cold_market|MKTCOND-001_cold_hot_framework|MKTCOND-002_leading_gapper|MKTCOND-004_overall_market|MKTCOND-005_seasonal|TIMING-001_premarket_watch|TIMING-006_power_hour
Momo Monday's with 4 stocks up over 100% on the day.txt,4057,True,True,0.9773,0.0227,18,SCRN-001_news_catalyst|SCRN-003_float|SCRN-005_daily_chart_room|SCRN-006_reverse_splits|ENTR-004_micro_pullback|ENTR-005_vwap|ENTR-008_double_bottom|ENTR-009_topping_tails|STOP-004_thirty_pct_soft_stop|STOP-007_position_stop|PROF-002_scale_out|PROF-003_daily_goals|PROF-004_size_up_hot|MKTCOND-001_cold_hot_framework|MKTCOND-002_leading_gapper|TIMING-001_premarket_watch|TIMING-002_opening_range|TIMING-005_session_length
Today was a disaster!.txt,2274,True,True,0.9773,0.0227,12,SCRN-001_news_catalyst|SCRN-003_float|SCRN-005_daily_chart_room|ENTR-001_macd_gate|ENTR-002_fcnh|ENTR-009_topping_tails|PROF-003_daily_goals|PROF-004_size_up_hot|PROF-006_start_small|TIMING-001_premarket_watch|TIMING-002_opening_range|TIMING-006_power_hour
Trade the Best - Leave the Rest.txt,1761,True,True,0.9773,0.0227,10,SCRN-001_news_catalyst|ENTR-005_vwap|ENTR-009_topping_tails|STOP-003_fifty_pct_daily_stop|PROF-005_cold_market|PROF-006_start_small|MKTCOND-002_leading_gapper|TIMING-001_premarket_watch|TIMING-004_no_trade_days|TIMING-006_power_hour
[LIVE] $PGY Continuation Day Trading Morning Show with Ross Cameron #stocks #daytrading.txt,3618,True,True,0.9773,0.0227,16,SCRN-001_news_catalyst|SCRN-003_float|SCRN-004_price_range|SCRN-009_short_interest|ENTR-001_macd_gate|ENTR-002_fcnh|ENTR-003_dollar_levels|ENTR-004_micro_pullback|STOP-004_thirty_pct_soft_stop|STOP-006_halt_offering|PROF-002_scale_out|PROF-003_daily_goals|MKTCOND-002_leading_gapper|TIMING-001_premarket_watch|TIMING-002_opening_range|TIMING-005_session_length
+$14.6k Day Trading Recent IPO's and Recent Reverse Splits.txt,3434,True,True,0.9772,0.0228,13,SCRN-001_news_catalyst|SCRN-005_daily_chart_room|SCRN-006_reverse_splits|ENTR-004_micro_pullback|ENTR-009_topping_tails|STOP-004_thirty_pct_soft_stop|PROF-003_daily_goals|MKTCOND-002_leading_gapper|MKTCOND-004_overall_market|MKTCOND-005_seasonal|TIMING-001_premarket_watch|TIMING-002_opening_range|TIMING-006_power_hour
+$2.4k in 1hr on $MYND Ross' Trade Recap.txt,5618,True,True,0.9772,0.0228,16,SCRN-001_news_catalyst|SCRN-002_relative_volume|SCRN-003_float|SCRN-004_price_range|SCRN-009_short_interest|SCRN-010_front_back_side|ENTR-009_topping_tails|PROF-001_dont_cap_green|PROF-004_size_up_hot|MKTCOND-002_leading_gapper|MKTCOND-004_overall_market|MKTCOND-005_seasonal|TIMING-001_premarket_watch|TIMING-003_midday_dead|TIMING-005_session_length|TIMING-006_power_hour
10th Green Day +$12k Ross's Trade Recap.txt,4879,True,True,0.9772,0.0228,15,SCRN-001_news_catalyst|SCRN-003_float|SCRN-004_price_range|SCRN-009_short_interest|SCRN-010_front_back_side|ENTR-002_fcnh|ENTR-003_dollar_levels|ENTR-007_order_spoofing|STOP-007_position_stop|PROF-004_size_up_hot|PROF-006_start_small|MKTCOND-002_leading_gapper|TIMING-001_premarket_watch|TIMING-002_opening_range|TIMING-003_midday_dead
Beware of the POP & DROP...My RECAP & Plan for Tomorrow.txt,7476,True,True,0.9772,0.0228,22,SCRN-001_news_catalyst|SCRN-002_relative_volume|SCRN-003_float|SCRN-004_price_range|SCRN-005_daily_chart_room|SCRN-008_sector_theme|SCRN-009_short_interest|SCRN-010_front_back_side|ENTR-003_dollar_levels|ENTR-004_micro_pullback|ENTR-005_vwap|ENTR-006_bull_flag|ENTR-009_topping_tails|STOP-001_macd_hands_off|STOP-005_fifty_pct_retrace|STOP-006_halt_offering|PROF-004_size_up_hot|PROF-005_cold_market|MKTCOND-001_cold_hot_framework|MKTCOND-002_leading_gapper|MKTCOND-003_cheap_gappers|MKTCOND-004_overall_market
"Daily Recap Day 33 +$2,605.84 on $APOP $AEHR $BLPH $VRML.txt",3421,True,True,0.9772,0.0228,14,SCRN-001_news_catalyst|SCRN-003_float|SCRN-004_price_range|SCRN-005_daily_chart_room|ENTR-003_dollar_levels|ENTR-006_bull_flag|STOP-003_fifty_pct_daily_stop|STOP-007_position_stop|PROF-003_daily_goals|MKTCOND-001_cold_hot_framework|MKTCOND-002_leading_gapper|TIMING-001_premarket_watch|TIMING-002_opening_range|TIMING-003_midday_dead
HALTED PENDING NEWS $ICCT #daytrading.txt,2600,True,True,0.9772,0.0228,13,SCRN-001_news_catalyst|SCRN-003_float|ENTR-003_dollar_levels|ENTR-004_micro_pullback|ENTR-006_bull_flag|ENTR-009_topping_tails|STOP-004_thirty_pct_soft_stop|PROF-004_size_up_hot|PROF-006_start_small|MKTCOND-004_overall_market|TIMING-001_premarket_watch|TIMING-002_opening_range|TIMING-003_midday_dead
September is in the books and OCTOBER is here!! Ross' Trade Recap.txt,2208,True,True,0.9772,0.0228,5,SCRN-001_news_catalyst|PROF-005_cold_market|MKTCOND-004_overall_market|MKTCOND-005_seasonal|TIMING-003_midday_dead
Today’s MOST Obvious Stock!.txt,3677,True,True,0.9772,0.0228,17,SCRN-001_news_catalyst|SCRN-002_relative_volume|SCRN-003_float|SCRN-005_daily_chart_room|SCRN-007_foreign_stocks|SCRN-010_front_back_side|ENTR-002_fcnh|ENTR-004_micro_pullback|ENTR-009_topping_tails|STOP-006_halt_offering|PROF-003_daily_goals|MKTCOND-002_leading_gapper|MKTCOND-003_cheap_gappers|TIMING-001_premarket_watch|TIMING-002_opening_range|TIMING-003_midday_dead|TIMING-006_power_hour
[LIVE] DAY TRADING Morning Show 9 00 - 9 30am ET with Ross Cameron [d9m-j0Ti3oM].txt,2429,True,True,0.9772,0.0228,10,SCRN-005_daily_chart_room|ENTR-002_fcnh|ENTR-004_micro_pullback|ENTR-009_topping_tails|PROF-001_dont_cap_green|PROF-004_size_up_hot|MKTCOND-002_leading_gapper|TIMING-001_premarket_watch|TIMING-002_opening_range|TIMING-006_power_hour
+$8.5k Trading Two Leading Gappers (NASDAQ $WHLM $PBTS) Recap by Ross Cameron.txt,2490,True,True,0.9771,0.0229,13,SCRN-001_news_catalyst|SCRN-009_short_interest|ENTR-003_dollar_levels|ENTR-004_micro_pullback|ENTR-006_bull_flag|ENTR-009_topping_tails|STOP-007_position_stop|PROF-001_dont_cap_green|PROF-005_cold_market|MKTCOND-001_cold_hot_framework|MKTCOND-002_leading_gapper|TIMING-001_premarket_watch|TIMING-002_opening_range
Nice win today! Day Trading Recap by Ross Cameron.txt,3276,True,True,0.9771,0.0229,11,SCRN-001_news_catalyst|SCRN-002_relative_volume|SCRN-003_float|SCRN-004_price_range|SCRN-005_daily_chart_room|SCRN-010_front_back_side|STOP-004_thirty_pct_soft_stop|MKTCOND-002_leading_gapper|MKTCOND-003_cheap_gappers|TIMING-001_premarket_watch|TIMING-002_opening_range
Starting The Week Green! +$19k Ross's Trade Recap.txt,1893,True,True,0.9771,0.0229,8,SCRN-001_news_catalyst|ENTR-004_micro_pullback|PROF-003_daily_goals|MKTCOND-001_cold_hot_framework|MKTCOND-002_leading_gapper|TIMING-001_premarket_watch|TIMING-002_opening_range|TIMING-003_midday_dead
WHAT ! Over 300% in 1 day with a Gap on the Daily Chart from $27.50 to $156.txt,4351,True,True,0.9771,0.0229,16,SCRN-001_news_catalyst|SCRN-003_float|SCRN-005_daily_chart_room|SCRN-007_foreign_stocks|SCRN-008_sector_theme|SCRN-009_short_interest|ENTR-002_fcnh|ENTR-005_vwap|ENTR-007_order_spoofing|ENTR-009_topping_tails|PROF-002_scale_out|PROF-004_size_up_hot|MKTCOND-005_seasonal|TIMING-002_opening_range|TIMING-003_midday_dead|TIMING-006_power_hour
+$6.6k on (NASDAQ EVK) Recap by Ross Cameron.txt,2830,True,True,0.977,0.023,13,SCRN-001_news_catalyst|SCRN-004_price_range|SCRN-006_reverse_splits|ENTR-002_fcnh|ENTR-003_dollar_levels|ENTR-004_micro_pullback|ENTR-006_bull_flag|STOP-003_fifty_pct_daily_stop|STOP-007_position_stop|MKTCOND-002_leading_gapper|TIMING-001_premarket_watch|TIMING-002_opening_range|TIMING-003_midday_dead
+$6k on AIHS +138% Ross's Trade Recap.txt,3037,True,True,0.977,0.023,15,SCRN-001_news_catalyst|SCRN-002_relative_volume|SCRN-003_float|SCRN-010_front_back_side|ENTR-002_fcnh|ENTR-004_micro_pullback|ENTR-008_double_bottom|STOP-003_fifty_pct_daily_stop|PROF-001_dont_cap_green|PROF-004_size_up_hot|PROF-005_cold_market|MKTCOND-001_cold_hot_framework|MKTCOND-002_leading_gapper|TIMING-001_premarket_watch|TIMING-003_midday_dead
Case Study on NURO +$123k in 3 days! by Ross Cameron.txt,4403,True,True,0.977,0.023,15,SCRN-001_news_catalyst|SCRN-003_float|SCRN-004_price_range|SCRN-005_daily_chart_room|SCRN-008_sector_theme|ENTR-002_fcnh|ENTR-003_dollar_levels|ENTR-004_micro_pullback|ENTR-008_double_bottom|ENTR-009_topping_tails|STOP-006_halt_offering|PROF-004_size_up_hot|TIMING-001_premarket_watch|TIMING-002_opening_range|TIMING-006_power_hour
Day Trading Morning Show with Ross Cameron.txt,3638,True,True,0.977,0.023,15,SCRN-001_news_catalyst|SCRN-003_float|SCRN-004_price_range|SCRN-005_daily_chart_room|SCRN-009_short_interest|ENTR-003_dollar_levels|ENTR-004_micro_pullback|ENTR-007_order_spoofing|PROF-003_daily_goals|PROF-004_size_up_hot|MKTCOND-002_leading_gapper|MKTCOND-005_seasonal|TIMING-001_premarket_watch|TIMING-002_opening_range|TIMING-006_power_hour
Day Trading the Leading Pre-Market Gainers.txt,4533,True,True,0.977,0.023,19,SCRN-001_news_catalyst|SCRN-003_float|SCRN-004_price_range|SCRN-005_daily_chart_room|SCRN-006_reverse_splits|SCRN-007_foreign_stocks|SCRN-009_short_interest|ENTR-003_dollar_levels|ENTR-004_micro_pullback|ENTR-008_double_bottom|STOP-007_position_stop|PROF-003_daily_goals|PROF-005_cold_market|MKTCOND-001_cold_hot_framework|MKTCOND-003_cheap_gappers|MKTCOND-004_overall_market|MKTCOND-005_seasonal|TIMING-001_premarket_watch|TIMING-002_opening_range
Gap and Go Short Squeeze at the Opening Bell.txt,3290,True,True,0.977,0.023,15,SCRN-001_news_catalyst|SCRN-003_float|SCRN-005_daily_chart_room|SCRN-006_reverse_splits|ENTR-001_macd_gate|ENTR-004_micro_pullback|ENTR-005_vwap|STOP-003_fifty_pct_daily_stop|PROF-004_size_up_hot|PROF-005_cold_market|PROF-006_start_small|TIMING-001_premarket_watch|TIMING-002_opening_range|TIMING-004_no_trade_days|TIMING-006_power_hour
Inner Circle Trading Day 2 Ross' Trade Recap.txt,1854,True,True,0.977,0.023,9,SCRN-001_news_catalyst|SCRN-003_float|SCRN-006_reverse_splits|ENTR-002_fcnh|ENTR-003_dollar_levels|PROF-003_daily_goals|MKTCOND-002_leading_gapper|TIMING-001_premarket_watch|TIMING-003_midday_dead
+$2k After an Uphill Battle Ross's Trade Recap.txt,2990,True,True,0.9769,0.0231,11,SCRN-001_news_catalyst|SCRN-003_float|SCRN-004_price_range|SCRN-005_daily_chart_room|ENTR-002_fcnh|ENTR-003_dollar_levels|PROF-001_dont_cap_green|PROF-003_daily_goals|MKTCOND-002_leading_gapper|TIMING-001_premarket_watch|TIMING-003_midday_dead
A Big Green Day! Ross' Trade Recap.txt,4470,True,True,0.9769,0.0231,12,SCRN-001_news_catalyst|SCRN-003_float|SCRN-004_price_range|SCRN-005_daily_chart_room|SCRN-006_reverse_splits|ENTR-002_fcnh|ENTR-003_dollar_levels|ENTR-004_micro_pullback|MKTCOND-002_leading_gapper|TIMING-001_premarket_watch|TIMING-002_opening_range|TIMING-003_midday_dead
Day 38 +$2.7k After a Long Weekend! Ross's Trade Recap.txt,4275,True,True,0.9769,0.0231,17,SCRN-003_float|SCRN-004_price_range|SCRN-005_daily_chart_room|ENTR-003_dollar_levels|ENTR-004_micro_pullback|ENTR-006_bull_flag|STOP-003_fifty_pct_daily_stop|STOP-006_halt_offering|PROF-001_dont_cap_green|PROF-002_scale_out|PROF-005_cold_market|MKTCOND-002_leading_gapper|MKTCOND-004_overall_market|MKTCOND-005_seasonal|TIMING-001_premarket_watch|TIMING-002_opening_range|TIMING-003_midday_dead
Something Changed....txt,2241,True,True,0.9769,0.0231,12,SCRN-001_news_catalyst|SCRN-003_float|SCRN-005_daily_chart_room|SCRN-008_sector_theme|ENTR-002_fcnh|ENTR-003_dollar_levels|ENTR-004_micro_pullback|PROF-003_daily_goals|PROF-004_size_up_hot|PROF-005_cold_market|MKTCOND-001_cold_hot_framework|TIMING-001_premarket_watch
The Small Cap Hot Cold Cycle....txt,3118,True,True,0.9769,0.0231,12,SCRN-001_news_catalyst|SCRN-003_float|PROF-001_dont_cap_green|PROF-004_size_up_hot|PROF-005_cold_market|PROF-006_start_small|MKTCOND-001_cold_hot_framework|MKTCOND-005_seasonal|TIMING-001_premarket_watch|TIMING-002_opening_range|TIMING-004_no_trade_days|TIMING-006_power_hour
[LIVE] DAY TRADING Morning Show 9 00 - 9 30am ET with Ross Cameron [MKNP9Vxb91s].txt,3765,True,True,0.9769,0.0231,16,SCRN-001_news_catalyst|SCRN-002_relative_volume|SCRN-003_float|SCRN-004_price_range|SCRN-006_reverse_splits|SCRN-009_short_interest|STOP-003_fifty_pct_daily_stop|STOP-007_position_stop|PROF-002_scale_out|MKTCOND-002_leading_gapper|MKTCOND-003_cheap_gappers|MKTCOND-004_overall_market|TIMING-001_premarket_watch|TIMING-002_opening_range|TIMING-003_midday_dead|TIMING-006_power_hour
[LIVE] Live Day Trading Morning Show with Ross Cameron #stocks #daytrading [UVF8jB7Kirs].txt,2448,True,True,0.9769,0.0231,15,SCRN-001_news_catalyst|SCRN-009_short_interest|SCRN-010_front_back_side|ENTR-002_fcnh|ENTR-003_dollar_levels|ENTR-004_micro_pullback|ENTR-007_order_spoofing|ENTR-008_double_bottom|STOP-007_position_stop|PROF-001_dont_cap_green|PROF-005_cold_market|MKTCOND-002_leading_gapper|MKTCOND-004_overall_market|TIMING-001_premarket_watch|TIMING-002_opening_range
+$15k Gap and Go! On $FULC Day Trading Recap by Ross Cameron.txt,3172,True,True,0.9768,0.0232,11,SCRN-001_news_catalyst|SCRN-004_price_range|SCRN-009_short_interest|ENTR-002_fcnh|ENTR-004_micro_pullback|ENTR-009_topping_tails|STOP-006_halt_offering|MKTCOND-003_cheap_gappers|MKTCOND-005_seasonal|TIMING-001_premarket_watch|TIMING-002_opening_range
Day 47 +$15k on Energy & Biotech Stocks Ross's Trade Recap.txt,3934,True,True,0.9768,0.0232,14,SCRN-001_news_catalyst|SCRN-004_price_range|SCRN-008_sector_theme|ENTR-003_dollar_levels|ENTR-004_micro_pullback|ENTR-005_vwap|STOP-003_fifty_pct_daily_stop|STOP-006_halt_offering|STOP-007_position_stop|PROF-005_cold_market|MKTCOND-002_leading_gapper|TIMING-001_premarket_watch|TIMING-002_opening_range|TIMING-003_midday_dead
Finishing the week with a 229% Short Squeeze!.txt,2441,True,True,0.9768,0.0232,9,SCRN-001_news_catalyst|SCRN-004_price_range|SCRN-005_daily_chart_room|ENTR-004_micro_pullback|ENTR-008_double_bottom|STOP-003_fifty_pct_daily_stop|PROF-001_dont_cap_green|PROF-005_cold_market|TIMING-003_midday_dead
MOMO is Back! +$24k in Two Days Ross's Trade Recap.txt,5457,True,True,0.9768,0.0232,18,SCRN-001_news_catalyst|SCRN-003_float|SCRN-004_price_range|SCRN-005_daily_chart_room|SCRN-009_short_interest|ENTR-002_fcnh|ENTR-003_dollar_levels|ENTR-004_micro_pullback|STOP-003_fifty_pct_daily_stop|STOP-007_position_stop|PROF-002_scale_out|PROF-004_size_up_hot|MKTCOND-002_leading_gapper|MKTCOND-005_seasonal|TIMING-001_premarket_watch|TIMING-002_opening_range|TIMING-003_midday_dead|TIMING-006_power_hour
Slow & Steady Wins the Race!.txt,2262,True,True,0.9768,0.0232,13,SCRN-001_news_catalyst|SCRN-002_relative_volume|SCRN-003_float|SCRN-004_price_range|SCRN-005_daily_chart_room|ENTR-002_fcnh|PROF-001_dont_cap_green|PROF-002_scale_out|PROF-005_cold_market|MKTCOND-005_seasonal|TIMING-001_premarket_watch|TIMING-002_opening_range|TIMING-004_no_trade_days
Stuck On The Wrong Side of a Trade -$6k Ross's Trade Recap.txt,2859,True,True,0.9768,0.0232,14,SCRN-001_news_catalyst|SCRN-004_price_range|SCRN-005_daily_chart_room|SCRN-010_front_back_side|ENTR-002_fcnh|ENTR-003_dollar_levels|ENTR-006_bull_flag|STOP-003_fifty_pct_daily_stop|STOP-004_thirty_pct_soft_stop|STOP-006_halt_offering|PROF-001_dont_cap_green|PROF-005_cold_market|TIMING-001_premarket_watch|TIMING-002_opening_range
Trading Multiple 100% Short Squeezes.txt,2632,True,True,0.9768,0.0232,11,SCRN-001_news_catalyst|SCRN-003_float|SCRN-004_price_range|SCRN-007_foreign_stocks|ENTR-001_macd_gate|ENTR-002_fcnh|ENTR-004_micro_pullback|STOP-004_thirty_pct_soft_stop|STOP-005_fifty_pct_retrace|MKTCOND-001_cold_hot_framework|TIMING-002_opening_range
+$20k on (NASDAQ MEDS) Recap by Ross Cameron.txt,1989,True,True,0.9767,0.0233,8,SCRN-001_news_catalyst|SCRN-003_float|SCRN-004_price_range|ENTR-004_micro_pullback|ENTR-005_vwap|STOP-004_thirty_pct_soft_stop|MKTCOND-002_leading_gapper|TIMING-002_opening_range
+$28k on (NASDAQ DBGI AUUD CERE & MRIN) Recap by Ross Cameron.txt,2061,True,True,0.9767,0.0233,10,SCRN-004_price_range|ENTR-002_fcnh|ENTR-003_dollar_levels|ENTR-004_micro_pullback|STOP-003_fifty_pct_daily_stop|STOP-004_thirty_pct_soft_stop|PROF-002_scale_out|PROF-004_size_up_hot|TIMING-001_premarket_watch|TIMING-002_opening_range
2nd Big Green Day in a Row +$25k Ross's Trade Recap.txt,5425,True,True,0.9767,0.0233,20,SCRN-001_news_catalyst|SCRN-002_relative_volume|SCRN-004_price_range|SCRN-005_daily_chart_room|SCRN-006_reverse_splits|ENTR-002_fcnh|ENTR-003_dollar_levels|ENTR-004_micro_pullback|ENTR-005_vwap|ENTR-006_bull_flag|ENTR-009_topping_tails|PROF-001_dont_cap_green|PROF-002_scale_out|PROF-003_daily_goals|MKTCOND-002_leading_gapper|MKTCOND-005_seasonal|TIMING-001_premarket_watch|TIMING-002_opening_range|TIMING-003_midday_dead|TIMING-006_power_hour
Building Up The Trading Cushion Ross' Trade Recap.txt,5079,True,True,0.9767,0.0233,18,SCRN-003_float|SCRN-004_price_range|SCRN-005_daily_chart_room|ENTR-003_dollar_levels|ENTR-004_micro_pullback|STOP-003_fifty_pct_daily_stop|PROF-001_dont_cap_green|PROF-002_scale_out|PROF-003_daily_goals|MKTCOND-001_cold_hot_framework|MKTCOND-002_leading_gapper|MKTCOND-003_cheap_gappers|MKTCOND-004_overall_market|MKTCOND-005_seasonal|TIMING-002_opening_range|TIMING-003_midday_dead|TIMING-005_session_length|TIMING-006_power_hour
Red on 2 3 Stocks.txt,3189,True,True,0.9767,0.0233,19,SCRN-001_news_catalyst|SCRN-003_float|SCRN-006_reverse_splits|SCRN-010_front_back_side|ENTR-002_fcnh|ENTR-009_topping_tails|STOP-001_macd_hands_off|STOP-003_fifty_pct_daily_stop|STOP-007_position_stop|PROF-001_dont_cap_green|PROF-002_scale_out|PROF-003_daily_goals|PROF-004_size_up_hot|MKTCOND-002_leading_gapper|MKTCOND-004_overall_market|MKTCOND-005_seasonal|TIMING-001_premarket_watch|TIMING-002_opening_range|TIMING-005_session_length
From Red To Green +$10k Ross's Trade Recap.txt,4431,True,True,0.9766,0.0234,13,SCRN-001_news_catalyst|SCRN-004_price_range|ENTR-002_fcnh|ENTR-003_dollar_levels|ENTR-004_micro_pullback|STOP-003_fifty_pct_daily_stop|PROF-001_dont_cap_green|PROF-003_daily_goals|MKTCOND-002_leading_gapper|MKTCOND-004_overall_market|TIMING-001_premarket_watch|TIMING-002_opening_range|TIMING-003_midday_dead
How a Slow Morning Turned Into the BEST Day of the Week!.txt,2535,True,True,0.9766,0.0234,12,SCRN-001_news_catalyst|SCRN-003_float|ENTR-001_macd_gate|ENTR-005_vwap|ENTR-009_topping_tails|STOP-004_thirty_pct_soft_stop|STOP-006_halt_offering|PROF-001_dont_cap_green|PROF-005_cold_market|TIMING-002_opening_range|TIMING-004_no_trade_days|TIMING-006_power_hour
I Can't Believe I BOTCHED the Biggest Winner Today!.txt,2698,True,True,0.9766,0.0234,12,SCRN-001_news_catalyst|SCRN-003_float|SCRN-005_daily_chart_room|SCRN-006_reverse_splits|SCRN-007_foreign_stocks|SCRN-009_short_interest|ENTR-001_macd_gate|ENTR-002_fcnh|ENTR-004_micro_pullback|ENTR-009_topping_tails|PROF-006_start_small|TIMING-001_premarket_watch
Mid-Day Recap on Day 16 $CDTI and $OMEX.txt,9847,True,True,0.9766,0.0234,23,SCRN-001_news_catalyst|SCRN-002_relative_volume|SCRN-003_float|SCRN-004_price_range|SCRN-005_daily_chart_room|SCRN-009_short_interest|SCRN-010_front_back_side|ENTR-002_fcnh|ENTR-003_dollar_levels|ENTR-006_bull_flag|ENTR-007_order_spoofing|ENTR-009_topping_tails|STOP-005_fifty_pct_retrace|STOP-007_position_stop|PROF-001_dont_cap_green|PROF-004_size_up_hot|PROF-005_cold_market|MKTCOND-002_leading_gapper|MKTCOND-004_overall_market|MKTCOND-005_seasonal|TIMING-001_premarket_watch|TIMING-002_opening_range|TIMING-003_midday_dead
NYC Trading Ross' Trade Recap.txt,3906,True,True,0.9766,0.0234,12,SCRN-001_news_catalyst|SCRN-002_relative_volume|SCRN-004_price_range|SCRN-005_daily_chart_room|ENTR-002_fcnh|ENTR-003_dollar_levels|ENTR-006_bull_flag|STOP-004_thirty_pct_soft_stop|MKTCOND-002_leading_gapper|MKTCOND-005_seasonal|TIMING-001_premarket_watch|TIMING-003_midday_dead
TODAY'S RECAP.txt,4210,True,True,0.9766,0.0234,15,SCRN-001_news_catalyst|SCRN-002_relative_volume|SCRN-004_price_range|SCRN-006_reverse_splits|SCRN-009_short_interest|SCRN-010_front_back_side|ENTR-003_dollar_levels|ENTR-005_vwap|ENTR-009_topping_tails|STOP-003_fifty_pct_daily_stop|STOP-006_halt_offering|MKTCOND-002_leading_gapper|TIMING-001_premarket_watch|TIMING-002_opening_range|TIMING-005_session_length
[LIVE] $SOPA +38% Live Stock Market Trading - DAY TRADING with Ross!.txt,3542,True,True,0.9766,0.0234,14,SCRN-001_news_catalyst|SCRN-002_relative_volume|SCRN-004_price_range|SCRN-010_front_back_side|ENTR-002_fcnh|ENTR-003_dollar_levels|ENTR-004_micro_pullback|ENTR-009_topping_tails|PROF-004_size_up_hot|MKTCOND-002_leading_gapper|MKTCOND-004_overall_market|TIMING-001_premarket_watch|TIMING-002_opening_range|TIMING-003_midday_dead
$REVB +100% on the Reverse Split $RVSN $PALI $ONMD.txt,5904,True,True,0.9765,0.0235,19,SCRN-001_news_catalyst|SCRN-002_relative_volume|SCRN-003_float|SCRN-004_price_range|SCRN-005_daily_chart_room|SCRN-006_reverse_splits|ENTR-002_fcnh|ENTR-003_dollar_levels|ENTR-004_micro_pullback|ENTR-005_vwap|ENTR-009_topping_tails|STOP-003_fifty_pct_daily_stop|STOP-007_position_stop|PROF-002_scale_out|PROF-005_cold_market|MKTCOND-002_leading_gapper|TIMING-001_premarket_watch|TIMING-002_opening_range|TIMING-003_midday_dead
+$5.7k After Giving Back Half My Profits Ross's Trade Recap.txt,3771,True,True,0.9765,0.0235,15,SCRN-001_news_catalyst|SCRN-003_float|SCRN-004_price_range|ENTR-002_fcnh|ENTR-003_dollar_levels|ENTR-004_micro_pullback|STOP-003_fifty_pct_daily_stop|PROF-004_size_up_hot|PROF-005_cold_market|MKTCOND-001_cold_hot_framework|MKTCOND-002_leading_gapper|TIMING-001_premarket_watch|TIMING-002_opening_range|TIMING-003_midday_dead|TIMING-005_session_length
ANOTHER Biotech Stock Squeezing on Breaking News!.txt,4778,True,True,0.9765,0.0235,21,SCRN-001_news_catalyst|SCRN-002_relative_volume|SCRN-003_float|SCRN-004_price_range|SCRN-005_daily_chart_room|SCRN-006_reverse_splits|SCRN-007_foreign_stocks|SCRN-008_sector_theme|ENTR-002_fcnh|ENTR-003_dollar_levels|ENTR-005_vwap|ENTR-006_bull_flag|ENTR-009_topping_tails|STOP-006_halt_offering|PROF-003_daily_goals|PROF-004_size_up_hot|MKTCOND-004_overall_market|MKTCOND-005_seasonal|TIMING-002_opening_range|TIMING-003_midday_dead|TIMING-006_power_hour
If only it weren't for 1 nagging little comment....txt,3854,True,True,0.9765,0.0235,17,SCRN-001_news_catalyst|SCRN-006_reverse_splits|SCRN-008_sector_theme|ENTR-003_dollar_levels|ENTR-004_micro_pullback|STOP-003_fifty_pct_daily_stop|STOP-007_position_stop|PROF-002_scale_out|PROF-003_daily_goals|PROF-004_size_up_hot|PROF-005_cold_market|PROF-006_start_small|MKTCOND-001_cold_hot_framework|MKTCOND-005_seasonal|TIMING-001_premarket_watch|TIMING-002_opening_range|TIMING-003_midday_dead
Locking Up Profits Trading a 160% Squeeze.txt,3871,True,True,0.9765,0.0235,15,SCRN-001_news_catalyst|SCRN-002_relative_volume|SCRN-003_float|SCRN-005_daily_chart_room|SCRN-006_reverse_splits|ENTR-002_fcnh|ENTR-003_dollar_levels|ENTR-004_micro_pullback|ENTR-005_vwap|ENTR-009_topping_tails|STOP-003_fifty_pct_daily_stop|TIMING-001_premarket_watch|TIMING-002_opening_range|TIMING-003_midday_dead|TIMING-006_power_hour
Watch List for MONDAY after the +280% China Squeeze on Friday!.txt,6100,True,True,0.9765,0.0235,26,SCRN-001_news_catalyst|SCRN-003_float|SCRN-005_daily_chart_room|SCRN-007_foreign_stocks|SCRN-009_short_interest|SCRN-010_front_back_side|ENTR-001_macd_gate|ENTR-002_fcnh|ENTR-004_micro_pullback|ENTR-005_vwap|ENTR-009_topping_tails|STOP-003_fifty_pct_daily_stop|STOP-005_fifty_pct_retrace|STOP-006_halt_offering|STOP-007_position_stop|PROF-002_scale_out|PROF-003_daily_goals|PROF-004_size_up_hot|PROF-006_start_small|MKTCOND-002_leading_gapper|MKTCOND-005_seasonal|TIMING-001_premarket_watch|TIMING-002_opening_range|TIMING-003_midday_dead|TIMING-005_session_length|TIMING-006_power_hour
[LIVE] $GETY +150% (Getty Images) Day Trading Morning Show with Ross Cameron #stocks #daytrading.txt,4796,True,True,0.9765,0.0235,16,SCRN-001_news_catalyst|SCRN-002_relative_volume|SCRN-003_float|SCRN-004_price_range|SCRN-009_short_interest|ENTR-004_micro_pullback|ENTR-009_topping_tails|STOP-005_fifty_pct_retrace|PROF-001_dont_cap_green|PROF-002_scale_out|PROF-003_daily_goals|MKTCOND-002_leading_gapper|TIMING-001_premarket_watch|TIMING-002_opening_range|TIMING-003_midday_dead|TIMING-006_power_hour
$7K on My 7th Green Day! Ross' Trade Recap.txt,2752,True,True,0.9764,0.0236,12,SCRN-001_news_catalyst|SCRN-003_float|SCRN-005_daily_chart_room|ENTR-002_fcnh|ENTR-003_dollar_levels|ENTR-004_micro_pullback|PROF-001_dont_cap_green|PROF-003_daily_goals|TIMING-001_premarket_watch|TIMING-002_opening_range|TIMING-003_midday_dead|TIMING-005_session_length
$BXRX Leading Gapper +94%.txt,2051,True,True,0.9764,0.0236,10,SCRN-003_float|SCRN-004_price_range|ENTR-002_fcnh|ENTR-003_dollar_levels|ENTR-004_micro_pullback|ENTR-009_topping_tails|PROF-001_dont_cap_green|PROF-005_cold_market|MKTCOND-002_leading_gapper|TIMING-001_premarket_watch
$GNS +70% on the Gap Scanners.txt,1377,False,False,0.9764,0.0236,7,SCRN-001_news_catalyst|SCRN-003_float|SCRN-006_reverse_splits|ENTR-008_double_bottom|STOP-003_fifty_pct_daily_stop|STOP-007_position_stop|MKTCOND-002_leading_gapper
Focusing On Green Days +$5K Ross' Trade Recap.txt,2595,True,True,0.9764,0.0236,12,SCRN-001_news_catalyst|SCRN-003_float|SCRN-004_price_range|SCRN-006_reverse_splits|ENTR-002_fcnh|ENTR-003_dollar_levels|ENTR-004_micro_pullback|PROF-003_daily_goals|MKTCOND-002_leading_gapper|MKTCOND-003_cheap_gappers|TIMING-002_opening_range|TIMING-003_midday_dead
Recap +$18k (NASDAQ SPRT) Recap by Ross Cameron.txt,3380,True,True,0.9764,0.0236,11,SCRN-001_news_catalyst|SCRN-003_float|ENTR-004_micro_pullback|ENTR-006_bull_flag|STOP-003_fifty_pct_daily_stop|STOP-004_thirty_pct_soft_stop|PROF-001_dont_cap_green|PROF-003_daily_goals|MKTCOND-002_leading_gapper|TIMING-001_premarket_watch|TIMING-003_midday_dead
Was this a terrible idea.txt,3114,True,True,0.9764,0.0236,14,SCRN-001_news_catalyst|SCRN-003_float|SCRN-005_daily_chart_room|SCRN-006_reverse_splits|ENTR-001_macd_gate|ENTR-003_dollar_levels|ENTR-009_topping_tails|STOP-003_fifty_pct_daily_stop|PROF-003_daily_goals|MKTCOND-002_leading_gapper|MKTCOND-003_cheap_gappers|TIMING-001_premarket_watch|TIMING-002_opening_range|TIMING-003_midday_dead
$500 in the AM Day Trading Ross' Monday Recap.txt,1920,True,True,0.9763,0.0237,11,SCRN-001_news_catalyst|SCRN-004_price_range|SCRN-006_reverse_splits|ENTR-002_fcnh|ENTR-003_dollar_levels|ENTR-004_micro_pullback|STOP-003_fifty_pct_daily_stop|MKTCOND-002_leading_gapper|TIMING-001_premarket_watch|TIMING-002_opening_range|TIMING-003_midday_dead
$MGAM $FAZE Daily Goal x3.txt,5500,True,True,0.9763,0.0237,19,SCRN-001_news_catalyst|SCRN-004_price_range|SCRN-009_short_interest|SCRN-010_front_back_side|ENTR-001_macd_gate|ENTR-002_fcnh|ENTR-003_dollar_levels|ENTR-004_micro_pullback|ENTR-008_double_bottom|ENTR-009_topping_tails|STOP-001_macd_hands_off|STOP-004_thirty_pct_soft_stop|PROF-001_dont_cap_green|PROF-003_daily_goals|PROF-005_cold_market|MKTCOND-002_leading_gapper|MKTCOND-004_overall_market|TIMING-001_premarket_watch|TIMING-002_opening_range
2 Days in a Row!!.txt,3734,True,True,0.9763,0.0237,19,SCRN-001_news_catalyst|SCRN-003_float|SCRN-004_price_range|SCRN-005_daily_chart_room|SCRN-006_reverse_splits|SCRN-010_front_back_side|ENTR-001_macd_gate|ENTR-003_dollar_levels|ENTR-009_topping_tails|STOP-001_macd_hands_off|STOP-003_fifty_pct_daily_stop|STOP-007_position_stop|PROF-004_size_up_hot|MKTCOND-002_leading_gapper|MKTCOND-003_cheap_gappers|MKTCOND-004_overall_market|TIMING-001_premarket_watch|TIMING-002_opening_range|TIMING-005_session_length
A PICTURE PERFECT TRADE.txt,3748,True,True,0.9763,0.0237,11,SCRN-001_news_catalyst|SCRN-003_float|SCRN-005_daily_chart_room|ENTR-001_macd_gate|ENTR-002_fcnh|ENTR-004_micro_pullback|ENTR-008_double_bottom|ENTR-009_topping_tails|STOP-006_halt_offering|TIMING-003_midday_dead|TIMING-005_session_length
A Surprise 200% Short Squeeze on Chinese Stock HKD.txt,3485,True,True,0.9763,0.0237,13,SCRN-001_news_catalyst|SCRN-003_float|SCRN-007_foreign_stocks|SCRN-009_short_interest|ENTR-005_vwap|STOP-003_fifty_pct_daily_stop|PROF-001_dont_cap_green|PROF-005_cold_market|PROF-006_start_small|MKTCOND-001_cold_hot_framework|MKTCOND-004_overall_market|MKTCOND-005_seasonal|TIMING-004_no_trade_days
Energy Squeeze Day Trading Recap by Ross Cameron.txt,2381,True,True,0.9763,0.0237,10,SCRN-005_daily_chart_room|SCRN-008_sector_theme|ENTR-002_fcnh|ENTR-003_dollar_levels|ENTR-004_micro_pullback|PROF-003_daily_goals|PROF-004_size_up_hot|PROF-005_cold_market|TIMING-001_premarket_watch|TIMING-002_opening_range
Losing -$18k during the Live Day Trading Morning Show with Ross Cameron.txt,3206,True,True,0.9763,0.0237,14,SCRN-003_float|SCRN-004_price_range|SCRN-008_sector_theme|SCRN-009_short_interest|SCRN-010_front_back_side|ENTR-002_fcnh|ENTR-003_dollar_levels|ENTR-004_micro_pullback|ENTR-007_order_spoofing|ENTR-008_double_bottom|ENTR-009_topping_tails|MKTCOND-002_leading_gapper|TIMING-001_premarket_watch|TIMING-002_opening_range
(NASDAQ WORX) +50% Recap by Ross Cameron.txt,1646,True,True,0.9762,0.0238,7,SCRN-003_float|ENTR-002_fcnh|STOP-004_thirty_pct_soft_stop|PROF-003_daily_goals|PROF-005_cold_market|MKTCOND-005_seasonal|TIMING-001_premarket_watch
+$20k on $APOP & $CYTH Recap by Ross Cameron.txt,2663,True,True,0.9762,0.0238,11,SCRN-001_news_catalyst|ENTR-002_fcnh|ENTR-004_micro_pullback|ENTR-009_topping_tails|PROF-003_daily_goals|PROF-004_size_up_hot|MKTCOND-002_leading_gapper|TIMING-001_premarket_watch|TIMING-002_opening_range|TIMING-003_midday_dead|TIMING-006_power_hour
+$34k on (NASDAQ SNOA) Day Trading Recap by Ross Cameron.txt,3123,True,True,0.9762,0.0238,14,SCRN-001_news_catalyst|SCRN-002_relative_volume|SCRN-003_float|SCRN-004_price_range|SCRN-005_daily_chart_room|ENTR-002_fcnh|ENTR-003_dollar_levels|STOP-003_fifty_pct_daily_stop|STOP-006_halt_offering|PROF-003_daily_goals|MKTCOND-002_leading_gapper|TIMING-001_premarket_watch|TIMING-002_opening_range|TIMING-003_midday_dead
+$40k day trading in a 1961 Volkswagen Bus! Recap by Ross Cameron.txt,1831,True,True,0.9762,0.0238,13,SCRN-001_news_catalyst|SCRN-003_float|SCRN-004_price_range|SCRN-009_short_interest|ENTR-003_dollar_levels|ENTR-004_micro_pullback|ENTR-009_topping_tails|STOP-004_thirty_pct_soft_stop|PROF-001_dont_cap_green|MKTCOND-002_leading_gapper|TIMING-001_premarket_watch|TIMING-002_opening_range|TIMING-003_midday_dead
A 90% Dump in 4 hours….txt,5244,True,True,0.9762,0.0238,20,SCRN-001_news_catalyst|SCRN-002_relative_volume|SCRN-003_float|SCRN-004_price_range|SCRN-007_foreign_stocks|SCRN-008_sector_theme|SCRN-009_short_interest|SCRN-010_front_back_side|ENTR-002_fcnh|ENTR-005_vwap|STOP-001_macd_hands_off|STOP-007_position_stop|PROF-001_dont_cap_green|PROF-004_size_up_hot|MKTCOND-002_leading_gapper|MKTCOND-005_seasonal|TIMING-001_premarket_watch|TIMING-002_opening_range|TIMING-003_midday_dead|TIMING-006_power_hour
Day Trading Watch List for MONDAY & Game Plan for APRIL.txt,7359,True,True,0.9762,0.0238,20,SCRN-001_news_catalyst|SCRN-003_float|SCRN-004_price_range|SCRN-006_reverse_splits|SCRN-008_sector_theme|SCRN-009_short_interest|ENTR-002_fcnh|ENTR-003_dollar_levels|ENTR-004_micro_pullback|STOP-003_fifty_pct_daily_stop|STOP-007_position_stop|PROF-003_daily_goals|PROF-004_size_up_hot|PROF-005_cold_market|MKTCOND-002_leading_gapper|MKTCOND-004_overall_market|MKTCOND-005_seasonal|TIMING-001_premarket_watch|TIMING-002_opening_range|TIMING-006_power_hour
GAME PLAN for Monday.txt,7246,True,True,0.9762,0.0238,23,SCRN-001_news_catalyst|SCRN-002_relative_volume|SCRN-003_float|SCRN-004_price_range|SCRN-005_daily_chart_room|SCRN-007_foreign_stocks|SCRN-009_short_interest|ENTR-001_macd_gate|ENTR-002_fcnh|ENTR-003_dollar_levels|ENTR-004_micro_pullback|ENTR-005_vwap|ENTR-009_topping_tails|STOP-003_fifty_pct_daily_stop|STOP-006_halt_offering|STOP-007_position_stop|PROF-001_dont_cap_green|PROF-003_daily_goals|PROF-004_size_up_hot|PROF-005_cold_market|MKTCOND-001_cold_hot_framework|MKTCOND-002_leading_gapper|MKTCOND-004_overall_market
Momentum is BACK with a 215% Short Squeeze!.txt,3701,True,True,0.9762,0.0238,13,SCRN-001_news_catalyst|SCRN-002_relative_volume|SCRN-003_float|SCRN-005_daily_chart_room|SCRN-006_reverse_splits|SCRN-008_sector_theme|ENTR-001_macd_gate|ENTR-002_fcnh|ENTR-003_dollar_levels|ENTR-009_topping_tails|STOP-006_halt_offering|MKTCOND-005_seasonal|TIMING-001_premarket_watch
NVIDIA + Biotech Breaking News Headline Sends Stock +245%.txt,4055,True,True,0.9762,0.0238,21,SCRN-001_news_catalyst|SCRN-002_relative_volume|SCRN-003_float|SCRN-004_price_range|SCRN-005_daily_chart_room|SCRN-006_reverse_splits|SCRN-008_sector_theme|SCRN-009_short_interest|SCRN-010_front_back_side|ENTR-002_fcnh|ENTR-003_dollar_levels|ENTR-004_micro_pullback|ENTR-005_vwap|STOP-006_halt_offering|PROF-003_daily_goals|MKTCOND-001_cold_hot_framework|MKTCOND-004_overall_market|MKTCOND-005_seasonal|TIMING-001_premarket_watch|TIMING-002_opening_range|TIMING-003_midday_dead
The problem with TOO MANY stocks….txt,3166,True,True,0.9762,0.0238,16,SCRN-001_news_catalyst|SCRN-003_float|SCRN-006_reverse_splits|SCRN-007_foreign_stocks|SCRN-008_sector_theme|ENTR-004_micro_pullback|STOP-003_fifty_pct_daily_stop|STOP-004_thirty_pct_soft_stop|PROF-003_daily_goals|MKTCOND-001_cold_hot_framework|MKTCOND-002_leading_gapper|MKTCOND-004_overall_market|TIMING-001_premarket_watch|TIMING-003_midday_dead|TIMING-005_session_length|TIMING-006_power_hour
[LIVE] Live Day Trading Morning Show with Ross Cameron #stocks #daytrading [yd1btlV69uM].txt,1721,True,True,0.9762,0.0238,11,SCRN-001_news_catalyst|SCRN-003_float|SCRN-004_price_range|SCRN-005_daily_chart_room|SCRN-006_reverse_splits|ENTR-009_topping_tails|STOP-006_halt_offering|PROF-005_cold_market|MKTCOND-002_leading_gapper|MKTCOND-004_overall_market|TIMING-002_opening_range
[LIVE] Live Day Trading Morning Show with Ross Cameron [USBVc8yQyaQ].txt,2933,True,True,0.9762,0.0238,15,SCRN-001_news_catalyst|SCRN-003_float|SCRN-006_reverse_splits|ENTR-001_macd_gate|ENTR-002_fcnh|ENTR-003_dollar_levels|ENTR-004_micro_pullback|STOP-007_position_stop|PROF-005_cold_market|MKTCOND-002_leading_gapper|MKTCOND-004_overall_market|TIMING-001_premarket_watch|TIMING-002_opening_range|TIMING-003_midday_dead|TIMING-006_power_hour
+$29k on (NYSE ANVS) Recap by Ross Cameron.txt,2075,True,True,0.9761,0.0239,9,SCRN-001_news_catalyst|SCRN-003_float|SCRN-008_sector_theme|SCRN-009_short_interest|ENTR-002_fcnh|STOP-003_fifty_pct_daily_stop|PROF-001_dont_cap_green|MKTCOND-002_leading_gapper|TIMING-001_premarket_watch
Day Trading Breaking News on a BIOTECH Stock.txt,2848,True,True,0.9761,0.0239,12,SCRN-001_news_catalyst|SCRN-002_relative_volume|SCRN-003_float|SCRN-005_daily_chart_room|SCRN-008_sector_theme|ENTR-003_dollar_levels|ENTR-004_micro_pullback|STOP-007_position_stop|PROF-003_daily_goals|PROF-006_start_small|MKTCOND-002_leading_gapper|TIMING-001_premarket_watch
December Begins with a 600% SHORT SQUEEZE.txt,3621,True,True,0.9761,0.0239,16,SCRN-001_news_catalyst|SCRN-003_float|SCRN-008_sector_theme|ENTR-004_micro_pullback|ENTR-005_vwap|STOP-003_fifty_pct_daily_stop|STOP-004_thirty_pct_soft_stop|STOP-006_halt_offering|STOP-007_position_stop|PROF-001_dont_cap_green|PROF-003_daily_goals|PROF-005_cold_market|MKTCOND-002_leading_gapper|MKTCOND-005_seasonal|TIMING-001_premarket_watch|TIMING-002_opening_range
How This Stock Went Up Over 400% in 1 Day & What It Means FOR YOU.txt,5823,True,True,0.9761,0.0239,18,SCRN-001_news_catalyst|SCRN-002_relative_volume|SCRN-003_float|SCRN-004_price_range|SCRN-005_daily_chart_room|ENTR-002_fcnh|ENTR-003_dollar_levels|STOP-003_fifty_pct_daily_stop|STOP-007_position_stop|PROF-003_daily_goals|PROF-004_size_up_hot|PROF-006_start_small|MKTCOND-001_cold_hot_framework|MKTCOND-002_leading_gapper|MKTCOND-003_cheap_gappers|TIMING-001_premarket_watch|TIMING-002_opening_range|TIMING-005_session_length
I Only Traded 3 Stocks Today!.txt,2523,True,True,0.9761,0.0239,12,SCRN-001_news_catalyst|SCRN-002_relative_volume|SCRN-003_float|SCRN-006_reverse_splits|ENTR-001_macd_gate|ENTR-004_micro_pullback|ENTR-005_vwap|PROF-003_daily_goals|PROF-005_cold_market|TIMING-001_premarket_watch|TIMING-002_opening_range|TIMING-004_no_trade_days
THREE (3) Penny Stocks Up 100%+.txt,4768,True,True,0.9761,0.0239,11,SCRN-001_news_catalyst|SCRN-003_float|SCRN-004_price_range|SCRN-005_daily_chart_room|ENTR-009_topping_tails|STOP-006_halt_offering|MKTCOND-001_cold_hot_framework|MKTCOND-002_leading_gapper|MKTCOND-003_cheap_gappers|TIMING-002_opening_range|TIMING-006_power_hour
[LIVE] $HKD to $966.02 - Day Trading Morning Show #stocks #daytrading.txt,2518,True,True,0.9761,0.0239,12,SCRN-001_news_catalyst|SCRN-004_price_range|SCRN-005_daily_chart_room|SCRN-006_reverse_splits|SCRN-009_short_interest|SCRN-010_front_back_side|ENTR-009_topping_tails|PROF-003_daily_goals|MKTCOND-002_leading_gapper|TIMING-001_premarket_watch|TIMING-003_midday_dead|TIMING-006_power_hour
[LIVE] $MEGL Dead Cat Bounce Pattern Day Trading on the Traveling Trading Station.txt,4382,True,True,0.9761,0.0239,20,SCRN-001_news_catalyst|SCRN-003_float|SCRN-004_price_range|SCRN-005_daily_chart_room|ENTR-001_macd_gate|ENTR-002_fcnh|ENTR-003_dollar_levels|ENTR-004_micro_pullback|ENTR-005_vwap|ENTR-006_bull_flag|ENTR-009_topping_tails|PROF-001_dont_cap_green|PROF-002_scale_out|MKTCOND-002_leading_gapper|MKTCOND-004_overall_market|TIMING-001_premarket_watch|TIMING-002_opening_range|TIMING-003_midday_dead|TIMING-005_session_length|TIMING-006_power_hour
$CYN +15% Day Trading Recap by Ross Cameron.txt,3414,True,True,0.976,0.024,16,SCRN-001_news_catalyst|SCRN-002_relative_volume|SCRN-003_float|SCRN-005_daily_chart_room|ENTR-002_fcnh|ENTR-003_dollar_levels|ENTR-004_micro_pullback|ENTR-006_bull_flag|ENTR-009_topping_tails|STOP-003_fifty_pct_daily_stop|STOP-007_position_stop|PROF-002_scale_out|PROF-005_cold_market|MKTCOND-002_leading_gapper|TIMING-001_premarket_watch|TIMING-004_no_trade_days
100% Accuracy Trading the Leading % Gainers.txt,5876,True,True,0.976,0.024,26,SCRN-001_news_catalyst|SCRN-002_relative_volume|SCRN-003_float|SCRN-004_price_range|SCRN-005_daily_chart_room|SCRN-008_sector_theme|SCRN-009_short_interest|SCRN-010_front_back_side|ENTR-002_fcnh|ENTR-003_dollar_levels|ENTR-005_vwap|ENTR-009_topping_tails|STOP-004_thirty_pct_soft_stop|STOP-007_position_stop|PROF-001_dont_cap_green|PROF-002_scale_out|PROF-006_start_small|MKTCOND-002_leading_gapper|MKTCOND-003_cheap_gappers|MKTCOND-004_overall_market|MKTCOND-005_seasonal|TIMING-001_premarket_watch|TIMING-002_opening_range|TIMING-003_midday_dead|TIMING-005_session_length|TIMING-006_power_hour
Day Trading the AI Momentum #daytrade.txt,1951,True,True,0.976,0.024,8,SCRN-003_float|SCRN-010_front_back_side|ENTR-009_topping_tails|STOP-006_halt_offering|MKTCOND-003_cheap_gappers|TIMING-001_premarket_watch|TIMING-002_opening_range|TIMING-003_midday_dead
The ONE Obvious Stock Today.txt,2741,True,True,0.976,0.024,10,SCRN-001_news_catalyst|SCRN-003_float|SCRN-005_daily_chart_room|SCRN-006_reverse_splits|ENTR-005_vwap|STOP-007_position_stop|PROF-003_daily_goals|MKTCOND-002_leading_gapper|MKTCOND-003_cheap_gappers|TIMING-002_opening_range
[LIVE] Martha's Vineyard Day 2 Day Trading Morning Show with Ross Cameron #stocks #daytrading.txt,2698,True,True,0.976,0.024,12,SCRN-001_news_catalyst|SCRN-003_float|SCRN-005_daily_chart_room|ENTR-002_fcnh|ENTR-004_micro_pullback|ENTR-005_vwap|PROF-001_dont_cap_green|PROF-003_daily_goals|MKTCOND-002_leading_gapper|TIMING-001_premarket_watch|TIMING-002_opening_range|TIMING-005_session_length
Biotech with Breaking News Squeezes +300% in 15minutes! [TljZgneCPV4].txt,4993,True,True,0.9759,0.0241,21,SCRN-001_news_catalyst|SCRN-002_relative_volume|SCRN-003_float|SCRN-007_foreign_stocks|SCRN-008_sector_theme|SCRN-010_front_back_side|ENTR-002_fcnh|ENTR-004_micro_pullback|ENTR-005_vwap|ENTR-008_double_bottom|STOP-001_macd_hands_off|PROF-001_dont_cap_green|PROF-004_size_up_hot|PROF-005_cold_market|PROF-006_start_small|MKTCOND-001_cold_hot_framework|MKTCOND-005_seasonal|TIMING-001_premarket_watch|TIMING-003_midday_dead|TIMING-004_no_trade_days|TIMING-006_power_hour
Biotech with Breaking News Squeezes +300% in 15minutes!.txt,4993,True,True,0.9759,0.0241,21,SCRN-001_news_catalyst|SCRN-002_relative_volume|SCRN-003_float|SCRN-007_foreign_stocks|SCRN-008_sector_theme|SCRN-010_front_back_side|ENTR-002_fcnh|ENTR-004_micro_pullback|ENTR-005_vwap|ENTR-008_double_bottom|STOP-001_macd_hands_off|PROF-001_dont_cap_green|PROF-004_size_up_hot|PROF-005_cold_market|PROF-006_start_small|MKTCOND-001_cold_hot_framework|MKTCOND-005_seasonal|TIMING-001_premarket_watch|TIMING-003_midday_dead|TIMING-004_no_trade_days|TIMING-006_power_hour
INBS +280% Gapper.txt,2506,True,True,0.9759,0.0241,13,SCRN-001_news_catalyst|SCRN-002_relative_volume|SCRN-004_price_range|SCRN-006_reverse_splits|ENTR-002_fcnh|ENTR-003_dollar_levels|ENTR-004_micro_pullback|STOP-003_fifty_pct_daily_stop|MKTCOND-001_cold_hot_framework|MKTCOND-002_leading_gapper|MKTCOND-003_cheap_gappers|MKTCOND-005_seasonal|TIMING-002_opening_range
Level 2 for Day Trading (+$65k in 2hrs After Spotting Hidden Buyers).txt,10579,True,True,0.9759,0.0241,25,SCRN-001_news_catalyst|SCRN-002_relative_volume|SCRN-003_float|SCRN-008_sector_theme|SCRN-009_short_interest|SCRN-010_front_back_side|ENTR-001_macd_gate|ENTR-002_fcnh|ENTR-003_dollar_levels|ENTR-004_micro_pullback|ENTR-005_vwap|ENTR-007_order_spoofing|ENTR-009_topping_tails|STOP-003_fifty_pct_daily_stop|STOP-006_halt_offering|STOP-007_position_stop|PROF-002_scale_out|PROF-004_size_up_hot|PROF-005_cold_market|MKTCOND-001_cold_hot_framework|MKTCOND-002_leading_gapper|MKTCOND-005_seasonal|TIMING-001_premarket_watch|TIMING-004_no_trade_days|TIMING-005_session_length
Red on $MACK and $KALA - LIVE Day Trading Morning Show with Ross Cameron.txt,4268,True,True,0.9759,0.0241,16,SCRN-001_news_catalyst|SCRN-003_float|SCRN-004_price_range|SCRN-005_daily_chart_room|SCRN-006_reverse_splits|SCRN-008_sector_theme|ENTR-004_micro_pullback|ENTR-009_topping_tails|STOP-004_thirty_pct_soft_stop|STOP-006_halt_offering|STOP-007_position_stop|PROF-001_dont_cap_green|MKTCOND-002_leading_gapper|MKTCOND-005_seasonal|TIMING-001_premarket_watch|TIMING-002_opening_range
$SPRO +150%.txt,1386,False,False,0.9758,0.0242,8,SCRN-005_daily_chart_room|ENTR-003_dollar_levels|ENTR-004_micro_pullback|ENTR-008_double_bottom|PROF-003_daily_goals|MKTCOND-002_leading_gapper|TIMING-001_premarket_watch|TIMING-002_opening_range
"+$10,790.64 Trading off the High of Day Momentum Scanner.txt",2388,True,True,0.9758,0.0242,9,SCRN-001_news_catalyst|SCRN-003_float|ENTR-003_dollar_levels|ENTR-004_micro_pullback|ENTR-005_vwap|ENTR-009_topping_tails|STOP-004_thirty_pct_soft_stop|PROF-003_daily_goals|TIMING-002_opening_range
+$10k on (NASDAQ VERU) & (NYSE RHE) Recap by Ross Cameron.txt,1857,True,True,0.9758,0.0242,11,SCRN-001_news_catalyst|SCRN-003_float|SCRN-005_daily_chart_room|ENTR-004_micro_pullback|ENTR-009_topping_tails|STOP-004_thirty_pct_soft_stop|PROF-001_dont_cap_green|TIMING-001_premarket_watch|TIMING-002_opening_range|TIMING-003_midday_dead|TIMING-006_power_hour
+$60k Riding the Momentum on (NASDAQ EFTR) Recap by Ross Cameron.txt,3457,True,True,0.9758,0.0242,14,SCRN-001_news_catalyst|SCRN-007_foreign_stocks|SCRN-009_short_interest|ENTR-002_fcnh|ENTR-003_dollar_levels|ENTR-004_micro_pullback|ENTR-005_vwap|ENTR-009_topping_tails|STOP-003_fifty_pct_daily_stop|STOP-004_thirty_pct_soft_stop|STOP-007_position_stop|PROF-001_dont_cap_green|TIMING-002_opening_range|TIMING-003_midday_dead
Biggest Winner on a Penny Stock +145%.txt,2425,True,True,0.9758,0.0242,15,SCRN-001_news_catalyst|SCRN-004_price_range|SCRN-007_foreign_stocks|SCRN-010_front_back_side|ENTR-002_fcnh|ENTR-005_vwap|ENTR-009_topping_tails|STOP-001_macd_hands_off|STOP-003_fifty_pct_daily_stop|STOP-006_halt_offering|PROF-003_daily_goals|PROF-005_cold_market|PROF-006_start_small|TIMING-001_premarket_watch|TIMING-002_opening_range
+$12k in Trading Profits in LESS than 30min (Most Obvious Trade Today).txt,2401,True,True,0.9757,0.0243,18,SCRN-001_news_catalyst|SCRN-003_float|SCRN-004_price_range|SCRN-005_daily_chart_room|SCRN-006_reverse_splits|ENTR-001_macd_gate|ENTR-002_fcnh|ENTR-004_micro_pullback|ENTR-005_vwap|ENTR-009_topping_tails|STOP-001_macd_hands_off|PROF-003_daily_goals|PROF-005_cold_market|PROF-006_start_small|MKTCOND-001_cold_hot_framework|MKTCOND-005_seasonal|TIMING-001_premarket_watch|TIMING-004_no_trade_days
Big WIn! Ross' Trade Recap.txt,3232,True,True,0.9757,0.0243,14,SCRN-001_news_catalyst|SCRN-002_relative_volume|SCRN-006_reverse_splits|ENTR-002_fcnh|ENTR-003_dollar_levels|ENTR-004_micro_pullback|ENTR-009_topping_tails|STOP-006_halt_offering|PROF-003_daily_goals|MKTCOND-002_leading_gapper|MKTCOND-004_overall_market|TIMING-001_premarket_watch|TIMING-002_opening_range|TIMING-006_power_hour
Day Trading WATCH LIST for Monday! [yc6g95agRZQ].txt,2859,True,True,0.9757,0.0243,12,SCRN-001_news_catalyst|SCRN-003_float|SCRN-004_price_range|SCRN-005_daily_chart_room|SCRN-010_front_back_side|ENTR-002_fcnh|ENTR-006_bull_flag|STOP-006_halt_offering|MKTCOND-002_leading_gapper|MKTCOND-003_cheap_gappers|MKTCOND-004_overall_market|TIMING-006_power_hour
Game Plan for Day Trading this week! [DL6uv_59k8I].txt,7362,True,True,0.9757,0.0243,23,SCRN-001_news_catalyst|SCRN-004_price_range|SCRN-005_daily_chart_room|SCRN-006_reverse_splits|ENTR-003_dollar_levels|ENTR-009_topping_tails|STOP-003_fifty_pct_daily_stop|STOP-005_fifty_pct_retrace|STOP-007_position_stop|PROF-001_dont_cap_green|PROF-002_scale_out|PROF-003_daily_goals|PROF-004_size_up_hot|PROF-005_cold_market|PROF-006_start_small|MKTCOND-001_cold_hot_framework|MKTCOND-002_leading_gapper|MKTCOND-004_overall_market|TIMING-001_premarket_watch|TIMING-002_opening_range|TIMING-003_midday_dead|TIMING-004_no_trade_days|TIMING-006_power_hour
Trash Panda Strikes Again Ross' Trade Recap.txt,3477,True,True,0.9757,0.0243,14,SCRN-001_news_catalyst|SCRN-003_float|SCRN-004_price_range|SCRN-005_daily_chart_room|SCRN-006_reverse_splits|SCRN-009_short_interest|ENTR-003_dollar_levels|ENTR-004_micro_pullback|PROF-001_dont_cap_green|PROF-002_scale_out|MKTCOND-004_overall_market|MKTCOND-005_seasonal|TIMING-002_opening_range|TIMING-003_midday_dead
[LIVE] $JAN +46% Day Trading Morning Show with Ross Cameron #stockmarket #stocks #daytrading.txt,2440,True,True,0.9757,0.0243,14,SCRN-001_news_catalyst|SCRN-003_float|SCRN-010_front_back_side|ENTR-004_micro_pullback|ENTR-009_topping_tails|STOP-001_macd_hands_off|STOP-007_position_stop|PROF-001_dont_cap_green|PROF-002_scale_out|PROF-005_cold_market|MKTCOND-002_leading_gapper|MKTCOND-004_overall_market|MKTCOND-005_seasonal|TIMING-002_opening_range
+$11k on (NASDAQ PRPO) & (NASDAQ TYHT) Recap by Ross Cameron.txt,2118,True,True,0.9756,0.0244,13,SCRN-003_float|SCRN-005_daily_chart_room|ENTR-003_dollar_levels|STOP-003_fifty_pct_daily_stop|STOP-004_thirty_pct_soft_stop|STOP-007_position_stop|PROF-004_size_up_hot|MKTCOND-002_leading_gapper|MKTCOND-005_seasonal|TIMING-001_premarket_watch|TIMING-002_opening_range|TIMING-003_midday_dead|TIMING-006_power_hour
Big Green Day Ross's Trade Recap.txt,4597,True,True,0.9756,0.0244,18,SCRN-001_news_catalyst|SCRN-003_float|SCRN-004_price_range|SCRN-005_daily_chart_room|ENTR-002_fcnh|ENTR-003_dollar_levels|ENTR-004_micro_pullback|STOP-003_fifty_pct_daily_stop|STOP-007_position_stop|PROF-001_dont_cap_green|PROF-002_scale_out|PROF-004_size_up_hot|PROF-005_cold_market|MKTCOND-001_cold_hot_framework|MKTCOND-002_leading_gapper|MKTCOND-005_seasonal|TIMING-002_opening_range|TIMING-003_midday_dead
Chasing the high on $DRUG +40%.txt,2403,True,True,0.9756,0.0244,12,SCRN-004_price_range|SCRN-005_daily_chart_room|ENTR-002_fcnh|ENTR-003_dollar_levels|ENTR-004_micro_pullback|STOP-007_position_stop|PROF-001_dont_cap_green|PROF-003_daily_goals|PROF-005_cold_market|MKTCOND-002_leading_gapper|TIMING-002_opening_range|TIMING-004_no_trade_days
[LIVE] DAY TRADING Morning Show 9 00 - 9 30am ET with Ross Cameron [rse9xVchfJQ].txt,4052,True,True,0.9756,0.0244,13,SCRN-001_news_catalyst|SCRN-003_float|SCRN-004_price_range|STOP-003_fifty_pct_daily_stop|PROF-003_daily_goals|PROF-005_cold_market|MKTCOND-001_cold_hot_framework|MKTCOND-002_leading_gapper|MKTCOND-003_cheap_gappers|MKTCOND-004_overall_market|MKTCOND-005_seasonal|TIMING-002_opening_range|TIMING-004_no_trade_days
"+$68,198.97 Day Trading this week!.txt",9027,True,True,0.9755,0.0245,27,SCRN-001_news_catalyst|SCRN-002_relative_volume|SCRN-003_float|SCRN-004_price_range|SCRN-005_daily_chart_room|SCRN-006_reverse_splits|SCRN-007_foreign_stocks|SCRN-009_short_interest|SCRN-010_front_back_side|ENTR-003_dollar_levels|ENTR-004_micro_pullback|ENTR-007_order_spoofing|ENTR-009_topping_tails|STOP-003_fifty_pct_daily_stop|STOP-006_halt_offering|STOP-007_position_stop|PROF-002_scale_out|PROF-003_daily_goals|PROF-004_size_up_hot|PROF-005_cold_market|PROF-006_start_small|MKTCOND-004_overall_market|MKTCOND-005_seasonal|TIMING-001_premarket_watch|TIMING-002_opening_range|TIMING-003_midday_dead|TIMING-006_power_hour
Day Trading Watch List for MONDAY (Plus a Lesson on Stocks vs Patterns).txt,4687,True,True,0.9755,0.0245,16,SCRN-001_news_catalyst|SCRN-003_float|SCRN-004_price_range|SCRN-005_daily_chart_room|SCRN-006_reverse_splits|SCRN-007_foreign_stocks|SCRN-008_sector_theme|ENTR-003_dollar_levels|ENTR-004_micro_pullback|ENTR-006_bull_flag|STOP-006_halt_offering|PROF-001_dont_cap_green|PROF-002_scale_out|MKTCOND-002_leading_gapper|TIMING-001_premarket_watch|TIMING-006_power_hour
$NBTX chop & $BAOS +44%.txt,2772,True,True,0.9754,0.0246,9,SCRN-003_float|SCRN-004_price_range|SCRN-010_front_back_side|ENTR-003_dollar_levels|ENTR-009_topping_tails|STOP-001_macd_hands_off|MKTCOND-003_cheap_gappers|TIMING-001_premarket_watch|TIMING-002_opening_range
207th Trading Day +$9K! Ross' Trade Recap.txt,4932,True,True,0.9754,0.0246,17,SCRN-001_news_catalyst|SCRN-003_float|SCRN-004_price_range|SCRN-005_daily_chart_room|SCRN-006_reverse_splits|SCRN-009_short_interest|ENTR-002_fcnh|ENTR-003_dollar_levels|ENTR-006_bull_flag|ENTR-008_double_bottom|PROF-002_scale_out|PROF-004_size_up_hot|MKTCOND-002_leading_gapper|MKTCOND-003_cheap_gappers|MKTCOND-005_seasonal|TIMING-001_premarket_watch|TIMING-003_midday_dead
A Green Day and I Needed It! +$3K!.txt,2462,True,True,0.9754,0.0246,12,SCRN-001_news_catalyst|SCRN-003_float|SCRN-004_price_range|SCRN-005_daily_chart_room|SCRN-006_reverse_splits|ENTR-002_fcnh|ENTR-003_dollar_levels|PROF-003_daily_goals|PROF-004_size_up_hot|MKTCOND-002_leading_gapper|TIMING-001_premarket_watch|TIMING-003_midday_dead
Day 55 $UONE Up 90% $153k Ross's Trade Recap.txt,5440,True,True,0.9754,0.0246,17,SCRN-001_news_catalyst|SCRN-002_relative_volume|SCRN-004_price_range|SCRN-010_front_back_side|ENTR-002_fcnh|ENTR-003_dollar_levels|ENTR-004_micro_pullback|STOP-001_macd_hands_off|STOP-006_halt_offering|PROF-002_scale_out|PROF-004_size_up_hot|PROF-005_cold_market|MKTCOND-001_cold_hot_framework|MKTCOND-005_seasonal|TIMING-001_premarket_watch|TIMING-003_midday_dead|TIMING-006_power_hour
$ATXI +40% - LIVE Day Trading Morning Show.txt,2716,True,True,0.9753,0.0247,13,SCRN-001_news_catalyst|SCRN-003_float|SCRN-004_price_range|SCRN-005_daily_chart_room|SCRN-006_reverse_splits|SCRN-007_foreign_stocks|SCRN-009_short_interest|ENTR-003_dollar_levels|ENTR-004_micro_pullback|PROF-003_daily_goals|MKTCOND-002_leading_gapper|TIMING-002_opening_range|TIMING-006_power_hour
+130% on $BURU.txt,1156,False,False,0.9753,0.0247,6,SCRN-001_news_catalyst|ENTR-004_micro_pullback|PROF-003_daily_goals|PROF-004_size_up_hot|TIMING-002_opening_range|TIMING-003_midday_dead
There was only 1 good trade.txt,2320,True,True,0.9753,0.0247,13,SCRN-001_news_catalyst|SCRN-003_float|SCRN-010_front_back_side|ENTR-002_fcnh|ENTR-004_micro_pullback|STOP-001_macd_hands_off|STOP-003_fifty_pct_daily_stop|STOP-004_thirty_pct_soft_stop|PROF-003_daily_goals|PROF-004_size_up_hot|MKTCOND-001_cold_hot_framework|MKTCOND-002_leading_gapper|TIMING-002_opening_range
Trades between 4am - 8 16am on $OP were cancelled!.txt,1700,True,True,0.9753,0.0247,8,SCRN-001_news_catalyst|SCRN-004_price_range|SCRN-006_reverse_splits|SCRN-009_short_interest|STOP-006_halt_offering|MKTCOND-004_overall_market|MKTCOND-005_seasonal|TIMING-001_premarket_watch
[LIVE] Day Trading Morning Show with Ross Cameron #stocks #daytrading [4PS7nvrTkhU].txt,1810,True,True,0.9753,0.0247,9,SCRN-004_price_range|SCRN-007_foreign_stocks|ENTR-002_fcnh|ENTR-004_micro_pullback|ENTR-005_vwap|ENTR-006_bull_flag|PROF-005_cold_market|MKTCOND-002_leading_gapper|TIMING-002_opening_range
"Day 56 of the $100k Challenge +$4,731.60.txt",2033,True,True,0.9752,0.0248,8,SCRN-010_front_back_side|ENTR-002_fcnh|ENTR-003_dollar_levels|STOP-007_position_stop|MKTCOND-002_leading_gapper|TIMING-001_premarket_watch|TIMING-002_opening_range|TIMING-006_power_hour
First Day Back Ross' Trade Recap.txt,1314,False,False,0.9752,0.0248,9,SCRN-001_news_catalyst|SCRN-003_float|SCRN-006_reverse_splits|ENTR-002_fcnh|ENTR-003_dollar_levels|PROF-004_size_up_hot|MKTCOND-005_seasonal|TIMING-002_opening_range|TIMING-003_midday_dead
Why are Special Purpose Aquisition Companies Moving Up [LTTI4MCJVeQ].txt,3450,True,True,0.9752,0.0248,13,SCRN-001_news_catalyst|SCRN-003_float|SCRN-005_daily_chart_room|SCRN-006_reverse_splits|SCRN-008_sector_theme|SCRN-009_short_interest|ENTR-003_dollar_levels|ENTR-009_topping_tails|STOP-003_fifty_pct_daily_stop|STOP-004_thirty_pct_soft_stop|PROF-001_dont_cap_green|MKTCOND-004_overall_market|TIMING-006_power_hour
Why are Special Purpose Aquisition Companies Moving Up.txt,3450,True,True,0.9752,0.0248,13,SCRN-001_news_catalyst|SCRN-003_float|SCRN-005_daily_chart_room|SCRN-006_reverse_splits|SCRN-008_sector_theme|SCRN-009_short_interest|ENTR-003_dollar_levels|ENTR-009_topping_tails|STOP-003_fifty_pct_daily_stop|STOP-004_thirty_pct_soft_stop|PROF-001_dont_cap_green|MKTCOND-004_overall_market|TIMING-006_power_hour
$7.8k After Digging Out of a Hole Ross's Trade Recap.txt,3210,True,True,0.9751,0.0249,13,SCRN-001_news_catalyst|ENTR-002_fcnh|ENTR-003_dollar_levels|ENTR-004_micro_pullback|ENTR-006_bull_flag|ENTR-009_topping_tails|STOP-003_fifty_pct_daily_stop|PROF-001_dont_cap_green|PROF-003_daily_goals|MKTCOND-002_leading_gapper|MKTCOND-004_overall_market|TIMING-001_premarket_watch|TIMING-002_opening_range
Bad News sends stock up 172% in 3 hours ! ! !.txt,3607,True,True,0.9751,0.0249,14,SCRN-001_news_catalyst|SCRN-002_relative_volume|SCRN-003_float|SCRN-007_foreign_stocks|SCRN-009_short_interest|SCRN-010_front_back_side|ENTR-004_micro_pullback|ENTR-006_bull_flag|ENTR-009_topping_tails|STOP-003_fifty_pct_daily_stop|STOP-006_halt_offering|MKTCOND-003_cheap_gappers|MKTCOND-005_seasonal|TIMING-001_premarket_watch
Day Trading Watch List & Game Plan for the Week Ahead.txt,5165,True,True,0.9751,0.0249,15,SCRN-001_news_catalyst|SCRN-002_relative_volume|SCRN-003_float|SCRN-004_price_range|SCRN-007_foreign_stocks|ENTR-004_micro_pullback|STOP-005_fifty_pct_retrace|PROF-001_dont_cap_green|PROF-003_daily_goals|PROF-004_size_up_hot|MKTCOND-002_leading_gapper|MKTCOND-005_seasonal|TIMING-001_premarket_watch|TIMING-002_opening_range|TIMING-006_power_hour
Day Trading Watch List and Game Plan for Monday!.txt,4912,True,True,0.9751,0.0249,20,SCRN-001_news_catalyst|SCRN-002_relative_volume|SCRN-003_float|SCRN-004_price_range|SCRN-005_daily_chart_room|SCRN-006_reverse_splits|SCRN-007_foreign_stocks|SCRN-008_sector_theme|ENTR-002_fcnh|ENTR-004_micro_pullback|PROF-003_daily_goals|PROF-004_size_up_hot|PROF-005_cold_market|MKTCOND-001_cold_hot_framework|MKTCOND-002_leading_gapper|MKTCOND-004_overall_market|MKTCOND-005_seasonal|TIMING-001_premarket_watch|TIMING-002_opening_range|TIMING-006_power_hour
Day Trading a Biotech Stock.txt,2882,True,True,0.9751,0.0249,11,SCRN-001_news_catalyst|SCRN-003_float|SCRN-005_daily_chart_room|SCRN-008_sector_theme|ENTR-003_dollar_levels|ENTR-004_micro_pullback|PROF-001_dont_cap_green|PROF-003_daily_goals|PROF-004_size_up_hot|MKTCOND-001_cold_hot_framework|MKTCOND-005_seasonal
"The Tradeosaurus Rex Strikes Again +$2,778! Ross' Trade Recap.txt",4207,True,True,0.9751,0.0249,18,SCRN-001_news_catalyst|SCRN-002_relative_volume|SCRN-003_float|SCRN-004_price_range|SCRN-005_daily_chart_room|SCRN-008_sector_theme|ENTR-002_fcnh|ENTR-004_micro_pullback|ENTR-006_bull_flag|ENTR-009_topping_tails|STOP-007_position_stop|PROF-003_daily_goals|PROF-004_size_up_hot|MKTCOND-002_leading_gapper|MKTCOND-004_overall_market|MKTCOND-005_seasonal|TIMING-002_opening_range|TIMING-003_midday_dead
$VERU +250%! Day Trading Recap by Ross Cameron.txt,4196,True,True,0.975,0.025,12,SCRN-001_news_catalyst|SCRN-003_float|SCRN-005_daily_chart_room|ENTR-002_fcnh|ENTR-003_dollar_levels|ENTR-004_micro_pullback|ENTR-007_order_spoofing|ENTR-009_topping_tails|STOP-003_fifty_pct_daily_stop|STOP-007_position_stop|MKTCOND-002_leading_gapper|TIMING-002_opening_range
+$85K - 2nd Best Month of My Career! Ross' Trade Recap.txt,4370,True,True,0.975,0.025,13,SCRN-001_news_catalyst|SCRN-003_float|SCRN-004_price_range|SCRN-005_daily_chart_room|SCRN-006_reverse_splits|ENTR-002_fcnh|ENTR-003_dollar_levels|ENTR-004_micro_pullback|ENTR-009_topping_tails|PROF-003_daily_goals|PROF-005_cold_market|MKTCOND-003_cheap_gappers|TIMING-001_premarket_watch
+416% Penny Stock Short Squeeze.txt,3422,True,True,0.975,0.025,15,SCRN-001_news_catalyst|SCRN-003_float|SCRN-008_sector_theme|ENTR-003_dollar_levels|ENTR-004_micro_pullback|ENTR-005_vwap|STOP-006_halt_offering|PROF-001_dont_cap_green|PROF-003_daily_goals|PROF-004_size_up_hot|PROF-005_cold_market|MKTCOND-001_cold_hot_framework|MKTCOND-003_cheap_gappers|TIMING-001_premarket_watch|TIMING-006_power_hour
300% Biotech Short Squeeze on Breaking News!.txt,3263,True,True,0.975,0.025,14,SCRN-001_news_catalyst|SCRN-007_foreign_stocks|SCRN-008_sector_theme|ENTR-004_micro_pullback|ENTR-005_vwap|ENTR-006_bull_flag|ENTR-009_topping_tails|STOP-003_fifty_pct_daily_stop|PROF-002_scale_out|PROF-004_size_up_hot|PROF-006_start_small|MKTCOND-005_seasonal|TIMING-001_premarket_watch|TIMING-002_opening_range
DAY 1 of Day Trading with a $500 account Small Account Challenge Ep 7.txt,3512,True,True,0.975,0.025,14,SCRN-003_float|SCRN-004_price_range|SCRN-005_daily_chart_room|ENTR-002_fcnh|ENTR-003_dollar_levels|ENTR-008_double_bottom|STOP-001_macd_hands_off|STOP-003_fifty_pct_daily_stop|STOP-007_position_stop|PROF-002_scale_out|PROF-005_cold_market|MKTCOND-003_cheap_gappers|MKTCOND-005_seasonal|TIMING-001_premarket_watch
"Get In and Get Out +$1,700! Ross' Trade Recap.txt",3201,True,True,0.975,0.025,17,SCRN-002_relative_volume|SCRN-003_float|SCRN-004_price_range|SCRN-009_short_interest|SCRN-010_front_back_side|ENTR-002_fcnh|ENTR-003_dollar_levels|ENTR-004_micro_pullback|ENTR-006_bull_flag|STOP-003_fifty_pct_daily_stop|STOP-006_halt_offering|PROF-002_scale_out|PROF-005_cold_market|MKTCOND-001_cold_hot_framework|MKTCOND-002_leading_gapper|TIMING-001_premarket_watch|TIMING-006_power_hour
Somebody was ready to sell....txt,4391,True,True,0.975,0.025,21,SCRN-001_news_catalyst|SCRN-003_float|SCRN-004_price_range|SCRN-005_daily_chart_room|SCRN-009_short_interest|SCRN-010_front_back_side|ENTR-002_fcnh|ENTR-004_micro_pullback|ENTR-005_vwap|ENTR-009_topping_tails|STOP-004_thirty_pct_soft_stop|STOP-006_halt_offering|PROF-005_cold_market|PROF-006_start_small|MKTCOND-001_cold_hot_framework|MKTCOND-002_leading_gapper|TIMING-001_premarket_watch|TIMING-002_opening_range|TIMING-003_midday_dead|TIMING-004_no_trade_days|TIMING-006_power_hour
Special Black Friday Sale LIVE Day Trading Morning Show with Ross Cameron.txt,3244,True,True,0.975,0.025,17,SCRN-001_news_catalyst|SCRN-003_float|SCRN-004_price_range|SCRN-005_daily_chart_room|SCRN-006_reverse_splits|ENTR-002_fcnh|ENTR-003_dollar_levels|ENTR-004_micro_pullback|STOP-007_position_stop|PROF-001_dont_cap_green|PROF-003_daily_goals|PROF-006_start_small|MKTCOND-002_leading_gapper|MKTCOND-003_cheap_gappers|MKTCOND-004_overall_market|TIMING-001_premarket_watch|TIMING-002_opening_range
This is extremely frustrating....txt,4989,True,True,0.975,0.025,20,SCRN-001_news_catalyst|SCRN-003_float|SCRN-004_price_range|SCRN-005_daily_chart_room|SCRN-007_foreign_stocks|SCRN-009_short_interest|ENTR-002_fcnh|ENTR-003_dollar_levels|ENTR-004_micro_pullback|ENTR-005_vwap|STOP-003_fifty_pct_daily_stop|STOP-004_thirty_pct_soft_stop|STOP-007_position_stop|PROF-001_dont_cap_green|PROF-004_size_up_hot|PROF-006_start_small|MKTCOND-001_cold_hot_framework|MKTCOND-002_leading_gapper|TIMING-002_opening_range|TIMING-003_midday_dead
Tuesday Watchlist & Opening Range Analysis #daytrading #stockmarket.txt,3072,True,True,0.975,0.025,18,SCRN-001_news_catalyst|SCRN-004_price_range|SCRN-005_daily_chart_room|SCRN-010_front_back_side|ENTR-003_dollar_levels|ENTR-009_topping_tails|STOP-001_macd_hands_off|STOP-003_fifty_pct_daily_stop|STOP-004_thirty_pct_soft_stop|STOP-007_position_stop|PROF-005_cold_market|PROF-006_start_small|MKTCOND-002_leading_gapper|MKTCOND-003_cheap_gappers|MKTCOND-004_overall_market|MKTCOND-005_seasonal|TIMING-002_opening_range|TIMING-004_no_trade_days
[LIVE] $ALVR +42% $SEV Continuation - Live Stock Trading - DAY TRADING with Ross!.txt,3903,True,True,0.975,0.025,11,SCRN-002_relative_volume|SCRN-003_float|SCRN-004_price_range|ENTR-002_fcnh|ENTR-004_micro_pullback|ENTR-009_topping_tails|PROF-002_scale_out|PROF-005_cold_market|MKTCOND-002_leading_gapper|TIMING-001_premarket_watch|TIMING-002_opening_range
i regret this decision...AND i apologize.txt,2327,True,True,0.975,0.025,14,SCRN-003_float|SCRN-004_price_range|SCRN-007_foreign_stocks|ENTR-002_fcnh|ENTR-004_micro_pullback|STOP-007_position_stop|PROF-001_dont_cap_green|PROF-003_daily_goals|PROF-005_cold_market|MKTCOND-001_cold_hot_framework|MKTCOND-003_cheap_gappers|TIMING-002_opening_range|TIMING-003_midday_dead|TIMING-004_no_trade_days
$BCAN +193% Day Trading Morning Show with Ross.txt,6373,True,True,0.9749,0.0251,21,SCRN-001_news_catalyst|SCRN-004_price_range|SCRN-005_daily_chart_room|SCRN-009_short_interest|ENTR-001_macd_gate|ENTR-002_fcnh|ENTR-003_dollar_levels|ENTR-004_micro_pullback|ENTR-005_vwap|ENTR-007_order_spoofing|ENTR-008_double_bottom|ENTR-009_topping_tails|PROF-001_dont_cap_green|PROF-003_daily_goals|PROF-004_size_up_hot|PROF-005_cold_market|MKTCOND-002_leading_gapper|MKTCOND-005_seasonal|TIMING-001_premarket_watch|TIMING-002_opening_range|TIMING-005_session_length
"+$100,176.35 TODAY Using This SIMPLE Day Trading Strategy.txt",11893,True,True,0.9749,0.0251,24,SCRN-001_news_catalyst|SCRN-002_relative_volume|SCRN-003_float|SCRN-004_price_range|SCRN-005_daily_chart_room|SCRN-007_foreign_stocks|SCRN-009_short_interest|ENTR-001_macd_gate|ENTR-002_fcnh|ENTR-003_dollar_levels|ENTR-004_micro_pullback|STOP-003_fifty_pct_daily_stop|STOP-004_thirty_pct_soft_stop|STOP-006_halt_offering|STOP-007_position_stop|PROF-002_scale_out|PROF-003_daily_goals|PROF-004_size_up_hot|MKTCOND-001_cold_hot_framework|MKTCOND-003_cheap_gappers|MKTCOND-004_overall_market|TIMING-001_premarket_watch|TIMING-002_opening_range|TIMING-005_session_length
Game Plan for Day Trading this week!.txt,1971,True,True,0.9749,0.0251,8,SCRN-001_news_catalyst|SCRN-005_daily_chart_room|SCRN-006_reverse_splits|ENTR-002_fcnh|MKTCOND-002_leading_gapper|MKTCOND-004_overall_market|TIMING-001_premarket_watch|TIMING-003_midday_dead
Game Plan for MONDAY Morning & Watch List.txt,6131,True,True,0.9749,0.0251,19,SCRN-001_news_catalyst|SCRN-002_relative_volume|SCRN-003_float|SCRN-005_daily_chart_room|SCRN-006_reverse_splits|SCRN-007_foreign_stocks|SCRN-008_sector_theme|SCRN-009_short_interest|ENTR-002_fcnh|ENTR-003_dollar_levels|ENTR-004_micro_pullback|PROF-003_daily_goals|PROF-005_cold_market|MKTCOND-002_leading_gapper|MKTCOND-004_overall_market|TIMING-001_premarket_watch|TIMING-004_no_trade_days|TIMING-005_session_length|TIMING-006_power_hour
Game plan for the week ahead!.txt,3326,True,True,0.9749,0.0251,15,SCRN-001_news_catalyst|SCRN-004_price_range|SCRN-005_daily_chart_room|SCRN-006_reverse_splits|SCRN-007_foreign_stocks|STOP-006_halt_offering|PROF-004_size_up_hot|PROF-005_cold_market|MKTCOND-001_cold_hot_framework|MKTCOND-002_leading_gapper|MKTCOND-003_cheap_gappers|MKTCOND-005_seasonal|TIMING-001_premarket_watch|TIMING-002_opening_range|TIMING-003_midday_dead
"Playing Defense Made Me $25,000 (here’s how).txt",2502,True,True,0.9749,0.0251,15,SCRN-001_news_catalyst|SCRN-003_float|SCRN-005_daily_chart_room|SCRN-006_reverse_splits|ENTR-004_micro_pullback|ENTR-009_topping_tails|STOP-006_halt_offering|PROF-001_dont_cap_green|PROF-003_daily_goals|PROF-004_size_up_hot|PROF-005_cold_market|MKTCOND-001_cold_hot_framework|MKTCOND-002_leading_gapper|MKTCOND-004_overall_market|TIMING-001_premarket_watch
This stock went up over 400% today!.txt,4341,True,True,0.9749,0.0251,17,SCRN-001_news_catalyst|SCRN-003_float|SCRN-004_price_range|SCRN-005_daily_chart_room|SCRN-007_foreign_stocks|ENTR-004_micro_pullback|STOP-003_fifty_pct_daily_stop|STOP-004_thirty_pct_soft_stop|STOP-005_fifty_pct_retrace|PROF-003_daily_goals|PROF-006_start_small|MKTCOND-002_leading_gapper|MKTCOND-003_cheap_gappers|TIMING-001_premarket_watch|TIMING-002_opening_range|TIMING-003_midday_dead|TIMING-006_power_hour
This was today's MOST OBVIOUS trade.txt,5660,True,True,0.9749,0.0251,23,SCRN-001_news_catalyst|SCRN-003_float|SCRN-004_price_range|SCRN-005_daily_chart_room|ENTR-002_fcnh|ENTR-003_dollar_levels|ENTR-004_micro_pullback|ENTR-005_vwap|STOP-003_fifty_pct_daily_stop|STOP-004_thirty_pct_soft_stop|STOP-005_fifty_pct_retrace|STOP-007_position_stop|PROF-001_dont_cap_green|PROF-002_scale_out|PROF-003_daily_goals|PROF-004_size_up_hot|PROF-005_cold_market|PROF-006_start_small|MKTCOND-002_leading_gapper|MKTCOND-004_overall_market|TIMING-002_opening_range|TIMING-004_no_trade_days|TIMING-005_session_length
[LIVE] Live Day Trading Morning Show with Ross Cameron [_xblR7ezIUs].txt,4751,True,True,0.9749,0.0251,18,SCRN-001_news_catalyst|SCRN-004_price_range|SCRN-009_short_interest|ENTR-001_macd_gate|ENTR-002_fcnh|ENTR-003_dollar_levels|ENTR-004_micro_pullback|ENTR-005_vwap|STOP-003_fifty_pct_daily_stop|PROF-001_dont_cap_green|PROF-002_scale_out|PROF-003_daily_goals|PROF-005_cold_market|PROF-006_start_small|MKTCOND-002_leading_gapper|MKTCOND-003_cheap_gappers|MKTCOND-004_overall_market|TIMING-002_opening_range
$IFBD goes up 150% then drops 80%. WHAT in the world !.txt,2722,True,True,0.9748,0.0252,15,SCRN-001_news_catalyst|SCRN-003_float|SCRN-004_price_range|SCRN-005_daily_chart_room|SCRN-006_reverse_splits|SCRN-007_foreign_stocks|ENTR-002_fcnh|ENTR-004_micro_pullback|ENTR-007_order_spoofing|PROF-005_cold_market|MKTCOND-001_cold_hot_framework|MKTCOND-002_leading_gapper|MKTCOND-004_overall_market|TIMING-002_opening_range|TIMING-003_midday_dead
$OLB +40%.txt,2625,True,True,0.9748,0.0252,13,SCRN-001_news_catalyst|ENTR-003_dollar_levels|ENTR-004_micro_pullback|STOP-003_fifty_pct_daily_stop|PROF-001_dont_cap_green|PROF-003_daily_goals|PROF-005_cold_market|MKTCOND-001_cold_hot_framework|MKTCOND-002_leading_gapper|MKTCOND-003_cheap_gappers|MKTCOND-005_seasonal|TIMING-002_opening_range|TIMING-004_no_trade_days
A Self-inflicted Loss -$6k Ross's Trade Recap.txt,3836,True,True,0.9748,0.0252,9,ENTR-002_fcnh|ENTR-003_dollar_levels|STOP-003_fifty_pct_daily_stop|STOP-007_position_stop|PROF-001_dont_cap_green|PROF-002_scale_out|PROF-003_daily_goals|PROF-006_start_small|TIMING-001_premarket_watch
"$FWBI and $SNOA on Gap Scans +$5,654.63.txt",2381,True,True,0.9747,0.0253,10,SCRN-001_news_catalyst|ENTR-003_dollar_levels|ENTR-004_micro_pullback|ENTR-009_topping_tails|STOP-007_position_stop|MKTCOND-002_leading_gapper|MKTCOND-005_seasonal|TIMING-001_premarket_watch|TIMING-002_opening_range|TIMING-003_midday_dead
$PGY +23% during the LIVE Day Trading Morning Show with Ross Cameron.txt,3118,True,True,0.9747,0.0253,13,SCRN-001_news_catalyst|SCRN-003_float|SCRN-004_price_range|SCRN-005_daily_chart_room|SCRN-006_reverse_splits|SCRN-008_sector_theme|SCRN-009_short_interest|ENTR-004_micro_pullback|ENTR-006_bull_flag|ENTR-009_topping_tails|MKTCOND-002_leading_gapper|TIMING-001_premarket_watch|TIMING-002_opening_range
RECAP The Profit vs Loss Mindset for Day Trading.txt,5640,True,True,0.9747,0.0253,22,SCRN-001_news_catalyst|SCRN-002_relative_volume|SCRN-003_float|SCRN-004_price_range|SCRN-006_reverse_splits|SCRN-009_short_interest|ENTR-003_dollar_levels|ENTR-005_vwap|STOP-003_fifty_pct_daily_stop|STOP-006_halt_offering|PROF-001_dont_cap_green|PROF-002_scale_out|PROF-003_daily_goals|MKTCOND-001_cold_hot_framework|MKTCOND-002_leading_gapper|MKTCOND-003_cheap_gappers|MKTCOND-005_seasonal|TIMING-001_premarket_watch|TIMING-002_opening_range|TIMING-004_no_trade_days|TIMING-005_session_length|TIMING-006_power_hour
Red on my first trade!.txt,2012,True,True,0.9747,0.0253,11,SCRN-001_news_catalyst|SCRN-004_price_range|ENTR-008_double_bottom|STOP-003_fifty_pct_daily_stop|PROF-001_dont_cap_green|PROF-003_daily_goals|PROF-004_size_up_hot|PROF-005_cold_market|MKTCOND-002_leading_gapper|TIMING-001_premarket_watch|TIMING-002_opening_range
Ross Hits a Winner during the Live Day Trading Morning Show.txt,7988,True,True,0.9747,0.0253,20,SCRN-001_news_catalyst|SCRN-002_relative_volume|SCRN-004_price_range|SCRN-005_daily_chart_room|SCRN-008_sector_theme|SCRN-009_short_interest|ENTR-002_fcnh|ENTR-003_dollar_levels|ENTR-004_micro_pullback|ENTR-007_order_spoofing|ENTR-009_topping_tails|STOP-003_fifty_pct_daily_stop|STOP-005_fifty_pct_retrace|PROF-001_dont_cap_green|PROF-004_size_up_hot|MKTCOND-002_leading_gapper|TIMING-001_premarket_watch|TIMING-002_opening_range|TIMING-003_midday_dead|TIMING-006_power_hour
These 5 Stocks Went Up +100% in One Morning.txt,2920,True,True,0.9747,0.0253,14,SCRN-001_news_catalyst|SCRN-003_float|SCRN-004_price_range|SCRN-006_reverse_splits|ENTR-005_vwap|ENTR-009_topping_tails|STOP-004_thirty_pct_soft_stop|PROF-001_dont_cap_green|PROF-004_size_up_hot|MKTCOND-001_cold_hot_framework|MKTCOND-003_cheap_gappers|MKTCOND-004_overall_market|TIMING-001_premarket_watch|TIMING-002_opening_range
[LIVE] ($HKD $900.50) ($AMTD $14.00 +510%) DAY DASH LAUNCH #stocks #daytrading.txt,4226,True,True,0.9747,0.0253,21,SCRN-001_news_catalyst|SCRN-003_float|SCRN-004_price_range|SCRN-005_daily_chart_room|SCRN-006_reverse_splits|SCRN-009_short_interest|ENTR-003_dollar_levels|ENTR-004_micro_pullback|ENTR-005_vwap|ENTR-009_topping_tails|STOP-003_fifty_pct_daily_stop|PROF-001_dont_cap_green|PROF-002_scale_out|PROF-003_daily_goals|PROF-005_cold_market|MKTCOND-002_leading_gapper|MKTCOND-004_overall_market|TIMING-001_premarket_watch|TIMING-002_opening_range|TIMING-003_midday_dead|TIMING-006_power_hour
+$13.5k Day Trading $SPRT - Recap by Ross Cameron.txt,1291,False,False,0.9746,0.0254,9,SCRN-004_price_range|ENTR-003_dollar_levels|ENTR-006_bull_flag|ENTR-009_topping_tails|STOP-003_fifty_pct_daily_stop|PROF-003_daily_goals|TIMING-001_premarket_watch|TIMING-002_opening_range|TIMING-003_midday_dead
My Top Watch List of Day Trading Stocks for Monday! #daytrading #stockmarket.txt,6288,True,True,0.9746,0.0254,23,SCRN-001_news_catalyst|SCRN-003_float|SCRN-004_price_range|SCRN-005_daily_chart_room|SCRN-006_reverse_splits|SCRN-010_front_back_side|ENTR-001_macd_gate|ENTR-002_fcnh|ENTR-005_vwap|STOP-001_macd_hands_off|STOP-003_fifty_pct_daily_stop|STOP-005_fifty_pct_retrace|PROF-001_dont_cap_green|PROF-003_daily_goals|PROF-004_size_up_hot|PROF-005_cold_market|MKTCOND-001_cold_hot_framework|MKTCOND-002_leading_gapper|MKTCOND-003_cheap_gappers|MKTCOND-004_overall_market|TIMING-001_premarket_watch|TIMING-003_midday_dead|TIMING-006_power_hour
This is unreal.txt,3952,True,True,0.9746,0.0254,17,SCRN-001_news_catalyst|SCRN-003_float|SCRN-004_price_range|SCRN-006_reverse_splits|SCRN-007_foreign_stocks|ENTR-003_dollar_levels|ENTR-005_vwap|STOP-003_fifty_pct_daily_stop|STOP-006_halt_offering|STOP-007_position_stop|PROF-001_dont_cap_green|PROF-005_cold_market|MKTCOND-001_cold_hot_framework|MKTCOND-002_leading_gapper|TIMING-001_premarket_watch|TIMING-002_opening_range|TIMING-006_power_hour
Trade Recap Red Day Contemplation.txt,3933,True,True,0.9746,0.0254,14,SCRN-001_news_catalyst|SCRN-003_float|SCRN-004_price_range|SCRN-005_daily_chart_room|ENTR-002_fcnh|ENTR-003_dollar_levels|ENTR-004_micro_pullback|STOP-003_fifty_pct_daily_stop|PROF-005_cold_market|MKTCOND-001_cold_hot_framework|MKTCOND-002_leading_gapper|MKTCOND-005_seasonal|TIMING-002_opening_range|TIMING-003_midday_dead
$GNS +142% on Day 9 of Day Trading in St Martin.txt,1931,True,True,0.9745,0.0255,9,SCRN-001_news_catalyst|SCRN-003_float|SCRN-004_price_range|ENTR-004_micro_pullback|MKTCOND-002_leading_gapper|MKTCOND-003_cheap_gappers|TIMING-001_premarket_watch|TIMING-002_opening_range|TIMING-003_midday_dead
+$20k on (NASDAQ $AUVI $APRE $ALF) Recap By Ross Cameron.txt,2687,True,True,0.9745,0.0255,14,SCRN-003_float|SCRN-004_price_range|SCRN-005_daily_chart_room|ENTR-002_fcnh|ENTR-004_micro_pullback|STOP-003_fifty_pct_daily_stop|STOP-004_thirty_pct_soft_stop|PROF-004_size_up_hot|MKTCOND-002_leading_gapper|MKTCOND-003_cheap_gappers|MKTCOND-005_seasonal|TIMING-001_premarket_watch|TIMING-002_opening_range|TIMING-006_power_hour
A 395% Surprise Short Squeeze at 10am ET.txt,2336,True,True,0.9745,0.0255,14,SCRN-001_news_catalyst|SCRN-003_float|SCRN-006_reverse_splits|ENTR-002_fcnh|ENTR-005_vwap|ENTR-009_topping_tails|STOP-003_fifty_pct_daily_stop|STOP-004_thirty_pct_soft_stop|STOP-006_halt_offering|PROF-001_dont_cap_green|PROF-003_daily_goals|PROF-005_cold_market|TIMING-002_opening_range|TIMING-006_power_hour
D is for Defense on Day 3 of Day Trading in Mexico.txt,3537,True,True,0.9745,0.0255,21,SCRN-001_news_catalyst|SCRN-003_float|SCRN-004_price_range|SCRN-005_daily_chart_room|SCRN-008_sector_theme|SCRN-010_front_back_side|ENTR-002_fcnh|ENTR-003_dollar_levels|ENTR-004_micro_pullback|ENTR-009_topping_tails|STOP-001_macd_hands_off|STOP-007_position_stop|PROF-001_dont_cap_green|PROF-004_size_up_hot|PROF-005_cold_market|MKTCOND-001_cold_hot_framework|MKTCOND-003_cheap_gappers|MKTCOND-004_overall_market|TIMING-001_premarket_watch|TIMING-002_opening_range|TIMING-003_midday_dead
The Penny Stock Hot Cycle!.txt,2716,True,True,0.9745,0.0255,16,SCRN-001_news_catalyst|SCRN-002_relative_volume|SCRN-003_float|SCRN-004_price_range|SCRN-005_daily_chart_room|SCRN-007_foreign_stocks|ENTR-002_fcnh|ENTR-004_micro_pullback|ENTR-005_vwap|ENTR-009_topping_tails|STOP-006_halt_offering|PROF-004_size_up_hot|PROF-005_cold_market|MKTCOND-003_cheap_gappers|MKTCOND-004_overall_market|TIMING-001_premarket_watch
The Top Gainer Went Up OVER 100%.txt,1780,True,True,0.9745,0.0255,12,SCRN-003_float|SCRN-004_price_range|SCRN-007_foreign_stocks|SCRN-009_short_interest|SCRN-010_front_back_side|ENTR-004_micro_pullback|PROF-005_cold_market|PROF-006_start_small|MKTCOND-001_cold_hot_framework|MKTCOND-003_cheap_gappers|MKTCOND-005_seasonal|TIMING-003_midday_dead
WATCH LIST for MONDAY & Update on the WEBULL Challenge.txt,2845,True,True,0.9745,0.0255,13,SCRN-001_news_catalyst|SCRN-003_float|SCRN-004_price_range|SCRN-005_daily_chart_room|SCRN-008_sector_theme|PROF-006_start_small|MKTCOND-001_cold_hot_framework|MKTCOND-002_leading_gapper|MKTCOND-003_cheap_gappers|MKTCOND-004_overall_market|MKTCOND-005_seasonal|TIMING-001_premarket_watch|TIMING-006_power_hour
+$10k on (NASDAQ CLOV) -$10k on (NYSE GME) Recap by Ross Cameron.txt,2088,True,True,0.9744,0.0256,10,SCRN-004_price_range|ENTR-002_fcnh|ENTR-003_dollar_levels|ENTR-006_bull_flag|ENTR-009_topping_tails|STOP-007_position_stop|PROF-001_dont_cap_green|PROF-004_size_up_hot|TIMING-002_opening_range|TIMING-005_session_length
100% Accuracy on Breaking News Trades!.txt,3375,True,True,0.9744,0.0256,15,SCRN-001_news_catalyst|SCRN-003_float|SCRN-004_price_range|SCRN-005_daily_chart_room|ENTR-001_macd_gate|STOP-006_halt_offering|PROF-003_daily_goals|PROF-005_cold_market|MKTCOND-002_leading_gapper|MKTCOND-004_overall_market|TIMING-001_premarket_watch|TIMING-002_opening_range|TIMING-003_midday_dead|TIMING-004_no_trade_days|TIMING-006_power_hour
18th Green Day +$5k Ross's Trade Recap.txt,4683,True,True,0.9744,0.0256,16,SCRN-001_news_catalyst|SCRN-003_float|SCRN-004_price_range|ENTR-002_fcnh|ENTR-003_dollar_levels|ENTR-004_micro_pullback|ENTR-006_bull_flag|ENTR-009_topping_tails|STOP-004_thirty_pct_soft_stop|PROF-004_size_up_hot|PROF-005_cold_market|MKTCOND-002_leading_gapper|MKTCOND-003_cheap_gappers|TIMING-001_premarket_watch|TIMING-002_opening_range|TIMING-003_midday_dead
Breaking News with Starlink Sends Stock Up 100%.txt,3999,True,True,0.9744,0.0256,20,SCRN-001_news_catalyst|SCRN-002_relative_volume|SCRN-003_float|SCRN-004_price_range|SCRN-005_daily_chart_room|SCRN-008_sector_theme|SCRN-010_front_back_side|ENTR-001_macd_gate|ENTR-003_dollar_levels|ENTR-004_micro_pullback|ENTR-009_topping_tails|STOP-003_fifty_pct_daily_stop|PROF-003_daily_goals|PROF-005_cold_market|PROF-006_start_small|MKTCOND-001_cold_hot_framework|MKTCOND-002_leading_gapper|TIMING-001_premarket_watch|TIMING-003_midday_dead|TIMING-004_no_trade_days
LIVE Day Trading Morning Show [cZUOv7-oA8o].txt,12372,True,True,0.9744,0.0256,24,SCRN-001_news_catalyst|SCRN-003_float|SCRN-004_price_range|SCRN-005_daily_chart_room|SCRN-009_short_interest|ENTR-002_fcnh|ENTR-003_dollar_levels|ENTR-004_micro_pullback|ENTR-006_bull_flag|ENTR-007_order_spoofing|ENTR-009_topping_tails|STOP-003_fifty_pct_daily_stop|STOP-004_thirty_pct_soft_stop|PROF-002_scale_out|PROF-003_daily_goals|PROF-004_size_up_hot|PROF-005_cold_market|MKTCOND-002_leading_gapper|MKTCOND-004_overall_market|MKTCOND-005_seasonal|TIMING-001_premarket_watch|TIMING-002_opening_range|TIMING-003_midday_dead|TIMING-005_session_length
LIVE Day Trading Morning Show with Ross Cameron [0FFEoo9foDo].txt,1546,True,True,0.9744,0.0256,9,SCRN-001_news_catalyst|SCRN-003_float|SCRN-006_reverse_splits|ENTR-001_macd_gate|ENTR-004_micro_pullback|ENTR-009_topping_tails|MKTCOND-002_leading_gapper|MKTCOND-005_seasonal|TIMING-002_opening_range
Stuck in two HALTS DOWN Live Day Trading Morning Show with Ross Cameron.txt,5875,True,True,0.9744,0.0256,17,SCRN-001_news_catalyst|SCRN-003_float|SCRN-004_price_range|SCRN-005_daily_chart_room|SCRN-009_short_interest|ENTR-002_fcnh|ENTR-003_dollar_levels|ENTR-004_micro_pullback|ENTR-006_bull_flag|STOP-005_fifty_pct_retrace|PROF-001_dont_cap_green|PROF-005_cold_market|MKTCOND-001_cold_hot_framework|MKTCOND-002_leading_gapper|TIMING-001_premarket_watch|TIMING-002_opening_range|TIMING-006_power_hour
The Pre-Market Break of VWAP Setup.txt,7423,True,True,0.9744,0.0256,23,SCRN-001_news_catalyst|SCRN-003_float|SCRN-005_daily_chart_room|SCRN-007_foreign_stocks|SCRN-009_short_interest|SCRN-010_front_back_side|ENTR-002_fcnh|ENTR-003_dollar_levels|ENTR-004_micro_pullback|ENTR-005_vwap|ENTR-009_topping_tails|STOP-003_fifty_pct_daily_stop|STOP-005_fifty_pct_retrace|STOP-007_position_stop|PROF-001_dont_cap_green|PROF-002_scale_out|PROF-005_cold_market|MKTCOND-005_seasonal|TIMING-001_premarket_watch|TIMING-002_opening_range|TIMING-003_midday_dead|TIMING-004_no_trade_days|TIMING-006_power_hour
128% Squeeze on Breaking News in 2 Hours.txt,5387,True,True,0.9743,0.0257,17,SCRN-001_news_catalyst|SCRN-002_relative_volume|SCRN-003_float|SCRN-005_daily_chart_room|SCRN-006_reverse_splits|SCRN-008_sector_theme|SCRN-010_front_back_side|ENTR-001_macd_gate|ENTR-003_dollar_levels|ENTR-004_micro_pullback|ENTR-005_vwap|ENTR-009_topping_tails|PROF-004_size_up_hot|MKTCOND-005_seasonal|TIMING-001_premarket_watch|TIMING-002_opening_range|TIMING-006_power_hour
Feeling FOMO on $MBOT +$783! Ross' Trade Recap.txt,3317,True,True,0.9743,0.0257,14,SCRN-001_news_catalyst|SCRN-003_float|SCRN-005_daily_chart_room|ENTR-002_fcnh|ENTR-003_dollar_levels|ENTR-004_micro_pullback|STOP-003_fifty_pct_daily_stop|STOP-004_thirty_pct_soft_stop|PROF-001_dont_cap_green|PROF-003_daily_goals|MKTCOND-002_leading_gapper|MKTCOND-005_seasonal|TIMING-001_premarket_watch|TIMING-003_midday_dead
Green Day by the SF Bay Ross' Trade Recap.txt,2149,True,True,0.9743,0.0257,12,SCRN-001_news_catalyst|SCRN-003_float|SCRN-004_price_range|SCRN-006_reverse_splits|SCRN-010_front_back_side|ENTR-003_dollar_levels|STOP-001_macd_hands_off|STOP-003_fifty_pct_daily_stop|PROF-003_daily_goals|MKTCOND-002_leading_gapper|MKTCOND-005_seasonal|TIMING-003_midday_dead
Max Loss 4th Day in a Row.txt,2585,True,True,0.9743,0.0257,12,SCRN-004_price_range|ENTR-002_fcnh|STOP-003_fifty_pct_daily_stop|STOP-007_position_stop|PROF-001_dont_cap_green|PROF-003_daily_goals|PROF-005_cold_market|MKTCOND-002_leading_gapper|MKTCOND-003_cheap_gappers|MKTCOND-005_seasonal|TIMING-002_opening_range|TIMING-004_no_trade_days
Oil Continues to Climb Higher....txt,3457,True,True,0.9743,0.0257,17,SCRN-001_news_catalyst|SCRN-003_float|SCRN-004_price_range|SCRN-007_foreign_stocks|SCRN-008_sector_theme|STOP-003_fifty_pct_daily_stop|STOP-005_fifty_pct_retrace|STOP-007_position_stop|PROF-001_dont_cap_green|PROF-002_scale_out|PROF-003_daily_goals|PROF-004_size_up_hot|PROF-005_cold_market|PROF-006_start_small|MKTCOND-001_cold_hot_framework|TIMING-001_premarket_watch|TIMING-002_opening_range
Trading through choppy markets -4.7k on Day 24 of 2018.txt,3386,True,True,0.9743,0.0257,9,ENTR-002_fcnh|STOP-003_fifty_pct_daily_stop|PROF-002_scale_out|PROF-004_size_up_hot|PROF-005_cold_market|MKTCOND-002_leading_gapper|MKTCOND-004_overall_market|MKTCOND-005_seasonal|TIMING-003_midday_dead
"$11,734.61 in 2hrs of Day Trading.txt",4020,True,True,0.9742,0.0258,17,SCRN-001_news_catalyst|SCRN-003_float|SCRN-006_reverse_splits|SCRN-007_foreign_stocks|SCRN-009_short_interest|SCRN-010_front_back_side|ENTR-001_macd_gate|ENTR-002_fcnh|ENTR-003_dollar_levels|ENTR-004_micro_pullback|STOP-006_halt_offering|PROF-001_dont_cap_green|PROF-005_cold_market|TIMING-001_premarket_watch|TIMING-003_midday_dead|TIMING-004_no_trade_days|TIMING-006_power_hour
"+$56,789.66 Day Trading the MACD Crossover Setup.txt",12237,True,True,0.9742,0.0258,20,SCRN-001_news_catalyst|SCRN-002_relative_volume|SCRN-003_float|SCRN-004_price_range|SCRN-008_sector_theme|SCRN-009_short_interest|SCRN-010_front_back_side|ENTR-001_macd_gate|ENTR-002_fcnh|ENTR-003_dollar_levels|ENTR-004_micro_pullback|ENTR-005_vwap|ENTR-009_topping_tails|STOP-002_ema_cross|STOP-003_fifty_pct_daily_stop|STOP-006_halt_offering|STOP-007_position_stop|PROF-001_dont_cap_green|PROF-004_size_up_hot|MKTCOND-001_cold_hot_framework
Another Strong Day In The Market +$59k Ross's Trade Recap.txt,4385,True,True,0.9742,0.0258,13,SCRN-003_float|SCRN-005_daily_chart_room|SCRN-009_short_interest|ENTR-002_fcnh|ENTR-003_dollar_levels|ENTR-004_micro_pullback|ENTR-005_vwap|STOP-003_fifty_pct_daily_stop|STOP-007_position_stop|MKTCOND-004_overall_market|TIMING-001_premarket_watch|TIMING-002_opening_range|TIMING-003_midday_dead
Scaling Back A Bit Ross' Trade Recap.txt,2282,True,True,0.9742,0.0258,14,SCRN-001_news_catalyst|SCRN-003_float|SCRN-005_daily_chart_room|ENTR-002_fcnh|ENTR-003_dollar_levels|ENTR-009_topping_tails|STOP-004_thirty_pct_soft_stop|PROF-002_scale_out|PROF-003_daily_goals|PROF-004_size_up_hot|PROF-005_cold_market|MKTCOND-002_leading_gapper|MKTCOND-004_overall_market|TIMING-003_midday_dead
Taking It Easy Today +$110 Ross' Trade Recap.txt,3006,True,True,0.9742,0.0258,15,SCRN-001_news_catalyst|SCRN-003_float|SCRN-004_price_range|SCRN-005_daily_chart_room|SCRN-006_reverse_splits|ENTR-003_dollar_levels|ENTR-009_topping_tails|PROF-001_dont_cap_green|PROF-003_daily_goals|PROF-004_size_up_hot|PROF-006_start_small|MKTCOND-001_cold_hot_framework|MKTCOND-002_leading_gapper|TIMING-002_opening_range|TIMING-003_midday_dead
"Trading the Circle Internet Group IPO for +$38,337.90.txt",2795,True,True,0.9742,0.0258,9,SCRN-001_news_catalyst|SCRN-003_float|SCRN-004_price_range|SCRN-006_reverse_splits|ENTR-003_dollar_levels|STOP-004_thirty_pct_soft_stop|PROF-001_dont_cap_green|MKTCOND-004_overall_market|TIMING-003_midday_dead
+$33k on (NASDAQ PMCB & VRPX) Day Trading Recap by Ross Cameron.txt,3080,True,True,0.9741,0.0259,12,SCRN-004_price_range|ENTR-002_fcnh|ENTR-003_dollar_levels|ENTR-004_micro_pullback|ENTR-009_topping_tails|STOP-005_fifty_pct_retrace|PROF-001_dont_cap_green|PROF-002_scale_out|PROF-003_daily_goals|TIMING-001_premarket_watch|TIMING-002_opening_range|TIMING-006_power_hour
[LIVE] DAY TRADING Morning Show 9 00 - 9 30am ET with Ross Cameron [O7LDTshfwwI].txt,2140,True,True,0.9741,0.0259,10,SCRN-001_news_catalyst|SCRN-003_float|SCRN-004_price_range|SCRN-005_daily_chart_room|SCRN-006_reverse_splits|SCRN-010_front_back_side|STOP-001_macd_hands_off|STOP-004_thirty_pct_soft_stop|MKTCOND-004_overall_market|TIMING-001_premarket_watch
+$4.8k on a 100% Short Squeeze Ross's Trade Recap.txt,4231,True,True,0.974,0.026,14,SCRN-003_float|SCRN-004_price_range|SCRN-005_daily_chart_room|ENTR-002_fcnh|ENTR-003_dollar_levels|ENTR-004_micro_pullback|STOP-003_fifty_pct_daily_stop|STOP-004_thirty_pct_soft_stop|STOP-007_position_stop|PROF-004_size_up_hot|MKTCOND-001_cold_hot_framework|MKTCOND-002_leading_gapper|TIMING-002_opening_range|TIMING-003_midday_dead
+450% in 1 day - Day Trading $PHVS.txt,2978,True,True,0.974,0.026,20,SCRN-003_float|SCRN-004_price_range|SCRN-005_daily_chart_room|SCRN-009_short_interest|ENTR-001_macd_gate|ENTR-002_fcnh|ENTR-004_micro_pullback|ENTR-008_double_bottom|ENTR-009_topping_tails|STOP-003_fifty_pct_daily_stop|STOP-006_halt_offering|STOP-007_position_stop|PROF-003_daily_goals|PROF-005_cold_market|MKTCOND-002_leading_gapper|TIMING-001_premarket_watch|TIMING-002_opening_range|TIMING-003_midday_dead|TIMING-005_session_length|TIMING-006_power_hour
171% Short Squeeze on an EASY-TO-BORROW Continuation Setup!.txt,2607,True,True,0.974,0.026,13,SCRN-001_news_catalyst|SCRN-003_float|SCRN-005_daily_chart_room|SCRN-009_short_interest|ENTR-001_macd_gate|ENTR-003_dollar_levels|ENTR-007_order_spoofing|ENTR-009_topping_tails|STOP-005_fifty_pct_retrace|PROF-003_daily_goals|PROF-004_size_up_hot|PROF-005_cold_market|TIMING-002_opening_range
Day Trading Morning Show with Ross Cameron [wMIDHVVsOJI].txt,2913,True,True,0.974,0.026,12,SCRN-001_news_catalyst|SCRN-003_float|SCRN-004_price_range|SCRN-005_daily_chart_room|SCRN-006_reverse_splits|SCRN-007_foreign_stocks|SCRN-009_short_interest|PROF-001_dont_cap_green|PROF-005_cold_market|MKTCOND-001_cold_hot_framework|MKTCOND-002_leading_gapper|MKTCOND-005_seasonal
I didn't like the MOST OBVIOUS stock today.txt,3678,True,True,0.974,0.026,15,SCRN-001_news_catalyst|SCRN-003_float|SCRN-005_daily_chart_room|SCRN-006_reverse_splits|ENTR-005_vwap|ENTR-007_order_spoofing|ENTR-008_double_bottom|PROF-003_daily_goals|PROF-004_size_up_hot|PROF-006_start_small|MKTCOND-001_cold_hot_framework|MKTCOND-002_leading_gapper|MKTCOND-003_cheap_gappers|TIMING-001_premarket_watch|TIMING-002_opening_range
Trading Breaking News Was HARD Until I Learned This....txt,12680,True,True,0.974,0.026,21,SCRN-001_news_catalyst|SCRN-002_relative_volume|SCRN-003_float|SCRN-004_price_range|SCRN-008_sector_theme|SCRN-009_short_interest|ENTR-004_micro_pullback|ENTR-005_vwap|ENTR-009_topping_tails|STOP-003_fifty_pct_daily_stop|STOP-004_thirty_pct_soft_stop|STOP-006_halt_offering|PROF-004_size_up_hot|PROF-005_cold_market|MKTCOND-001_cold_hot_framework|MKTCOND-005_seasonal|TIMING-001_premarket_watch|TIMING-002_opening_range|TIMING-003_midday_dead|TIMING-005_session_length|TIMING-006_power_hour
[LIVE] DAY TRADING Morning Show 9 00 - 9 30am ET with Ross Cameron [wSzBO_fJNmw].txt,1835,True,True,0.974,0.026,15,SCRN-001_news_catalyst|SCRN-002_relative_volume|SCRN-003_float|SCRN-004_price_range|ENTR-004_micro_pullback|STOP-003_fifty_pct_daily_stop|PROF-001_dont_cap_green|PROF-004_size_up_hot|PROF-005_cold_market|MKTCOND-002_leading_gapper|TIMING-001_premarket_watch|TIMING-002_opening_range|TIMING-004_no_trade_days|TIMING-005_session_length|TIMING-006_power_hour
[LIVE] Day Trading Morning Show with Ross Cameron #stocks #daytrading [PnPTBd-WP5A].txt,2794,True,True,0.974,0.026,13,SCRN-001_news_catalyst|SCRN-003_float|SCRN-004_price_range|ENTR-002_fcnh|ENTR-003_dollar_levels|ENTR-004_micro_pullback|ENTR-006_bull_flag|MKTCOND-002_leading_gapper|MKTCOND-003_cheap_gappers|TIMING-001_premarket_watch|TIMING-002_opening_range|TIMING-003_midday_dead|TIMING-005_session_length
A 50% Squeeze on a Six Figure Contract Headline!.txt,2157,True,True,0.9739,0.0261,19,SCRN-001_news_catalyst|SCRN-003_float|SCRN-004_price_range|SCRN-005_daily_chart_room|SCRN-006_reverse_splits|SCRN-007_foreign_stocks|SCRN-010_front_back_side|ENTR-001_macd_gate|ENTR-005_vwap|ENTR-008_double_bottom|ENTR-009_topping_tails|STOP-004_thirty_pct_soft_stop|STOP-007_position_stop|PROF-005_cold_market|MKTCOND-002_leading_gapper|MKTCOND-003_cheap_gappers|MKTCOND-004_overall_market|TIMING-002_opening_range|TIMING-004_no_trade_days
Day Trading Morning Show with Ross Cameron [ftk2HH7k_Qk].txt,2634,True,True,0.9739,0.0261,11,SCRN-001_news_catalyst|SCRN-002_relative_volume|SCRN-005_daily_chart_room|SCRN-006_reverse_splits|SCRN-009_short_interest|PROF-005_cold_market|PROF-006_start_small|MKTCOND-001_cold_hot_framework|MKTCOND-002_leading_gapper|MKTCOND-004_overall_market|TIMING-004_no_trade_days
I Did NOT Expect This....txt,5230,True,True,0.9739,0.0261,17,SCRN-001_news_catalyst|SCRN-003_float|SCRN-005_daily_chart_room|SCRN-006_reverse_splits|ENTR-001_macd_gate|ENTR-003_dollar_levels|ENTR-004_micro_pullback|ENTR-005_vwap|ENTR-009_topping_tails|STOP-003_fifty_pct_daily_stop|PROF-003_daily_goals|PROF-004_size_up_hot|PROF-005_cold_market|MKTCOND-001_cold_hot_framework|MKTCOND-005_seasonal|TIMING-001_premarket_watch|TIMING-002_opening_range
U.S. Government Defense Contractor News Sends Stock +115% in 3hrs.txt,3745,True,True,0.9739,0.0261,15,SCRN-001_news_catalyst|SCRN-003_float|SCRN-005_daily_chart_room|ENTR-001_macd_gate|ENTR-003_dollar_levels|ENTR-004_micro_pullback|ENTR-005_vwap|ENTR-007_order_spoofing|ENTR-008_double_bottom|STOP-003_fifty_pct_daily_stop|PROF-003_daily_goals|PROF-004_size_up_hot|PROF-006_start_small|MKTCOND-002_leading_gapper|TIMING-001_premarket_watch
[LIVE] DAY TRADING Morning Show 9 00 - 9 30am ET with Ross Cameron [WQDlS1nMulU].txt,2735,True,True,0.9739,0.0261,13,SCRN-001_news_catalyst|SCRN-003_float|SCRN-004_price_range|ENTR-001_macd_gate|ENTR-004_micro_pullback|ENTR-009_topping_tails|STOP-007_position_stop|PROF-004_size_up_hot|PROF-005_cold_market|MKTCOND-002_leading_gapper|MKTCOND-004_overall_market|TIMING-001_premarket_watch|TIMING-002_opening_range
[LIVE] the LAKE PLACID Day Trading Morning Show with Ross Cameron #stocks #daytrading.txt,3331,True,True,0.9739,0.0261,13,SCRN-001_news_catalyst|SCRN-003_float|SCRN-004_price_range|SCRN-006_reverse_splits|SCRN-009_short_interest|ENTR-004_micro_pullback|ENTR-005_vwap|PROF-001_dont_cap_green|PROF-003_daily_goals|MKTCOND-002_leading_gapper|MKTCOND-004_overall_market|TIMING-001_premarket_watch|TIMING-002_opening_range
Big Wins Baby Ross' Recap.txt,5599,True,True,0.9738,0.0262,14,SCRN-001_news_catalyst|SCRN-003_float|SCRN-004_price_range|SCRN-005_daily_chart_room|SCRN-006_reverse_splits|ENTR-003_dollar_levels|ENTR-004_micro_pullback|STOP-003_fifty_pct_daily_stop|STOP-004_thirty_pct_soft_stop|PROF-002_scale_out|PROF-005_cold_market|MKTCOND-002_leading_gapper|TIMING-001_premarket_watch|TIMING-003_midday_dead
DAY 3 of LIVE Day Trading in Puerto Rico.txt,4286,True,True,0.9738,0.0262,15,SCRN-002_relative_volume|SCRN-003_float|SCRN-004_price_range|SCRN-005_daily_chart_room|ENTR-001_macd_gate|ENTR-002_fcnh|ENTR-003_dollar_levels|ENTR-004_micro_pullback|PROF-002_scale_out|PROF-003_daily_goals|PROF-004_size_up_hot|MKTCOND-002_leading_gapper|MKTCOND-004_overall_market|TIMING-001_premarket_watch|TIMING-002_opening_range
"Day Trade Recap He Who End Day Green, End Day Happy!.txt",2218,True,True,0.9738,0.0262,13,SCRN-001_news_catalyst|SCRN-003_float|SCRN-004_price_range|SCRN-005_daily_chart_room|SCRN-010_front_back_side|ENTR-002_fcnh|ENTR-003_dollar_levels|ENTR-004_micro_pullback|ENTR-005_vwap|STOP-003_fifty_pct_daily_stop|TIMING-001_premarket_watch|TIMING-002_opening_range|TIMING-003_midday_dead
Day Trading Morning Show with Ross Cameron [iDwPLEjff0E].txt,2210,True,True,0.9738,0.0262,13,SCRN-001_news_catalyst|SCRN-003_float|ENTR-002_fcnh|ENTR-003_dollar_levels|ENTR-004_micro_pullback|ENTR-005_vwap|PROF-001_dont_cap_green|PROF-002_scale_out|PROF-005_cold_market|PROF-006_start_small|MKTCOND-002_leading_gapper|TIMING-001_premarket_watch|TIMING-002_opening_range
I only need 1 biotech trade each day....txt,3185,True,True,0.9738,0.0262,17,SCRN-001_news_catalyst|SCRN-003_float|SCRN-008_sector_theme|ENTR-002_fcnh|ENTR-004_micro_pullback|ENTR-005_vwap|ENTR-009_topping_tails|STOP-007_position_stop|PROF-003_daily_goals|PROF-004_size_up_hot|PROF-005_cold_market|PROF-006_start_small|MKTCOND-001_cold_hot_framework|MKTCOND-003_cheap_gappers|MKTCOND-005_seasonal|TIMING-001_premarket_watch|TIMING-006_power_hour
MAX LOSS [-GQjrv7RjGQ].txt,4575,True,True,0.9738,0.0262,15,SCRN-001_news_catalyst|SCRN-003_float|SCRN-004_price_range|SCRN-008_sector_theme|ENTR-002_fcnh|STOP-003_fifty_pct_daily_stop|STOP-006_halt_offering|STOP-007_position_stop|PROF-004_size_up_hot|PROF-005_cold_market|MKTCOND-001_cold_hot_framework|MKTCOND-002_leading_gapper|MKTCOND-005_seasonal|TIMING-001_premarket_watch|TIMING-006_power_hour
SpaceX News Sends This Stock Up 140% on 73 MILLION Shares of Volume!.txt,1796,True,True,0.9738,0.0262,13,SCRN-001_news_catalyst|SCRN-003_float|SCRN-005_daily_chart_room|SCRN-006_reverse_splits|ENTR-001_macd_gate|ENTR-003_dollar_levels|ENTR-004_micro_pullback|ENTR-005_vwap|PROF-001_dont_cap_green|PROF-003_daily_goals|PROF-005_cold_market|TIMING-001_premarket_watch|TIMING-006_power_hour
Trading the Break of VWAP Setup.txt,4447,True,True,0.9738,0.0262,20,SCRN-001_news_catalyst|SCRN-002_relative_volume|SCRN-003_float|SCRN-005_daily_chart_room|SCRN-006_reverse_splits|SCRN-010_front_back_side|ENTR-001_macd_gate|ENTR-003_dollar_levels|ENTR-004_micro_pullback|ENTR-005_vwap|ENTR-008_double_bottom|STOP-001_macd_hands_off|STOP-003_fifty_pct_daily_stop|PROF-001_dont_cap_green|PROF-004_size_up_hot|PROF-005_cold_market|PROF-006_start_small|MKTCOND-002_leading_gapper|TIMING-002_opening_range|TIMING-006_power_hour
[LIVE] DAY TRADING Morning Show 9 00 - 9 30am ET with Ross Cameron [WvpCMTjAe1c].txt,1922,True,True,0.9738,0.0262,13,SCRN-001_news_catalyst|SCRN-005_daily_chart_room|SCRN-006_reverse_splits|SCRN-010_front_back_side|ENTR-002_fcnh|STOP-004_thirty_pct_soft_stop|PROF-005_cold_market|MKTCOND-001_cold_hot_framework|MKTCOND-002_leading_gapper|MKTCOND-004_overall_market|TIMING-001_premarket_watch|TIMING-002_opening_range|TIMING-004_no_trade_days
+196% in 30 Minutes.txt,2395,True,True,0.9737,0.0263,13,SCRN-001_news_catalyst|SCRN-003_float|ENTR-001_macd_gate|ENTR-002_fcnh|ENTR-003_dollar_levels|ENTR-004_micro_pullback|ENTR-005_vwap|ENTR-009_topping_tails|STOP-003_fifty_pct_daily_stop|STOP-007_position_stop|PROF-006_start_small|TIMING-001_premarket_watch|TIMING-002_opening_range
"A Lesson on Short Selling +$31,076.62 in 2hrs.txt",4193,True,True,0.9737,0.0263,15,SCRN-001_news_catalyst|SCRN-003_float|SCRN-005_daily_chart_room|SCRN-006_reverse_splits|SCRN-007_foreign_stocks|SCRN-009_short_interest|ENTR-002_fcnh|ENTR-005_vwap|STOP-004_thirty_pct_soft_stop|STOP-006_halt_offering|PROF-001_dont_cap_green|PROF-004_size_up_hot|TIMING-001_premarket_watch|TIMING-004_no_trade_days|TIMING-006_power_hour
"Day 29 of the $100k Challenge +$8,097.27.txt",4440,True,True,0.9737,0.0263,15,SCRN-001_news_catalyst|SCRN-003_float|SCRN-005_daily_chart_room|SCRN-009_short_interest|ENTR-002_fcnh|ENTR-003_dollar_levels|ENTR-006_bull_flag|STOP-003_fifty_pct_daily_stop|PROF-003_daily_goals|PROF-005_cold_market|MKTCOND-002_leading_gapper|MKTCOND-005_seasonal|TIMING-001_premarket_watch|TIMING-002_opening_range|TIMING-003_midday_dead
I took a ride on the roller coaster today.txt,3232,True,True,0.9737,0.0263,16,SCRN-001_news_catalyst|SCRN-003_float|ENTR-004_micro_pullback|ENTR-007_order_spoofing|ENTR-008_double_bottom|STOP-003_fifty_pct_daily_stop|STOP-004_thirty_pct_soft_stop|STOP-007_position_stop|PROF-001_dont_cap_green|PROF-003_daily_goals|PROF-004_size_up_hot|PROF-005_cold_market|MKTCOND-001_cold_hot_framework|TIMING-001_premarket_watch|TIMING-003_midday_dead|TIMING-004_no_trade_days
LIVE Day Trading Morning Show with Ross Cameron [lT3LODtg5KM].txt,4849,True,True,0.9737,0.0263,19,SCRN-001_news_catalyst|SCRN-003_float|SCRN-004_price_range|SCRN-005_daily_chart_room|SCRN-006_reverse_splits|SCRN-009_short_interest|SCRN-010_front_back_side|ENTR-003_dollar_levels|ENTR-004_micro_pullback|ENTR-007_order_spoofing|ENTR-009_topping_tails|PROF-001_dont_cap_green|PROF-006_start_small|MKTCOND-003_cheap_gappers|MKTCOND-004_overall_market|MKTCOND-005_seasonal|TIMING-001_premarket_watch|TIMING-002_opening_range|TIMING-006_power_hour
Daily Recap - Donating ALL of my Trading Profits from Today! $WAFU $EEIQ $ATNF $CLEU $IKNA.txt,8471,True,True,0.9736,0.0264,15,SCRN-001_news_catalyst|SCRN-003_float|ENTR-002_fcnh|ENTR-003_dollar_levels|ENTR-004_micro_pullback|ENTR-007_order_spoofing|ENTR-009_topping_tails|STOP-003_fifty_pct_daily_stop|STOP-004_thirty_pct_soft_stop|STOP-007_position_stop|PROF-001_dont_cap_green|PROF-004_size_up_hot|PROF-005_cold_market|TIMING-002_opening_range|TIMING-003_midday_dead
The ONLY Obvious Stocks Today.txt,3414,True,True,0.9736,0.0264,18,SCRN-001_news_catalyst|SCRN-003_float|SCRN-005_daily_chart_room|SCRN-008_sector_theme|ENTR-004_micro_pullback|ENTR-005_vwap|ENTR-009_topping_tails|PROF-001_dont_cap_green|PROF-003_daily_goals|PROF-005_cold_market|PROF-006_start_small|MKTCOND-001_cold_hot_framework|MKTCOND-002_leading_gapper|MKTCOND-004_overall_market|MKTCOND-005_seasonal|TIMING-001_premarket_watch|TIMING-002_opening_range|TIMING-006_power_hour
[LIVE] DAY TRADING Morning Show 9 00 - 9 30am ET with Ross Cameron [J16RKSIrsX4].txt,3663,True,True,0.9736,0.0264,16,SCRN-001_news_catalyst|SCRN-002_relative_volume|SCRN-003_float|SCRN-004_price_range|SCRN-009_short_interest|ENTR-002_fcnh|ENTR-003_dollar_levels|ENTR-004_micro_pullback|ENTR-009_topping_tails|STOP-003_fifty_pct_daily_stop|STOP-006_halt_offering|STOP-007_position_stop|PROF-001_dont_cap_green|MKTCOND-002_leading_gapper|TIMING-002_opening_range|TIMING-003_midday_dead
+$20k in 1 Hour of Trading! Ross's Trade Recap.txt,2842,True,True,0.9735,0.0265,14,SCRN-001_news_catalyst|SCRN-002_relative_volume|SCRN-003_float|SCRN-004_price_range|SCRN-005_daily_chart_room|SCRN-009_short_interest|ENTR-003_dollar_levels|ENTR-004_micro_pullback|ENTR-009_topping_tails|STOP-006_halt_offering|PROF-004_size_up_hot|MKTCOND-002_leading_gapper|TIMING-002_opening_range|TIMING-003_midday_dead
"3 Days of Rain, 3 Days of Green! Ross' Trade Recap.txt",2850,True,True,0.9735,0.0265,13,SCRN-001_news_catalyst|SCRN-004_price_range|SCRN-005_daily_chart_room|SCRN-008_sector_theme|ENTR-003_dollar_levels|STOP-003_fifty_pct_daily_stop|STOP-004_thirty_pct_soft_stop|MKTCOND-002_leading_gapper|MKTCOND-004_overall_market|MKTCOND-005_seasonal|TIMING-001_premarket_watch|TIMING-002_opening_range|TIMING-003_midday_dead
"How I Made $175,767.72 in 3 Hours of Day Trading (Full Training).txt",13682,True,True,0.9734,0.0266,26,SCRN-001_news_catalyst|SCRN-002_relative_volume|SCRN-003_float|SCRN-004_price_range|SCRN-006_reverse_splits|SCRN-008_sector_theme|SCRN-009_short_interest|ENTR-002_fcnh|ENTR-003_dollar_levels|ENTR-004_micro_pullback|ENTR-008_double_bottom|STOP-003_fifty_pct_daily_stop|STOP-004_thirty_pct_soft_stop|STOP-006_halt_offering|STOP-007_position_stop|PROF-003_daily_goals|PROF-004_size_up_hot|PROF-005_cold_market|PROF-006_start_small|MKTCOND-004_overall_market|TIMING-001_premarket_watch|TIMING-002_opening_range|TIMING-003_midday_dead|TIMING-004_no_trade_days|TIMING-005_session_length|TIMING-006_power_hour
STSS +80% Recent IPO Day Trading Recap by Ross Cameron.txt,3243,True,True,0.9734,0.0266,15,SCRN-001_news_catalyst|SCRN-003_float|SCRN-004_price_range|SCRN-006_reverse_splits|ENTR-002_fcnh|ENTR-004_micro_pullback|ENTR-007_order_spoofing|STOP-003_fifty_pct_daily_stop|STOP-004_thirty_pct_soft_stop|PROF-003_daily_goals|PROF-004_size_up_hot|MKTCOND-002_leading_gapper|TIMING-001_premarket_watch|TIMING-002_opening_range|TIMING-003_midday_dead
WATCH LIST for Monday.txt,8826,True,True,0.9734,0.0266,21,SCRN-001_news_catalyst|SCRN-002_relative_volume|SCRN-003_float|SCRN-004_price_range|SCRN-005_daily_chart_room|SCRN-007_foreign_stocks|SCRN-008_sector_theme|ENTR-002_fcnh|ENTR-009_topping_tails|STOP-004_thirty_pct_soft_stop|STOP-005_fifty_pct_retrace|PROF-002_scale_out|PROF-003_daily_goals|PROF-004_size_up_hot|PROF-005_cold_market|MKTCOND-001_cold_hot_framework|MKTCOND-002_leading_gapper|MKTCOND-005_seasonal|TIMING-001_premarket_watch|TIMING-002_opening_range|TIMING-006_power_hour
We got a 100% Short Squeeze in 60 Minutes.txt,2189,True,True,0.9734,0.0266,12,SCRN-001_news_catalyst|SCRN-005_daily_chart_room|SCRN-006_reverse_splits|ENTR-004_micro_pullback|STOP-004_thirty_pct_soft_stop|PROF-004_size_up_hot|PROF-005_cold_market|MKTCOND-004_overall_market|MKTCOND-005_seasonal|TIMING-002_opening_range|TIMING-003_midday_dead|TIMING-004_no_trade_days
RECAP of the 1st Day of March 2024.txt,3320,True,True,0.9733,0.0267,20,SCRN-001_news_catalyst|SCRN-004_price_range|SCRN-005_daily_chart_room|SCRN-007_foreign_stocks|ENTR-002_fcnh|ENTR-003_dollar_levels|ENTR-004_micro_pullback|ENTR-005_vwap|ENTR-009_topping_tails|PROF-002_scale_out|PROF-003_daily_goals|PROF-004_size_up_hot|PROF-005_cold_market|PROF-006_start_small|MKTCOND-002_leading_gapper|MKTCOND-004_overall_market|TIMING-001_premarket_watch|TIMING-002_opening_range|TIMING-003_midday_dead|TIMING-004_no_trade_days
I Did NOT Expect This Short Squeeze!.txt,2496,True,True,0.9732,0.0268,12,SCRN-001_news_catalyst|SCRN-002_relative_volume|SCRN-005_daily_chart_room|SCRN-006_reverse_splits|ENTR-004_micro_pullback|ENTR-005_vwap|ENTR-009_topping_tails|STOP-003_fifty_pct_daily_stop|STOP-007_position_stop|PROF-003_daily_goals|PROF-005_cold_market|MKTCOND-002_leading_gapper
I fumbled the BEST trade of the day....txt,3555,True,True,0.9732,0.0268,15,SCRN-001_news_catalyst|SCRN-003_float|SCRN-004_price_range|SCRN-010_front_back_side|ENTR-004_micro_pullback|ENTR-005_vwap|STOP-001_macd_hands_off|STOP-006_halt_offering|PROF-003_daily_goals|PROF-004_size_up_hot|PROF-005_cold_market|MKTCOND-005_seasonal|TIMING-001_premarket_watch|TIMING-002_opening_range|TIMING-006_power_hour
"+$20k on (NASDAQ LEDS), (NASDAQ NMRD) & (NYSE RHE).txt",3058,True,True,0.9731,0.0269,14,SCRN-001_news_catalyst|SCRN-003_float|SCRN-009_short_interest|ENTR-003_dollar_levels|ENTR-004_micro_pullback|ENTR-006_bull_flag|ENTR-009_topping_tails|STOP-003_fifty_pct_daily_stop|STOP-007_position_stop|PROF-001_dont_cap_green|PROF-002_scale_out|PROF-003_daily_goals|MKTCOND-002_leading_gapper|TIMING-002_opening_range
Day Trading in MEXICO!.txt,2704,True,True,0.9731,0.0269,15,SCRN-001_news_catalyst|SCRN-003_float|SCRN-004_price_range|SCRN-008_sector_theme|ENTR-003_dollar_levels|ENTR-004_micro_pullback|STOP-006_halt_offering|PROF-003_daily_goals|PROF-005_cold_market|MKTCOND-001_cold_hot_framework|MKTCOND-002_leading_gapper|MKTCOND-004_overall_market|MKTCOND-005_seasonal|TIMING-001_premarket_watch|TIMING-002_opening_range
Driving with Ross! Red Day Recap.txt,2767,True,True,0.9731,0.0269,14,SCRN-001_news_catalyst|SCRN-002_relative_volume|SCRN-003_float|SCRN-004_price_range|STOP-003_fifty_pct_daily_stop|STOP-006_halt_offering|PROF-004_size_up_hot|PROF-005_cold_market|MKTCOND-001_cold_hot_framework|MKTCOND-002_leading_gapper|TIMING-001_premarket_watch|TIMING-002_opening_range|TIMING-004_no_trade_days|TIMING-006_power_hour
LIVE Day Trading Morning Show with Ross Cameron [ahB8zyb77eg].txt,1846,True,True,0.9731,0.0269,9,SCRN-001_news_catalyst|SCRN-002_relative_volume|SCRN-006_reverse_splits|ENTR-009_topping_tails|STOP-007_position_stop|PROF-002_scale_out|TIMING-001_premarket_watch|TIMING-002_opening_range|TIMING-006_power_hour
March Momentum Ross' Trade Recap.txt,2809,True,True,0.9731,0.0269,13,SCRN-001_news_catalyst|SCRN-003_float|SCRN-004_price_range|SCRN-005_daily_chart_room|ENTR-002_fcnh|ENTR-005_vwap|ENTR-006_bull_flag|ENTR-009_topping_tails|STOP-007_position_stop|MKTCOND-002_leading_gapper|TIMING-001_premarket_watch|TIMING-002_opening_range|TIMING-003_midday_dead
The Market is on Fire +$11k Ross's Trade Recap.txt,3391,True,True,0.9731,0.0269,12,SCRN-001_news_catalyst|SCRN-003_float|SCRN-004_price_range|SCRN-005_daily_chart_room|ENTR-002_fcnh|ENTR-003_dollar_levels|ENTR-004_micro_pullback|STOP-007_position_stop|PROF-003_daily_goals|MKTCOND-002_leading_gapper|TIMING-001_premarket_watch|TIMING-003_midday_dead
Why I Avoided A Big Move...RED FLAGS.txt,3840,True,True,0.9731,0.0269,17,SCRN-001_news_catalyst|SCRN-002_relative_volume|SCRN-003_float|SCRN-004_price_range|SCRN-006_reverse_splits|SCRN-009_short_interest|ENTR-005_vwap|ENTR-009_topping_tails|STOP-006_halt_offering|PROF-001_dont_cap_green|PROF-002_scale_out|PROF-005_cold_market|PROF-006_start_small|MKTCOND-005_seasonal|TIMING-001_premarket_watch|TIMING-002_opening_range|TIMING-006_power_hour
[LIVE] Day Trading Morning Show with Ross Cameron #stocks #daytrading.txt,4234,True,True,0.9731,0.0269,16,SCRN-001_news_catalyst|SCRN-003_float|SCRN-010_front_back_side|ENTR-002_fcnh|ENTR-003_dollar_levels|ENTR-004_micro_pullback|ENTR-005_vwap|ENTR-006_bull_flag|ENTR-009_topping_tails|STOP-001_macd_hands_off|PROF-003_daily_goals|PROF-005_cold_market|MKTCOND-002_leading_gapper|TIMING-001_premarket_watch|TIMING-002_opening_range|TIMING-006_power_hour
1 Penny Stock Up Over 250% TODAY.txt,2238,True,True,0.973,0.027,16,SCRN-001_news_catalyst|SCRN-003_float|SCRN-004_price_range|SCRN-005_daily_chart_room|SCRN-006_reverse_splits|SCRN-007_foreign_stocks|SCRN-008_sector_theme|SCRN-010_front_back_side|ENTR-004_micro_pullback|STOP-001_macd_hands_off|MKTCOND-002_leading_gapper|MKTCOND-003_cheap_gappers|MKTCOND-004_overall_market|TIMING-001_premarket_watch|TIMING-002_opening_range|TIMING-006_power_hour
Biggest Green Day of The Week! Ross' Trade Recap.txt,4183,True,True,0.973,0.027,16,SCRN-001_news_catalyst|SCRN-003_float|SCRN-004_price_range|SCRN-005_daily_chart_room|SCRN-006_reverse_splits|SCRN-010_front_back_side|ENTR-002_fcnh|ENTR-004_micro_pullback|STOP-004_thirty_pct_soft_stop|MKTCOND-002_leading_gapper|MKTCOND-003_cheap_gappers|MKTCOND-005_seasonal|TIMING-001_premarket_watch|TIMING-002_opening_range|TIMING-003_midday_dead|TIMING-005_session_length
Breaking News Day Trades.txt,4742,True,True,0.973,0.027,16,SCRN-001_news_catalyst|SCRN-002_relative_volume|SCRN-003_float|SCRN-005_daily_chart_room|SCRN-009_short_interest|ENTR-002_fcnh|ENTR-003_dollar_levels|ENTR-009_topping_tails|STOP-006_halt_offering|STOP-007_position_stop|PROF-003_daily_goals|PROF-006_start_small|MKTCOND-002_leading_gapper|MKTCOND-004_overall_market|TIMING-001_premarket_watch|TIMING-006_power_hour
Day 45 Over $100k in 4 Days of Trading! Ross's Trade Recap.txt,5674,True,True,0.973,0.027,14,SCRN-001_news_catalyst|SCRN-003_float|SCRN-004_price_range|SCRN-009_short_interest|ENTR-003_dollar_levels|ENTR-004_micro_pullback|ENTR-005_vwap|ENTR-008_double_bottom|STOP-006_halt_offering|PROF-003_daily_goals|MKTCOND-004_overall_market|TIMING-001_premarket_watch|TIMING-002_opening_range|TIMING-006_power_hour
Day Trading $PIK up +100% Live Day Trading Morning Show Ross Cameron.txt,5890,True,True,0.973,0.027,16,SCRN-001_news_catalyst|SCRN-003_float|SCRN-004_price_range|SCRN-005_daily_chart_room|SCRN-008_sector_theme|SCRN-009_short_interest|SCRN-010_front_back_side|ENTR-002_fcnh|ENTR-003_dollar_levels|ENTR-004_micro_pullback|ENTR-005_vwap|ENTR-006_bull_flag|ENTR-009_topping_tails|MKTCOND-002_leading_gapper|TIMING-002_opening_range|TIMING-003_midday_dead
Day Trading Watch List for Monday! [2DGfDknxTlg].txt,4382,True,True,0.973,0.027,18,SCRN-001_news_catalyst|SCRN-003_float|SCRN-004_price_range|SCRN-006_reverse_splits|SCRN-007_foreign_stocks|SCRN-009_short_interest|SCRN-010_front_back_side|ENTR-007_order_spoofing|STOP-001_macd_hands_off|STOP-006_halt_offering|PROF-005_cold_market|PROF-006_start_small|MKTCOND-002_leading_gapper|MKTCOND-004_overall_market|MKTCOND-005_seasonal|TIMING-003_midday_dead|TIMING-004_no_trade_days|TIMING-006_power_hour
Day Trading with MACD.txt,5001,True,True,0.973,0.027,15,SCRN-001_news_catalyst|SCRN-004_price_range|SCRN-005_daily_chart_room|SCRN-008_sector_theme|SCRN-010_front_back_side|ENTR-001_macd_gate|ENTR-002_fcnh|ENTR-003_dollar_levels|ENTR-004_micro_pullback|ENTR-005_vwap|STOP-001_macd_hands_off|STOP-004_thirty_pct_soft_stop|PROF-001_dont_cap_green|MKTCOND-002_leading_gapper|TIMING-002_opening_range
"Focusing on Consistency +$1,892 Ross's Trade Recap.txt",2562,True,True,0.973,0.027,13,SCRN-001_news_catalyst|SCRN-003_float|SCRN-004_price_range|SCRN-006_reverse_splits|ENTR-003_dollar_levels|ENTR-009_topping_tails|PROF-002_scale_out|PROF-005_cold_market|MKTCOND-002_leading_gapper|MKTCOND-003_cheap_gappers|MKTCOND-005_seasonal|TIMING-001_premarket_watch|TIMING-002_opening_range
LIVE Day Trading Morning Show with Ross Cameron [lqunX_t_LFE].txt,3297,True,True,0.973,0.027,14,SCRN-001_news_catalyst|SCRN-003_float|SCRN-004_price_range|SCRN-005_daily_chart_room|SCRN-006_reverse_splits|SCRN-008_sector_theme|ENTR-002_fcnh|PROF-001_dont_cap_green|PROF-005_cold_market|MKTCOND-003_cheap_gappers|MKTCOND-004_overall_market|MKTCOND-005_seasonal|TIMING-001_premarket_watch|TIMING-002_opening_range
Monday Day Trading Watch List & Memorial Day Sales Begin TOMORROW!.txt,5650,True,True,0.973,0.027,18,SCRN-001_news_catalyst|SCRN-003_float|SCRN-004_price_range|SCRN-005_daily_chart_room|SCRN-006_reverse_splits|SCRN-007_foreign_stocks|SCRN-008_sector_theme|SCRN-009_short_interest|STOP-004_thirty_pct_soft_stop|STOP-006_halt_offering|MKTCOND-001_cold_hot_framework|MKTCOND-002_leading_gapper|MKTCOND-003_cheap_gappers|MKTCOND-004_overall_market|TIMING-001_premarket_watch|TIMING-002_opening_range|TIMING-003_midday_dead|TIMING-006_power_hour
[LIVE] DAY TRADING Morning Show 9 00 - 9 30am ET with Ross Cameron [WcbuNFsv5Wc].txt,3207,True,True,0.973,0.027,16,SCRN-001_news_catalyst|SCRN-002_relative_volume|SCRN-003_float|SCRN-004_price_range|SCRN-005_daily_chart_room|ENTR-001_macd_gate|ENTR-002_fcnh|ENTR-003_dollar_levels|ENTR-004_micro_pullback|ENTR-009_topping_tails|PROF-001_dont_cap_green|PROF-003_daily_goals|PROF-005_cold_market|MKTCOND-002_leading_gapper|TIMING-001_premarket_watch|TIMING-002_opening_range
A 500% Short Squeeze Just Happened!.txt,3229,True,True,0.9729,0.0271,18,SCRN-001_news_catalyst|SCRN-005_daily_chart_room|SCRN-010_front_back_side|ENTR-001_macd_gate|ENTR-003_dollar_levels|ENTR-009_topping_tails|STOP-003_fifty_pct_daily_stop|STOP-004_thirty_pct_soft_stop|STOP-007_position_stop|PROF-001_dont_cap_green|PROF-003_daily_goals|PROF-004_size_up_hot|PROF-005_cold_market|MKTCOND-002_leading_gapper|MKTCOND-003_cheap_gappers|TIMING-001_premarket_watch|TIMING-002_opening_range|TIMING-005_session_length
"Can't WAIT for Monday after +$235,194.99 in the last 7 Days of Trading.txt",3171,True,True,0.9729,0.0271,14,SCRN-001_news_catalyst|SCRN-002_relative_volume|SCRN-003_float|SCRN-004_price_range|SCRN-005_daily_chart_room|SCRN-007_foreign_stocks|ENTR-001_macd_gate|ENTR-003_dollar_levels|ENTR-005_vwap|STOP-006_halt_offering|MKTCOND-001_cold_hot_framework|MKTCOND-002_leading_gapper|TIMING-001_premarket_watch|TIMING-006_power_hour
DAY TRADING WATCH LIST for MONDAY [eoNq8ypfLL0].txt,3239,True,True,0.9729,0.0271,11,SCRN-001_news_catalyst|SCRN-003_float|SCRN-004_price_range|SCRN-005_daily_chart_room|SCRN-006_reverse_splits|ENTR-009_topping_tails|STOP-005_fifty_pct_retrace|MKTCOND-002_leading_gapper|MKTCOND-004_overall_market|TIMING-001_premarket_watch|TIMING-006_power_hour
Finishing The Italian Trading Challenge +$6K Ross' Trade Recap.txt,2431,True,True,0.9729,0.0271,13,SCRN-009_short_interest|ENTR-002_fcnh|ENTR-003_dollar_levels|STOP-003_fifty_pct_daily_stop|PROF-001_dont_cap_green|PROF-003_daily_goals|PROF-004_size_up_hot|PROF-005_cold_market|MKTCOND-001_cold_hot_framework|MKTCOND-002_leading_gapper|MKTCOND-005_seasonal|TIMING-001_premarket_watch|TIMING-003_midday_dead
Day Trading the #1 Reddit Stock Today!.txt,5992,True,True,0.9728,0.0272,13,SCRN-001_news_catalyst|SCRN-003_float|SCRN-004_price_range|SCRN-005_daily_chart_room|SCRN-006_reverse_splits|SCRN-009_short_interest|ENTR-001_macd_gate|ENTR-002_fcnh|ENTR-009_topping_tails|STOP-006_halt_offering|STOP-007_position_stop|PROF-001_dont_cap_green|TIMING-006_power_hour
DAILY GOAL.txt,3684,True,True,0.9727,0.0273,18,SCRN-001_news_catalyst|SCRN-004_price_range|SCRN-010_front_back_side|ENTR-003_dollar_levels|ENTR-004_micro_pullback|ENTR-005_vwap|ENTR-006_bull_flag|ENTR-009_topping_tails|STOP-003_fifty_pct_daily_stop|STOP-007_position_stop|PROF-003_daily_goals|PROF-004_size_up_hot|MKTCOND-002_leading_gapper|MKTCOND-005_seasonal|TIMING-001_premarket_watch|TIMING-002_opening_range|TIMING-003_midday_dead|TIMING-006_power_hour
Day Trading Initial Public Offerings.txt,2478,True,True,0.9727,0.0273,13,SCRN-001_news_catalyst|SCRN-003_float|SCRN-007_foreign_stocks|SCRN-008_sector_theme|ENTR-004_micro_pullback|ENTR-005_vwap|ENTR-009_topping_tails|STOP-006_halt_offering|PROF-006_start_small|MKTCOND-004_overall_market|TIMING-002_opening_range|TIMING-003_midday_dead|TIMING-006_power_hour
FINAL DAY OF 2023 IS GREEN.txt,7731,True,True,0.9727,0.0273,23,SCRN-001_news_catalyst|SCRN-002_relative_volume|SCRN-003_float|SCRN-004_price_range|SCRN-006_reverse_splits|SCRN-007_foreign_stocks|SCRN-008_sector_theme|SCRN-009_short_interest|ENTR-001_macd_gate|ENTR-002_fcnh|ENTR-003_dollar_levels|ENTR-004_micro_pullback|ENTR-005_vwap|ENTR-009_topping_tails|STOP-007_position_stop|PROF-003_daily_goals|PROF-005_cold_market|MKTCOND-002_leading_gapper|MKTCOND-004_overall_market|MKTCOND-005_seasonal|TIMING-001_premarket_watch|TIMING-002_opening_range|TIMING-006_power_hour
HOLY SHORT SQUEEZE...this stock went up 577% in 90 minutes!.txt,2532,True,True,0.9727,0.0273,12,SCRN-001_news_catalyst|SCRN-003_float|SCRN-005_daily_chart_room|SCRN-006_reverse_splits|SCRN-007_foreign_stocks|SCRN-009_short_interest|SCRN-010_front_back_side|STOP-001_macd_hands_off|STOP-006_halt_offering|PROF-005_cold_market|MKTCOND-001_cold_hot_framework|MKTCOND-005_seasonal
No Trade Monday!.txt,1281,False,False,0.9727,0.0273,7,SCRN-002_relative_volume|SCRN-003_float|PROF-001_dont_cap_green|PROF-005_cold_market|MKTCOND-002_leading_gapper|TIMING-002_opening_range|TIMING-004_no_trade_days
Survive 'till You Thrive!.txt,1842,True,True,0.9727,0.0273,11,SCRN-001_news_catalyst|SCRN-003_float|SCRN-006_reverse_splits|ENTR-005_vwap|PROF-001_dont_cap_green|MKTCOND-001_cold_hot_framework|MKTCOND-002_leading_gapper|TIMING-001_premarket_watch|TIMING-003_midday_dead|TIMING-005_session_length|TIMING-006_power_hour
Why I'm NOT Short Selling....txt,3561,True,True,0.9727,0.0273,15,SCRN-001_news_catalyst|SCRN-003_float|SCRN-004_price_range|SCRN-005_daily_chart_room|SCRN-006_reverse_splits|SCRN-007_foreign_stocks|SCRN-008_sector_theme|ENTR-003_dollar_levels|ENTR-004_micro_pullback|ENTR-009_topping_tails|STOP-005_fifty_pct_retrace|STOP-006_halt_offering|PROF-005_cold_market|MKTCOND-001_cold_hot_framework|TIMING-002_opening_range
[LIVE] from CANADA - The DAY TRADING Morning Show 9 00 - 9 30am ET with Ross Cameron.txt,2206,True,True,0.9727,0.0273,13,SCRN-001_news_catalyst|SCRN-002_relative_volume|SCRN-003_float|SCRN-004_price_range|SCRN-005_daily_chart_room|SCRN-006_reverse_splits|SCRN-009_short_interest|SCRN-010_front_back_side|ENTR-005_vwap|STOP-001_macd_hands_off|STOP-004_thirty_pct_soft_stop|TIMING-002_opening_range|TIMING-006_power_hour
I'm Back! +$5k Ross's Trade Recap.txt,2637,True,True,0.9726,0.0274,12,SCRN-001_news_catalyst|SCRN-003_float|SCRN-005_daily_chart_room|SCRN-006_reverse_splits|SCRN-009_short_interest|ENTR-003_dollar_levels|STOP-003_fifty_pct_daily_stop|STOP-004_thirty_pct_soft_stop|PROF-001_dont_cap_green|MKTCOND-002_leading_gapper|TIMING-001_premarket_watch|TIMING-002_opening_range
Little Wins in $DRCT $IMTE Day Trading Recap by Ross Cameron.txt,2241,True,True,0.9726,0.0274,10,SCRN-002_relative_volume|SCRN-003_float|SCRN-004_price_range|SCRN-005_daily_chart_room|ENTR-002_fcnh|ENTR-009_topping_tails|PROF-005_cold_market|MKTCOND-002_leading_gapper|TIMING-001_premarket_watch|TIMING-002_opening_range
Proven Formula for Finding BEST Stocks to Day Trade (Step-by-Step Guide).txt,11843,True,True,0.9726,0.0274,26,SCRN-001_news_catalyst|SCRN-002_relative_volume|SCRN-003_float|SCRN-004_price_range|SCRN-005_daily_chart_room|SCRN-006_reverse_splits|SCRN-007_foreign_stocks|SCRN-009_short_interest|SCRN-010_front_back_side|ENTR-001_macd_gate|ENTR-002_fcnh|ENTR-004_micro_pullback|ENTR-005_vwap|ENTR-006_bull_flag|STOP-003_fifty_pct_daily_stop|STOP-004_thirty_pct_soft_stop|STOP-006_halt_offering|PROF-002_scale_out|PROF-003_daily_goals|PROF-004_size_up_hot|PROF-005_cold_market|MKTCOND-002_leading_gapper|MKTCOND-003_cheap_gappers|MKTCOND-004_overall_market|TIMING-003_midday_dead|TIMING-004_no_trade_days
WATCH LIST for MONDAY Let's Start March Strong.txt,4956,True,True,0.9726,0.0274,18,SCRN-001_news_catalyst|SCRN-003_float|SCRN-004_price_range|SCRN-005_daily_chart_room|SCRN-006_reverse_splits|SCRN-009_short_interest|STOP-003_fifty_pct_daily_stop|STOP-006_halt_offering|PROF-001_dont_cap_green|PROF-003_daily_goals|PROF-004_size_up_hot|MKTCOND-001_cold_hot_framework|MKTCOND-002_leading_gapper|MKTCOND-004_overall_market|TIMING-001_premarket_watch|TIMING-002_opening_range|TIMING-003_midday_dead|TIMING-006_power_hour
[LIVE] 20 seconds from being in a secondary offering Day Trading with Ross #stocks #daytrading.txt,4070,True,True,0.9726,0.0274,20,SCRN-001_news_catalyst|SCRN-003_float|SCRN-004_price_range|SCRN-005_daily_chart_room|SCRN-006_reverse_splits|SCRN-009_short_interest|ENTR-002_fcnh|ENTR-003_dollar_levels|ENTR-004_micro_pullback|STOP-003_fifty_pct_daily_stop|STOP-006_halt_offering|STOP-007_position_stop|PROF-001_dont_cap_green|PROF-004_size_up_hot|MKTCOND-002_leading_gapper|TIMING-001_premarket_watch|TIMING-002_opening_range|TIMING-003_midday_dead|TIMING-005_session_length|TIMING-006_power_hour
$EVAX +58% LIVE Day Trading Morning Show with Ross.txt,3281,True,True,0.9725,0.0275,19,SCRN-001_news_catalyst|SCRN-003_float|SCRN-005_daily_chart_room|SCRN-006_reverse_splits|SCRN-008_sector_theme|SCRN-010_front_back_side|ENTR-001_macd_gate|ENTR-002_fcnh|ENTR-003_dollar_levels|ENTR-004_micro_pullback|STOP-004_thirty_pct_soft_stop|PROF-001_dont_cap_green|PROF-003_daily_goals|PROF-005_cold_market|MKTCOND-002_leading_gapper|MKTCOND-003_cheap_gappers|TIMING-001_premarket_watch|TIMING-002_opening_range|TIMING-006_power_hour
$SPRB +130% for a Gap and Go day trade.txt,976,False,False,0.9725,0.0275,6,SCRN-001_news_catalyst|ENTR-004_micro_pullback|MKTCOND-002_leading_gapper|TIMING-001_premarket_watch|TIMING-002_opening_range|TIMING-006_power_hour
+$31k on AYRO +150% Ross's Trade Recap.txt,4456,True,True,0.9725,0.0275,23,SCRN-001_news_catalyst|SCRN-002_relative_volume|SCRN-003_float|SCRN-004_price_range|SCRN-005_daily_chart_room|SCRN-009_short_interest|ENTR-002_fcnh|ENTR-003_dollar_levels|ENTR-004_micro_pullback|ENTR-009_topping_tails|STOP-003_fifty_pct_daily_stop|STOP-006_halt_offering|STOP-007_position_stop|PROF-002_scale_out|PROF-003_daily_goals|PROF-004_size_up_hot|MKTCOND-001_cold_hot_framework|MKTCOND-002_leading_gapper|MKTCOND-003_cheap_gappers|MKTCOND-005_seasonal|TIMING-002_opening_range|TIMING-003_midday_dead|TIMING-005_session_length
Black Friday Sale LIVE Day Trading Morning Show with Ross Cameron.txt,3160,True,True,0.9725,0.0275,13,SCRN-001_news_catalyst|SCRN-003_float|SCRN-004_price_range|SCRN-005_daily_chart_room|SCRN-006_reverse_splits|ENTR-003_dollar_levels|ENTR-007_order_spoofing|ENTR-009_topping_tails|PROF-005_cold_market|MKTCOND-002_leading_gapper|MKTCOND-005_seasonal|TIMING-002_opening_range|TIMING-004_no_trade_days
"Great Start, Terrible Finish +$144 Ross' Trade Recap.txt",2990,True,True,0.9725,0.0275,13,SCRN-001_news_catalyst|SCRN-004_price_range|SCRN-005_daily_chart_room|ENTR-002_fcnh|ENTR-003_dollar_levels|STOP-003_fifty_pct_daily_stop|STOP-007_position_stop|PROF-003_daily_goals|MKTCOND-001_cold_hot_framework|MKTCOND-002_leading_gapper|MKTCOND-005_seasonal|TIMING-001_premarket_watch|TIMING-003_midday_dead
LIVE Day Trading Morning Show with Ross Cameron [UOxAKYARKio].txt,6471,True,True,0.9725,0.0275,24,SCRN-001_news_catalyst|SCRN-002_relative_volume|SCRN-003_float|SCRN-004_price_range|SCRN-005_daily_chart_room|SCRN-007_foreign_stocks|SCRN-009_short_interest|SCRN-010_front_back_side|STOP-001_macd_hands_off|STOP-006_halt_offering|PROF-002_scale_out|PROF-003_daily_goals|PROF-004_size_up_hot|PROF-005_cold_market|MKTCOND-002_leading_gapper|MKTCOND-003_cheap_gappers|MKTCOND-004_overall_market|MKTCOND-005_seasonal|TIMING-001_premarket_watch|TIMING-002_opening_range|TIMING-003_midday_dead|TIMING-004_no_trade_days|TIMING-005_session_length|TIMING-006_power_hour
Trading the Leading Percentage Gainers in the Market.txt,2200,True,True,0.9725,0.0275,16,SCRN-003_float|SCRN-005_daily_chart_room|ENTR-003_dollar_levels|ENTR-004_micro_pullback|STOP-001_macd_hands_off|STOP-004_thirty_pct_soft_stop|STOP-007_position_stop|PROF-001_dont_cap_green|PROF-003_daily_goals|PROF-005_cold_market|PROF-006_start_small|MKTCOND-001_cold_hot_framework|TIMING-001_premarket_watch|TIMING-002_opening_range|TIMING-004_no_trade_days|TIMING-006_power_hour
A Fraudulent PR - Stock Halted Pending News & Crashes #daytrading #stocks.txt,2746,True,True,0.9724,0.0276,10,SCRN-001_news_catalyst|SCRN-003_float|ENTR-003_dollar_levels|ENTR-004_micro_pullback|ENTR-005_vwap|PROF-005_cold_market|MKTCOND-004_overall_market|TIMING-001_premarket_watch|TIMING-002_opening_range|TIMING-004_no_trade_days
Continued Momentum +$4.3K! Ross' Trade Recap.txt,4628,True,True,0.9724,0.0276,14,SCRN-001_news_catalyst|SCRN-003_float|SCRN-004_price_range|SCRN-006_reverse_splits|SCRN-008_sector_theme|ENTR-003_dollar_levels|PROF-002_scale_out|MKTCOND-001_cold_hot_framework|MKTCOND-002_leading_gapper|MKTCOND-003_cheap_gappers|MKTCOND-004_overall_market|TIMING-001_premarket_watch|TIMING-002_opening_range|TIMING-003_midday_dead
DAY TRADING IN MEXICO.txt,3726,True,True,0.9724,0.0276,15,SCRN-001_news_catalyst|SCRN-003_float|SCRN-004_price_range|SCRN-008_sector_theme|ENTR-001_macd_gate|ENTR-003_dollar_levels|ENTR-009_topping_tails|STOP-004_thirty_pct_soft_stop|PROF-002_scale_out|PROF-004_size_up_hot|PROF-005_cold_market|MKTCOND-002_leading_gapper|MKTCOND-005_seasonal|TIMING-001_premarket_watch|TIMING-004_no_trade_days
How to BUY THE DIP the RIGHT WAY.txt,12389,True,True,0.9724,0.0276,26,SCRN-001_news_catalyst|SCRN-002_relative_volume|SCRN-003_float|SCRN-005_daily_chart_room|SCRN-008_sector_theme|SCRN-009_short_interest|SCRN-010_front_back_side|ENTR-001_macd_gate|ENTR-002_fcnh|ENTR-003_dollar_levels|ENTR-004_micro_pullback|ENTR-005_vwap|ENTR-009_topping_tails|STOP-001_macd_hands_off|STOP-002_ema_cross|STOP-003_fifty_pct_daily_stop|STOP-005_fifty_pct_retrace|STOP-007_position_stop|PROF-001_dont_cap_green|PROF-002_scale_out|PROF-004_size_up_hot|PROF-006_start_small|MKTCOND-001_cold_hot_framework|MKTCOND-005_seasonal|TIMING-001_premarket_watch|TIMING-006_power_hour
One Trade Day (Holiday Trading Strategy).txt,1925,True,True,0.9724,0.0276,12,SCRN-001_news_catalyst|SCRN-002_relative_volume|SCRN-003_float|SCRN-005_daily_chart_room|SCRN-008_sector_theme|ENTR-003_dollar_levels|PROF-002_scale_out|PROF-003_daily_goals|PROF-005_cold_market|MKTCOND-001_cold_hot_framework|MKTCOND-004_overall_market|TIMING-002_opening_range
"Today's leading gainer is still going higher +1,400% now!.txt",2535,True,True,0.9724,0.0276,17,SCRN-001_news_catalyst|SCRN-002_relative_volume|SCRN-003_float|SCRN-005_daily_chart_room|SCRN-006_reverse_splits|ENTR-002_fcnh|ENTR-004_micro_pullback|ENTR-008_double_bottom|ENTR-009_topping_tails|PROF-001_dont_cap_green|PROF-004_size_up_hot|PROF-005_cold_market|MKTCOND-001_cold_hot_framework|MKTCOND-002_leading_gapper|MKTCOND-004_overall_market|TIMING-001_premarket_watch|TIMING-002_opening_range
Trading Multi-Day Continuation Setups.txt,3173,True,True,0.9724,0.0276,13,SCRN-001_news_catalyst|SCRN-003_float|SCRN-007_foreign_stocks|SCRN-008_sector_theme|SCRN-009_short_interest|ENTR-002_fcnh|ENTR-004_micro_pullback|ENTR-005_vwap|ENTR-009_topping_tails|PROF-003_daily_goals|PROF-004_size_up_hot|MKTCOND-001_cold_hot_framework|TIMING-001_premarket_watch
A Great Way To Start The Month! +$27k Ross's Trade Recap.txt,4504,True,True,0.9723,0.0277,16,SCRN-001_news_catalyst|SCRN-003_float|SCRN-008_sector_theme|ENTR-002_fcnh|ENTR-003_dollar_levels|ENTR-004_micro_pullback|STOP-003_fifty_pct_daily_stop|STOP-007_position_stop|PROF-001_dont_cap_green|PROF-003_daily_goals|MKTCOND-002_leading_gapper|MKTCOND-004_overall_market|TIMING-001_premarket_watch|TIMING-002_opening_range|TIMING-003_midday_dead|TIMING-006_power_hour
Big Wins in Two Days of Trading! Ross' Trade Recap.txt,2360,True,True,0.9723,0.0277,13,SCRN-001_news_catalyst|SCRN-004_price_range|SCRN-005_daily_chart_room|SCRN-007_foreign_stocks|SCRN-010_front_back_side|ENTR-003_dollar_levels|ENTR-009_topping_tails|STOP-004_thirty_pct_soft_stop|MKTCOND-002_leading_gapper|MKTCOND-003_cheap_gappers|TIMING-001_premarket_watch|TIMING-002_opening_range|TIMING-003_midday_dead
Day Trading Energy Stocks & Tech Stocks.txt,2428,True,True,0.9723,0.0277,18,SCRN-001_news_catalyst|SCRN-002_relative_volume|SCRN-003_float|SCRN-004_price_range|SCRN-008_sector_theme|SCRN-010_front_back_side|ENTR-003_dollar_levels|ENTR-005_vwap|STOP-001_macd_hands_off|STOP-003_fifty_pct_daily_stop|STOP-004_thirty_pct_soft_stop|STOP-005_fifty_pct_retrace|STOP-006_halt_offering|STOP-007_position_stop|PROF-003_daily_goals|TIMING-001_premarket_watch|TIMING-002_opening_range|TIMING-006_power_hour
Day Trading Watch List for MONDAY [_ASIY9nmluw].txt,4920,True,True,0.9723,0.0277,16,SCRN-001_news_catalyst|SCRN-002_relative_volume|SCRN-003_float|SCRN-004_price_range|SCRN-005_daily_chart_room|SCRN-006_reverse_splits|SCRN-007_foreign_stocks|PROF-004_size_up_hot|PROF-005_cold_market|PROF-006_start_small|MKTCOND-002_leading_gapper|MKTCOND-003_cheap_gappers|TIMING-001_premarket_watch|TIMING-002_opening_range|TIMING-004_no_trade_days|TIMING-006_power_hour
[LIVE] Day Trading Morning Show $TGL +400% since IPO Yesterday.txt,3535,True,True,0.9723,0.0277,18,SCRN-001_news_catalyst|SCRN-003_float|SCRN-004_price_range|SCRN-006_reverse_splits|SCRN-010_front_back_side|ENTR-001_macd_gate|ENTR-002_fcnh|ENTR-003_dollar_levels|ENTR-004_micro_pullback|ENTR-009_topping_tails|STOP-001_macd_hands_off|STOP-003_fifty_pct_daily_stop|STOP-004_thirty_pct_soft_stop|PROF-003_daily_goals|PROF-005_cold_market|MKTCOND-002_leading_gapper|TIMING-002_opening_range|TIMING-003_midday_dead
A 388% SHORT SQUEEZE!! [K-Nf5ls9edA].txt,6076,True,True,0.9722,0.0278,19,SCRN-001_news_catalyst|SCRN-002_relative_volume|SCRN-003_float|SCRN-004_price_range|SCRN-005_daily_chart_room|SCRN-006_reverse_splits|SCRN-007_foreign_stocks|SCRN-009_short_interest|ENTR-004_micro_pullback|ENTR-005_vwap|STOP-005_fifty_pct_retrace|STOP-006_halt_offering|STOP-007_position_stop|PROF-001_dont_cap_green|PROF-006_start_small|MKTCOND-005_seasonal|TIMING-001_premarket_watch|TIMING-003_midday_dead|TIMING-006_power_hour
A 388% SHORT SQUEEZE!!.txt,6076,True,True,0.9722,0.0278,19,SCRN-001_news_catalyst|SCRN-002_relative_volume|SCRN-003_float|SCRN-004_price_range|SCRN-005_daily_chart_room|SCRN-006_reverse_splits|SCRN-007_foreign_stocks|SCRN-009_short_interest|ENTR-004_micro_pullback|ENTR-005_vwap|STOP-005_fifty_pct_retrace|STOP-006_halt_offering|STOP-007_position_stop|PROF-001_dont_cap_green|PROF-006_start_small|MKTCOND-005_seasonal|TIMING-001_premarket_watch|TIMING-003_midday_dead|TIMING-006_power_hour
Day Trading Watch List & Game Plan for Monday May 5th.txt,4002,True,True,0.9722,0.0278,19,SCRN-001_news_catalyst|SCRN-002_relative_volume|SCRN-003_float|SCRN-004_price_range|SCRN-005_daily_chart_room|SCRN-006_reverse_splits|SCRN-007_foreign_stocks|SCRN-009_short_interest|ENTR-002_fcnh|ENTR-009_topping_tails|STOP-006_halt_offering|PROF-004_size_up_hot|MKTCOND-002_leading_gapper|MKTCOND-004_overall_market|MKTCOND-005_seasonal|TIMING-001_premarket_watch|TIMING-002_opening_range|TIMING-003_midday_dead|TIMING-006_power_hour
GNS +30%.txt,1152,False,False,0.9722,0.0278,9,SCRN-003_float|SCRN-004_price_range|ENTR-003_dollar_levels|ENTR-004_micro_pullback|MKTCOND-002_leading_gapper|TIMING-001_premarket_watch|TIMING-002_opening_range|TIMING-005_session_length|TIMING-006_power_hour
I didn't expect this!.txt,2825,True,True,0.9722,0.0278,12,SCRN-001_news_catalyst|SCRN-002_relative_volume|SCRN-003_float|SCRN-007_foreign_stocks|ENTR-001_macd_gate|ENTR-009_topping_tails|STOP-006_halt_offering|PROF-001_dont_cap_green|PROF-005_cold_market|MKTCOND-002_leading_gapper|TIMING-001_premarket_watch|TIMING-002_opening_range
I wasn't expecting this type of morning!.txt,3757,True,True,0.9722,0.0278,17,SCRN-001_news_catalyst|SCRN-003_float|SCRN-005_daily_chart_room|SCRN-006_reverse_splits|ENTR-003_dollar_levels|ENTR-004_micro_pullback|ENTR-009_topping_tails|STOP-003_fifty_pct_daily_stop|STOP-004_thirty_pct_soft_stop|PROF-004_size_up_hot|PROF-005_cold_market|PROF-006_start_small|MKTCOND-002_leading_gapper|MKTCOND-003_cheap_gappers|TIMING-001_premarket_watch|TIMING-002_opening_range|TIMING-004_no_trade_days
LIVE Day Trading Morning Show with Ross Cameron [-kiecYoXCp0].txt,3436,True,True,0.9722,0.0278,15,SCRN-001_news_catalyst|SCRN-004_price_range|SCRN-007_foreign_stocks|ENTR-001_macd_gate|ENTR-002_fcnh|ENTR-003_dollar_levels|ENTR-004_micro_pullback|STOP-002_ema_cross|STOP-006_halt_offering|PROF-001_dont_cap_green|PROF-003_daily_goals|PROF-004_size_up_hot|MKTCOND-002_leading_gapper|TIMING-001_premarket_watch|TIMING-002_opening_range
LIVE Day Trading Morning Show with Ross Cameron [fw8gzxbhUD4].txt,2518,True,True,0.9722,0.0278,14,SCRN-001_news_catalyst|SCRN-003_float|SCRN-004_price_range|SCRN-005_daily_chart_room|SCRN-007_foreign_stocks|STOP-006_halt_offering|PROF-005_cold_market|PROF-006_start_small|MKTCOND-001_cold_hot_framework|MKTCOND-002_leading_gapper|MKTCOND-004_overall_market|TIMING-001_premarket_watch|TIMING-002_opening_range|TIMING-004_no_trade_days
Ross's Live Day Trading Morning Show [tZH65KeM01o].txt,2854,True,True,0.9722,0.0278,13,SCRN-001_news_catalyst|SCRN-003_float|SCRN-004_price_range|ENTR-002_fcnh|ENTR-004_micro_pullback|ENTR-006_bull_flag|ENTR-009_topping_tails|PROF-001_dont_cap_green|MKTCOND-002_leading_gapper|TIMING-001_premarket_watch|TIMING-002_opening_range|TIMING-003_midday_dead|TIMING-006_power_hour
48th Green Day.txt,2445,True,True,0.9721,0.0279,14,SCRN-001_news_catalyst|SCRN-003_float|SCRN-006_reverse_splits|SCRN-008_sector_theme|SCRN-009_short_interest|ENTR-004_micro_pullback|STOP-003_fifty_pct_daily_stop|PROF-001_dont_cap_green|PROF-003_daily_goals|PROF-005_cold_market|MKTCOND-002_leading_gapper|MKTCOND-003_cheap_gappers|TIMING-001_premarket_watch|TIMING-002_opening_range
Chinese Stocks Are Today's BIGGEST Gainers.txt,4850,True,True,0.9721,0.0279,20,SCRN-001_news_catalyst|SCRN-002_relative_volume|SCRN-003_float|SCRN-006_reverse_splits|SCRN-007_foreign_stocks|SCRN-010_front_back_side|ENTR-001_macd_gate|ENTR-002_fcnh|ENTR-004_micro_pullback|ENTR-006_bull_flag|ENTR-008_double_bottom|STOP-007_position_stop|PROF-003_daily_goals|PROF-005_cold_market|MKTCOND-002_leading_gapper|MKTCOND-005_seasonal|TIMING-001_premarket_watch|TIMING-002_opening_range|TIMING-003_midday_dead|TIMING-006_power_hour
Trading NFT Catalysts +$43k on $TKAT $DLPN $YVR Recap by Ross Cameron.txt,3065,True,True,0.9721,0.0279,14,SCRN-001_news_catalyst|SCRN-002_relative_volume|SCRN-003_float|SCRN-004_price_range|ENTR-002_fcnh|ENTR-003_dollar_levels|ENTR-004_micro_pullback|STOP-003_fifty_pct_daily_stop|STOP-004_thirty_pct_soft_stop|PROF-005_cold_market|MKTCOND-001_cold_hot_framework|MKTCOND-002_leading_gapper|TIMING-001_premarket_watch|TIMING-002_opening_range
[LIVE] DAY TRADING Morning Show 9 00 - 9 30am ET with Ross Cameron [bbHD39QBwyo].txt,1715,True,True,0.9721,0.0279,10,SCRN-001_news_catalyst|SCRN-003_float|SCRN-005_daily_chart_room|ENTR-001_macd_gate|ENTR-002_fcnh|ENTR-004_micro_pullback|ENTR-009_topping_tails|PROF-003_daily_goals|TIMING-001_premarket_watch|TIMING-002_opening_range
[LIVE] Day Trading Morning Show with Ross Cameron #stocks #daytrading [_0V-0b3lB5I].txt,1900,True,True,0.9721,0.0279,12,SCRN-004_price_range|SCRN-005_daily_chart_room|SCRN-008_sector_theme|SCRN-009_short_interest|ENTR-002_fcnh|ENTR-003_dollar_levels|ENTR-004_micro_pullback|PROF-001_dont_cap_green|MKTCOND-001_cold_hot_framework|MKTCOND-002_leading_gapper|TIMING-001_premarket_watch|TIMING-002_opening_range
[LIVE] Green Day Trading on the Traveling Trading Station.txt,10573,True,True,0.9721,0.0279,25,SCRN-001_news_catalyst|SCRN-003_float|SCRN-004_price_range|SCRN-005_daily_chart_room|SCRN-006_reverse_splits|SCRN-008_sector_theme|SCRN-009_short_interest|ENTR-001_macd_gate|ENTR-002_fcnh|ENTR-003_dollar_levels|ENTR-004_micro_pullback|ENTR-007_order_spoofing|ENTR-009_topping_tails|STOP-004_thirty_pct_soft_stop|STOP-005_fifty_pct_retrace|STOP-006_halt_offering|PROF-003_daily_goals|PROF-004_size_up_hot|PROF-005_cold_market|MKTCOND-002_leading_gapper|MKTCOND-003_cheap_gappers|MKTCOND-004_overall_market|MKTCOND-005_seasonal|TIMING-001_premarket_watch|TIMING-002_opening_range
$BNSO +130% and $MEGL +100% to $250.txt,4399,True,True,0.972,0.028,22,SCRN-001_news_catalyst|SCRN-002_relative_volume|SCRN-003_float|SCRN-004_price_range|SCRN-005_daily_chart_room|SCRN-006_reverse_splits|SCRN-009_short_interest|SCRN-010_front_back_side|ENTR-001_macd_gate|ENTR-002_fcnh|ENTR-003_dollar_levels|ENTR-004_micro_pullback|ENTR-009_topping_tails|STOP-001_macd_hands_off|STOP-003_fifty_pct_daily_stop|PROF-001_dont_cap_green|PROF-003_daily_goals|MKTCOND-002_leading_gapper|TIMING-001_premarket_watch|TIMING-002_opening_range|TIMING-003_midday_dead|TIMING-006_power_hour
+$9k Day Trading TODAY.txt,3876,True,True,0.972,0.028,17,SCRN-001_news_catalyst|SCRN-004_price_range|SCRN-005_daily_chart_room|SCRN-007_foreign_stocks|SCRN-009_short_interest|SCRN-010_front_back_side|ENTR-002_fcnh|ENTR-003_dollar_levels|ENTR-004_micro_pullback|ENTR-005_vwap|ENTR-009_topping_tails|STOP-003_fifty_pct_daily_stop|PROF-006_start_small|TIMING-001_premarket_watch|TIMING-002_opening_range|TIMING-003_midday_dead|TIMING-006_power_hour
My Biggest Win of 2025!.txt,6086,True,True,0.972,0.028,18,SCRN-001_news_catalyst|SCRN-003_float|SCRN-004_price_range|SCRN-005_daily_chart_room|SCRN-007_foreign_stocks|ENTR-001_macd_gate|ENTR-002_fcnh|ENTR-004_micro_pullback|STOP-003_fifty_pct_daily_stop|STOP-004_thirty_pct_soft_stop|STOP-006_halt_offering|STOP-007_position_stop|PROF-001_dont_cap_green|PROF-002_scale_out|PROF-004_size_up_hot|TIMING-001_premarket_watch|TIMING-002_opening_range|TIMING-006_power_hour
"+$15,113.96 Day Trading a SPAC and a Recent Reverse Split Setup.txt",2209,True,True,0.9719,0.0281,11,SCRN-001_news_catalyst|SCRN-003_float|SCRN-004_price_range|SCRN-006_reverse_splits|PROF-002_scale_out|PROF-006_start_small|MKTCOND-003_cheap_gappers|MKTCOND-004_overall_market|TIMING-001_premarket_watch|TIMING-002_opening_range|TIMING-006_power_hour
+2.7k Trading Friday Momentum - Recap by Ross Cameron.txt,1100,False,False,0.9719,0.0281,7,SCRN-001_news_catalyst|SCRN-003_float|SCRN-004_price_range|MKTCOND-001_cold_hot_framework|MKTCOND-002_leading_gapper|TIMING-001_premarket_watch|TIMING-003_midday_dead
100% Short Squeeze on BREAKING NEWS at 8 30am ET.txt,5117,True,True,0.9719,0.0281,23,SCRN-001_news_catalyst|SCRN-003_float|SCRN-009_short_interest|SCRN-010_front_back_side|ENTR-001_macd_gate|ENTR-002_fcnh|ENTR-003_dollar_levels|ENTR-004_micro_pullback|ENTR-005_vwap|ENTR-008_double_bottom|ENTR-009_topping_tails|STOP-001_macd_hands_off|STOP-003_fifty_pct_daily_stop|STOP-004_thirty_pct_soft_stop|PROF-002_scale_out|PROF-004_size_up_hot|PROF-005_cold_market|PROF-006_start_small|MKTCOND-002_leading_gapper|TIMING-001_premarket_watch|TIMING-002_opening_range|TIMING-004_no_trade_days|TIMING-006_power_hour
FOMO on INPX Ross's Trade Recap.txt,4849,True,True,0.9719,0.0281,13,SCRN-003_float|SCRN-004_price_range|SCRN-005_daily_chart_room|ENTR-002_fcnh|ENTR-003_dollar_levels|STOP-003_fifty_pct_daily_stop|PROF-001_dont_cap_green|PROF-003_daily_goals|MKTCOND-001_cold_hot_framework|MKTCOND-002_leading_gapper|TIMING-001_premarket_watch|TIMING-002_opening_range|TIMING-006_power_hour
Green Day! Ross' Trade Recap.txt,3138,True,True,0.9719,0.0281,11,SCRN-001_news_catalyst|SCRN-003_float|SCRN-004_price_range|SCRN-005_daily_chart_room|SCRN-006_reverse_splits|SCRN-007_foreign_stocks|ENTR-002_fcnh|ENTR-003_dollar_levels|MKTCOND-002_leading_gapper|TIMING-001_premarket_watch|TIMING-003_midday_dead
LIVE Day Trading Morning Show with Ross Cameron [wVTeclMlNlA].txt,3905,True,True,0.9719,0.0281,18,SCRN-001_news_catalyst|SCRN-003_float|SCRN-004_price_range|SCRN-005_daily_chart_room|SCRN-009_short_interest|ENTR-001_macd_gate|ENTR-002_fcnh|ENTR-003_dollar_levels|ENTR-004_micro_pullback|ENTR-007_order_spoofing|ENTR-009_topping_tails|STOP-006_halt_offering|PROF-005_cold_market|MKTCOND-002_leading_gapper|MKTCOND-003_cheap_gappers|TIMING-001_premarket_watch|TIMING-002_opening_range|TIMING-006_power_hour
Quality vs Quantity.txt,2820,True,True,0.9719,0.0281,16,SCRN-001_news_catalyst|SCRN-003_float|SCRN-004_price_range|SCRN-006_reverse_splits|SCRN-007_foreign_stocks|SCRN-009_short_interest|ENTR-005_vwap|PROF-001_dont_cap_green|PROF-005_cold_market|PROF-006_start_small|MKTCOND-001_cold_hot_framework|MKTCOND-002_leading_gapper|MKTCOND-003_cheap_gappers|TIMING-001_premarket_watch|TIMING-002_opening_range|TIMING-004_no_trade_days
Small Win on $LLL Day Trading Recap by Ross Cameron.txt,1251,False,False,0.9719,0.0281,6,SCRN-001_news_catalyst|SCRN-002_relative_volume|SCRN-004_price_range|ENTR-004_micro_pullback|PROF-001_dont_cap_green|PROF-005_cold_market
The MOST OBVIOUS Trades Today.txt,2664,True,True,0.9719,0.0281,9,SCRN-001_news_catalyst|SCRN-003_float|ENTR-004_micro_pullback|STOP-003_fifty_pct_daily_stop|STOP-004_thirty_pct_soft_stop|PROF-004_size_up_hot|PROF-006_start_small|MKTCOND-002_leading_gapper|TIMING-001_premarket_watch
The TREND TRADING Day Trading Strategy (Millionaire Traders LOVE This).txt,11240,True,True,0.9719,0.0281,27,SCRN-001_news_catalyst|SCRN-002_relative_volume|SCRN-003_float|SCRN-004_price_range|SCRN-005_daily_chart_room|SCRN-006_reverse_splits|SCRN-009_short_interest|SCRN-010_front_back_side|ENTR-001_macd_gate|ENTR-002_fcnh|ENTR-003_dollar_levels|ENTR-004_micro_pullback|ENTR-005_vwap|ENTR-008_double_bottom|ENTR-009_topping_tails|STOP-001_macd_hands_off|STOP-006_halt_offering|STOP-007_position_stop|PROF-002_scale_out|PROF-005_cold_market|PROF-006_start_small|MKTCOND-001_cold_hot_framework|MKTCOND-002_leading_gapper|TIMING-001_premarket_watch|TIMING-002_opening_range|TIMING-003_midday_dead|TIMING-006_power_hour
[LIVE] Live Day Trading Morning Show with Ross Cameron [Yn6akAKjKwQ].txt,7905,True,True,0.9719,0.0281,28,SCRN-001_news_catalyst|SCRN-002_relative_volume|SCRN-003_float|SCRN-004_price_range|SCRN-005_daily_chart_room|SCRN-006_reverse_splits|SCRN-007_foreign_stocks|SCRN-009_short_interest|SCRN-010_front_back_side|ENTR-001_macd_gate|ENTR-002_fcnh|ENTR-003_dollar_levels|ENTR-004_micro_pullback|ENTR-005_vwap|ENTR-006_bull_flag|ENTR-009_topping_tails|STOP-001_macd_hands_off|STOP-005_fifty_pct_retrace|STOP-006_halt_offering|STOP-007_position_stop|PROF-002_scale_out|PROF-003_daily_goals|PROF-004_size_up_hot|PROF-005_cold_market|MKTCOND-002_leading_gapper|MKTCOND-004_overall_market|TIMING-001_premarket_watch|TIMING-002_opening_range
"+$2,929.99 on the last day of July! Wahoo!.txt",2349,True,True,0.9718,0.0282,11,SCRN-001_news_catalyst|SCRN-004_price_range|SCRN-005_daily_chart_room|ENTR-002_fcnh|ENTR-003_dollar_levels|ENTR-004_micro_pullback|PROF-005_cold_market|MKTCOND-002_leading_gapper|TIMING-001_premarket_watch|TIMING-002_opening_range|TIMING-003_midday_dead
Chinese Stocks Squeezing AGAIN.txt,4163,True,True,0.9718,0.0282,15,SCRN-001_news_catalyst|SCRN-003_float|SCRN-007_foreign_stocks|ENTR-002_fcnh|ENTR-003_dollar_levels|ENTR-004_micro_pullback|ENTR-005_vwap|ENTR-009_topping_tails|STOP-003_fifty_pct_daily_stop|STOP-007_position_stop|PROF-006_start_small|MKTCOND-002_leading_gapper|TIMING-001_premarket_watch|TIMING-002_opening_range|TIMING-006_power_hour
Day Trading Watch List for MONDAY! [a7ONxKojI4E].txt,4964,True,True,0.9718,0.0282,14,SCRN-001_news_catalyst|SCRN-004_price_range|SCRN-008_sector_theme|SCRN-009_short_interest|ENTR-002_fcnh|STOP-006_halt_offering|PROF-005_cold_market|MKTCOND-001_cold_hot_framework|MKTCOND-002_leading_gapper|MKTCOND-004_overall_market|MKTCOND-005_seasonal|TIMING-001_premarket_watch|TIMING-004_no_trade_days|TIMING-006_power_hour
Momentum is Moving Up +$7K! Ross' Trade Recap.txt,3331,True,True,0.9718,0.0282,17,SCRN-001_news_catalyst|SCRN-003_float|SCRN-004_price_range|SCRN-005_daily_chart_room|SCRN-006_reverse_splits|SCRN-009_short_interest|ENTR-002_fcnh|ENTR-003_dollar_levels|ENTR-004_micro_pullback|STOP-003_fifty_pct_daily_stop|STOP-006_halt_offering|PROF-003_daily_goals|PROF-004_size_up_hot|PROF-005_cold_market|MKTCOND-002_leading_gapper|MKTCOND-004_overall_market|TIMING-003_midday_dead
Trading An Unexpected Afternoon Short Squeeze.txt,4112,True,True,0.9718,0.0282,17,SCRN-003_float|SCRN-004_price_range|SCRN-005_daily_chart_room|SCRN-009_short_interest|ENTR-002_fcnh|ENTR-003_dollar_levels|ENTR-004_micro_pullback|STOP-003_fifty_pct_daily_stop|STOP-006_halt_offering|PROF-001_dont_cap_green|PROF-004_size_up_hot|MKTCOND-002_leading_gapper|MKTCOND-003_cheap_gappers|TIMING-001_premarket_watch|TIMING-002_opening_range|TIMING-003_midday_dead|TIMING-006_power_hour
Watch List for TUESDAY & Game Plan for the Week!.txt,3662,True,True,0.9718,0.0282,17,SCRN-001_news_catalyst|SCRN-003_float|SCRN-004_price_range|SCRN-005_daily_chart_room|SCRN-006_reverse_splits|SCRN-009_short_interest|ENTR-003_dollar_levels|ENTR-007_order_spoofing|STOP-006_halt_offering|PROF-002_scale_out|PROF-004_size_up_hot|PROF-005_cold_market|MKTCOND-002_leading_gapper|MKTCOND-004_overall_market|MKTCOND-005_seasonal|TIMING-001_premarket_watch|TIMING-006_power_hour
$INDO to $19.63 - Energy Stocks Surging Live Day Trading Morning Show with Ross Cameron.txt,4940,True,True,0.9717,0.0283,18,SCRN-003_float|SCRN-004_price_range|SCRN-005_daily_chart_room|SCRN-008_sector_theme|SCRN-009_short_interest|SCRN-010_front_back_side|ENTR-002_fcnh|ENTR-003_dollar_levels|ENTR-004_micro_pullback|ENTR-005_vwap|ENTR-009_topping_tails|STOP-001_macd_hands_off|STOP-007_position_stop|PROF-004_size_up_hot|MKTCOND-002_leading_gapper|MKTCOND-004_overall_market|TIMING-001_premarket_watch|TIMING-002_opening_range
6th Green Day in a Row! Ross' Trade Recap.txt,2588,True,True,0.9717,0.0283,17,SCRN-001_news_catalyst|SCRN-003_float|SCRN-004_price_range|SCRN-005_daily_chart_room|SCRN-009_short_interest|ENTR-002_fcnh|ENTR-003_dollar_levels|ENTR-004_micro_pullback|ENTR-007_order_spoofing|STOP-005_fifty_pct_retrace|STOP-006_halt_offering|PROF-003_daily_goals|MKTCOND-002_leading_gapper|TIMING-001_premarket_watch|TIMING-002_opening_range|TIMING-003_midday_dead|TIMING-006_power_hour
Day Trading a Biotech Companies +500% in 1 Day.txt,2518,True,True,0.9717,0.0283,16,SCRN-001_news_catalyst|SCRN-002_relative_volume|SCRN-004_price_range|SCRN-007_foreign_stocks|SCRN-008_sector_theme|SCRN-010_front_back_side|STOP-003_fifty_pct_daily_stop|STOP-006_halt_offering|PROF-003_daily_goals|PROF-004_size_up_hot|PROF-005_cold_market|MKTCOND-004_overall_market|TIMING-001_premarket_watch|TIMING-002_opening_range|TIMING-003_midday_dead|TIMING-006_power_hour
Did we just have a 600% Short Squeeze YUP!!!.txt,2763,True,True,0.9717,0.0283,15,SCRN-001_news_catalyst|SCRN-003_float|SCRN-004_price_range|SCRN-005_daily_chart_room|SCRN-006_reverse_splits|ENTR-004_micro_pullback|STOP-003_fifty_pct_daily_stop|PROF-001_dont_cap_green|PROF-003_daily_goals|PROF-005_cold_market|PROF-006_start_small|MKTCOND-001_cold_hot_framework|TIMING-001_premarket_watch|TIMING-005_session_length|TIMING-006_power_hour
Day Trading Recent SPAC's and IPO's during the Day Trading Morning Show.txt,10760,True,True,0.9716,0.0284,27,SCRN-001_news_catalyst|SCRN-003_float|SCRN-004_price_range|SCRN-005_daily_chart_room|SCRN-006_reverse_splits|SCRN-009_short_interest|SCRN-010_front_back_side|ENTR-002_fcnh|ENTR-003_dollar_levels|ENTR-004_micro_pullback|ENTR-005_vwap|ENTR-006_bull_flag|ENTR-007_order_spoofing|ENTR-008_double_bottom|ENTR-009_topping_tails|STOP-004_thirty_pct_soft_stop|STOP-005_fifty_pct_retrace|STOP-007_position_stop|PROF-001_dont_cap_green|PROF-002_scale_out|PROF-004_size_up_hot|PROF-005_cold_market|MKTCOND-001_cold_hot_framework|MKTCOND-002_leading_gapper|TIMING-001_premarket_watch|TIMING-002_opening_range|TIMING-003_midday_dead
Day Trading Watch List for Monday! [k2X1iBTrEaI].txt,4736,True,True,0.9716,0.0284,13,SCRN-001_news_catalyst|SCRN-003_float|SCRN-005_daily_chart_room|SCRN-006_reverse_splits|SCRN-007_foreign_stocks|SCRN-009_short_interest|ENTR-004_micro_pullback|STOP-004_thirty_pct_soft_stop|STOP-006_halt_offering|PROF-001_dont_cap_green|MKTCOND-002_leading_gapper|TIMING-001_premarket_watch|TIMING-006_power_hour
Day Trading Watchlist for Monday & Election Week Predictions!.txt,3954,True,True,0.9716,0.0284,17,SCRN-001_news_catalyst|SCRN-003_float|SCRN-005_daily_chart_room|SCRN-008_sector_theme|SCRN-009_short_interest|SCRN-010_front_back_side|ENTR-002_fcnh|ENTR-005_vwap|ENTR-009_topping_tails|STOP-003_fifty_pct_daily_stop|PROF-001_dont_cap_green|PROF-003_daily_goals|PROF-005_cold_market|MKTCOND-002_leading_gapper|MKTCOND-003_cheap_gappers|MKTCOND-005_seasonal|TIMING-006_power_hour
Game Plan for the Week.txt,5083,True,True,0.9716,0.0284,21,SCRN-001_news_catalyst|SCRN-003_float|SCRN-004_price_range|SCRN-005_daily_chart_room|SCRN-010_front_back_side|ENTR-001_macd_gate|ENTR-002_fcnh|ENTR-005_vwap|STOP-001_macd_hands_off|STOP-003_fifty_pct_daily_stop|STOP-004_thirty_pct_soft_stop|STOP-005_fifty_pct_retrace|STOP-006_halt_offering|PROF-001_dont_cap_green|PROF-003_daily_goals|PROF-004_size_up_hot|PROF-005_cold_market|PROF-006_start_small|MKTCOND-004_overall_market|MKTCOND-005_seasonal|TIMING-006_power_hour
Some will disagree with me....txt,4214,True,True,0.9716,0.0284,17,SCRN-001_news_catalyst|SCRN-002_relative_volume|SCRN-003_float|SCRN-004_price_range|SCRN-005_daily_chart_room|ENTR-004_micro_pullback|ENTR-007_order_spoofing|ENTR-009_topping_tails|PROF-001_dont_cap_green|PROF-005_cold_market|PROF-006_start_small|MKTCOND-001_cold_hot_framework|MKTCOND-003_cheap_gappers|MKTCOND-004_overall_market|TIMING-002_opening_range|TIMING-004_no_trade_days|TIMING-005_session_length
[LIVE] Live Day Trading Morning Show with Ross Cameron #stocks #daytrading [U0PoZbe9AaY].txt,2189,True,True,0.9716,0.0284,13,SCRN-003_float|SCRN-004_price_range|SCRN-005_daily_chart_room|SCRN-008_sector_theme|ENTR-003_dollar_levels|PROF-001_dont_cap_green|PROF-003_daily_goals|PROF-005_cold_market|MKTCOND-001_cold_hot_framework|MKTCOND-003_cheap_gappers|MKTCOND-004_overall_market|TIMING-001_premarket_watch|TIMING-002_opening_range
"+$9,373.32 on a 300% Short Squeeze.txt",1679,True,True,0.9715,0.0285,13,SCRN-001_news_catalyst|SCRN-002_relative_volume|SCRN-005_daily_chart_room|SCRN-008_sector_theme|ENTR-004_micro_pullback|ENTR-005_vwap|STOP-001_macd_hands_off|STOP-006_halt_offering|PROF-005_cold_market|PROF-006_start_small|MKTCOND-004_overall_market|TIMING-001_premarket_watch|TIMING-002_opening_range
Another 250% Short Squeeze!.txt,3775,True,True,0.9715,0.0285,16,SCRN-001_news_catalyst|SCRN-002_relative_volume|SCRN-003_float|SCRN-004_price_range|SCRN-009_short_interest|SCRN-010_front_back_side|ENTR-001_macd_gate|ENTR-004_micro_pullback|ENTR-005_vwap|ENTR-009_topping_tails|STOP-001_macd_hands_off|PROF-003_daily_goals|PROF-005_cold_market|PROF-006_start_small|MKTCOND-001_cold_hot_framework|MKTCOND-004_overall_market
$BFRG +50%.txt,1458,False,False,0.9714,0.0286,10,SCRN-001_news_catalyst|SCRN-003_float|SCRN-004_price_range|SCRN-005_daily_chart_room|STOP-006_halt_offering|MKTCOND-002_leading_gapper|MKTCOND-004_overall_market|TIMING-001_premarket_watch|TIMING-002_opening_range|TIMING-003_midday_dead
A Clean Slate +$819! Ross' Trade Recap.txt,2624,True,True,0.9714,0.0286,14,SCRN-001_news_catalyst|SCRN-003_float|SCRN-006_reverse_splits|SCRN-010_front_back_side|ENTR-002_fcnh|ENTR-007_order_spoofing|STOP-001_macd_hands_off|STOP-004_thirty_pct_soft_stop|PROF-003_daily_goals|MKTCOND-001_cold_hot_framework|MKTCOND-002_leading_gapper|MKTCOND-005_seasonal|TIMING-001_premarket_watch|TIMING-003_midday_dead
Day 17 Mid Day Recap $7.8k on $FFHL and $MSDI.txt,4551,True,True,0.9714,0.0286,13,SCRN-001_news_catalyst|SCRN-002_relative_volume|SCRN-003_float|SCRN-005_daily_chart_room|ENTR-002_fcnh|ENTR-003_dollar_levels|PROF-002_scale_out|PROF-005_cold_market|MKTCOND-002_leading_gapper|TIMING-001_premarket_watch|TIMING-002_opening_range|TIMING-003_midday_dead|TIMING-004_no_trade_days
From $3.00 to $9.00 in 45 minutes! SHORT SQUEEZE.txt,4688,True,True,0.9714,0.0286,18,SCRN-001_news_catalyst|SCRN-002_relative_volume|SCRN-003_float|SCRN-004_price_range|SCRN-005_daily_chart_room|SCRN-006_reverse_splits|SCRN-009_short_interest|ENTR-003_dollar_levels|ENTR-004_micro_pullback|STOP-003_fifty_pct_daily_stop|STOP-006_halt_offering|STOP-007_position_stop|PROF-003_daily_goals|PROF-004_size_up_hot|PROF-005_cold_market|MKTCOND-001_cold_hot_framework|TIMING-002_opening_range|TIMING-004_no_trade_days
"Hitting My Daily Goal! +2,433 Ross' Trade Recap.txt",2182,True,True,0.9714,0.0286,15,SCRN-001_news_catalyst|SCRN-003_float|SCRN-004_price_range|SCRN-005_daily_chart_room|SCRN-009_short_interest|ENTR-002_fcnh|ENTR-003_dollar_levels|ENTR-006_bull_flag|STOP-003_fifty_pct_daily_stop|PROF-003_daily_goals|MKTCOND-002_leading_gapper|MKTCOND-005_seasonal|TIMING-001_premarket_watch|TIMING-002_opening_range|TIMING-003_midday_dead
My 40th Consecutive Green Day.txt,3125,True,True,0.9714,0.0286,16,SCRN-001_news_catalyst|SCRN-003_float|SCRN-004_price_range|SCRN-006_reverse_splits|SCRN-008_sector_theme|ENTR-001_macd_gate|ENTR-002_fcnh|ENTR-004_micro_pullback|ENTR-005_vwap|ENTR-009_topping_tails|STOP-003_fifty_pct_daily_stop|PROF-001_dont_cap_green|PROF-006_start_small|MKTCOND-001_cold_hot_framework|MKTCOND-003_cheap_gappers|TIMING-002_opening_range
[LIVE] Day Trading Morning Show.txt,3647,True,True,0.9714,0.0286,19,SCRN-001_news_catalyst|SCRN-003_float|SCRN-005_daily_chart_room|SCRN-008_sector_theme|SCRN-009_short_interest|ENTR-001_macd_gate|ENTR-002_fcnh|ENTR-003_dollar_levels|ENTR-004_micro_pullback|ENTR-005_vwap|ENTR-009_topping_tails|PROF-001_dont_cap_green|PROF-002_scale_out|PROF-005_cold_market|MKTCOND-001_cold_hot_framework|MKTCOND-002_leading_gapper|MKTCOND-004_overall_market|TIMING-001_premarket_watch|TIMING-002_opening_range
SPOOKY LIVE Day Trading Morning Show with Ross Cameron.txt,3582,True,True,0.9713,0.0287,16,SCRN-001_news_catalyst|SCRN-003_float|SCRN-004_price_range|SCRN-005_daily_chart_room|SCRN-006_reverse_splits|ENTR-002_fcnh|ENTR-003_dollar_levels|ENTR-004_micro_pullback|STOP-004_thirty_pct_soft_stop|PROF-003_daily_goals|MKTCOND-002_leading_gapper|MKTCOND-004_overall_market|MKTCOND-005_seasonal|TIMING-001_premarket_watch|TIMING-002_opening_range|TIMING-003_midday_dead
$ILAG +82% Day Trading Recap by Ross Cameron.txt,2457,True,True,0.9712,0.0288,8,SCRN-005_daily_chart_room|ENTR-002_fcnh|STOP-007_position_stop|MKTCOND-002_leading_gapper|MKTCOND-004_overall_market|MKTCOND-005_seasonal|TIMING-001_premarket_watch|TIMING-002_opening_range
Day Trading Watch List for MONDAY! [MEwW0PSDUmY].txt,3635,True,True,0.9712,0.0288,13,SCRN-001_news_catalyst|SCRN-003_float|SCRN-004_price_range|SCRN-005_daily_chart_room|SCRN-006_reverse_splits|SCRN-007_foreign_stocks|STOP-006_halt_offering|PROF-001_dont_cap_green|PROF-004_size_up_hot|MKTCOND-002_leading_gapper|MKTCOND-005_seasonal|TIMING-001_premarket_watch|TIMING-006_power_hour
LIVE Day Trading Morning Show with Ross Cameron [qq-e7RQJbD0].txt,2961,True,True,0.9712,0.0288,18,SCRN-001_news_catalyst|SCRN-003_float|SCRN-004_price_range|SCRN-005_daily_chart_room|SCRN-006_reverse_splits|SCRN-009_short_interest|ENTR-002_fcnh|ENTR-003_dollar_levels|ENTR-007_order_spoofing|STOP-005_fifty_pct_retrace|MKTCOND-002_leading_gapper|MKTCOND-003_cheap_gappers|MKTCOND-004_overall_market|MKTCOND-005_seasonal|TIMING-002_opening_range|TIMING-003_midday_dead|TIMING-005_session_length|TIMING-006_power_hour
Day Trading Morning Show with Ross Cameron [J6RzFicX4o4].txt,2960,True,True,0.9711,0.0289,13,SCRN-001_news_catalyst|SCRN-002_relative_volume|SCRN-003_float|SCRN-004_price_range|ENTR-003_dollar_levels|ENTR-004_micro_pullback|ENTR-008_double_bottom|STOP-005_fifty_pct_retrace|PROF-004_size_up_hot|MKTCOND-002_leading_gapper|TIMING-001_premarket_watch|TIMING-002_opening_range|TIMING-006_power_hour
Day Trading Morning Show with Ross Cameron [OabgnxTfsNA].txt,2290,True,True,0.9711,0.0289,8,SCRN-001_news_catalyst|ENTR-002_fcnh|ENTR-003_dollar_levels|ENTR-004_micro_pullback|PROF-001_dont_cap_green|PROF-005_cold_market|TIMING-001_premarket_watch|TIMING-002_opening_range
Day Trading in the 8am - 10am Profit Window.txt,5003,True,True,0.9711,0.0289,19,SCRN-001_news_catalyst|SCRN-002_relative_volume|SCRN-003_float|SCRN-004_price_range|SCRN-007_foreign_stocks|SCRN-010_front_back_side|ENTR-001_macd_gate|ENTR-002_fcnh|ENTR-009_topping_tails|STOP-001_macd_hands_off|STOP-004_thirty_pct_soft_stop|STOP-006_halt_offering|PROF-003_daily_goals|PROF-004_size_up_hot|MKTCOND-002_leading_gapper|MKTCOND-003_cheap_gappers|TIMING-002_opening_range|TIMING-003_midday_dead|TIMING-006_power_hour
Max Loss Red Day [Ch8J7gwrrJg].txt,2767,True,True,0.9711,0.0289,16,SCRN-002_relative_volume|SCRN-005_daily_chart_room|ENTR-002_fcnh|ENTR-003_dollar_levels|ENTR-005_vwap|ENTR-009_topping_tails|STOP-003_fifty_pct_daily_stop|STOP-004_thirty_pct_soft_stop|PROF-001_dont_cap_green|PROF-002_scale_out|PROF-003_daily_goals|PROF-005_cold_market|MKTCOND-001_cold_hot_framework|TIMING-001_premarket_watch|TIMING-002_opening_range|TIMING-006_power_hour
"Ten Steps Forward, One Step Back -$1.6k Ross's Trade Recap.txt",1943,True,True,0.9711,0.0289,11,SCRN-003_float|SCRN-004_price_range|ENTR-002_fcnh|ENTR-003_dollar_levels|STOP-003_fifty_pct_daily_stop|PROF-001_dont_cap_green|PROF-005_cold_market|MKTCOND-002_leading_gapper|TIMING-001_premarket_watch|TIMING-002_opening_range|TIMING-003_midday_dead
The Art of Patience.txt,2861,True,True,0.9711,0.0289,11,SCRN-001_news_catalyst|SCRN-002_relative_volume|SCRN-003_float|SCRN-008_sector_theme|SCRN-009_short_interest|PROF-003_daily_goals|PROF-005_cold_market|PROF-006_start_small|MKTCOND-001_cold_hot_framework|TIMING-004_no_trade_days|TIMING-006_power_hour
2nd Green Day in a Row! Day Trading Recap w Ross Cameron.txt,1394,False,False,0.971,0.029,12,SCRN-001_news_catalyst|SCRN-004_price_range|ENTR-003_dollar_levels|STOP-001_macd_hands_off|STOP-003_fifty_pct_daily_stop|STOP-006_halt_offering|PROF-001_dont_cap_green|PROF-003_daily_goals|MKTCOND-001_cold_hot_framework|MKTCOND-002_leading_gapper|TIMING-001_premarket_watch|TIMING-002_opening_range
Day Trading WATCH LIST FOR MONDAY April 28.txt,2976,True,True,0.971,0.029,11,SCRN-001_news_catalyst|SCRN-003_float|SCRN-004_price_range|SCRN-005_daily_chart_room|ENTR-006_bull_flag|ENTR-009_topping_tails|STOP-005_fifty_pct_retrace|MKTCOND-002_leading_gapper|MKTCOND-004_overall_market|TIMING-001_premarket_watch|TIMING-006_power_hour
LIVE Day Trading Morning Show with Ross Cameron [GL11WqJJGcY].txt,1589,True,True,0.971,0.029,10,SCRN-001_news_catalyst|SCRN-002_relative_volume|SCRN-005_daily_chart_room|SCRN-006_reverse_splits|ENTR-004_micro_pullback|PROF-004_size_up_hot|MKTCOND-002_leading_gapper|TIMING-001_premarket_watch|TIMING-002_opening_range|TIMING-006_power_hour
LIVE Day Trading Recap $IMMX +107% Gap and Go Strategy.txt,2200,True,True,0.971,0.029,11,SCRN-003_float|SCRN-004_price_range|ENTR-002_fcnh|ENTR-004_micro_pullback|ENTR-008_double_bottom|PROF-003_daily_goals|MKTCOND-002_leading_gapper|MKTCOND-003_cheap_gappers|TIMING-001_premarket_watch|TIMING-002_opening_range|TIMING-003_midday_dead
Live Day Trading Morning Show with Ross Cameron [8prXUf-iS_w].txt,3227,True,True,0.971,0.029,12,SCRN-003_float|SCRN-009_short_interest|ENTR-003_dollar_levels|ENTR-004_micro_pullback|ENTR-008_double_bottom|ENTR-009_topping_tails|STOP-007_position_stop|PROF-001_dont_cap_green|PROF-005_cold_market|MKTCOND-002_leading_gapper|TIMING-001_premarket_watch|TIMING-002_opening_range
Ross hits a winner on $ALLG and $LLL Live Day Trading Morning Show.txt,3327,True,True,0.971,0.029,14,SCRN-001_news_catalyst|SCRN-004_price_range|SCRN-005_daily_chart_room|ENTR-002_fcnh|ENTR-003_dollar_levels|ENTR-004_micro_pullback|ENTR-005_vwap|ENTR-006_bull_flag|ENTR-007_order_spoofing|STOP-004_thirty_pct_soft_stop|PROF-001_dont_cap_green|PROF-005_cold_market|MKTCOND-002_leading_gapper|TIMING-002_opening_range
[LIVE] DAY TRADING Morning Show 9 00 - 9 30am ET with Ross Cameron [Ffil9oYcHqQ].txt,2971,True,True,0.971,0.029,14,SCRN-001_news_catalyst|SCRN-003_float|SCRN-004_price_range|SCRN-005_daily_chart_room|SCRN-007_foreign_stocks|ENTR-002_fcnh|ENTR-008_double_bottom|ENTR-009_topping_tails|PROF-001_dont_cap_green|MKTCOND-002_leading_gapper|MKTCOND-004_overall_market|TIMING-001_premarket_watch|TIMING-002_opening_range|TIMING-003_midday_dead
90 Minutes Day Trading on FRIDAY.txt,3581,True,True,0.9709,0.0291,16,SCRN-001_news_catalyst|SCRN-003_float|SCRN-004_price_range|SCRN-005_daily_chart_room|SCRN-006_reverse_splits|SCRN-007_foreign_stocks|SCRN-010_front_back_side|ENTR-001_macd_gate|ENTR-004_micro_pullback|STOP-003_fifty_pct_daily_stop|PROF-006_start_small|MKTCOND-004_overall_market|MKTCOND-005_seasonal|TIMING-001_premarket_watch|TIMING-002_opening_range|TIMING-006_power_hour
Trader Rehab Day 2.txt,3249,True,True,0.9709,0.0291,14,SCRN-003_float|SCRN-004_price_range|ENTR-002_fcnh|ENTR-003_dollar_levels|ENTR-004_micro_pullback|ENTR-006_bull_flag|PROF-001_dont_cap_green|PROF-005_cold_market|PROF-006_start_small|MKTCOND-002_leading_gapper|MKTCOND-003_cheap_gappers|TIMING-001_premarket_watch|TIMING-002_opening_range|TIMING-004_no_trade_days
A Breaking News Short Squeeze at 8am ET (Pre-Market).txt,2454,True,True,0.9708,0.0292,17,SCRN-001_news_catalyst|SCRN-002_relative_volume|SCRN-003_float|SCRN-004_price_range|SCRN-010_front_back_side|ENTR-001_macd_gate|ENTR-009_topping_tails|STOP-003_fifty_pct_daily_stop|PROF-005_cold_market|MKTCOND-001_cold_hot_framework|MKTCOND-002_leading_gapper|MKTCOND-003_cheap_gappers|TIMING-001_premarket_watch|TIMING-002_opening_range|TIMING-003_midday_dead|TIMING-005_session_length|TIMING-006_power_hour
Day 28 of the $100k Challenge $KBSF.txt,3969,True,True,0.9708,0.0292,11,SCRN-001_news_catalyst|SCRN-006_reverse_splits|ENTR-002_fcnh|ENTR-003_dollar_levels|ENTR-006_bull_flag|ENTR-009_topping_tails|PROF-004_size_up_hot|MKTCOND-001_cold_hot_framework|TIMING-001_premarket_watch|TIMING-002_opening_range|TIMING-003_midday_dead
Riding the Wave of Momentum +$4.6k! Ross's Trade Recap.txt,2281,True,True,0.9708,0.0292,15,SCRN-001_news_catalyst|SCRN-003_float|SCRN-005_daily_chart_room|SCRN-008_sector_theme|ENTR-003_dollar_levels|ENTR-004_micro_pullback|STOP-003_fifty_pct_daily_stop|STOP-004_thirty_pct_soft_stop|STOP-007_position_stop|PROF-001_dont_cap_green|PROF-003_daily_goals|PROF-005_cold_market|MKTCOND-002_leading_gapper|TIMING-001_premarket_watch|TIMING-003_midday_dead
[LIVE] $BWV +100% Gap and Go Pattern.txt,3980,True,True,0.9708,0.0292,17,SCRN-001_news_catalyst|SCRN-003_float|SCRN-004_price_range|SCRN-005_daily_chart_room|SCRN-009_short_interest|ENTR-002_fcnh|ENTR-003_dollar_levels|ENTR-004_micro_pullback|ENTR-008_double_bottom|ENTR-009_topping_tails|PROF-003_daily_goals|MKTCOND-002_leading_gapper|TIMING-001_premarket_watch|TIMING-002_opening_range|TIMING-003_midday_dead|TIMING-005_session_length|TIMING-006_power_hour
Winners on $CELZ $NRSN & $LBPS Day Trading Recap by Ross Cameron.txt,2131,True,True,0.9707,0.0293,10,SCRN-003_float|ENTR-003_dollar_levels|ENTR-004_micro_pullback|ENTR-009_topping_tails|STOP-003_fifty_pct_daily_stop|STOP-004_thirty_pct_soft_stop|PROF-004_size_up_hot|MKTCOND-002_leading_gapper|TIMING-001_premarket_watch|TIMING-002_opening_range
[LIVE] DAY TRADING Morning Show 9 00 - 9 30am ET with Ross Cameron [5q3Rxg4lAD4].txt,2835,True,True,0.9707,0.0293,15,SCRN-001_news_catalyst|SCRN-002_relative_volume|SCRN-003_float|SCRN-004_price_range|SCRN-005_daily_chart_room|ENTR-001_macd_gate|ENTR-006_bull_flag|STOP-004_thirty_pct_soft_stop|PROF-003_daily_goals|PROF-006_start_small|MKTCOND-002_leading_gapper|MKTCOND-003_cheap_gappers|TIMING-001_premarket_watch|TIMING-002_opening_range|TIMING-006_power_hour
Day Trading Watch List for Thanksgiving Week & BLACK FRIDAY.txt,3979,True,True,0.9706,0.0294,16,SCRN-001_news_catalyst|SCRN-003_float|SCRN-004_price_range|SCRN-005_daily_chart_room|ENTR-002_fcnh|ENTR-006_bull_flag|ENTR-009_topping_tails|PROF-002_scale_out|PROF-003_daily_goals|PROF-004_size_up_hot|PROF-006_start_small|MKTCOND-002_leading_gapper|MKTCOND-003_cheap_gappers|TIMING-001_premarket_watch|TIMING-005_session_length|TIMING-006_power_hour
Day Trading the 1-Minute Dip & Rip Strategy.txt,3449,True,True,0.9706,0.0294,16,SCRN-001_news_catalyst|SCRN-003_float|SCRN-004_price_range|SCRN-006_reverse_splits|SCRN-007_foreign_stocks|SCRN-008_sector_theme|ENTR-003_dollar_levels|ENTR-004_micro_pullback|ENTR-005_vwap|ENTR-009_topping_tails|MKTCOND-002_leading_gapper|MKTCOND-003_cheap_gappers|MKTCOND-004_overall_market|TIMING-001_premarket_watch|TIMING-002_opening_range|TIMING-006_power_hour
The Biggest Squeeze on Wall Street.txt,4386,True,True,0.9706,0.0294,20,SCRN-001_news_catalyst|SCRN-002_relative_volume|SCRN-003_float|SCRN-004_price_range|SCRN-005_daily_chart_room|ENTR-001_macd_gate|ENTR-002_fcnh|ENTR-003_dollar_levels|ENTR-009_topping_tails|STOP-003_fifty_pct_daily_stop|STOP-004_thirty_pct_soft_stop|PROF-003_daily_goals|PROF-004_size_up_hot|PROF-005_cold_market|PROF-006_start_small|MKTCOND-001_cold_hot_framework|MKTCOND-002_leading_gapper|TIMING-001_premarket_watch|TIMING-002_opening_range|TIMING-006_power_hour
What's the SECRET to Dominating the HOT MARKET.txt,9119,True,True,0.9705,0.0295,23,SCRN-001_news_catalyst|SCRN-002_relative_volume|SCRN-003_float|SCRN-004_price_range|SCRN-005_daily_chart_room|SCRN-006_reverse_splits|SCRN-009_short_interest|ENTR-002_fcnh|ENTR-003_dollar_levels|ENTR-004_micro_pullback|ENTR-009_topping_tails|STOP-003_fifty_pct_daily_stop|STOP-005_fifty_pct_retrace|STOP-007_position_stop|PROF-002_scale_out|PROF-004_size_up_hot|PROF-006_start_small|MKTCOND-001_cold_hot_framework|MKTCOND-002_leading_gapper|MKTCOND-005_seasonal|TIMING-001_premarket_watch|TIMING-003_midday_dead|TIMING-006_power_hour
[LIVE DAY TRADING] $IONM +158% #stocks #daytrading.txt,3365,True,True,0.9705,0.0295,16,SCRN-001_news_catalyst|SCRN-003_float|SCRN-004_price_range|SCRN-005_daily_chart_room|SCRN-006_reverse_splits|SCRN-007_foreign_stocks|SCRN-010_front_back_side|ENTR-002_fcnh|ENTR-004_micro_pullback|ENTR-005_vwap|ENTR-009_topping_tails|PROF-003_daily_goals|MKTCOND-002_leading_gapper|TIMING-001_premarket_watch|TIMING-002_opening_range|TIMING-006_power_hour
[LIVE] $ALYA +140% Day Trading Morning Show with Ross Cameron #stocks #daytrading.txt,3348,True,True,0.9705,0.0295,16,SCRN-001_news_catalyst|SCRN-003_float|SCRN-004_price_range|SCRN-005_daily_chart_room|SCRN-006_reverse_splits|ENTR-001_macd_gate|ENTR-004_micro_pullback|ENTR-007_order_spoofing|ENTR-008_double_bottom|ENTR-009_topping_tails|PROF-001_dont_cap_green|PROF-002_scale_out|PROF-003_daily_goals|PROF-005_cold_market|MKTCOND-002_leading_gapper|TIMING-002_opening_range
[LIVE] Live Day Trading Morning Show with Ross Cameron #stocks #daytrading [Dvzcp2vx53w].txt,2817,True,True,0.9705,0.0295,17,SCRN-001_news_catalyst|SCRN-003_float|SCRN-004_price_range|SCRN-009_short_interest|ENTR-004_micro_pullback|ENTR-008_double_bottom|ENTR-009_topping_tails|STOP-003_fifty_pct_daily_stop|PROF-001_dont_cap_green|PROF-005_cold_market|MKTCOND-001_cold_hot_framework|MKTCOND-004_overall_market|TIMING-001_premarket_watch|TIMING-002_opening_range|TIMING-004_no_trade_days|TIMING-005_session_length|TIMING-006_power_hour
+$29k on (NASDAQ CLOV) Recap by Ross Cameron.txt,2641,True,True,0.9704,0.0296,10,SCRN-003_float|SCRN-004_price_range|ENTR-004_micro_pullback|ENTR-009_topping_tails|STOP-005_fifty_pct_retrace|PROF-001_dont_cap_green|PROF-002_scale_out|MKTCOND-001_cold_hot_framework|TIMING-001_premarket_watch|TIMING-002_opening_range
Annoying Red Day -$7.8k Recap by Ross Cameron.txt,785,False,False,0.9704,0.0296,4,ENTR-004_micro_pullback|STOP-003_fifty_pct_daily_stop|PROF-001_dont_cap_green|TIMING-002_opening_range
Day 35 Frustration on PHUN +$9k Ross's Trade Recap.txt,3520,True,True,0.9704,0.0296,13,SCRN-001_news_catalyst|SCRN-003_float|SCRN-004_price_range|SCRN-006_reverse_splits|ENTR-002_fcnh|ENTR-003_dollar_levels|ENTR-004_micro_pullback|STOP-003_fifty_pct_daily_stop|STOP-006_halt_offering|STOP-007_position_stop|PROF-001_dont_cap_green|PROF-004_size_up_hot|MKTCOND-002_leading_gapper
LIVE Day Trading Morning Show with Ross Cameron [tdQUbY5v1u8].txt,2491,True,True,0.9704,0.0296,16,SCRN-001_news_catalyst|SCRN-009_short_interest|ENTR-002_fcnh|ENTR-003_dollar_levels|ENTR-004_micro_pullback|ENTR-006_bull_flag|ENTR-007_order_spoofing|PROF-001_dont_cap_green|PROF-002_scale_out|PROF-003_daily_goals|MKTCOND-002_leading_gapper|MKTCOND-003_cheap_gappers|MKTCOND-004_overall_market|TIMING-001_premarket_watch|TIMING-002_opening_range|TIMING-006_power_hour
Surprise Breaking NEWS on Friday!.txt,3138,True,True,0.9704,0.0296,12,SCRN-001_news_catalyst|SCRN-009_short_interest|ENTR-003_dollar_levels|ENTR-004_micro_pullback|ENTR-009_topping_tails|STOP-003_fifty_pct_daily_stop|STOP-006_halt_offering|PROF-001_dont_cap_green|PROF-003_daily_goals|PROF-005_cold_market|TIMING-001_premarket_watch|TIMING-002_opening_range
[LIVE] Live Day Trading Morning Show with Ross Cameron #stocks #daytrading [-9uZXft1JNg].txt,1842,True,True,0.9704,0.0296,13,SCRN-001_news_catalyst|ENTR-002_fcnh|ENTR-003_dollar_levels|ENTR-004_micro_pullback|ENTR-006_bull_flag|ENTR-008_double_bottom|ENTR-009_topping_tails|STOP-002_ema_cross|STOP-007_position_stop|PROF-003_daily_goals|PROF-004_size_up_hot|PROF-005_cold_market|TIMING-002_opening_range
+$1k in 30 Minutes! Ross's Trade Recap.txt,2563,True,True,0.9703,0.0297,12,SCRN-001_news_catalyst|SCRN-004_price_range|SCRN-005_daily_chart_room|ENTR-002_fcnh|ENTR-003_dollar_levels|STOP-003_fifty_pct_daily_stop|PROF-001_dont_cap_green|PROF-003_daily_goals|MKTCOND-002_leading_gapper|MKTCOND-003_cheap_gappers|TIMING-002_opening_range|TIMING-003_midday_dead
Day 61 of the $583 Challenge -$5k Getting too Aggressive.txt,2773,True,True,0.9703,0.0297,9,SCRN-001_news_catalyst|SCRN-005_daily_chart_room|ENTR-002_fcnh|ENTR-003_dollar_levels|ENTR-007_order_spoofing|STOP-003_fifty_pct_daily_stop|PROF-004_size_up_hot|TIMING-003_midday_dead|TIMING-006_power_hour
LIVE Day Trading Morning Show with Ross Cameron [UeMjFw-2ijY].txt,3615,True,True,0.9703,0.0297,14,SCRN-003_float|SCRN-004_price_range|ENTR-005_vwap|ENTR-007_order_spoofing|ENTR-009_topping_tails|PROF-001_dont_cap_green|PROF-004_size_up_hot|PROF-005_cold_market|MKTCOND-002_leading_gapper|MKTCOND-003_cheap_gappers|MKTCOND-004_overall_market|TIMING-001_premarket_watch|TIMING-002_opening_range|TIMING-004_no_trade_days
[LIVE] DAY TRADING Morning Show 9 00 - 9 30am ET with Ross Cameron [dLPZwp73zao].txt,3168,True,True,0.9703,0.0297,12,SCRN-001_news_catalyst|SCRN-002_relative_volume|SCRN-003_float|SCRN-004_price_range|SCRN-007_foreign_stocks|SCRN-010_front_back_side|ENTR-008_double_bottom|STOP-001_macd_hands_off|STOP-004_thirty_pct_soft_stop|MKTCOND-005_seasonal|TIMING-001_premarket_watch|TIMING-002_opening_range
+$10k Day Trading Recent IPOs.txt,1763,True,True,0.9702,0.0298,7,SCRN-001_news_catalyst|SCRN-009_short_interest|ENTR-002_fcnh|ENTR-004_micro_pullback|PROF-003_daily_goals|MKTCOND-002_leading_gapper|TIMING-002_opening_range
Another Crypto Headline Sends a Stock Up 250%.txt,2199,True,True,0.9702,0.0298,11,SCRN-001_news_catalyst|SCRN-003_float|SCRN-005_daily_chart_room|SCRN-007_foreign_stocks|STOP-006_halt_offering|PROF-001_dont_cap_green|PROF-003_daily_goals|MKTCOND-001_cold_hot_framework|MKTCOND-004_overall_market|TIMING-002_opening_range|TIMING-006_power_hour
Following Rules Ross's Trade Recap.txt,2689,True,True,0.9702,0.0298,15,SCRN-001_news_catalyst|SCRN-002_relative_volume|SCRN-004_price_range|ENTR-002_fcnh|ENTR-003_dollar_levels|ENTR-004_micro_pullback|STOP-003_fifty_pct_daily_stop|STOP-007_position_stop|PROF-003_daily_goals|MKTCOND-002_leading_gapper|MKTCOND-004_overall_market|MKTCOND-005_seasonal|TIMING-001_premarket_watch|TIMING-002_opening_range|TIMING-003_midday_dead
Game Plan After My BIG LOSS Last Week.txt,3627,True,True,0.9702,0.0298,13,SCRN-001_news_catalyst|SCRN-002_relative_volume|SCRN-003_float|ENTR-004_micro_pullback|ENTR-006_bull_flag|STOP-003_fifty_pct_daily_stop|STOP-004_thirty_pct_soft_stop|STOP-006_halt_offering|PROF-002_scale_out|PROF-005_cold_market|MKTCOND-001_cold_hot_framework|TIMING-001_premarket_watch|TIMING-004_no_trade_days
Leading Gainer Spikes 97% on Light Volume.txt,3663,True,True,0.9702,0.0298,20,SCRN-001_news_catalyst|SCRN-003_float|SCRN-004_price_range|SCRN-005_daily_chart_room|SCRN-006_reverse_splits|ENTR-001_macd_gate|ENTR-003_dollar_levels|ENTR-005_vwap|ENTR-006_bull_flag|STOP-003_fifty_pct_daily_stop|PROF-001_dont_cap_green|PROF-003_daily_goals|PROF-004_size_up_hot|PROF-005_cold_market|PROF-006_start_small|MKTCOND-001_cold_hot_framework|MKTCOND-002_leading_gapper|TIMING-001_premarket_watch|TIMING-002_opening_range|TIMING-004_no_trade_days
Power Hour Short Squeeze!!.txt,3879,True,True,0.9702,0.0298,13,SCRN-001_news_catalyst|SCRN-003_float|SCRN-005_daily_chart_room|ENTR-001_macd_gate|ENTR-003_dollar_levels|ENTR-004_micro_pullback|ENTR-009_topping_tails|STOP-003_fifty_pct_daily_stop|STOP-004_thirty_pct_soft_stop|STOP-007_position_stop|PROF-006_start_small|TIMING-003_midday_dead|TIMING-006_power_hour
[LIVE] DAY TRADING Morning Show 9 00 - 9 30am ET with Ross Cameron [bLWqGXHKBlQ].txt,1834,True,True,0.9702,0.0298,14,SCRN-001_news_catalyst|SCRN-002_relative_volume|SCRN-003_float|SCRN-004_price_range|SCRN-005_daily_chart_room|SCRN-006_reverse_splits|ENTR-002_fcnh|ENTR-003_dollar_levels|ENTR-009_topping_tails|STOP-004_thirty_pct_soft_stop|PROF-001_dont_cap_green|MKTCOND-002_leading_gapper|TIMING-001_premarket_watch|TIMING-002_opening_range
$BEAT +40% LIVE Day Trading Morning Show with Ross Cameron.txt,3057,True,True,0.9701,0.0299,15,SCRN-002_relative_volume|SCRN-003_float|SCRN-004_price_range|SCRN-005_daily_chart_room|ENTR-001_macd_gate|ENTR-002_fcnh|ENTR-003_dollar_levels|ENTR-004_micro_pullback|ENTR-006_bull_flag|ENTR-008_double_bottom|MKTCOND-002_leading_gapper|MKTCOND-003_cheap_gappers|MKTCOND-004_overall_market|TIMING-001_premarket_watch|TIMING-002_opening_range
"+$7,549.61 on DAY 2 of 2026!!.txt",2658,True,True,0.9701,0.0299,14,SCRN-001_news_catalyst|SCRN-003_float|SCRN-004_price_range|ENTR-004_micro_pullback|ENTR-009_topping_tails|STOP-003_fifty_pct_daily_stop|PROF-001_dont_cap_green|PROF-004_size_up_hot|PROF-005_cold_market|PROF-006_start_small|MKTCOND-001_cold_hot_framework|MKTCOND-002_leading_gapper|TIMING-001_premarket_watch|TIMING-002_opening_range
Day Trading WATCHLIST for Tuesday Morning!.txt,5764,True,True,0.9701,0.0299,21,SCRN-001_news_catalyst|SCRN-003_float|SCRN-004_price_range|SCRN-005_daily_chart_room|SCRN-006_reverse_splits|SCRN-007_foreign_stocks|SCRN-008_sector_theme|SCRN-009_short_interest|SCRN-010_front_back_side|ENTR-003_dollar_levels|ENTR-004_micro_pullback|STOP-001_macd_hands_off|STOP-003_fifty_pct_daily_stop|STOP-007_position_stop|PROF-003_daily_goals|PROF-005_cold_market|PROF-006_start_small|MKTCOND-002_leading_gapper|TIMING-001_premarket_watch|TIMING-002_opening_range|TIMING-006_power_hour
WOW We Have THREE (3) Stocks UP OVER 100%.txt,6221,True,True,0.9701,0.0299,20,SCRN-001_news_catalyst|SCRN-003_float|SCRN-004_price_range|SCRN-005_daily_chart_room|SCRN-009_short_interest|SCRN-010_front_back_side|ENTR-001_macd_gate|ENTR-002_fcnh|ENTR-004_micro_pullback|ENTR-008_double_bottom|ENTR-009_topping_tails|STOP-001_macd_hands_off|STOP-003_fifty_pct_daily_stop|PROF-003_daily_goals|PROF-004_size_up_hot|PROF-005_cold_market|PROF-006_start_small|TIMING-001_premarket_watch|TIMING-002_opening_range|TIMING-006_power_hour
A Simple Price Action Scalping Strategy for Day Trading #stockmarket.txt,6001,True,True,0.97,0.03,17,SCRN-001_news_catalyst|SCRN-002_relative_volume|SCRN-003_float|SCRN-005_daily_chart_room|ENTR-001_macd_gate|ENTR-002_fcnh|ENTR-003_dollar_levels|ENTR-004_micro_pullback|ENTR-005_vwap|ENTR-007_order_spoofing|ENTR-009_topping_tails|STOP-002_ema_cross|PROF-004_size_up_hot|PROF-005_cold_market|MKTCOND-002_leading_gapper|TIMING-001_premarket_watch|TIMING-002_opening_range
"A Surprise 1,000% Short Squeeze with a Blue Sky Daily Chart.txt",2945,True,True,0.97,0.03,17,SCRN-001_news_catalyst|SCRN-003_float|SCRN-004_price_range|SCRN-005_daily_chart_room|SCRN-006_reverse_splits|SCRN-007_foreign_stocks|STOP-004_thirty_pct_soft_stop|PROF-005_cold_market|PROF-006_start_small|MKTCOND-001_cold_hot_framework|MKTCOND-003_cheap_gappers|MKTCOND-004_overall_market|MKTCOND-005_seasonal|TIMING-001_premarket_watch|TIMING-002_opening_range|TIMING-004_no_trade_days|TIMING-006_power_hour
Breaking News & Continuation Setups.txt,4415,True,True,0.97,0.03,23,SCRN-001_news_catalyst|SCRN-003_float|SCRN-004_price_range|SCRN-005_daily_chart_room|SCRN-008_sector_theme|SCRN-010_front_back_side|ENTR-002_fcnh|ENTR-003_dollar_levels|ENTR-004_micro_pullback|ENTR-006_bull_flag|STOP-004_thirty_pct_soft_stop|STOP-006_halt_offering|STOP-007_position_stop|PROF-001_dont_cap_green|PROF-002_scale_out|PROF-003_daily_goals|PROF-004_size_up_hot|PROF-006_start_small|MKTCOND-002_leading_gapper|MKTCOND-004_overall_market|MKTCOND-005_seasonal|TIMING-002_opening_range|TIMING-006_power_hour
"+$1,200 After Giving Back Profit Ross's Trade Recap.txt",1995,True,True,0.9699,0.0301,12,SCRN-001_news_catalyst|SCRN-003_float|SCRN-005_daily_chart_room|ENTR-003_dollar_levels|ENTR-004_micro_pullback|STOP-003_fifty_pct_daily_stop|STOP-004_thirty_pct_soft_stop|PROF-001_dont_cap_green|PROF-002_scale_out|TIMING-001_premarket_watch|TIMING-002_opening_range|TIMING-003_midday_dead
Day Trading Watch List and the 2 WEEK TRIAL Starts MONDAY.txt,3439,True,True,0.9699,0.0301,12,SCRN-001_news_catalyst|SCRN-003_float|SCRN-004_price_range|SCRN-005_daily_chart_room|SCRN-007_foreign_stocks|ENTR-009_topping_tails|STOP-003_fifty_pct_daily_stop|STOP-005_fifty_pct_retrace|MKTCOND-002_leading_gapper|MKTCOND-004_overall_market|TIMING-001_premarket_watch|TIMING-006_power_hour
Day Trading Watchlist for MONDAY.txt,3246,True,True,0.9699,0.0301,16,SCRN-001_news_catalyst|SCRN-002_relative_volume|SCRN-003_float|SCRN-004_price_range|SCRN-005_daily_chart_room|SCRN-010_front_back_side|ENTR-002_fcnh|ENTR-009_topping_tails|STOP-001_macd_hands_off|PROF-004_size_up_hot|PROF-006_start_small|MKTCOND-001_cold_hot_framework|MKTCOND-002_leading_gapper|TIMING-001_premarket_watch|TIMING-002_opening_range|TIMING-006_power_hour
Easing Off The Throttle +$400 Ross's Trade Recap.txt,1503,True,True,0.9699,0.0301,12,SCRN-001_news_catalyst|SCRN-003_float|SCRN-005_daily_chart_room|ENTR-002_fcnh|ENTR-003_dollar_levels|ENTR-004_micro_pullback|ENTR-009_topping_tails|PROF-001_dont_cap_green|PROF-003_daily_goals|MKTCOND-002_leading_gapper|TIMING-002_opening_range|TIMING-003_midday_dead
Green in a Choppy Market +$5k Recap by Ross Cameron.txt,1079,False,False,0.9699,0.0301,7,SCRN-003_float|SCRN-005_daily_chart_room|ENTR-004_micro_pullback|ENTR-009_topping_tails|MKTCOND-002_leading_gapper|TIMING-001_premarket_watch|TIMING-003_midday_dead
The Most Obvious Stock Today!.txt,2197,True,True,0.9699,0.0301,17,SCRN-001_news_catalyst|SCRN-003_float|SCRN-004_price_range|SCRN-005_daily_chart_room|SCRN-007_foreign_stocks|SCRN-008_sector_theme|SCRN-010_front_back_side|ENTR-005_vwap|STOP-003_fifty_pct_daily_stop|PROF-001_dont_cap_green|PROF-004_size_up_hot|PROF-005_cold_market|MKTCOND-001_cold_hot_framework|MKTCOND-002_leading_gapper|MKTCOND-003_cheap_gappers|TIMING-001_premarket_watch|TIMING-006_power_hour
[LIVE] DAY TRADING Morning Show with Ross Cameron (HOLIDAY SPECIAL) [EhhjOkp6Z6c].txt,1976,True,True,0.9699,0.0301,10,SCRN-001_news_catalyst|SCRN-003_float|SCRN-005_daily_chart_room|SCRN-006_reverse_splits|ENTR-005_vwap|MKTCOND-002_leading_gapper|MKTCOND-003_cheap_gappers|MKTCOND-004_overall_market|TIMING-001_premarket_watch|TIMING-002_opening_range
Buying the Break of VWAP Setup.txt,1724,True,True,0.9698,0.0302,13,SCRN-001_news_catalyst|SCRN-003_float|SCRN-007_foreign_stocks|SCRN-009_short_interest|ENTR-005_vwap|STOP-003_fifty_pct_daily_stop|STOP-004_thirty_pct_soft_stop|PROF-001_dont_cap_green|PROF-003_daily_goals|PROF-005_cold_market|MKTCOND-001_cold_hot_framework|MKTCOND-003_cheap_gappers|TIMING-002_opening_range
Day 39 Another Wild Card Wednesday +$10k Ross's Trade Recap.txt,4203,True,True,0.9698,0.0302,15,SCRN-001_news_catalyst|SCRN-005_daily_chart_room|SCRN-006_reverse_splits|ENTR-003_dollar_levels|ENTR-004_micro_pullback|ENTR-005_vwap|PROF-002_scale_out|PROF-005_cold_market|MKTCOND-001_cold_hot_framework|MKTCOND-002_leading_gapper|MKTCOND-003_cheap_gappers|MKTCOND-005_seasonal|TIMING-001_premarket_watch|TIMING-002_opening_range|TIMING-003_midday_dead
Live Day Trading Morning Show with Ross Cameron [13B7gvnYTyY].txt,1554,True,True,0.9698,0.0302,12,SCRN-001_news_catalyst|SCRN-009_short_interest|ENTR-002_fcnh|ENTR-003_dollar_levels|ENTR-004_micro_pullback|ENTR-008_double_bottom|STOP-007_position_stop|PROF-001_dont_cap_green|PROF-003_daily_goals|MKTCOND-002_leading_gapper|TIMING-001_premarket_watch|TIMING-002_opening_range
Green Trades on (NASDAQ $SGOC) +$17k! Recap by Ross Cameron.txt,2355,True,True,0.9697,0.0303,10,SCRN-001_news_catalyst|ENTR-002_fcnh|ENTR-003_dollar_levels|ENTR-004_micro_pullback|ENTR-009_topping_tails|STOP-003_fifty_pct_daily_stop|PROF-003_daily_goals|MKTCOND-002_leading_gapper|TIMING-002_opening_range|TIMING-003_midday_dead
Hallelujah I Hit My Daily Goal! Ross' Trade Recap.txt,2075,True,True,0.9697,0.0303,11,SCRN-001_news_catalyst|SCRN-003_float|ENTR-002_fcnh|ENTR-003_dollar_levels|ENTR-004_micro_pullback|STOP-003_fifty_pct_daily_stop|PROF-001_dont_cap_green|PROF-003_daily_goals|MKTCOND-002_leading_gapper|MKTCOND-004_overall_market|TIMING-003_midday_dead
LIVE Day Trading Morning Show with Ross.txt,5610,True,True,0.9697,0.0303,17,SCRN-001_news_catalyst|SCRN-003_float|SCRN-005_daily_chart_room|SCRN-006_reverse_splits|ENTR-002_fcnh|ENTR-003_dollar_levels|ENTR-004_micro_pullback|ENTR-008_double_bottom|STOP-003_fifty_pct_daily_stop|PROF-001_dont_cap_green|PROF-003_daily_goals|PROF-004_size_up_hot|PROF-005_cold_market|MKTCOND-002_leading_gapper|MKTCOND-004_overall_market|TIMING-001_premarket_watch|TIMING-002_opening_range
Live Day Trading Morning Show with Ross Cameron [_BMJ9X9MTjg].txt,3127,True,True,0.9697,0.0303,14,SCRN-001_news_catalyst|SCRN-003_float|SCRN-004_price_range|SCRN-005_daily_chart_room|SCRN-008_sector_theme|SCRN-009_short_interest|SCRN-010_front_back_side|ENTR-009_topping_tails|STOP-001_macd_hands_off|MKTCOND-002_leading_gapper|MKTCOND-004_overall_market|TIMING-001_premarket_watch|TIMING-002_opening_range|TIMING-005_session_length
Trade the BEST & Leave the Rest.txt,3742,True,True,0.9697,0.0303,21,SCRN-001_news_catalyst|SCRN-003_float|SCRN-004_price_range|SCRN-005_daily_chart_room|ENTR-001_macd_gate|ENTR-002_fcnh|ENTR-004_micro_pullback|ENTR-005_vwap|ENTR-009_topping_tails|STOP-003_fifty_pct_daily_stop|STOP-006_halt_offering|STOP-007_position_stop|PROF-005_cold_market|MKTCOND-002_leading_gapper|MKTCOND-003_cheap_gappers|MKTCOND-004_overall_market|TIMING-001_premarket_watch|TIMING-002_opening_range|TIMING-003_midday_dead|TIMING-004_no_trade_days|TIMING-006_power_hour
+$5k on $LBPH +200% on Breaking News.txt,4926,True,True,0.9696,0.0304,18,SCRN-001_news_catalyst|SCRN-004_price_range|SCRN-010_front_back_side|ENTR-003_dollar_levels|ENTR-004_micro_pullback|ENTR-009_topping_tails|STOP-001_macd_hands_off|STOP-003_fifty_pct_daily_stop|STOP-004_thirty_pct_soft_stop|PROF-001_dont_cap_green|PROF-003_daily_goals|PROF-004_size_up_hot|PROF-006_start_small|MKTCOND-002_leading_gapper|MKTCOND-005_seasonal|TIMING-002_opening_range|TIMING-003_midday_dead|TIMING-005_session_length
ANOTHER 200% Squeeze Pre-Market.txt,3394,True,True,0.9696,0.0304,21,SCRN-001_news_catalyst|SCRN-003_float|SCRN-004_price_range|SCRN-005_daily_chart_room|SCRN-006_reverse_splits|SCRN-007_foreign_stocks|SCRN-010_front_back_side|ENTR-001_macd_gate|ENTR-004_micro_pullback|ENTR-005_vwap|ENTR-009_topping_tails|STOP-001_macd_hands_off|STOP-003_fifty_pct_daily_stop|PROF-001_dont_cap_green|PROF-003_daily_goals|PROF-004_size_up_hot|PROF-006_start_small|MKTCOND-002_leading_gapper|MKTCOND-004_overall_market|MKTCOND-005_seasonal|TIMING-001_premarket_watch
Penny Stocks Squeezing Up 300%+.txt,2113,True,True,0.9696,0.0304,13,SCRN-001_news_catalyst|SCRN-003_float|SCRN-009_short_interest|ENTR-004_micro_pullback|ENTR-005_vwap|STOP-003_fifty_pct_daily_stop|STOP-004_thirty_pct_soft_stop|PROF-004_size_up_hot|MKTCOND-002_leading_gapper|TIMING-001_premarket_watch|TIMING-002_opening_range|TIMING-005_session_length|TIMING-006_power_hour
Top 3 Catalysts That Produced +$339k in November (GAME PLAN for December).txt,9730,True,True,0.9696,0.0304,23,SCRN-001_news_catalyst|SCRN-002_relative_volume|SCRN-003_float|SCRN-004_price_range|SCRN-007_foreign_stocks|SCRN-008_sector_theme|SCRN-009_short_interest|ENTR-002_fcnh|ENTR-007_order_spoofing|STOP-001_macd_hands_off|STOP-006_halt_offering|STOP-007_position_stop|PROF-002_scale_out|PROF-004_size_up_hot|PROF-005_cold_market|MKTCOND-001_cold_hot_framework|MKTCOND-002_leading_gapper|MKTCOND-004_overall_market|MKTCOND-005_seasonal|TIMING-001_premarket_watch|TIMING-002_opening_range|TIMING-005_session_length|TIMING-006_power_hour
$5K Green Day! Ross' Trade Recap.txt,2285,True,True,0.9695,0.0305,13,SCRN-001_news_catalyst|SCRN-003_float|SCRN-005_daily_chart_room|SCRN-006_reverse_splits|ENTR-003_dollar_levels|ENTR-004_micro_pullback|STOP-003_fifty_pct_daily_stop|PROF-001_dont_cap_green|PROF-003_daily_goals|PROF-005_cold_market|MKTCOND-002_leading_gapper|TIMING-001_premarket_watch|TIMING-002_opening_range
I DID NOT Trade the Most Obvious Stock Today...Here's Why.txt,2885,True,True,0.9695,0.0305,15,SCRN-001_news_catalyst|SCRN-005_daily_chart_room|SCRN-006_reverse_splits|ENTR-003_dollar_levels|ENTR-005_vwap|ENTR-007_order_spoofing|ENTR-009_topping_tails|STOP-003_fifty_pct_daily_stop|STOP-006_halt_offering|STOP-007_position_stop|PROF-001_dont_cap_green|PROF-004_size_up_hot|PROF-006_start_small|TIMING-001_premarket_watch|TIMING-002_opening_range
[LIVE DAY TRADING] Momo is BACK! $COIN +40% $ENVB Continuation +400% in 2 days #stocks #daytrading.txt,4273,True,True,0.9695,0.0305,21,SCRN-001_news_catalyst|SCRN-002_relative_volume|SCRN-004_price_range|SCRN-005_daily_chart_room|SCRN-006_reverse_splits|SCRN-008_sector_theme|SCRN-009_short_interest|ENTR-004_micro_pullback|ENTR-005_vwap|ENTR-009_topping_tails|STOP-006_halt_offering|STOP-007_position_stop|PROF-001_dont_cap_green|PROF-002_scale_out|PROF-005_cold_market|MKTCOND-002_leading_gapper|MKTCOND-004_overall_market|TIMING-001_premarket_watch|TIMING-002_opening_range|TIMING-003_midday_dead|TIMING-006_power_hour
$LLL +250% Day Trading Recap by Ross Cameron.txt,3900,True,True,0.9694,0.0306,18,SCRN-001_news_catalyst|SCRN-003_float|SCRN-004_price_range|SCRN-005_daily_chart_room|SCRN-007_foreign_stocks|SCRN-010_front_back_side|ENTR-002_fcnh|ENTR-003_dollar_levels|ENTR-004_micro_pullback|ENTR-006_bull_flag|ENTR-009_topping_tails|STOP-001_macd_hands_off|STOP-003_fifty_pct_daily_stop|PROF-001_dont_cap_green|PROF-003_daily_goals|MKTCOND-001_cold_hot_framework|TIMING-001_premarket_watch|TIMING-003_midday_dead
I won't say good morning....txt,2239,True,True,0.9694,0.0306,14,SCRN-001_news_catalyst|SCRN-003_float|SCRN-004_price_range|SCRN-008_sector_theme|PROF-001_dont_cap_green|PROF-003_daily_goals|PROF-006_start_small|MKTCOND-002_leading_gapper|MKTCOND-003_cheap_gappers|MKTCOND-004_overall_market|TIMING-001_premarket_watch|TIMING-002_opening_range|TIMING-003_midday_dead|TIMING-005_session_length
100% Squeeze in 25 minutes!.txt,2572,True,True,0.9693,0.0307,16,SCRN-001_news_catalyst|SCRN-002_relative_volume|SCRN-003_float|ENTR-001_macd_gate|ENTR-003_dollar_levels|ENTR-005_vwap|STOP-003_fifty_pct_daily_stop|STOP-004_thirty_pct_soft_stop|STOP-006_halt_offering|PROF-003_daily_goals|PROF-006_start_small|MKTCOND-002_leading_gapper|TIMING-001_premarket_watch|TIMING-002_opening_range|TIMING-003_midday_dead|TIMING-006_power_hour
[LIVE] Live Day Trading Morning Show with Ross Cameron [P0rkmu0yqhE].txt,3816,True,True,0.9693,0.0307,16,SCRN-001_news_catalyst|SCRN-004_price_range|SCRN-005_daily_chart_room|ENTR-001_macd_gate|ENTR-002_fcnh|ENTR-004_micro_pullback|ENTR-005_vwap|ENTR-008_double_bottom|PROF-001_dont_cap_green|PROF-003_daily_goals|PROF-006_start_small|MKTCOND-002_leading_gapper|MKTCOND-004_overall_market|TIMING-001_premarket_watch|TIMING-002_opening_range|TIMING-006_power_hour
+$60 billion overnight on $VFS.txt,4036,True,True,0.9692,0.0308,22,SCRN-001_news_catalyst|SCRN-003_float|SCRN-004_price_range|SCRN-005_daily_chart_room|SCRN-006_reverse_splits|SCRN-007_foreign_stocks|SCRN-009_short_interest|SCRN-010_front_back_side|ENTR-002_fcnh|ENTR-003_dollar_levels|ENTR-004_micro_pullback|ENTR-005_vwap|ENTR-006_bull_flag|STOP-001_macd_hands_off|PROF-004_size_up_hot|PROF-005_cold_market|MKTCOND-001_cold_hot_framework|MKTCOND-004_overall_market|TIMING-001_premarket_watch|TIMING-002_opening_range|TIMING-003_midday_dead|TIMING-005_session_length
"Mission Accomplished +$2,200 Ross' Trade Recap.txt",3179,True,True,0.9692,0.0308,14,SCRN-001_news_catalyst|SCRN-002_relative_volume|SCRN-003_float|SCRN-004_price_range|SCRN-005_daily_chart_room|SCRN-006_reverse_splits|ENTR-002_fcnh|ENTR-003_dollar_levels|ENTR-005_vwap|STOP-003_fifty_pct_daily_stop|STOP-007_position_stop|MKTCOND-002_leading_gapper|MKTCOND-003_cheap_gappers|TIMING-003_midday_dead
Trading Breaking News.txt,3586,True,True,0.9692,0.0308,17,SCRN-001_news_catalyst|SCRN-003_float|SCRN-004_price_range|SCRN-005_daily_chart_room|ENTR-002_fcnh|ENTR-004_micro_pullback|ENTR-005_vwap|ENTR-009_topping_tails|STOP-006_halt_offering|STOP-007_position_stop|PROF-001_dont_cap_green|MKTCOND-001_cold_hot_framework|MKTCOND-002_leading_gapper|MKTCOND-004_overall_market|MKTCOND-005_seasonal|TIMING-001_premarket_watch|TIMING-002_opening_range
[LIVE] DAY TRADING Morning Show 9 00 - 9 30am ET with Ross Cameron [wsKJQXyGnTQ].txt,1582,True,True,0.9692,0.0308,8,SCRN-001_news_catalyst|SCRN-003_float|SCRN-004_price_range|SCRN-005_daily_chart_room|SCRN-006_reverse_splits|MKTCOND-002_leading_gapper|MKTCOND-004_overall_market|TIMING-002_opening_range
"+$7,248.77 in 15-min of Day Trading.txt",2906,True,True,0.9691,0.0309,15,SCRN-001_news_catalyst|SCRN-003_float|SCRN-004_price_range|SCRN-005_daily_chart_room|SCRN-007_foreign_stocks|SCRN-009_short_interest|ENTR-001_macd_gate|ENTR-004_micro_pullback|ENTR-005_vwap|ENTR-007_order_spoofing|STOP-003_fifty_pct_daily_stop|STOP-006_halt_offering|TIMING-001_premarket_watch|TIMING-002_opening_range|TIMING-006_power_hour
Dead Cat Bounce Pattern.txt,4066,True,True,0.9691,0.0309,20,SCRN-001_news_catalyst|SCRN-002_relative_volume|SCRN-003_float|SCRN-004_price_range|SCRN-005_daily_chart_room|SCRN-010_front_back_side|ENTR-002_fcnh|ENTR-003_dollar_levels|ENTR-004_micro_pullback|ENTR-005_vwap|ENTR-008_double_bottom|ENTR-009_topping_tails|PROF-001_dont_cap_green|PROF-002_scale_out|PROF-003_daily_goals|PROF-004_size_up_hot|MKTCOND-004_overall_market|TIMING-001_premarket_watch|TIMING-002_opening_range|TIMING-006_power_hour
[LIVE] $ENVB +400% and $QNRX to $28 Recap & Live Trading Power Hour Momentum #stocks #daytrading.txt,3270,True,True,0.9691,0.0309,14,SCRN-001_news_catalyst|SCRN-003_float|SCRN-005_daily_chart_room|SCRN-006_reverse_splits|SCRN-010_front_back_side|ENTR-002_fcnh|ENTR-003_dollar_levels|ENTR-004_micro_pullback|ENTR-009_topping_tails|PROF-004_size_up_hot|PROF-005_cold_market|MKTCOND-002_leading_gapper|TIMING-001_premarket_watch|TIMING-006_power_hour
Day Trading the 3-Day Squeeze Setup (Step-by-Step Guide).txt,11580,True,True,0.969,0.031,30,SCRN-001_news_catalyst|SCRN-002_relative_volume|SCRN-003_float|SCRN-004_price_range|SCRN-005_daily_chart_room|SCRN-006_reverse_splits|SCRN-007_foreign_stocks|SCRN-008_sector_theme|SCRN-009_short_interest|ENTR-002_fcnh|ENTR-004_micro_pullback|ENTR-005_vwap|ENTR-006_bull_flag|ENTR-008_double_bottom|ENTR-009_topping_tails|STOP-003_fifty_pct_daily_stop|STOP-004_thirty_pct_soft_stop|STOP-006_halt_offering|STOP-007_position_stop|PROF-002_scale_out|PROF-003_daily_goals|PROF-004_size_up_hot|PROF-005_cold_market|MKTCOND-001_cold_hot_framework|MKTCOND-002_leading_gapper|MKTCOND-003_cheap_gappers|TIMING-001_premarket_watch|TIMING-002_opening_range|TIMING-004_no_trade_days|TIMING-006_power_hour
TODAY We Had A Massive Short Squeeze At The Open!.txt,5450,True,True,0.969,0.031,15,SCRN-001_news_catalyst|SCRN-002_relative_volume|SCRN-003_float|SCRN-009_short_interest|ENTR-002_fcnh|ENTR-004_micro_pullback|ENTR-009_topping_tails|STOP-004_thirty_pct_soft_stop|STOP-006_halt_offering|PROF-003_daily_goals|PROF-005_cold_market|MKTCOND-004_overall_market|TIMING-001_premarket_watch|TIMING-002_opening_range|TIMING-004_no_trade_days
The Hot Streak is Alive and Well!.txt,2679,True,True,0.969,0.031,13,SCRN-001_news_catalyst|SCRN-004_price_range|ENTR-002_fcnh|ENTR-003_dollar_levels|ENTR-004_micro_pullback|PROF-001_dont_cap_green|MKTCOND-002_leading_gapper|MKTCOND-004_overall_market|MKTCOND-005_seasonal|TIMING-001_premarket_watch|TIMING-002_opening_range|TIMING-003_midday_dead|TIMING-006_power_hour
Ultimate Beginners Guide to Timing Entries & Exits for Momentum Trend Trading.txt,15021,True,True,0.969,0.031,26,SCRN-001_news_catalyst|SCRN-002_relative_volume|SCRN-003_float|SCRN-004_price_range|SCRN-005_daily_chart_room|SCRN-009_short_interest|ENTR-002_fcnh|ENTR-003_dollar_levels|ENTR-004_micro_pullback|ENTR-005_vwap|ENTR-006_bull_flag|ENTR-008_double_bottom|ENTR-009_topping_tails|STOP-002_ema_cross|STOP-003_fifty_pct_daily_stop|STOP-004_thirty_pct_soft_stop|STOP-007_position_stop|PROF-001_dont_cap_green|PROF-002_scale_out|PROF-004_size_up_hot|PROF-006_start_small|MKTCOND-002_leading_gapper|TIMING-001_premarket_watch|TIMING-002_opening_range|TIMING-003_midday_dead|TIMING-005_session_length
a 461% Short Squeeze for Monday morning!.txt,4485,True,True,0.969,0.031,17,SCRN-001_news_catalyst|SCRN-003_float|SCRN-007_foreign_stocks|SCRN-009_short_interest|ENTR-001_macd_gate|ENTR-002_fcnh|ENTR-004_micro_pullback|ENTR-005_vwap|ENTR-009_topping_tails|STOP-004_thirty_pct_soft_stop|PROF-002_scale_out|PROF-003_daily_goals|PROF-006_start_small|MKTCOND-001_cold_hot_framework|TIMING-001_premarket_watch|TIMING-002_opening_range|TIMING-006_power_hour
Riding The Wave of Momentum Ross's Trade Recap.txt,2548,True,True,0.9689,0.0311,15,SCRN-001_news_catalyst|SCRN-003_float|SCRN-004_price_range|SCRN-005_daily_chart_room|SCRN-009_short_interest|ENTR-002_fcnh|ENTR-003_dollar_levels|STOP-003_fifty_pct_daily_stop|STOP-004_thirty_pct_soft_stop|STOP-007_position_stop|PROF-003_daily_goals|MKTCOND-002_leading_gapper|MKTCOND-003_cheap_gappers|TIMING-001_premarket_watch|TIMING-002_opening_range
How to Find Stocks BEFORE The Make A Big Move! (Step-by-Step Guide).txt,12035,True,True,0.9688,0.0312,27,SCRN-001_news_catalyst|SCRN-002_relative_volume|SCRN-003_float|SCRN-004_price_range|SCRN-005_daily_chart_room|SCRN-006_reverse_splits|SCRN-008_sector_theme|SCRN-009_short_interest|SCRN-010_front_back_side|ENTR-001_macd_gate|ENTR-002_fcnh|ENTR-003_dollar_levels|ENTR-004_micro_pullback|ENTR-005_vwap|ENTR-009_topping_tails|STOP-001_macd_hands_off|STOP-003_fifty_pct_daily_stop|STOP-004_thirty_pct_soft_stop|STOP-006_halt_offering|PROF-001_dont_cap_green|PROF-004_size_up_hot|PROF-006_start_small|MKTCOND-003_cheap_gappers|TIMING-001_premarket_watch|TIMING-002_opening_range|TIMING-003_midday_dead|TIMING-006_power_hour
[LIVE] DAY TRADING Morning Show 9 00 - 9 30am ET with Ross Cameron [qDmNta6NSfk].txt,2452,True,True,0.9688,0.0312,15,SCRN-001_news_catalyst|SCRN-003_float|SCRN-004_price_range|SCRN-005_daily_chart_room|ENTR-003_dollar_levels|ENTR-009_topping_tails|STOP-006_halt_offering|PROF-004_size_up_hot|MKTCOND-001_cold_hot_framework|MKTCOND-002_leading_gapper|MKTCOND-003_cheap_gappers|MKTCOND-004_overall_market|TIMING-001_premarket_watch|TIMING-002_opening_range|TIMING-006_power_hour
How I Went from RED on the Day to GREEN!.txt,1805,True,True,0.9686,0.0314,8,SCRN-001_news_catalyst|SCRN-003_float|ENTR-002_fcnh|ENTR-004_micro_pullback|PROF-005_cold_market|MKTCOND-001_cold_hot_framework|TIMING-002_opening_range|TIMING-006_power_hour
[LIVE] DAY TRADING Morning Show 9 00 - 9 30am EST with Ross Cameron! [sCCtnV2S5fk].txt,4524,True,True,0.9686,0.0314,17,SCRN-001_news_catalyst|SCRN-002_relative_volume|SCRN-003_float|SCRN-004_price_range|SCRN-005_daily_chart_room|SCRN-006_reverse_splits|SCRN-010_front_back_side|ENTR-003_dollar_levels|ENTR-004_micro_pullback|ENTR-009_topping_tails|STOP-001_macd_hands_off|PROF-001_dont_cap_green|PROF-003_daily_goals|MKTCOND-002_leading_gapper|TIMING-001_premarket_watch|TIMING-002_opening_range|TIMING-005_session_length
[LIVE] Live Day Trading Morning Show with Ross Cameron #stocks #daytrading [DLTsw08RaOA].txt,2160,True,True,0.9686,0.0314,11,SCRN-001_news_catalyst|SCRN-003_float|SCRN-004_price_range|SCRN-005_daily_chart_room|ENTR-005_vwap|PROF-005_cold_market|MKTCOND-002_leading_gapper|MKTCOND-004_overall_market|TIMING-001_premarket_watch|TIMING-002_opening_range|TIMING-004_no_trade_days
Base Hit Day +$733 Ross' Trade Recap.txt,2099,True,True,0.9685,0.0315,9,SCRN-003_float|SCRN-004_price_range|SCRN-005_daily_chart_room|ENTR-003_dollar_levels|PROF-003_daily_goals|PROF-005_cold_market|MKTCOND-002_leading_gapper|TIMING-001_premarket_watch|TIMING-002_opening_range
GREEN TODAY on the Top 3 Leading % Gainers in the Market.txt,3408,True,True,0.9685,0.0315,19,SCRN-001_news_catalyst|SCRN-003_float|SCRN-004_price_range|SCRN-007_foreign_stocks|ENTR-002_fcnh|ENTR-004_micro_pullback|ENTR-005_vwap|ENTR-006_bull_flag|ENTR-009_topping_tails|STOP-001_macd_hands_off|STOP-003_fifty_pct_daily_stop|PROF-003_daily_goals|PROF-005_cold_market|MKTCOND-001_cold_hot_framework|MKTCOND-002_leading_gapper|MKTCOND-004_overall_market|TIMING-001_premarket_watch|TIMING-002_opening_range|TIMING-006_power_hour
What else could it have been.txt,3651,True,True,0.9685,0.0315,9,SCRN-001_news_catalyst|SCRN-003_float|SCRN-009_short_interest|ENTR-009_topping_tails|STOP-003_fifty_pct_daily_stop|STOP-006_halt_offering|PROF-005_cold_market|PROF-006_start_small|MKTCOND-001_cold_hot_framework
Day Trading DeepSeek Breaking News.txt,3120,True,True,0.9684,0.0316,14,SCRN-001_news_catalyst|SCRN-005_daily_chart_room|SCRN-006_reverse_splits|SCRN-007_foreign_stocks|SCRN-010_front_back_side|ENTR-002_fcnh|ENTR-004_micro_pullback|ENTR-009_topping_tails|STOP-006_halt_offering|STOP-007_position_stop|PROF-004_size_up_hot|MKTCOND-001_cold_hot_framework|MKTCOND-004_overall_market|TIMING-001_premarket_watch
[LIVE] +40% $AMLX - Day Trading Morning Show with Ross Cameron #stocks #daytrading.txt,8456,True,True,0.9684,0.0316,26,SCRN-001_news_catalyst|SCRN-002_relative_volume|SCRN-003_float|SCRN-004_price_range|SCRN-005_daily_chart_room|SCRN-006_reverse_splits|SCRN-007_foreign_stocks|SCRN-008_sector_theme|ENTR-001_macd_gate|ENTR-002_fcnh|ENTR-003_dollar_levels|ENTR-004_micro_pullback|ENTR-006_bull_flag|ENTR-007_order_spoofing|ENTR-008_double_bottom|ENTR-009_topping_tails|STOP-004_thirty_pct_soft_stop|PROF-001_dont_cap_green|PROF-002_scale_out|PROF-003_daily_goals|PROF-004_size_up_hot|PROF-005_cold_market|MKTCOND-002_leading_gapper|TIMING-001_premarket_watch|TIMING-002_opening_range|TIMING-004_no_trade_days
Watch List for MONDAY (Friday we had a 700% Short Squeeze).txt,3965,True,True,0.9683,0.0317,15,SCRN-001_news_catalyst|SCRN-003_float|SCRN-004_price_range|SCRN-005_daily_chart_room|SCRN-006_reverse_splits|SCRN-007_foreign_stocks|SCRN-008_sector_theme|STOP-004_thirty_pct_soft_stop|PROF-002_scale_out|MKTCOND-004_overall_market|MKTCOND-005_seasonal|TIMING-001_premarket_watch|TIMING-002_opening_range|TIMING-003_midday_dead|TIMING-006_power_hour
"$26,553.22 on a 100% Squeeze on Breaking News.txt",2620,True,True,0.9682,0.0318,18,SCRN-001_news_catalyst|SCRN-002_relative_volume|SCRN-003_float|SCRN-005_daily_chart_room|SCRN-008_sector_theme|ENTR-001_macd_gate|ENTR-002_fcnh|ENTR-004_micro_pullback|ENTR-005_vwap|ENTR-006_bull_flag|ENTR-009_topping_tails|PROF-001_dont_cap_green|PROF-003_daily_goals|PROF-004_size_up_hot|TIMING-001_premarket_watch|TIMING-002_opening_range|TIMING-003_midday_dead|TIMING-006_power_hour
BREAKING NEWS After Hours sends me from RED to GREEN.txt,4128,True,True,0.9682,0.0318,15,SCRN-001_news_catalyst|SCRN-005_daily_chart_room|ENTR-004_micro_pullback|ENTR-009_topping_tails|STOP-003_fifty_pct_daily_stop|STOP-004_thirty_pct_soft_stop|PROF-003_daily_goals|PROF-005_cold_market|MKTCOND-005_seasonal|TIMING-001_premarket_watch|TIMING-002_opening_range|TIMING-003_midday_dead|TIMING-004_no_trade_days|TIMING-005_session_length|TIMING-006_power_hour
Grinding Short Squeeze +350% on Space-as-a-Service Company ($SIDU NASDAQ).txt,2863,True,True,0.9682,0.0318,15,SCRN-003_float|SCRN-009_short_interest|ENTR-001_macd_gate|ENTR-002_fcnh|ENTR-003_dollar_levels|ENTR-004_micro_pullback|ENTR-005_vwap|ENTR-009_topping_tails|STOP-003_fifty_pct_daily_stop|PROF-003_daily_goals|PROF-004_size_up_hot|PROF-006_start_small|MKTCOND-003_cheap_gappers|TIMING-002_opening_range|TIMING-003_midday_dead
"I Can't Believe This Stock Went Up 10,000% [bZjbsbpRwnE].txt",4947,True,True,0.9682,0.0318,16,SCRN-001_news_catalyst|SCRN-003_float|SCRN-005_daily_chart_room|SCRN-006_reverse_splits|SCRN-007_foreign_stocks|SCRN-009_short_interest|ENTR-003_dollar_levels|STOP-003_fifty_pct_daily_stop|STOP-006_halt_offering|STOP-007_position_stop|PROF-001_dont_cap_green|MKTCOND-002_leading_gapper|MKTCOND-003_cheap_gappers|MKTCOND-005_seasonal|TIMING-001_premarket_watch|TIMING-002_opening_range
"I Can't Believe This Stock Went Up 10,000%.txt",4947,True,True,0.9682,0.0318,16,SCRN-001_news_catalyst|SCRN-003_float|SCRN-005_daily_chart_room|SCRN-006_reverse_splits|SCRN-007_foreign_stocks|SCRN-009_short_interest|ENTR-003_dollar_levels|STOP-003_fifty_pct_daily_stop|STOP-006_halt_offering|STOP-007_position_stop|PROF-001_dont_cap_green|MKTCOND-002_leading_gapper|MKTCOND-003_cheap_gappers|MKTCOND-005_seasonal|TIMING-001_premarket_watch|TIMING-002_opening_range
Live Day Trading Morning Show with Ross Cameron [7NonyLXEieU].txt,4707,True,True,0.9682,0.0318,16,SCRN-003_float|SCRN-008_sector_theme|SCRN-009_short_interest|ENTR-002_fcnh|ENTR-003_dollar_levels|ENTR-004_micro_pullback|ENTR-006_bull_flag|ENTR-008_double_bottom|ENTR-009_topping_tails|STOP-007_position_stop|PROF-001_dont_cap_green|PROF-005_cold_market|MKTCOND-004_overall_market|TIMING-001_premarket_watch|TIMING-002_opening_range|TIMING-003_midday_dead
My #1 Watchlist Stock for Monday.txt,3663,True,True,0.9682,0.0318,15,SCRN-001_news_catalyst|SCRN-003_float|SCRN-004_price_range|SCRN-005_daily_chart_room|SCRN-006_reverse_splits|SCRN-007_foreign_stocks|SCRN-008_sector_theme|SCRN-010_front_back_side|MKTCOND-001_cold_hot_framework|MKTCOND-002_leading_gapper|MKTCOND-003_cheap_gappers|MKTCOND-004_overall_market|MKTCOND-005_seasonal|TIMING-002_opening_range|TIMING-006_power_hour
This Stock Went Up +325% TODAY.txt,5295,True,True,0.9682,0.0318,22,SCRN-001_news_catalyst|SCRN-002_relative_volume|SCRN-003_float|SCRN-004_price_range|SCRN-005_daily_chart_room|SCRN-006_reverse_splits|SCRN-007_foreign_stocks|SCRN-008_sector_theme|ENTR-001_macd_gate|ENTR-002_fcnh|ENTR-003_dollar_levels|ENTR-004_micro_pullback|ENTR-005_vwap|ENTR-009_topping_tails|STOP-003_fifty_pct_daily_stop|STOP-004_thirty_pct_soft_stop|PROF-004_size_up_hot|PROF-005_cold_market|PROF-006_start_small|MKTCOND-001_cold_hot_framework|MKTCOND-002_leading_gapper|TIMING-002_opening_range
[LIVE] Day Trading Morning Show with Ross Cameron #stocks #daytrading [V3tuLIxm000].txt,2216,True,True,0.9682,0.0318,10,SCRN-003_float|SCRN-009_short_interest|ENTR-003_dollar_levels|ENTR-004_micro_pullback|ENTR-007_order_spoofing|STOP-007_position_stop|PROF-001_dont_cap_green|PROF-005_cold_market|MKTCOND-002_leading_gapper|TIMING-002_opening_range
$LUCY +80% LIVE Day Trading Morning Show with Ross Cameron.txt,3476,True,True,0.9681,0.0319,19,SCRN-001_news_catalyst|SCRN-003_float|SCRN-004_price_range|SCRN-005_daily_chart_room|SCRN-009_short_interest|SCRN-010_front_back_side|ENTR-001_macd_gate|ENTR-002_fcnh|ENTR-003_dollar_levels|ENTR-004_micro_pullback|ENTR-006_bull_flag|ENTR-009_topping_tails|PROF-002_scale_out|PROF-003_daily_goals|PROF-004_size_up_hot|MKTCOND-002_leading_gapper|MKTCOND-004_overall_market|TIMING-001_premarket_watch|TIMING-002_opening_range
5 Stocks Up Over 100% in Pre-Market Trading.txt,3502,True,True,0.9681,0.0319,19,SCRN-001_news_catalyst|SCRN-003_float|SCRN-004_price_range|SCRN-005_daily_chart_room|SCRN-006_reverse_splits|SCRN-008_sector_theme|ENTR-002_fcnh|ENTR-003_dollar_levels|ENTR-005_vwap|STOP-003_fifty_pct_daily_stop|STOP-004_thirty_pct_soft_stop|PROF-004_size_up_hot|PROF-006_start_small|MKTCOND-002_leading_gapper|MKTCOND-003_cheap_gappers|MKTCOND-004_overall_market|MKTCOND-005_seasonal|TIMING-001_premarket_watch|TIMING-002_opening_range
Day Trading Watch List for MONDAY! [QmTfyp8m2-8].txt,4925,True,True,0.9681,0.0319,16,SCRN-001_news_catalyst|SCRN-003_float|SCRN-004_price_range|SCRN-005_daily_chart_room|SCRN-006_reverse_splits|SCRN-007_foreign_stocks|SCRN-008_sector_theme|SCRN-009_short_interest|SCRN-010_front_back_side|STOP-003_fifty_pct_daily_stop|STOP-006_halt_offering|MKTCOND-001_cold_hot_framework|MKTCOND-002_leading_gapper|MKTCOND-004_overall_market|MKTCOND-005_seasonal|TIMING-006_power_hour
Energy Stocks Surging Higher on Middle East News.txt,3053,True,True,0.9681,0.0319,21,SCRN-001_news_catalyst|SCRN-002_relative_volume|SCRN-004_price_range|SCRN-007_foreign_stocks|SCRN-008_sector_theme|SCRN-010_front_back_side|ENTR-002_fcnh|ENTR-006_bull_flag|STOP-001_macd_hands_off|STOP-006_halt_offering|PROF-001_dont_cap_green|PROF-003_daily_goals|PROF-005_cold_market|PROF-006_start_small|MKTCOND-001_cold_hot_framework|MKTCOND-003_cheap_gappers|TIMING-001_premarket_watch|TIMING-002_opening_range|TIMING-003_midday_dead|TIMING-005_session_length|TIMING-006_power_hour
LIVE Day Trading Morning Show with Ross Cameron [4T7B44xmUxY].txt,3381,True,True,0.9681,0.0319,15,SCRN-001_news_catalyst|SCRN-003_float|SCRN-004_price_range|SCRN-005_daily_chart_room|SCRN-006_reverse_splits|SCRN-009_short_interest|ENTR-003_dollar_levels|PROF-001_dont_cap_green|PROF-005_cold_market|MKTCOND-001_cold_hot_framework|MKTCOND-002_leading_gapper|MKTCOND-003_cheap_gappers|MKTCOND-005_seasonal|TIMING-002_opening_range|TIMING-006_power_hour
This Stock Just Went Up 280%.txt,1407,False,False,0.9681,0.0319,13,SCRN-001_news_catalyst|SCRN-002_relative_volume|SCRN-003_float|ENTR-002_fcnh|ENTR-004_micro_pullback|ENTR-005_vwap|PROF-005_cold_market|PROF-006_start_small|TIMING-001_premarket_watch|TIMING-002_opening_range|TIMING-003_midday_dead|TIMING-004_no_trade_days|TIMING-006_power_hour
$OCEA +125% Gap and Go!.txt,1171,False,False,0.968,0.032,8,SCRN-003_float|SCRN-004_price_range|ENTR-002_fcnh|ENTR-006_bull_flag|PROF-004_size_up_hot|MKTCOND-004_overall_market|TIMING-002_opening_range|TIMING-003_midday_dead
+$1.6k on DGBI & GBR Day Trading Recap By Ross Cameron.txt,1697,True,True,0.968,0.032,12,SCRN-001_news_catalyst|ENTR-004_micro_pullback|ENTR-005_vwap|STOP-003_fifty_pct_daily_stop|PROF-001_dont_cap_green|PROF-003_daily_goals|PROF-005_cold_market|MKTCOND-001_cold_hot_framework|MKTCOND-002_leading_gapper|TIMING-001_premarket_watch|TIMING-002_opening_range|TIMING-004_no_trade_days
2hrs of Day Trading.txt,4286,True,True,0.968,0.032,20,SCRN-001_news_catalyst|SCRN-002_relative_volume|SCRN-003_float|SCRN-005_daily_chart_room|SCRN-008_sector_theme|SCRN-009_short_interest|SCRN-010_front_back_side|ENTR-002_fcnh|ENTR-003_dollar_levels|ENTR-009_topping_tails|STOP-001_macd_hands_off|STOP-003_fifty_pct_daily_stop|STOP-007_position_stop|PROF-002_scale_out|PROF-005_cold_market|PROF-006_start_small|MKTCOND-001_cold_hot_framework|TIMING-001_premarket_watch|TIMING-002_opening_range|TIMING-005_session_length
8x the Daily Goal on Breaking News Momentum Trading.txt,3652,True,True,0.968,0.032,18,SCRN-001_news_catalyst|SCRN-002_relative_volume|SCRN-003_float|SCRN-005_daily_chart_room|SCRN-006_reverse_splits|ENTR-001_macd_gate|ENTR-002_fcnh|ENTR-004_micro_pullback|STOP-003_fifty_pct_daily_stop|STOP-004_thirty_pct_soft_stop|STOP-005_fifty_pct_retrace|STOP-007_position_stop|PROF-001_dont_cap_green|PROF-004_size_up_hot|MKTCOND-005_seasonal|TIMING-001_premarket_watch|TIMING-002_opening_range|TIMING-005_session_length
I'm BACK! [piaeQpBWNOs].txt,5797,True,True,0.968,0.032,14,SCRN-001_news_catalyst|SCRN-003_float|SCRN-004_price_range|SCRN-005_daily_chart_room|SCRN-006_reverse_splits|SCRN-009_short_interest|ENTR-004_micro_pullback|STOP-006_halt_offering|PROF-006_start_small|MKTCOND-003_cheap_gappers|MKTCOND-004_overall_market|TIMING-001_premarket_watch|TIMING-002_opening_range|TIMING-006_power_hour
If you can make it here….txt,3897,True,True,0.968,0.032,21,SCRN-001_news_catalyst|SCRN-003_float|SCRN-004_price_range|SCRN-005_daily_chart_room|SCRN-007_foreign_stocks|ENTR-002_fcnh|ENTR-003_dollar_levels|ENTR-004_micro_pullback|ENTR-005_vwap|ENTR-008_double_bottom|ENTR-009_topping_tails|STOP-003_fifty_pct_daily_stop|STOP-004_thirty_pct_soft_stop|PROF-001_dont_cap_green|PROF-003_daily_goals|PROF-005_cold_market|MKTCOND-001_cold_hot_framework|MKTCOND-003_cheap_gappers|MKTCOND-004_overall_market|TIMING-001_premarket_watch|TIMING-002_opening_range
"VIVE with the Good VIBES! +$5,685 to Start October! Ross' Trade Recap.txt",4799,True,True,0.968,0.032,17,SCRN-001_news_catalyst|SCRN-003_float|SCRN-004_price_range|SCRN-005_daily_chart_room|SCRN-006_reverse_splits|SCRN-009_short_interest|ENTR-002_fcnh|ENTR-003_dollar_levels|ENTR-004_micro_pullback|ENTR-005_vwap|ENTR-009_topping_tails|STOP-007_position_stop|PROF-002_scale_out|PROF-003_daily_goals|MKTCOND-002_leading_gapper|MKTCOND-005_seasonal|TIMING-003_midday_dead
+$35k on $WHLM & $SCKT Ross's Trade Recap.txt,3941,True,True,0.9679,0.0321,19,SCRN-002_relative_volume|SCRN-003_float|SCRN-004_price_range|SCRN-005_daily_chart_room|ENTR-002_fcnh|ENTR-003_dollar_levels|ENTR-004_micro_pullback|ENTR-005_vwap|ENTR-006_bull_flag|STOP-003_fifty_pct_daily_stop|STOP-004_thirty_pct_soft_stop|PROF-002_scale_out|PROF-003_daily_goals|PROF-004_size_up_hot|MKTCOND-002_leading_gapper|MKTCOND-004_overall_market|TIMING-001_premarket_watch|TIMING-002_opening_range|TIMING-003_midday_dead
LIVE Day Trading Morning Show with Ross Cameron [-tCQyWh9jKU].txt,4965,True,True,0.9679,0.0321,16,SCRN-001_news_catalyst|SCRN-002_relative_volume|SCRN-003_float|SCRN-004_price_range|SCRN-005_daily_chart_room|SCRN-006_reverse_splits|SCRN-008_sector_theme|SCRN-009_short_interest|ENTR-002_fcnh|ENTR-003_dollar_levels|ENTR-004_micro_pullback|STOP-007_position_stop|MKTCOND-002_leading_gapper|MKTCOND-004_overall_market|TIMING-001_premarket_watch|TIMING-002_opening_range
Trading at the Opening Bell.txt,2548,True,True,0.9679,0.0321,13,SCRN-001_news_catalyst|SCRN-003_float|SCRN-004_price_range|SCRN-005_daily_chart_room|SCRN-006_reverse_splits|SCRN-007_foreign_stocks|SCRN-008_sector_theme|ENTR-003_dollar_levels|PROF-005_cold_market|MKTCOND-001_cold_hot_framework|MKTCOND-004_overall_market|TIMING-001_premarket_watch|TIMING-002_opening_range
$AIMD +50% LIVE Day Trading Morning Show with Ross.txt,3010,True,True,0.9678,0.0322,16,SCRN-001_news_catalyst|SCRN-003_float|SCRN-004_price_range|SCRN-005_daily_chart_room|SCRN-007_foreign_stocks|SCRN-009_short_interest|ENTR-001_macd_gate|ENTR-002_fcnh|ENTR-004_micro_pullback|PROF-003_daily_goals|PROF-005_cold_market|MKTCOND-002_leading_gapper|MKTCOND-004_overall_market|MKTCOND-005_seasonal|TIMING-001_premarket_watch|TIMING-002_opening_range
$DPSI +150% Day Trading Recap by Ross Cameron.txt,3984,True,True,0.9678,0.0322,14,SCRN-001_news_catalyst|SCRN-004_price_range|SCRN-005_daily_chart_room|SCRN-009_short_interest|ENTR-002_fcnh|ENTR-004_micro_pullback|ENTR-007_order_spoofing|PROF-005_cold_market|MKTCOND-001_cold_hot_framework|MKTCOND-002_leading_gapper|MKTCOND-004_overall_market|TIMING-001_premarket_watch|TIMING-002_opening_range|TIMING-004_no_trade_days
GAME PLAN FOR MONDAY!.txt,4517,True,True,0.9678,0.0322,15,SCRN-001_news_catalyst|SCRN-003_float|SCRN-005_daily_chart_room|SCRN-006_reverse_splits|SCRN-007_foreign_stocks|SCRN-009_short_interest|ENTR-001_macd_gate|ENTR-005_vwap|STOP-003_fifty_pct_daily_stop|PROF-003_daily_goals|MKTCOND-002_leading_gapper|MKTCOND-004_overall_market|TIMING-001_premarket_watch|TIMING-003_midday_dead|TIMING-005_session_length
There Were Only TWO Obvious Stocks Today.txt,4591,True,True,0.9678,0.0322,21,SCRN-001_news_catalyst|SCRN-003_float|SCRN-004_price_range|SCRN-005_daily_chart_room|SCRN-006_reverse_splits|ENTR-001_macd_gate|ENTR-002_fcnh|ENTR-003_dollar_levels|ENTR-004_micro_pullback|ENTR-005_vwap|ENTR-008_double_bottom|ENTR-009_topping_tails|STOP-006_halt_offering|STOP-007_position_stop|PROF-001_dont_cap_green|PROF-004_size_up_hot|MKTCOND-004_overall_market|TIMING-001_premarket_watch|TIMING-002_opening_range|TIMING-005_session_length|TIMING-006_power_hour
These are the Stocks Giving the Biggest Wins in 2026....txt,5303,True,True,0.9677,0.0323,20,SCRN-001_news_catalyst|SCRN-002_relative_volume|SCRN-003_float|SCRN-004_price_range|SCRN-006_reverse_splits|SCRN-009_short_interest|SCRN-010_front_back_side|ENTR-001_macd_gate|ENTR-002_fcnh|ENTR-004_micro_pullback|STOP-003_fifty_pct_daily_stop|STOP-006_halt_offering|PROF-001_dont_cap_green|PROF-003_daily_goals|PROF-004_size_up_hot|PROF-005_cold_market|MKTCOND-001_cold_hot_framework|MKTCOND-005_seasonal|TIMING-001_premarket_watch|TIMING-004_no_trade_days
Today's MOST OBVIOUS Trade [-eIqu1odFUA].txt,5047,True,True,0.9677,0.0323,19,SCRN-001_news_catalyst|SCRN-002_relative_volume|SCRN-003_float|SCRN-004_price_range|SCRN-005_daily_chart_room|SCRN-006_reverse_splits|SCRN-008_sector_theme|ENTR-001_macd_gate|ENTR-004_micro_pullback|ENTR-005_vwap|ENTR-009_topping_tails|STOP-003_fifty_pct_daily_stop|PROF-003_daily_goals|PROF-006_start_small|MKTCOND-002_leading_gapper|MKTCOND-003_cheap_gappers|MKTCOND-004_overall_market|TIMING-001_premarket_watch|TIMING-002_opening_range
"10th Green Day in a Row! +$4,487 Ross' Trade Recap.txt",1559,True,True,0.9676,0.0324,11,SCRN-001_news_catalyst|SCRN-003_float|ENTR-002_fcnh|ENTR-003_dollar_levels|ENTR-009_topping_tails|PROF-003_daily_goals|MKTCOND-002_leading_gapper|MKTCOND-003_cheap_gappers|MKTCOND-005_seasonal|TIMING-002_opening_range|TIMING-003_midday_dead
Breaking News and a Halt PENDING News.txt,3208,True,True,0.9676,0.0324,15,SCRN-001_news_catalyst|SCRN-003_float|SCRN-004_price_range|SCRN-006_reverse_splits|SCRN-009_short_interest|ENTR-002_fcnh|PROF-001_dont_cap_green|PROF-002_scale_out|PROF-004_size_up_hot|PROF-006_start_small|MKTCOND-001_cold_hot_framework|MKTCOND-002_leading_gapper|MKTCOND-005_seasonal|TIMING-001_premarket_watch|TIMING-006_power_hour
LIVE Day Trading Morning Show with Ross Cameron [XkpbQVBLESM].txt,1730,True,True,0.9676,0.0324,13,SCRN-001_news_catalyst|SCRN-004_price_range|SCRN-005_daily_chart_room|ENTR-009_topping_tails|STOP-006_halt_offering|PROF-001_dont_cap_green|PROF-005_cold_market|MKTCOND-001_cold_hot_framework|MKTCOND-002_leading_gapper|MKTCOND-003_cheap_gappers|MKTCOND-005_seasonal|TIMING-002_opening_range|TIMING-006_power_hour
Locking up the base hits!.txt,3540,True,True,0.9676,0.0324,19,SCRN-001_news_catalyst|SCRN-003_float|SCRN-004_price_range|SCRN-005_daily_chart_room|SCRN-006_reverse_splits|ENTR-003_dollar_levels|ENTR-004_micro_pullback|ENTR-005_vwap|ENTR-008_double_bottom|ENTR-009_topping_tails|STOP-006_halt_offering|PROF-004_size_up_hot|MKTCOND-002_leading_gapper|MKTCOND-003_cheap_gappers|MKTCOND-004_overall_market|MKTCOND-005_seasonal|TIMING-001_premarket_watch|TIMING-002_opening_range|TIMING-006_power_hour
[LIVE] DAY TRADING MORNING SHOW - LIVE STOCK MARKET TRADING with Ross Cameron [3q0Gwo76w7M].txt,1925,True,True,0.9676,0.0324,11,SCRN-001_news_catalyst|STOP-004_thirty_pct_soft_stop|STOP-006_halt_offering|PROF-005_cold_market|MKTCOND-001_cold_hot_framework|MKTCOND-002_leading_gapper|MKTCOND-004_overall_market|TIMING-001_premarket_watch|TIMING-002_opening_range|TIMING-005_session_length|TIMING-006_power_hour
[LIVE] DAY TRADING Morning Show 9 00 - 9 30am ET with Ross Cameron [5vWAtHTVPyE].txt,2456,True,True,0.9676,0.0324,16,SCRN-001_news_catalyst|SCRN-003_float|SCRN-004_price_range|SCRN-006_reverse_splits|ENTR-003_dollar_levels|ENTR-004_micro_pullback|ENTR-009_topping_tails|STOP-004_thirty_pct_soft_stop|STOP-005_fifty_pct_retrace|PROF-001_dont_cap_green|PROF-004_size_up_hot|PROF-005_cold_market|MKTCOND-002_leading_gapper|TIMING-001_premarket_watch|TIMING-002_opening_range|TIMING-006_power_hour
[LIVE] Day Trading Breaking News Ross Cameron.txt,5255,True,True,0.9675,0.0325,18,SCRN-001_news_catalyst|SCRN-002_relative_volume|SCRN-003_float|SCRN-005_daily_chart_room|SCRN-006_reverse_splits|SCRN-009_short_interest|ENTR-002_fcnh|ENTR-003_dollar_levels|ENTR-004_micro_pullback|ENTR-006_bull_flag|ENTR-009_topping_tails|STOP-007_position_stop|PROF-004_size_up_hot|MKTCOND-002_leading_gapper|TIMING-001_premarket_watch|TIMING-002_opening_range|TIMING-003_midday_dead|TIMING-006_power_hour
Ross's Live Day Trading Morning Show [3oWICthOv9o].txt,2997,True,True,0.9674,0.0326,17,SCRN-001_news_catalyst|SCRN-003_float|SCRN-004_price_range|SCRN-009_short_interest|SCRN-010_front_back_side|ENTR-003_dollar_levels|ENTR-006_bull_flag|STOP-004_thirty_pct_soft_stop|STOP-007_position_stop|PROF-001_dont_cap_green|PROF-002_scale_out|MKTCOND-002_leading_gapper|MKTCOND-004_overall_market|TIMING-001_premarket_watch|TIMING-002_opening_range|TIMING-003_midday_dead|TIMING-006_power_hour
We Just Got A 100% Squeeze on a Biotech Stock!.txt,2342,True,True,0.9674,0.0326,12,SCRN-001_news_catalyst|SCRN-003_float|SCRN-005_daily_chart_room|SCRN-006_reverse_splits|SCRN-008_sector_theme|ENTR-002_fcnh|ENTR-004_micro_pullback|ENTR-005_vwap|STOP-004_thirty_pct_soft_stop|PROF-003_daily_goals|MKTCOND-001_cold_hot_framework|TIMING-001_premarket_watch
Scalp Trading Strategy on Breaking News #scalping #daytrading #stocks #stockmarket.txt,9980,True,True,0.9673,0.0327,17,SCRN-001_news_catalyst|SCRN-003_float|SCRN-004_price_range|SCRN-005_daily_chart_room|SCRN-009_short_interest|ENTR-002_fcnh|ENTR-003_dollar_levels|ENTR-004_micro_pullback|ENTR-006_bull_flag|ENTR-009_topping_tails|STOP-006_halt_offering|MKTCOND-002_leading_gapper|MKTCOND-004_overall_market|TIMING-001_premarket_watch|TIMING-002_opening_range|TIMING-003_midday_dead|TIMING-006_power_hour
Watch List for MONDAY!.txt,3892,True,True,0.9673,0.0327,16,SCRN-001_news_catalyst|SCRN-003_float|SCRN-004_price_range|SCRN-005_daily_chart_room|SCRN-006_reverse_splits|SCRN-007_foreign_stocks|SCRN-008_sector_theme|SCRN-009_short_interest|PROF-001_dont_cap_green|PROF-005_cold_market|MKTCOND-002_leading_gapper|MKTCOND-003_cheap_gappers|MKTCOND-004_overall_market|MKTCOND-005_seasonal|TIMING-004_no_trade_days|TIMING-006_power_hour
We have 3 Stocks UP OVER 100%.txt,3702,True,True,0.9673,0.0327,14,SCRN-001_news_catalyst|SCRN-004_price_range|SCRN-005_daily_chart_room|SCRN-010_front_back_side|ENTR-003_dollar_levels|ENTR-004_micro_pullback|STOP-003_fifty_pct_daily_stop|STOP-004_thirty_pct_soft_stop|PROF-001_dont_cap_green|PROF-003_daily_goals|PROF-004_size_up_hot|PROF-006_start_small|TIMING-001_premarket_watch|TIMING-002_opening_range
[LIVE] Day Trading Morning Show with Ross Cameron #stockmarket #stocks #daytrading [1Z8U_FVpp0Y].txt,1529,True,True,0.9673,0.0327,9,SCRN-004_price_range|ENTR-004_micro_pullback|ENTR-007_order_spoofing|STOP-004_thirty_pct_soft_stop|STOP-005_fifty_pct_retrace|PROF-001_dont_cap_green|PROF-003_daily_goals|MKTCOND-002_leading_gapper|TIMING-002_opening_range
+$12k On Today’s Limited Opportunities Ross's Trade Recap.txt,3441,True,True,0.9672,0.0328,19,SCRN-001_news_catalyst|SCRN-003_float|SCRN-004_price_range|SCRN-005_daily_chart_room|ENTR-002_fcnh|ENTR-003_dollar_levels|ENTR-004_micro_pullback|ENTR-008_double_bottom|STOP-003_fifty_pct_daily_stop|STOP-004_thirty_pct_soft_stop|STOP-007_position_stop|PROF-001_dont_cap_green|PROF-003_daily_goals|PROF-005_cold_market|MKTCOND-002_leading_gapper|MKTCOND-004_overall_market|TIMING-001_premarket_watch|TIMING-002_opening_range|TIMING-003_midday_dead
High Accuracy Trading is the #1 Focus.txt,3231,True,True,0.9672,0.0328,16,SCRN-001_news_catalyst|SCRN-003_float|ENTR-001_macd_gate|ENTR-004_micro_pullback|ENTR-005_vwap|STOP-003_fifty_pct_daily_stop|STOP-004_thirty_pct_soft_stop|PROF-003_daily_goals|PROF-004_size_up_hot|PROF-005_cold_market|MKTCOND-001_cold_hot_framework|MKTCOND-002_leading_gapper|MKTCOND-004_overall_market|MKTCOND-005_seasonal|TIMING-001_premarket_watch|TIMING-002_opening_range
My #1 Top Stock on the Watch List for Monday Morning!.txt,3681,True,True,0.9672,0.0328,14,SCRN-001_news_catalyst|SCRN-003_float|SCRN-004_price_range|SCRN-005_daily_chart_room|SCRN-006_reverse_splits|SCRN-007_foreign_stocks|SCRN-008_sector_theme|MKTCOND-001_cold_hot_framework|MKTCOND-002_leading_gapper|MKTCOND-004_overall_market|MKTCOND-005_seasonal|TIMING-001_premarket_watch|TIMING-005_session_length|TIMING-006_power_hour
One Trade off the Watch List PLUS a Biotech Breaking News Trade!.txt,2241,True,True,0.9672,0.0328,16,SCRN-001_news_catalyst|SCRN-003_float|SCRN-004_price_range|SCRN-008_sector_theme|ENTR-001_macd_gate|ENTR-004_micro_pullback|ENTR-005_vwap|ENTR-009_topping_tails|STOP-007_position_stop|PROF-005_cold_market|MKTCOND-001_cold_hot_framework|MKTCOND-002_leading_gapper|MKTCOND-004_overall_market|TIMING-001_premarket_watch|TIMING-002_opening_range|TIMING-006_power_hour
$BBAI +337% Gapper with News.txt,999,False,False,0.967,0.033,8,SCRN-001_news_catalyst|SCRN-003_float|ENTR-003_dollar_levels|ENTR-004_micro_pullback|STOP-003_fifty_pct_daily_stop|STOP-004_thirty_pct_soft_stop|MKTCOND-002_leading_gapper|TIMING-002_opening_range
LIVE Day Trading Morning Show with Ross Cameron [BZXGh75CWT0].txt,4158,True,True,0.967,0.033,22,SCRN-001_news_catalyst|SCRN-002_relative_volume|SCRN-003_float|SCRN-004_price_range|SCRN-005_daily_chart_room|SCRN-006_reverse_splits|SCRN-007_foreign_stocks|ENTR-001_macd_gate|ENTR-002_fcnh|ENTR-004_micro_pullback|ENTR-007_order_spoofing|PROF-001_dont_cap_green|PROF-003_daily_goals|PROF-004_size_up_hot|PROF-005_cold_market|PROF-006_start_small|MKTCOND-002_leading_gapper|MKTCOND-003_cheap_gappers|MKTCOND-004_overall_market|MKTCOND-005_seasonal|TIMING-001_premarket_watch|TIMING-002_opening_range
[LIVE] DAY TRADING Morning Show 9 00 - 9 30am ET with Ross Cameron [0nFTpAmbnLo].txt,3108,True,True,0.967,0.033,15,SCRN-003_float|SCRN-004_price_range|SCRN-010_front_back_side|ENTR-002_fcnh|ENTR-003_dollar_levels|ENTR-004_micro_pullback|ENTR-006_bull_flag|ENTR-009_topping_tails|STOP-001_macd_hands_off|STOP-003_fifty_pct_daily_stop|PROF-003_daily_goals|PROF-004_size_up_hot|MKTCOND-002_leading_gapper|TIMING-001_premarket_watch|TIMING-002_opening_range
Day Trading in Louisiana!.txt,4521,True,True,0.9669,0.0331,19,SCRN-001_news_catalyst|SCRN-003_float|SCRN-004_price_range|SCRN-005_daily_chart_room|SCRN-006_reverse_splits|SCRN-009_short_interest|ENTR-004_micro_pullback|ENTR-009_topping_tails|STOP-003_fifty_pct_daily_stop|STOP-006_halt_offering|PROF-001_dont_cap_green|PROF-006_start_small|MKTCOND-001_cold_hot_framework|MKTCOND-003_cheap_gappers|MKTCOND-004_overall_market|MKTCOND-005_seasonal|TIMING-002_opening_range|TIMING-003_midday_dead|TIMING-006_power_hour
"Difficult Day of Trading -$6,400 Ross' Trade Recap.txt",3443,True,True,0.9669,0.0331,17,SCRN-001_news_catalyst|SCRN-003_float|SCRN-004_price_range|SCRN-006_reverse_splits|ENTR-002_fcnh|ENTR-003_dollar_levels|ENTR-004_micro_pullback|ENTR-009_topping_tails|STOP-003_fifty_pct_daily_stop|STOP-004_thirty_pct_soft_stop|PROF-001_dont_cap_green|PROF-005_cold_market|MKTCOND-002_leading_gapper|MKTCOND-003_cheap_gappers|TIMING-001_premarket_watch|TIMING-002_opening_range|TIMING-003_midday_dead
299% Recent Reverse Split Short Squeeze!.txt,2719,True,True,0.9668,0.0332,16,SCRN-001_news_catalyst|SCRN-003_float|SCRN-005_daily_chart_room|SCRN-006_reverse_splits|SCRN-007_foreign_stocks|ENTR-001_macd_gate|ENTR-002_fcnh|ENTR-004_micro_pullback|ENTR-005_vwap|STOP-006_halt_offering|PROF-001_dont_cap_green|PROF-002_scale_out|PROF-004_size_up_hot|MKTCOND-001_cold_hot_framework|TIMING-001_premarket_watch|TIMING-002_opening_range
Ross's Live Day Trading Morning Show.txt,3730,True,True,0.9668,0.0332,18,SCRN-001_news_catalyst|SCRN-002_relative_volume|SCRN-003_float|SCRN-004_price_range|SCRN-005_daily_chart_room|SCRN-006_reverse_splits|SCRN-009_short_interest|SCRN-010_front_back_side|ENTR-002_fcnh|ENTR-004_micro_pullback|ENTR-009_topping_tails|STOP-006_halt_offering|PROF-005_cold_market|MKTCOND-002_leading_gapper|MKTCOND-004_overall_market|TIMING-001_premarket_watch|TIMING-002_opening_range|TIMING-004_no_trade_days
$195 Million OVERNIGHT Fortune on a China Stock.txt,6922,True,True,0.9667,0.0333,18,SCRN-001_news_catalyst|SCRN-003_float|SCRN-007_foreign_stocks|SCRN-008_sector_theme|SCRN-009_short_interest|SCRN-010_front_back_side|ENTR-001_macd_gate|ENTR-002_fcnh|ENTR-004_micro_pullback|ENTR-005_vwap|ENTR-007_order_spoofing|ENTR-009_topping_tails|STOP-003_fifty_pct_daily_stop|STOP-006_halt_offering|PROF-003_daily_goals|MKTCOND-002_leading_gapper|MKTCOND-005_seasonal|TIMING-001_premarket_watch
Breaking News at 8am ET Sends Stock Up 115% in 5-Minutes!.txt,3705,True,True,0.9666,0.0334,20,SCRN-001_news_catalyst|SCRN-003_float|SCRN-005_daily_chart_room|SCRN-006_reverse_splits|SCRN-008_sector_theme|SCRN-010_front_back_side|ENTR-004_micro_pullback|ENTR-005_vwap|ENTR-009_topping_tails|STOP-001_macd_hands_off|STOP-004_thirty_pct_soft_stop|PROF-002_scale_out|PROF-003_daily_goals|PROF-006_start_small|MKTCOND-001_cold_hot_framework|MKTCOND-005_seasonal|TIMING-001_premarket_watch|TIMING-002_opening_range|TIMING-003_midday_dead|TIMING-006_power_hour
My Day Trading Watch List for MONDAY!.txt,3874,True,True,0.9666,0.0334,14,SCRN-001_news_catalyst|SCRN-002_relative_volume|SCRN-003_float|SCRN-005_daily_chart_room|SCRN-006_reverse_splits|SCRN-008_sector_theme|STOP-006_halt_offering|PROF-003_daily_goals|PROF-005_cold_market|MKTCOND-002_leading_gapper|MKTCOND-004_overall_market|TIMING-001_premarket_watch|TIMING-003_midday_dead|TIMING-006_power_hour
Day Trading Watch List for TOMORROW (Last Week was the BEST week of September).txt,5953,True,True,0.9665,0.0335,24,SCRN-001_news_catalyst|SCRN-003_float|SCRN-004_price_range|SCRN-005_daily_chart_room|SCRN-006_reverse_splits|SCRN-007_foreign_stocks|SCRN-010_front_back_side|ENTR-002_fcnh|ENTR-006_bull_flag|STOP-001_macd_hands_off|STOP-005_fifty_pct_retrace|PROF-001_dont_cap_green|PROF-003_daily_goals|PROF-004_size_up_hot|PROF-005_cold_market|MKTCOND-001_cold_hot_framework|MKTCOND-002_leading_gapper|MKTCOND-005_seasonal|TIMING-001_premarket_watch|TIMING-002_opening_range|TIMING-003_midday_dead|TIMING-004_no_trade_days|TIMING-005_session_length|TIMING-006_power_hour
Did you miss my #1 Watch List stock for today.txt,2319,True,True,0.9665,0.0335,15,SCRN-001_news_catalyst|SCRN-005_daily_chart_room|SCRN-006_reverse_splits|SCRN-009_short_interest|ENTR-004_micro_pullback|ENTR-005_vwap|ENTR-009_topping_tails|STOP-001_macd_hands_off|STOP-004_thirty_pct_soft_stop|PROF-003_daily_goals|PROF-005_cold_market|MKTCOND-005_seasonal|TIMING-001_premarket_watch|TIMING-002_opening_range|TIMING-006_power_hour
[LIVE] DAY TRADING Morning Show with Ross Cameron (HOLIDAY SPECIAL) [nq2lrxaKvIA].txt,3392,True,True,0.9665,0.0335,17,SCRN-001_news_catalyst|SCRN-002_relative_volume|SCRN-003_float|SCRN-004_price_range|SCRN-005_daily_chart_room|SCRN-009_short_interest|ENTR-002_fcnh|ENTR-005_vwap|ENTR-009_topping_tails|STOP-005_fifty_pct_retrace|PROF-005_cold_market|MKTCOND-002_leading_gapper|MKTCOND-004_overall_market|TIMING-001_premarket_watch|TIMING-002_opening_range|TIMING-003_midday_dead|TIMING-006_power_hour
[LIVE] DAY TRADING Morning Show with Ross Cameron (HOLIDAY SPECIAL).txt,3392,True,True,0.9665,0.0335,17,SCRN-001_news_catalyst|SCRN-002_relative_volume|SCRN-003_float|SCRN-004_price_range|SCRN-005_daily_chart_room|SCRN-009_short_interest|ENTR-002_fcnh|ENTR-005_vwap|ENTR-009_topping_tails|STOP-005_fifty_pct_retrace|PROF-005_cold_market|MKTCOND-002_leading_gapper|MKTCOND-004_overall_market|TIMING-001_premarket_watch|TIMING-002_opening_range|TIMING-003_midday_dead|TIMING-006_power_hour
Watch List for MONDAY Small Acct Challenge DAY 1.txt,5244,True,True,0.9664,0.0336,23,SCRN-001_news_catalyst|SCRN-002_relative_volume|SCRN-003_float|SCRN-004_price_range|SCRN-005_daily_chart_room|SCRN-006_reverse_splits|SCRN-009_short_interest|ENTR-003_dollar_levels|STOP-001_macd_hands_off|STOP-003_fifty_pct_daily_stop|STOP-005_fifty_pct_retrace|STOP-006_halt_offering|PROF-001_dont_cap_green|PROF-002_scale_out|PROF-003_daily_goals|PROF-004_size_up_hot|PROF-006_start_small|MKTCOND-002_leading_gapper|MKTCOND-003_cheap_gappers|MKTCOND-004_overall_market|MKTCOND-005_seasonal|TIMING-001_premarket_watch|TIMING-006_power_hour
[LIVE] DAY TRADING Morning Show 9 00 - 9 30am ET with Ross Cameron [GbLhZyOT6W8].txt,2225,True,True,0.9664,0.0336,13,SCRN-001_news_catalyst|SCRN-003_float|SCRN-004_price_range|SCRN-005_daily_chart_room|SCRN-006_reverse_splits|ENTR-001_macd_gate|ENTR-002_fcnh|ENTR-003_dollar_levels|ENTR-004_micro_pullback|PROF-005_cold_market|MKTCOND-002_leading_gapper|TIMING-001_premarket_watch|TIMING-002_opening_range
+$10k on Wednesday! Recap by Ross Cameron.txt,1754,True,True,0.9663,0.0337,7,SCRN-001_news_catalyst|SCRN-004_price_range|ENTR-002_fcnh|ENTR-003_dollar_levels|ENTR-004_micro_pullback|STOP-004_thirty_pct_soft_stop|TIMING-001_premarket_watch
We already have a 700% Gainer Pre-Market! GAME PLAN FOR TODAY.txt,1762,True,True,0.9663,0.0337,11,SCRN-001_news_catalyst|SCRN-003_float|SCRN-005_daily_chart_room|SCRN-007_foreign_stocks|SCRN-010_front_back_side|ENTR-001_macd_gate|STOP-001_macd_hands_off|STOP-006_halt_offering|TIMING-002_opening_range|TIMING-005_session_length|TIMING-006_power_hour
$BLPH +120% for a Gap and Go Trade.txt,1545,True,True,0.9662,0.0338,5,SCRN-004_price_range|ENTR-002_fcnh|STOP-003_fifty_pct_daily_stop|STOP-007_position_stop|TIMING-001_premarket_watch
Day Trading Watch List for MONDAY Feb 23rd.txt,3317,True,True,0.9662,0.0338,18,SCRN-001_news_catalyst|SCRN-003_float|SCRN-005_daily_chart_room|SCRN-007_foreign_stocks|SCRN-008_sector_theme|ENTR-002_fcnh|ENTR-003_dollar_levels|PROF-001_dont_cap_green|PROF-002_scale_out|PROF-003_daily_goals|PROF-005_cold_market|MKTCOND-001_cold_hot_framework|MKTCOND-002_leading_gapper|MKTCOND-004_overall_market|TIMING-001_premarket_watch|TIMING-003_midday_dead|TIMING-005_session_length|TIMING-006_power_hour
Penny Stocks to the Rescue!.txt,5411,True,True,0.9662,0.0338,23,SCRN-001_news_catalyst|SCRN-003_float|SCRN-004_price_range|SCRN-006_reverse_splits|SCRN-009_short_interest|SCRN-010_front_back_side|ENTR-001_macd_gate|ENTR-002_fcnh|ENTR-003_dollar_levels|ENTR-004_micro_pullback|ENTR-005_vwap|ENTR-009_topping_tails|STOP-001_macd_hands_off|STOP-003_fifty_pct_daily_stop|STOP-007_position_stop|PROF-003_daily_goals|PROF-005_cold_market|MKTCOND-001_cold_hot_framework|MKTCOND-002_leading_gapper|TIMING-001_premarket_watch|TIMING-002_opening_range|TIMING-003_midday_dead|TIMING-006_power_hour
[LIVE] DAY TRADING MORNING SHOW - LIVE STOCK MARKET TRADING with Ross Cameron.txt,2135,True,True,0.9662,0.0338,9,SCRN-001_news_catalyst|SCRN-003_float|SCRN-004_price_range|SCRN-005_daily_chart_room|ENTR-003_dollar_levels|ENTR-009_topping_tails|MKTCOND-002_leading_gapper|TIMING-001_premarket_watch|TIMING-002_opening_range
I took a swing for a HOME RUN and MISSED!.txt,2791,True,True,0.9661,0.0339,16,SCRN-001_news_catalyst|SCRN-002_relative_volume|SCRN-003_float|SCRN-005_daily_chart_room|SCRN-006_reverse_splits|SCRN-008_sector_theme|ENTR-001_macd_gate|ENTR-004_micro_pullback|ENTR-005_vwap|STOP-003_fifty_pct_daily_stop|STOP-005_fifty_pct_retrace|PROF-004_size_up_hot|PROF-005_cold_market|PROF-006_start_small|MKTCOND-001_cold_hot_framework|TIMING-001_premarket_watch
LIVE Day Trading Morning Show with Ross Cameron [cQhupZmFJTs].txt,3290,True,True,0.966,0.034,14,SCRN-001_news_catalyst|SCRN-003_float|SCRN-004_price_range|SCRN-005_daily_chart_room|SCRN-009_short_interest|ENTR-003_dollar_levels|ENTR-004_micro_pullback|STOP-006_halt_offering|PROF-001_dont_cap_green|MKTCOND-002_leading_gapper|MKTCOND-004_overall_market|TIMING-001_premarket_watch|TIMING-002_opening_range|TIMING-003_midday_dead
S&P 500 is Down But Penny Stocks Are Up!.txt,3506,True,True,0.966,0.034,16,SCRN-001_news_catalyst|SCRN-004_price_range|SCRN-009_short_interest|SCRN-010_front_back_side|ENTR-001_macd_gate|ENTR-002_fcnh|ENTR-003_dollar_levels|ENTR-004_micro_pullback|ENTR-005_vwap|ENTR-009_topping_tails|STOP-001_macd_hands_off|PROF-004_size_up_hot|MKTCOND-001_cold_hot_framework|MKTCOND-004_overall_market|TIMING-001_premarket_watch|TIMING-002_opening_range
[LIVE] Live Day Trading Morning Show with Ross Cameron #stocks #daytrading [60W-lcyO_0g].txt,2932,True,True,0.966,0.034,15,SCRN-001_news_catalyst|SCRN-003_float|SCRN-004_price_range|SCRN-005_daily_chart_room|ENTR-001_macd_gate|ENTR-003_dollar_levels|ENTR-004_micro_pullback|ENTR-009_topping_tails|PROF-001_dont_cap_green|PROF-003_daily_goals|PROF-005_cold_market|MKTCOND-002_leading_gapper|MKTCOND-003_cheap_gappers|TIMING-001_premarket_watch|TIMING-002_opening_range
$SPRO +154% LIVE Day Trading Morning Show with Ross.txt,2259,True,True,0.9659,0.0341,13,SCRN-001_news_catalyst|SCRN-004_price_range|ENTR-002_fcnh|ENTR-004_micro_pullback|ENTR-005_vwap|PROF-001_dont_cap_green|MKTCOND-001_cold_hot_framework|MKTCOND-002_leading_gapper|MKTCOND-003_cheap_gappers|MKTCOND-004_overall_market|TIMING-001_premarket_watch|TIMING-002_opening_range|TIMING-006_power_hour
Live Day Trading Morning Show with Ross Cameron [p84JDvkDPRQ].txt,2940,True,True,0.9659,0.0341,14,SCRN-001_news_catalyst|SCRN-003_float|SCRN-005_daily_chart_room|SCRN-006_reverse_splits|SCRN-009_short_interest|SCRN-010_front_back_side|ENTR-003_dollar_levels|ENTR-004_micro_pullback|STOP-001_macd_hands_off|MKTCOND-002_leading_gapper|MKTCOND-005_seasonal|TIMING-001_premarket_watch|TIMING-002_opening_range|TIMING-003_midday_dead
SHORT SQUEEZE DAY 2.txt,5311,True,True,0.9659,0.0341,18,SCRN-001_news_catalyst|SCRN-002_relative_volume|SCRN-003_float|SCRN-004_price_range|SCRN-005_daily_chart_room|SCRN-009_short_interest|SCRN-010_front_back_side|ENTR-001_macd_gate|ENTR-004_micro_pullback|ENTR-007_order_spoofing|ENTR-009_topping_tails|STOP-006_halt_offering|PROF-002_scale_out|PROF-003_daily_goals|PROF-006_start_small|TIMING-001_premarket_watch|TIMING-003_midday_dead|TIMING-006_power_hour
Surprise Daily Breakout Setup at 9 30am ET.txt,3585,True,True,0.9659,0.0341,18,SCRN-001_news_catalyst|SCRN-002_relative_volume|SCRN-003_float|SCRN-004_price_range|SCRN-005_daily_chart_room|SCRN-006_reverse_splits|SCRN-009_short_interest|ENTR-003_dollar_levels|ENTR-009_topping_tails|STOP-004_thirty_pct_soft_stop|STOP-006_halt_offering|PROF-003_daily_goals|PROF-005_cold_market|PROF-006_start_small|MKTCOND-001_cold_hot_framework|MKTCOND-004_overall_market|TIMING-002_opening_range|TIMING-006_power_hour
A Reverse Split with Breaking News but ONE BIG PROBLEM....txt,2488,True,True,0.9658,0.0342,14,SCRN-001_news_catalyst|SCRN-003_float|SCRN-006_reverse_splits|ENTR-001_macd_gate|ENTR-002_fcnh|ENTR-003_dollar_levels|ENTR-005_vwap|ENTR-008_double_bottom|PROF-003_daily_goals|PROF-005_cold_market|MKTCOND-001_cold_hot_framework|TIMING-001_premarket_watch|TIMING-002_opening_range|TIMING-004_no_trade_days
[LIVE] DAY TRADING Morning Show 9 00 - 9 30am ET with Ross Cameron [r1thAdo18ao].txt,2339,True,True,0.9658,0.0342,14,SCRN-003_float|SCRN-004_price_range|SCRN-005_daily_chart_room|ENTR-001_macd_gate|ENTR-002_fcnh|ENTR-003_dollar_levels|ENTR-004_micro_pullback|ENTR-008_double_bottom|ENTR-009_topping_tails|STOP-003_fifty_pct_daily_stop|STOP-007_position_stop|PROF-001_dont_cap_green|MKTCOND-002_leading_gapper|TIMING-002_opening_range
Day Trading in a Bear Market for Beginner Day Traders.txt,8737,True,True,0.9657,0.0343,25,SCRN-001_news_catalyst|SCRN-002_relative_volume|SCRN-003_float|SCRN-004_price_range|SCRN-005_daily_chart_room|SCRN-006_reverse_splits|SCRN-009_short_interest|SCRN-010_front_back_side|ENTR-002_fcnh|ENTR-003_dollar_levels|ENTR-004_micro_pullback|ENTR-005_vwap|ENTR-007_order_spoofing|ENTR-009_topping_tails|STOP-001_macd_hands_off|STOP-007_position_stop|PROF-003_daily_goals|PROF-004_size_up_hot|PROF-005_cold_market|MKTCOND-001_cold_hot_framework|MKTCOND-002_leading_gapper|MKTCOND-004_overall_market|TIMING-001_premarket_watch|TIMING-002_opening_range|TIMING-004_no_trade_days
LIVE Day Trading Morning Show with Ross Cameron [pRY87PI2Zbc].txt,1818,True,True,0.9657,0.0343,15,SCRN-001_news_catalyst|SCRN-003_float|SCRN-004_price_range|SCRN-006_reverse_splits|ENTR-003_dollar_levels|ENTR-004_micro_pullback|STOP-005_fifty_pct_retrace|STOP-006_halt_offering|PROF-001_dont_cap_green|PROF-003_daily_goals|PROF-005_cold_market|MKTCOND-002_leading_gapper|MKTCOND-003_cheap_gappers|TIMING-001_premarket_watch|TIMING-002_opening_range
Red Day Recap [n_2qyQUeFao].txt,2530,True,True,0.9657,0.0343,15,SCRN-001_news_catalyst|SCRN-003_float|SCRN-004_price_range|SCRN-005_daily_chart_room|ENTR-003_dollar_levels|ENTR-009_topping_tails|PROF-005_cold_market|MKTCOND-001_cold_hot_framework|MKTCOND-002_leading_gapper|MKTCOND-003_cheap_gappers|MKTCOND-004_overall_market|MKTCOND-005_seasonal|TIMING-001_premarket_watch|TIMING-002_opening_range|TIMING-003_midday_dead
"September +$131,034.06 & LIVE Day Trading $ATXI +50%.txt",3770,True,True,0.9657,0.0343,20,SCRN-001_news_catalyst|SCRN-004_price_range|SCRN-006_reverse_splits|SCRN-008_sector_theme|ENTR-001_macd_gate|ENTR-002_fcnh|ENTR-003_dollar_levels|ENTR-004_micro_pullback|ENTR-006_bull_flag|ENTR-009_topping_tails|STOP-004_thirty_pct_soft_stop|PROF-001_dont_cap_green|PROF-002_scale_out|MKTCOND-001_cold_hot_framework|MKTCOND-002_leading_gapper|MKTCOND-003_cheap_gappers|MKTCOND-004_overall_market|MKTCOND-005_seasonal|TIMING-001_premarket_watch|TIMING-002_opening_range
Day Trading Watch List for MONDAY! [Wy-1sNUVwhw].txt,4200,True,True,0.9656,0.0344,13,SCRN-001_news_catalyst|SCRN-003_float|SCRN-005_daily_chart_room|SCRN-006_reverse_splits|SCRN-007_foreign_stocks|SCRN-008_sector_theme|ENTR-004_micro_pullback|STOP-006_halt_offering|PROF-004_size_up_hot|MKTCOND-002_leading_gapper|MKTCOND-004_overall_market|MKTCOND-005_seasonal|TIMING-006_power_hour
"Watch List for MONDAY After a 3,310% Short Squeeze on Friday!.txt",4248,True,True,0.9656,0.0344,17,SCRN-001_news_catalyst|SCRN-002_relative_volume|SCRN-003_float|SCRN-004_price_range|SCRN-005_daily_chart_room|SCRN-006_reverse_splits|SCRN-007_foreign_stocks|SCRN-010_front_back_side|PROF-001_dont_cap_green|PROF-005_cold_market|MKTCOND-001_cold_hot_framework|MKTCOND-002_leading_gapper|TIMING-001_premarket_watch|TIMING-002_opening_range|TIMING-003_midday_dead|TIMING-004_no_trade_days|TIMING-006_power_hour
"Day Trading Morning Show with Ross Cameron -$12k SBEV, IMTE, VVOS.txt",7803,True,True,0.9655,0.0345,26,SCRN-001_news_catalyst|SCRN-003_float|SCRN-004_price_range|SCRN-005_daily_chart_room|SCRN-009_short_interest|SCRN-010_front_back_side|ENTR-002_fcnh|ENTR-003_dollar_levels|ENTR-004_micro_pullback|ENTR-008_double_bottom|ENTR-009_topping_tails|STOP-002_ema_cross|STOP-003_fifty_pct_daily_stop|STOP-004_thirty_pct_soft_stop|STOP-005_fifty_pct_retrace|PROF-001_dont_cap_green|PROF-004_size_up_hot|PROF-005_cold_market|PROF-006_start_small|MKTCOND-002_leading_gapper|MKTCOND-003_cheap_gappers|MKTCOND-004_overall_market|MKTCOND-005_seasonal|TIMING-001_premarket_watch|TIMING-002_opening_range|TIMING-006_power_hour
LIVE Day Trading Morning Show with Ross Cameron [818QuDR1A7o].txt,2342,True,True,0.9655,0.0345,13,SCRN-001_news_catalyst|SCRN-002_relative_volume|SCRN-003_float|SCRN-005_daily_chart_room|ENTR-002_fcnh|ENTR-004_micro_pullback|ENTR-009_topping_tails|PROF-001_dont_cap_green|MKTCOND-001_cold_hot_framework|MKTCOND-002_leading_gapper|MKTCOND-004_overall_market|TIMING-001_premarket_watch|TIMING-002_opening_range
LIVE Day Trading Morning Show with Ross Cameron [EN4ZAjjisM8].txt,2722,True,True,0.9655,0.0345,19,SCRN-001_news_catalyst|SCRN-003_float|SCRN-004_price_range|SCRN-006_reverse_splits|ENTR-002_fcnh|ENTR-003_dollar_levels|ENTR-004_micro_pullback|ENTR-006_bull_flag|ENTR-009_topping_tails|STOP-002_ema_cross|STOP-005_fifty_pct_retrace|STOP-006_halt_offering|PROF-001_dont_cap_green|PROF-003_daily_goals|PROF-004_size_up_hot|MKTCOND-002_leading_gapper|MKTCOND-005_seasonal|TIMING-002_opening_range|TIMING-003_midday_dead
$INDO $HUSA Energy Momentum.txt,2569,True,True,0.9654,0.0346,15,SCRN-001_news_catalyst|SCRN-004_price_range|SCRN-005_daily_chart_room|SCRN-008_sector_theme|SCRN-010_front_back_side|ENTR-003_dollar_levels|ENTR-004_micro_pullback|ENTR-009_topping_tails|STOP-001_macd_hands_off|PROF-003_daily_goals|PROF-005_cold_market|MKTCOND-002_leading_gapper|TIMING-001_premarket_watch|TIMING-002_opening_range|TIMING-003_midday_dead
ANOTHER Short Squeeze Now +250%.txt,2989,True,True,0.9654,0.0346,14,SCRN-001_news_catalyst|SCRN-002_relative_volume|SCRN-003_float|SCRN-005_daily_chart_room|SCRN-009_short_interest|ENTR-001_macd_gate|ENTR-003_dollar_levels|ENTR-004_micro_pullback|ENTR-005_vwap|PROF-003_daily_goals|PROF-006_start_small|MKTCOND-005_seasonal|TIMING-001_premarket_watch|TIMING-002_opening_range
It only takes ONE good trade!.txt,1677,True,True,0.9654,0.0346,14,SCRN-001_news_catalyst|SCRN-003_float|SCRN-005_daily_chart_room|SCRN-006_reverse_splits|SCRN-008_sector_theme|ENTR-002_fcnh|ENTR-004_micro_pullback|STOP-004_thirty_pct_soft_stop|PROF-003_daily_goals|MKTCOND-002_leading_gapper|MKTCOND-004_overall_market|TIMING-001_premarket_watch|TIMING-002_opening_range|TIMING-003_midday_dead
LIVE Day Trading in Puerto Rico.txt,3755,True,True,0.9654,0.0346,18,SCRN-001_news_catalyst|SCRN-003_float|SCRN-004_price_range|SCRN-006_reverse_splits|ENTR-001_macd_gate|ENTR-003_dollar_levels|ENTR-004_micro_pullback|ENTR-007_order_spoofing|ENTR-008_double_bottom|ENTR-009_topping_tails|PROF-001_dont_cap_green|PROF-003_daily_goals|PROF-006_start_small|MKTCOND-002_leading_gapper|MKTCOND-003_cheap_gappers|MKTCOND-004_overall_market|MKTCOND-005_seasonal|TIMING-002_opening_range
The Only Obvious Trade....txt,2355,True,True,0.9654,0.0346,20,SCRN-001_news_catalyst|SCRN-003_float|SCRN-004_price_range|SCRN-005_daily_chart_room|SCRN-006_reverse_splits|SCRN-008_sector_theme|ENTR-002_fcnh|ENTR-003_dollar_levels|ENTR-004_micro_pullback|ENTR-005_vwap|STOP-004_thirty_pct_soft_stop|STOP-007_position_stop|PROF-001_dont_cap_green|PROF-005_cold_market|MKTCOND-001_cold_hot_framework|MKTCOND-002_leading_gapper|TIMING-001_premarket_watch|TIMING-002_opening_range|TIMING-004_no_trade_days|TIMING-006_power_hour
Watchlist for Monday after a 400% Squeeze then a 90% Drop on a China Stock on Friday!.txt,4343,True,True,0.9652,0.0348,15,SCRN-001_news_catalyst|SCRN-003_float|SCRN-004_price_range|SCRN-005_daily_chart_room|SCRN-006_reverse_splits|SCRN-007_foreign_stocks|SCRN-008_sector_theme|SCRN-009_short_interest|ENTR-003_dollar_levels|STOP-006_halt_offering|MKTCOND-002_leading_gapper|MKTCOND-004_overall_market|TIMING-001_premarket_watch|TIMING-002_opening_range|TIMING-006_power_hour
Reverse Split Momentum during the LIVE Day Trading Morning Show.txt,5349,True,True,0.9651,0.0349,17,SCRN-001_news_catalyst|SCRN-003_float|SCRN-004_price_range|SCRN-006_reverse_splits|SCRN-008_sector_theme|SCRN-009_short_interest|ENTR-001_macd_gate|ENTR-003_dollar_levels|ENTR-004_micro_pullback|STOP-003_fifty_pct_daily_stop|STOP-006_halt_offering|PROF-002_scale_out|PROF-003_daily_goals|MKTCOND-002_leading_gapper|MKTCOND-004_overall_market|TIMING-002_opening_range|TIMING-003_midday_dead
$SIDU $DTSS Momentum Day Trading Recap by Ross Cameron.txt,2898,True,True,0.965,0.035,16,SCRN-001_news_catalyst|SCRN-003_float|SCRN-004_price_range|SCRN-005_daily_chart_room|ENTR-003_dollar_levels|ENTR-005_vwap|ENTR-009_topping_tails|STOP-003_fifty_pct_daily_stop|PROF-003_daily_goals|PROF-005_cold_market|MKTCOND-001_cold_hot_framework|MKTCOND-004_overall_market|TIMING-001_premarket_watch|TIMING-002_opening_range|TIMING-003_midday_dead|TIMING-006_power_hour
the S&P 500 is Red but I'm GREEN.txt,3825,True,True,0.965,0.035,19,SCRN-001_news_catalyst|SCRN-003_float|SCRN-004_price_range|SCRN-005_daily_chart_room|SCRN-006_reverse_splits|SCRN-007_foreign_stocks|ENTR-002_fcnh|ENTR-005_vwap|ENTR-009_topping_tails|STOP-001_macd_hands_off|PROF-003_daily_goals|PROF-005_cold_market|MKTCOND-001_cold_hot_framework|MKTCOND-003_cheap_gappers|MKTCOND-004_overall_market|TIMING-002_opening_range|TIMING-003_midday_dead|TIMING-004_no_trade_days|TIMING-006_power_hour
RED DAY RECAP [7MuijbbKkLA].txt,3379,True,True,0.9649,0.0351,17,SCRN-001_news_catalyst|SCRN-003_float|SCRN-007_foreign_stocks|SCRN-008_sector_theme|ENTR-002_fcnh|ENTR-004_micro_pullback|STOP-003_fifty_pct_daily_stop|PROF-001_dont_cap_green|PROF-003_daily_goals|PROF-004_size_up_hot|PROF-005_cold_market|MKTCOND-001_cold_hot_framework|MKTCOND-004_overall_market|MKTCOND-005_seasonal|TIMING-002_opening_range|TIMING-003_midday_dead|TIMING-006_power_hour
Watch List for Monday & Game Plan for the Week!.txt,5619,True,True,0.9649,0.0351,22,SCRN-001_news_catalyst|SCRN-002_relative_volume|SCRN-003_float|SCRN-004_price_range|SCRN-008_sector_theme|SCRN-009_short_interest|SCRN-010_front_back_side|ENTR-002_fcnh|ENTR-009_topping_tails|STOP-001_macd_hands_off|STOP-003_fifty_pct_daily_stop|STOP-006_halt_offering|PROF-004_size_up_hot|PROF-005_cold_market|MKTCOND-001_cold_hot_framework|MKTCOND-002_leading_gapper|MKTCOND-003_cheap_gappers|MKTCOND-005_seasonal|TIMING-001_premarket_watch|TIMING-002_opening_range|TIMING-005_session_length|TIMING-006_power_hour
Watchlist and Pre-Market Recap 4 21 23 #daytrading.txt,840,False,False,0.9649,0.0351,10,SCRN-001_news_catalyst|SCRN-003_float|SCRN-006_reverse_splits|ENTR-009_topping_tails|PROF-002_scale_out|PROF-003_daily_goals|PROF-005_cold_market|TIMING-001_premarket_watch|TIMING-003_midday_dead|TIMING-004_no_trade_days
[LIVE] Live Day Trading Morning Show with Ross Cameron [Rok6qnel2RI].txt,2642,True,True,0.9649,0.0351,17,SCRN-001_news_catalyst|SCRN-003_float|SCRN-004_price_range|SCRN-005_daily_chart_room|SCRN-010_front_back_side|ENTR-001_macd_gate|ENTR-002_fcnh|ENTR-003_dollar_levels|ENTR-004_micro_pullback|ENTR-008_double_bottom|STOP-001_macd_hands_off|STOP-007_position_stop|MKTCOND-002_leading_gapper|MKTCOND-004_overall_market|TIMING-001_premarket_watch|TIMING-002_opening_range|TIMING-006_power_hour
$PCSA +175% on the Reverse Split Setup.txt,6150,True,True,0.9648,0.0352,18,SCRN-001_news_catalyst|SCRN-002_relative_volume|SCRN-003_float|SCRN-004_price_range|SCRN-005_daily_chart_room|SCRN-006_reverse_splits|SCRN-008_sector_theme|ENTR-001_macd_gate|ENTR-002_fcnh|ENTR-003_dollar_levels|ENTR-005_vwap|ENTR-007_order_spoofing|STOP-006_halt_offering|STOP-007_position_stop|PROF-001_dont_cap_green|MKTCOND-002_leading_gapper|MKTCOND-003_cheap_gappers|MKTCOND-004_overall_market
Did You Find The Obvious Stock.txt,2157,True,True,0.9648,0.0352,15,SCRN-001_news_catalyst|SCRN-004_price_range|SCRN-007_foreign_stocks|SCRN-009_short_interest|ENTR-001_macd_gate|ENTR-004_micro_pullback|ENTR-009_topping_tails|STOP-003_fifty_pct_daily_stop|STOP-004_thirty_pct_soft_stop|PROF-003_daily_goals|PROF-006_start_small|MKTCOND-001_cold_hot_framework|TIMING-001_premarket_watch|TIMING-002_opening_range|TIMING-006_power_hour
+$18k on PALT Day Trading Recap by Ross Cameron.txt,1599,True,True,0.9647,0.0353,12,SCRN-001_news_catalyst|SCRN-007_foreign_stocks|ENTR-002_fcnh|ENTR-009_topping_tails|STOP-004_thirty_pct_soft_stop|STOP-007_position_stop|PROF-001_dont_cap_green|MKTCOND-002_leading_gapper|MKTCOND-005_seasonal|TIMING-001_premarket_watch|TIMING-002_opening_range|TIMING-006_power_hour
I didn't expect this.txt,2041,True,True,0.9647,0.0353,17,SCRN-001_news_catalyst|SCRN-005_daily_chart_room|SCRN-006_reverse_splits|ENTR-003_dollar_levels|ENTR-004_micro_pullback|ENTR-005_vwap|ENTR-009_topping_tails|STOP-003_fifty_pct_daily_stop|STOP-004_thirty_pct_soft_stop|PROF-001_dont_cap_green|PROF-005_cold_market|MKTCOND-002_leading_gapper|MKTCOND-005_seasonal|TIMING-001_premarket_watch|TIMING-002_opening_range|TIMING-003_midday_dead|TIMING-006_power_hour
[LIVE] DAY TRADING Morning Show 9 00 - 9 30am ET with Ross Cameron [X04TNeOkOME].txt,2469,True,True,0.9647,0.0353,12,SCRN-003_float|SCRN-004_price_range|SCRN-005_daily_chart_room|ENTR-003_dollar_levels|ENTR-007_order_spoofing|ENTR-009_topping_tails|PROF-001_dont_cap_green|PROF-003_daily_goals|MKTCOND-002_leading_gapper|TIMING-001_premarket_watch|TIMING-002_opening_range|TIMING-005_session_length
[LIVE] DAY TRADING Morning Show 9 00 - 9 30am ET with Ross Cameron [nhBdMHAM0CU].txt,2205,True,True,0.9647,0.0353,12,SCRN-001_news_catalyst|SCRN-003_float|SCRN-004_price_range|SCRN-006_reverse_splits|SCRN-007_foreign_stocks|ENTR-009_topping_tails|STOP-006_halt_offering|PROF-001_dont_cap_green|MKTCOND-002_leading_gapper|MKTCOND-004_overall_market|TIMING-002_opening_range|TIMING-006_power_hour
"2nd Red Day of The Month -$4,700 Ross' Trade Recap.txt",1329,False,False,0.9646,0.0354,10,SCRN-001_news_catalyst|SCRN-003_float|SCRN-005_daily_chart_room|SCRN-006_reverse_splits|ENTR-003_dollar_levels|STOP-006_halt_offering|PROF-003_daily_goals|MKTCOND-002_leading_gapper|TIMING-002_opening_range|TIMING-003_midday_dead
S&P 500 Up Big on Economic Data.txt,3308,True,True,0.9646,0.0354,12,SCRN-001_news_catalyst|SCRN-003_float|SCRN-005_daily_chart_room|SCRN-008_sector_theme|ENTR-004_micro_pullback|ENTR-005_vwap|STOP-006_halt_offering|PROF-002_scale_out|PROF-003_daily_goals|MKTCOND-004_overall_market|MKTCOND-005_seasonal|TIMING-002_opening_range
Live Day Trading Morning Show with Ross Cameron [G9lRdz0RaWE].txt,4142,True,True,0.9644,0.0356,19,SCRN-001_news_catalyst|SCRN-003_float|SCRN-004_price_range|SCRN-005_daily_chart_room|SCRN-006_reverse_splits|SCRN-009_short_interest|ENTR-002_fcnh|ENTR-003_dollar_levels|ENTR-004_micro_pullback|ENTR-008_double_bottom|ENTR-009_topping_tails|STOP-005_fifty_pct_retrace|PROF-001_dont_cap_green|PROF-004_size_up_hot|PROF-005_cold_market|MKTCOND-001_cold_hot_framework|MKTCOND-002_leading_gapper|MKTCOND-005_seasonal|TIMING-002_opening_range
[LIVE] Day Trading Morning Show with Ross Cameron #stocks #daytrading [Rl2GN6j_o9Q].txt,2818,True,True,0.9644,0.0356,15,SCRN-001_news_catalyst|SCRN-002_relative_volume|SCRN-003_float|SCRN-004_price_range|SCRN-005_daily_chart_room|SCRN-009_short_interest|ENTR-002_fcnh|ENTR-003_dollar_levels|ENTR-004_micro_pullback|ENTR-008_double_bottom|ENTR-009_topping_tails|PROF-003_daily_goals|MKTCOND-002_leading_gapper|MKTCOND-004_overall_market|TIMING-002_opening_range
Day Trading Recap NASDAQ $TSRI +50%.txt,1559,True,True,0.9643,0.0357,9,SCRN-003_float|SCRN-007_foreign_stocks|ENTR-003_dollar_levels|ENTR-004_micro_pullback|PROF-001_dont_cap_green|PROF-003_daily_goals|MKTCOND-002_leading_gapper|TIMING-001_premarket_watch|TIMING-002_opening_range
+$46k on the GameStop Stock SHORT SQUEEZE!.txt,5223,True,True,0.9642,0.0358,18,SCRN-003_float|SCRN-004_price_range|SCRN-009_short_interest|SCRN-010_front_back_side|ENTR-002_fcnh|ENTR-003_dollar_levels|ENTR-004_micro_pullback|ENTR-006_bull_flag|ENTR-009_topping_tails|STOP-003_fifty_pct_daily_stop|STOP-004_thirty_pct_soft_stop|STOP-007_position_stop|PROF-001_dont_cap_green|PROF-002_scale_out|PROF-005_cold_market|MKTCOND-003_cheap_gappers|TIMING-001_premarket_watch|TIMING-006_power_hour
Day 4 Small Account Challenge +$618.51 this week +106% on my $583.15 Account.txt,5817,True,True,0.9642,0.0358,15,SCRN-001_news_catalyst|SCRN-002_relative_volume|SCRN-003_float|SCRN-004_price_range|SCRN-005_daily_chart_room|SCRN-006_reverse_splits|ENTR-002_fcnh|ENTR-003_dollar_levels|STOP-006_halt_offering|PROF-002_scale_out|MKTCOND-003_cheap_gappers|MKTCOND-004_overall_market|TIMING-001_premarket_watch|TIMING-002_opening_range|TIMING-003_midday_dead
I Took a Big Loss on my 2nd Trade of the Day!.txt,1659,True,True,0.9641,0.0359,12,SCRN-001_news_catalyst|SCRN-003_float|ENTR-002_fcnh|ENTR-004_micro_pullback|ENTR-005_vwap|ENTR-008_double_bottom|PROF-003_daily_goals|MKTCOND-001_cold_hot_framework|MKTCOND-005_seasonal|TIMING-001_premarket_watch|TIMING-002_opening_range|TIMING-006_power_hour
"The Simple MACD Strategy to Spot Big Winners Early (5,712% Example).txt",6251,True,True,0.9641,0.0359,15,SCRN-001_news_catalyst|SCRN-002_relative_volume|SCRN-003_float|SCRN-004_price_range|SCRN-008_sector_theme|SCRN-010_front_back_side|ENTR-001_macd_gate|ENTR-002_fcnh|ENTR-004_micro_pullback|ENTR-006_bull_flag|ENTR-009_topping_tails|STOP-003_fifty_pct_daily_stop|STOP-007_position_stop|PROF-001_dont_cap_green|PROF-002_scale_out
There are TOO MANY strong stocks!.txt,2722,True,True,0.9641,0.0359,11,SCRN-001_news_catalyst|SCRN-002_relative_volume|SCRN-003_float|SCRN-005_daily_chart_room|SCRN-006_reverse_splits|ENTR-004_micro_pullback|PROF-003_daily_goals|PROF-006_start_small|MKTCOND-002_leading_gapper|TIMING-001_premarket_watch|TIMING-002_opening_range
[LIVE] DAY TRADING Morning Show 9 00 - 9 30am ET with Ross Cameron [GqAr6Dj8I6k].txt,4758,True,True,0.9641,0.0359,22,SCRN-001_news_catalyst|SCRN-003_float|SCRN-004_price_range|SCRN-006_reverse_splits|SCRN-007_foreign_stocks|SCRN-010_front_back_side|ENTR-001_macd_gate|ENTR-002_fcnh|ENTR-003_dollar_levels|ENTR-004_micro_pullback|ENTR-008_double_bottom|ENTR-009_topping_tails|STOP-001_macd_hands_off|STOP-007_position_stop|PROF-001_dont_cap_green|PROF-002_scale_out|PROF-004_size_up_hot|PROF-005_cold_market|MKTCOND-002_leading_gapper|TIMING-001_premarket_watch|TIMING-002_opening_range|TIMING-003_midday_dead
+$13k on (NASDAQ ENOB) Recap by Ross Cameron.txt,1558,True,True,0.964,0.036,8,SCRN-004_price_range|ENTR-003_dollar_levels|STOP-003_fifty_pct_daily_stop|PROF-001_dont_cap_green|PROF-003_daily_goals|MKTCOND-002_leading_gapper|TIMING-001_premarket_watch|TIMING-002_opening_range
LIVE Day Trading Morning Show with Ross Cameron [RbSxxUV0bNM].txt,2397,True,True,0.964,0.036,16,SCRN-001_news_catalyst|SCRN-002_relative_volume|SCRN-003_float|SCRN-004_price_range|SCRN-005_daily_chart_room|SCRN-006_reverse_splits|ENTR-002_fcnh|ENTR-004_micro_pullback|ENTR-005_vwap|PROF-003_daily_goals|PROF-004_size_up_hot|MKTCOND-002_leading_gapper|MKTCOND-004_overall_market|TIMING-001_premarket_watch|TIMING-002_opening_range|TIMING-006_power_hour
Day Trading Watch List for MONDAY!!.txt,4759,True,True,0.9639,0.0361,16,SCRN-001_news_catalyst|SCRN-002_relative_volume|SCRN-003_float|SCRN-004_price_range|SCRN-006_reverse_splits|SCRN-007_foreign_stocks|SCRN-009_short_interest|ENTR-002_fcnh|ENTR-006_bull_flag|STOP-003_fifty_pct_daily_stop|STOP-004_thirty_pct_soft_stop|STOP-006_halt_offering|PROF-006_start_small|MKTCOND-002_leading_gapper|MKTCOND-005_seasonal|TIMING-006_power_hour
The Two Most Obvious Stocks Today....txt,1666,True,True,0.9639,0.0361,12,SCRN-003_float|SCRN-005_daily_chart_room|ENTR-002_fcnh|ENTR-005_vwap|ENTR-009_topping_tails|STOP-007_position_stop|PROF-003_daily_goals|PROF-006_start_small|MKTCOND-003_cheap_gappers|TIMING-001_premarket_watch|TIMING-002_opening_range|TIMING-006_power_hour
Today's MOST OBVIOUS Trade.txt,2906,True,True,0.9639,0.0361,14,SCRN-001_news_catalyst|SCRN-005_daily_chart_room|ENTR-004_micro_pullback|ENTR-009_topping_tails|STOP-003_fifty_pct_daily_stop|STOP-004_thirty_pct_soft_stop|PROF-001_dont_cap_green|PROF-003_daily_goals|PROF-005_cold_market|MKTCOND-001_cold_hot_framework|MKTCOND-004_overall_market|TIMING-001_premarket_watch|TIMING-002_opening_range|TIMING-006_power_hour
$MOTS +102% LIVE Day Trading Morning Show with Ross.txt,3381,True,True,0.9638,0.0362,20,SCRN-001_news_catalyst|SCRN-003_float|SCRN-004_price_range|SCRN-005_daily_chart_room|SCRN-006_reverse_splits|SCRN-009_short_interest|SCRN-010_front_back_side|ENTR-001_macd_gate|ENTR-002_fcnh|ENTR-004_micro_pullback|ENTR-006_bull_flag|STOP-004_thirty_pct_soft_stop|PROF-001_dont_cap_green|PROF-002_scale_out|PROF-003_daily_goals|PROF-004_size_up_hot|MKTCOND-002_leading_gapper|TIMING-002_opening_range|TIMING-003_midday_dead|TIMING-004_no_trade_days
Day Trading Watch List for TUESDAY! (P.S. Labor Day Sales End TOMORROW).txt,3363,True,True,0.9637,0.0363,17,SCRN-001_news_catalyst|SCRN-003_float|SCRN-004_price_range|SCRN-005_daily_chart_room|SCRN-006_reverse_splits|SCRN-007_foreign_stocks|SCRN-008_sector_theme|SCRN-010_front_back_side|ENTR-002_fcnh|STOP-001_macd_hands_off|PROF-001_dont_cap_green|PROF-005_cold_market|PROF-006_start_small|MKTCOND-002_leading_gapper|MKTCOND-005_seasonal|TIMING-004_no_trade_days|TIMING-006_power_hour
How I’m Trading the mpox Catalyst.txt,8760,True,True,0.9637,0.0363,26,SCRN-001_news_catalyst|SCRN-002_relative_volume|SCRN-003_float|SCRN-004_price_range|SCRN-005_daily_chart_room|SCRN-006_reverse_splits|SCRN-008_sector_theme|SCRN-009_short_interest|SCRN-010_front_back_side|ENTR-001_macd_gate|ENTR-002_fcnh|ENTR-003_dollar_levels|ENTR-005_vwap|ENTR-009_topping_tails|STOP-003_fifty_pct_daily_stop|STOP-004_thirty_pct_soft_stop|STOP-006_halt_offering|PROF-001_dont_cap_green|PROF-005_cold_market|PROF-006_start_small|MKTCOND-001_cold_hot_framework|MKTCOND-004_overall_market|TIMING-001_premarket_watch|TIMING-002_opening_range|TIMING-003_midday_dead|TIMING-006_power_hour
How Much Risk Should I Take.txt,5067,True,True,0.9636,0.0364,19,SCRN-001_news_catalyst|SCRN-002_relative_volume|SCRN-003_float|SCRN-004_price_range|SCRN-010_front_back_side|ENTR-001_macd_gate|ENTR-002_fcnh|ENTR-005_vwap|STOP-001_macd_hands_off|PROF-001_dont_cap_green|PROF-005_cold_market|PROF-006_start_small|MKTCOND-001_cold_hot_framework|MKTCOND-002_leading_gapper|MKTCOND-003_cheap_gappers|TIMING-001_premarket_watch|TIMING-002_opening_range|TIMING-004_no_trade_days|TIMING-006_power_hour
LIVE Day Trading Morning Show with Ross Cameron [Tqf1Vhn-FPk].txt,1873,True,True,0.9636,0.0364,11,SCRN-009_short_interest|ENTR-002_fcnh|ENTR-003_dollar_levels|ENTR-004_micro_pullback|STOP-006_halt_offering|PROF-001_dont_cap_green|PROF-005_cold_market|MKTCOND-002_leading_gapper|TIMING-001_premarket_watch|TIMING-002_opening_range|TIMING-003_midday_dead
Big Loser during the Live Day Trading Morning Show with Ross Cameron.txt,2707,True,True,0.9635,0.0365,16,SCRN-001_news_catalyst|SCRN-003_float|SCRN-004_price_range|SCRN-005_daily_chart_room|SCRN-006_reverse_splits|SCRN-008_sector_theme|SCRN-010_front_back_side|ENTR-002_fcnh|ENTR-003_dollar_levels|STOP-001_macd_hands_off|PROF-001_dont_cap_green|PROF-002_scale_out|PROF-003_daily_goals|PROF-005_cold_market|MKTCOND-002_leading_gapper|TIMING-004_no_trade_days
Watch List & Game Plan for Tomorrow! #daytrading #stockmarket.txt,4570,True,True,0.9635,0.0365,18,SCRN-001_news_catalyst|SCRN-003_float|SCRN-004_price_range|SCRN-005_daily_chart_room|SCRN-006_reverse_splits|SCRN-008_sector_theme|ENTR-002_fcnh|ENTR-004_micro_pullback|PROF-001_dont_cap_green|PROF-002_scale_out|PROF-005_cold_market|MKTCOND-001_cold_hot_framework|MKTCOND-002_leading_gapper|MKTCOND-003_cheap_gappers|MKTCOND-004_overall_market|MKTCOND-005_seasonal|TIMING-001_premarket_watch|TIMING-006_power_hour
[LIVE] Live Day Trading Morning Show with Ross Cameron [-Vp1PyRpRzs].txt,4636,True,True,0.9635,0.0365,19,SCRN-001_news_catalyst|SCRN-003_float|SCRN-004_price_range|SCRN-005_daily_chart_room|SCRN-006_reverse_splits|SCRN-010_front_back_side|ENTR-001_macd_gate|ENTR-002_fcnh|ENTR-003_dollar_levels|ENTR-004_micro_pullback|ENTR-007_order_spoofing|ENTR-009_topping_tails|PROF-001_dont_cap_green|PROF-003_daily_goals|PROF-005_cold_market|MKTCOND-002_leading_gapper|TIMING-001_premarket_watch|TIMING-002_opening_range|TIMING-003_midday_dead
[LIVE] $IDAI +200% Squeezing on Breaking News - DAY TRADING with Ross!.txt,4139,True,True,0.9634,0.0366,15,SCRN-001_news_catalyst|SCRN-003_float|SCRN-004_price_range|SCRN-005_daily_chart_room|ENTR-002_fcnh|ENTR-004_micro_pullback|ENTR-006_bull_flag|STOP-006_halt_offering|PROF-002_scale_out|PROF-004_size_up_hot|MKTCOND-002_leading_gapper|MKTCOND-003_cheap_gappers|TIMING-001_premarket_watch|TIMING-002_opening_range|TIMING-006_power_hour
[LIVE] DAY TRADING Morning Show 9 00 - 9 30am ET with Ross Cameron [Mw_TrQ6sn-0].txt,1044,False,False,0.9634,0.0366,11,SCRN-001_news_catalyst|SCRN-003_float|SCRN-005_daily_chart_room|SCRN-006_reverse_splits|ENTR-008_double_bottom|ENTR-009_topping_tails|PROF-005_cold_market|MKTCOND-002_leading_gapper|MKTCOND-004_overall_market|TIMING-001_premarket_watch|TIMING-002_opening_range
[LIVE] DAY TRADING Morning Show 9 00 - 9 30am ET with Ross Cameron [NR2ECJ3gZTQ].txt,2547,True,True,0.9634,0.0366,13,SCRN-001_news_catalyst|SCRN-003_float|SCRN-004_price_range|SCRN-005_daily_chart_room|SCRN-006_reverse_splits|ENTR-002_fcnh|ENTR-003_dollar_levels|ENTR-004_micro_pullback|ENTR-006_bull_flag|PROF-005_cold_market|MKTCOND-002_leading_gapper|MKTCOND-004_overall_market|TIMING-002_opening_range
[LIVE] DAY TRADING Morning Show 9 00 - 9 30am EST with Ross Cameron!.txt,2449,True,True,0.9633,0.0367,15,SCRN-002_relative_volume|SCRN-003_float|SCRN-004_price_range|SCRN-005_daily_chart_room|ENTR-002_fcnh|ENTR-007_order_spoofing|ENTR-009_topping_tails|STOP-005_fifty_pct_retrace|PROF-003_daily_goals|MKTCOND-001_cold_hot_framework|MKTCOND-002_leading_gapper|MKTCOND-003_cheap_gappers|MKTCOND-004_overall_market|TIMING-001_premarket_watch|TIMING-002_opening_range
A 300% Surprise Short Squeeze on Friday!.txt,2424,True,True,0.9632,0.0368,15,SCRN-001_news_catalyst|SCRN-004_price_range|SCRN-005_daily_chart_room|SCRN-006_reverse_splits|ENTR-001_macd_gate|ENTR-002_fcnh|ENTR-004_micro_pullback|ENTR-005_vwap|ENTR-009_topping_tails|STOP-003_fifty_pct_daily_stop|STOP-004_thirty_pct_soft_stop|STOP-006_halt_offering|PROF-005_cold_market|TIMING-001_premarket_watch|TIMING-002_opening_range
Today’s biggest squeeze.txt,3255,True,True,0.9632,0.0368,21,SCRN-001_news_catalyst|SCRN-003_float|SCRN-004_price_range|SCRN-005_daily_chart_room|SCRN-006_reverse_splits|SCRN-008_sector_theme|SCRN-009_short_interest|ENTR-002_fcnh|ENTR-004_micro_pullback|ENTR-005_vwap|ENTR-008_double_bottom|ENTR-009_topping_tails|PROF-004_size_up_hot|PROF-005_cold_market|MKTCOND-002_leading_gapper|MKTCOND-003_cheap_gappers|TIMING-001_premarket_watch|TIMING-002_opening_range|TIMING-003_midday_dead|TIMING-004_no_trade_days|TIMING-006_power_hour
Watch List for MONDAY! [AY4XES-fL-g].txt,3185,True,True,0.9632,0.0368,13,SCRN-001_news_catalyst|SCRN-003_float|SCRN-004_price_range|SCRN-005_daily_chart_room|SCRN-006_reverse_splits|ENTR-002_fcnh|ENTR-006_bull_flag|ENTR-009_topping_tails|STOP-006_halt_offering|MKTCOND-002_leading_gapper|MKTCOND-003_cheap_gappers|MKTCOND-005_seasonal|TIMING-006_power_hour
[LIVE] Live Day Trading Morning Show with Ross Cameron #stocks #daytrading [c2lXlSmtI5M].txt,1576,True,True,0.9632,0.0368,10,SCRN-001_news_catalyst|SCRN-003_float|SCRN-005_daily_chart_room|ENTR-002_fcnh|ENTR-003_dollar_levels|STOP-003_fifty_pct_daily_stop|PROF-005_cold_market|MKTCOND-002_leading_gapper|TIMING-001_premarket_watch|TIMING-002_opening_range
LIVE Day Trading today's #1 Short Squeeze Candidate.txt,4619,True,True,0.9631,0.0369,22,SCRN-001_news_catalyst|SCRN-003_float|SCRN-006_reverse_splits|SCRN-009_short_interest|SCRN-010_front_back_side|ENTR-001_macd_gate|ENTR-002_fcnh|ENTR-003_dollar_levels|ENTR-004_micro_pullback|ENTR-005_vwap|ENTR-008_double_bottom|ENTR-009_topping_tails|STOP-001_macd_hands_off|PROF-001_dont_cap_green|PROF-002_scale_out|PROF-003_daily_goals|PROF-004_size_up_hot|PROF-005_cold_market|MKTCOND-002_leading_gapper|MKTCOND-004_overall_market|TIMING-001_premarket_watch|TIMING-002_opening_range
[LIVE] Live Day Trading Morning Show with Ross Cameron [I83D428-Ycc].txt,3258,True,True,0.9631,0.0369,19,SCRN-001_news_catalyst|SCRN-003_float|SCRN-004_price_range|SCRN-005_daily_chart_room|SCRN-007_foreign_stocks|SCRN-010_front_back_side|ENTR-001_macd_gate|ENTR-002_fcnh|ENTR-004_micro_pullback|ENTR-005_vwap|STOP-001_macd_hands_off|STOP-006_halt_offering|PROF-001_dont_cap_green|PROF-003_daily_goals|PROF-004_size_up_hot|MKTCOND-002_leading_gapper|MKTCOND-004_overall_market|TIMING-001_premarket_watch|TIMING-002_opening_range
[LIVE] $CASA +70% Live Stock Trading - Day Trading Morning Show with Ross.txt,2906,True,True,0.963,0.037,13,SCRN-001_news_catalyst|SCRN-003_float|SCRN-004_price_range|SCRN-005_daily_chart_room|ENTR-002_fcnh|ENTR-003_dollar_levels|ENTR-004_micro_pullback|ENTR-008_double_bottom|PROF-001_dont_cap_green|MKTCOND-002_leading_gapper|TIMING-001_premarket_watch|TIMING-002_opening_range|TIMING-003_midday_dead
[LIVE] DAY TRADING Morning Show 9 00 - 9 30am ET with Ross Cameron [mnFgKXUo96E].txt,2536,True,True,0.963,0.037,17,SCRN-001_news_catalyst|SCRN-003_float|SCRN-004_price_range|SCRN-005_daily_chart_room|SCRN-006_reverse_splits|ENTR-001_macd_gate|ENTR-002_fcnh|ENTR-004_micro_pullback|ENTR-008_double_bottom|ENTR-009_topping_tails|PROF-004_size_up_hot|PROF-005_cold_market|MKTCOND-002_leading_gapper|MKTCOND-003_cheap_gappers|TIMING-001_premarket_watch|TIMING-002_opening_range|TIMING-004_no_trade_days
[LIVE] Live Stock Trading - Day Trading Morning Show with Ross Cameron.txt,2775,True,True,0.963,0.037,12,SCRN-001_news_catalyst|SCRN-010_front_back_side|ENTR-002_fcnh|ENTR-003_dollar_levels|ENTR-004_micro_pullback|ENTR-005_vwap|ENTR-006_bull_flag|STOP-001_macd_hands_off|STOP-004_thirty_pct_soft_stop|PROF-005_cold_market|MKTCOND-002_leading_gapper|TIMING-002_opening_range
$PIXY +102% during the LIVE Day Trading Morning Show.txt,2942,True,True,0.9629,0.0371,19,SCRN-001_news_catalyst|SCRN-004_price_range|SCRN-006_reverse_splits|SCRN-009_short_interest|SCRN-010_front_back_side|ENTR-001_macd_gate|ENTR-002_fcnh|ENTR-003_dollar_levels|ENTR-004_micro_pullback|ENTR-007_order_spoofing|ENTR-008_double_bottom|STOP-001_macd_hands_off|STOP-003_fifty_pct_daily_stop|PROF-003_daily_goals|PROF-005_cold_market|MKTCOND-002_leading_gapper|MKTCOND-004_overall_market|TIMING-001_premarket_watch|TIMING-002_opening_range
Day Trading Biotech Stocks with Breaking News.txt,3024,True,True,0.9628,0.0372,19,SCRN-001_news_catalyst|SCRN-003_float|SCRN-004_price_range|SCRN-005_daily_chart_room|SCRN-008_sector_theme|SCRN-010_front_back_side|ENTR-001_macd_gate|ENTR-004_micro_pullback|ENTR-005_vwap|ENTR-009_topping_tails|STOP-001_macd_hands_off|STOP-006_halt_offering|STOP-007_position_stop|PROF-003_daily_goals|PROF-004_size_up_hot|MKTCOND-001_cold_hot_framework|MKTCOND-003_cheap_gappers|TIMING-001_premarket_watch|TIMING-002_opening_range
Day Trading a Continuation Setup.txt,2637,True,True,0.9627,0.0373,19,SCRN-001_news_catalyst|SCRN-003_float|SCRN-005_daily_chart_room|SCRN-006_reverse_splits|SCRN-008_sector_theme|ENTR-001_macd_gate|ENTR-002_fcnh|ENTR-003_dollar_levels|ENTR-005_vwap|ENTR-009_topping_tails|STOP-001_macd_hands_off|STOP-003_fifty_pct_daily_stop|STOP-004_thirty_pct_soft_stop|PROF-002_scale_out|PROF-005_cold_market|MKTCOND-001_cold_hot_framework|MKTCOND-004_overall_market|TIMING-002_opening_range|TIMING-004_no_trade_days
Ross makes $14k Day Trading Momentum during the Morning Show.txt,4484,True,True,0.9627,0.0373,22,SCRN-001_news_catalyst|SCRN-003_float|SCRN-004_price_range|SCRN-005_daily_chart_room|SCRN-006_reverse_splits|SCRN-008_sector_theme|SCRN-010_front_back_side|ENTR-002_fcnh|ENTR-003_dollar_levels|ENTR-004_micro_pullback|ENTR-007_order_spoofing|ENTR-008_double_bottom|ENTR-009_topping_tails|STOP-004_thirty_pct_soft_stop|PROF-001_dont_cap_green|PROF-002_scale_out|PROF-005_cold_market|MKTCOND-002_leading_gapper|MKTCOND-004_overall_market|TIMING-001_premarket_watch|TIMING-002_opening_range|TIMING-006_power_hour
There Was Only ONE Obvious Stock Today [Am2GCUHGzlg].txt,2815,True,True,0.9627,0.0373,19,SCRN-001_news_catalyst|SCRN-003_float|SCRN-004_price_range|SCRN-005_daily_chart_room|SCRN-006_reverse_splits|SCRN-008_sector_theme|SCRN-009_short_interest|ENTR-002_fcnh|ENTR-004_micro_pullback|ENTR-005_vwap|ENTR-009_topping_tails|STOP-001_macd_hands_off|STOP-004_thirty_pct_soft_stop|STOP-006_halt_offering|PROF-001_dont_cap_green|PROF-006_start_small|TIMING-001_premarket_watch|TIMING-002_opening_range|TIMING-006_power_hour
$LVTX +145% LIVE Day Trading Morning Show with Ross.txt,2318,True,True,0.9626,0.0374,15,SCRN-001_news_catalyst|SCRN-003_float|SCRN-006_reverse_splits|SCRN-007_foreign_stocks|ENTR-001_macd_gate|ENTR-002_fcnh|ENTR-004_micro_pullback|ENTR-008_double_bottom|ENTR-009_topping_tails|STOP-002_ema_cross|STOP-007_position_stop|PROF-001_dont_cap_green|MKTCOND-002_leading_gapper|TIMING-001_premarket_watch|TIMING-002_opening_range
$PIK +200% Day Trading Recap by Ross Cameron.txt,2077,True,True,0.9626,0.0374,13,SCRN-001_news_catalyst|SCRN-003_float|SCRN-005_daily_chart_room|SCRN-009_short_interest|ENTR-003_dollar_levels|ENTR-004_micro_pullback|ENTR-009_topping_tails|MKTCOND-002_leading_gapper|MKTCOND-004_overall_market|TIMING-001_premarket_watch|TIMING-002_opening_range|TIMING-003_midday_dead|TIMING-006_power_hour
[LIVE] $AERC +150% in 2 days Day Trading Morning Show with Ross Cameron #stocks #daytrading.txt,2205,True,True,0.9626,0.0374,19,SCRN-001_news_catalyst|SCRN-003_float|SCRN-005_daily_chart_room|SCRN-009_short_interest|ENTR-002_fcnh|ENTR-003_dollar_levels|ENTR-004_micro_pullback|ENTR-008_double_bottom|ENTR-009_topping_tails|STOP-003_fifty_pct_daily_stop|STOP-005_fifty_pct_retrace|STOP-007_position_stop|PROF-001_dont_cap_green|MKTCOND-002_leading_gapper|TIMING-001_premarket_watch|TIMING-002_opening_range|TIMING-003_midday_dead|TIMING-005_session_length|TIMING-006_power_hour
[LIVE] DAY TRADING Morning Show 9 00 - 9 30am ET with Ross Cameron [2K-K1oKAqY4].txt,2209,True,True,0.9626,0.0374,12,SCRN-001_news_catalyst|SCRN-003_float|SCRN-004_price_range|SCRN-005_daily_chart_room|SCRN-006_reverse_splits|ENTR-009_topping_tails|PROF-001_dont_cap_green|MKTCOND-001_cold_hot_framework|MKTCOND-002_leading_gapper|MKTCOND-004_overall_market|TIMING-001_premarket_watch|TIMING-002_opening_range
I'm BACK!.txt,1730,True,True,0.9625,0.0375,13,SCRN-001_news_catalyst|SCRN-003_float|SCRN-005_daily_chart_room|SCRN-008_sector_theme|SCRN-009_short_interest|ENTR-002_fcnh|ENTR-003_dollar_levels|ENTR-005_vwap|PROF-001_dont_cap_green|PROF-005_cold_market|MKTCOND-002_leading_gapper|MKTCOND-004_overall_market|TIMING-001_premarket_watch
[LIVE] DAY TRADING Morning Show 9 00 - 9 30am ET with Ross Cameron [OnocDRAKOxU].txt,3029,True,True,0.9625,0.0375,16,SCRN-001_news_catalyst|SCRN-003_float|SCRN-004_price_range|SCRN-005_daily_chart_room|SCRN-006_reverse_splits|ENTR-002_fcnh|ENTR-003_dollar_levels|ENTR-004_micro_pullback|ENTR-006_bull_flag|ENTR-009_topping_tails|PROF-001_dont_cap_green|PROF-002_scale_out|MKTCOND-002_leading_gapper|TIMING-001_premarket_watch|TIMING-002_opening_range|TIMING-003_midday_dead
Day Trading Breaking News.txt,2803,True,True,0.9624,0.0376,16,SCRN-001_news_catalyst|ENTR-003_dollar_levels|ENTR-004_micro_pullback|ENTR-007_order_spoofing|ENTR-009_topping_tails|STOP-003_fifty_pct_daily_stop|STOP-004_thirty_pct_soft_stop|PROF-001_dont_cap_green|PROF-004_size_up_hot|PROF-005_cold_market|PROF-006_start_small|MKTCOND-003_cheap_gappers|MKTCOND-004_overall_market|TIMING-001_premarket_watch|TIMING-002_opening_range|TIMING-006_power_hour
[LIVE] Day Trading on the Traveling Trading Station.txt,2449,True,True,0.9624,0.0376,14,SCRN-001_news_catalyst|SCRN-003_float|SCRN-005_daily_chart_room|SCRN-006_reverse_splits|ENTR-001_macd_gate|ENTR-002_fcnh|ENTR-003_dollar_levels|ENTR-004_micro_pullback|PROF-001_dont_cap_green|PROF-005_cold_market|MKTCOND-002_leading_gapper|TIMING-001_premarket_watch|TIMING-002_opening_range|TIMING-006_power_hour
$18k in 30 minutes with this Day Trading Strategy.txt,4804,True,True,0.9623,0.0377,18,SCRN-001_news_catalyst|SCRN-002_relative_volume|SCRN-003_float|SCRN-004_price_range|SCRN-006_reverse_splits|SCRN-010_front_back_side|ENTR-003_dollar_levels|ENTR-004_micro_pullback|ENTR-008_double_bottom|STOP-003_fifty_pct_daily_stop|PROF-004_size_up_hot|PROF-005_cold_market|PROF-006_start_small|MKTCOND-004_overall_market|MKTCOND-005_seasonal|TIMING-001_premarket_watch|TIMING-002_opening_range|TIMING-005_session_length
A Chinese Small Cap Surprise!.txt,3167,True,True,0.9623,0.0377,13,SCRN-001_news_catalyst|SCRN-003_float|SCRN-005_daily_chart_room|SCRN-006_reverse_splits|SCRN-007_foreign_stocks|ENTR-001_macd_gate|ENTR-004_micro_pullback|ENTR-005_vwap|ENTR-009_topping_tails|STOP-007_position_stop|TIMING-001_premarket_watch|TIMING-003_midday_dead|TIMING-006_power_hour
Worst Day of the Week....txt,3250,True,True,0.9622,0.0378,18,SCRN-001_news_catalyst|SCRN-002_relative_volume|SCRN-003_float|SCRN-004_price_range|SCRN-005_daily_chart_room|ENTR-003_dollar_levels|ENTR-004_micro_pullback|ENTR-005_vwap|STOP-003_fifty_pct_daily_stop|STOP-006_halt_offering|PROF-005_cold_market|MKTCOND-001_cold_hot_framework|MKTCOND-002_leading_gapper|MKTCOND-003_cheap_gappers|TIMING-001_premarket_watch|TIMING-002_opening_range|TIMING-004_no_trade_days|TIMING-006_power_hour
[LIVE] DAY TRADING MORNING SHOW - LIVE STOCK MARKET TRADING with Ross Cameron [fNiQTdy8a2I].txt,2443,True,True,0.9622,0.0378,17,SCRN-001_news_catalyst|SCRN-003_float|SCRN-004_price_range|SCRN-005_daily_chart_room|SCRN-008_sector_theme|SCRN-010_front_back_side|ENTR-004_micro_pullback|ENTR-007_order_spoofing|STOP-001_macd_hands_off|STOP-004_thirty_pct_soft_stop|PROF-004_size_up_hot|PROF-005_cold_market|MKTCOND-001_cold_hot_framework|MKTCOND-002_leading_gapper|MKTCOND-003_cheap_gappers|TIMING-001_premarket_watch|TIMING-002_opening_range
[LIVE] Live Day Trading Morning Show with Ross Cameron #stocks #daytrading [i9FKr1SBEXQ].txt,1901,True,True,0.9622,0.0378,11,SCRN-001_news_catalyst|SCRN-003_float|SCRN-005_daily_chart_room|SCRN-008_sector_theme|SCRN-009_short_interest|ENTR-009_topping_tails|PROF-005_cold_market|MKTCOND-002_leading_gapper|MKTCOND-004_overall_market|TIMING-001_premarket_watch|TIMING-002_opening_range
Day Trading Game Plan For Monday! #stockmarket.txt,5421,True,True,0.9621,0.0379,21,SCRN-001_news_catalyst|SCRN-002_relative_volume|SCRN-003_float|SCRN-004_price_range|SCRN-005_daily_chart_room|SCRN-006_reverse_splits|SCRN-009_short_interest|SCRN-010_front_back_side|ENTR-001_macd_gate|ENTR-004_micro_pullback|ENTR-009_topping_tails|STOP-006_halt_offering|PROF-003_daily_goals|PROF-004_size_up_hot|PROF-005_cold_market|MKTCOND-002_leading_gapper|MKTCOND-003_cheap_gappers|MKTCOND-004_overall_market|MKTCOND-005_seasonal|TIMING-001_premarket_watch|TIMING-006_power_hour
"A Slow Day...until a 1,200% SHORT SQUEEZE.txt",2916,True,True,0.962,0.038,21,SCRN-001_news_catalyst|SCRN-002_relative_volume|SCRN-003_float|SCRN-005_daily_chart_room|SCRN-006_reverse_splits|SCRN-007_foreign_stocks|SCRN-009_short_interest|ENTR-002_fcnh|ENTR-004_micro_pullback|STOP-006_halt_offering|PROF-001_dont_cap_green|PROF-003_daily_goals|PROF-004_size_up_hot|PROF-005_cold_market|PROF-006_start_small|MKTCOND-001_cold_hot_framework|MKTCOND-004_overall_market|MKTCOND-005_seasonal|TIMING-001_premarket_watch|TIMING-002_opening_range|TIMING-006_power_hour
Back to Back Green! Ross' Trade Recap.txt,2326,True,True,0.962,0.038,14,SCRN-001_news_catalyst|SCRN-003_float|SCRN-004_price_range|SCRN-005_daily_chart_room|SCRN-006_reverse_splits|ENTR-003_dollar_levels|STOP-003_fifty_pct_daily_stop|PROF-003_daily_goals|MKTCOND-001_cold_hot_framework|MKTCOND-002_leading_gapper|MKTCOND-004_overall_market|MKTCOND-005_seasonal|TIMING-003_midday_dead|TIMING-005_session_length
Live Day Trading Morning Show with Ross Cameron [phKfwBsIYtU].txt,3693,True,True,0.962,0.038,21,SCRN-001_news_catalyst|SCRN-003_float|SCRN-004_price_range|SCRN-005_daily_chart_room|SCRN-009_short_interest|ENTR-002_fcnh|ENTR-003_dollar_levels|ENTR-004_micro_pullback|ENTR-005_vwap|ENTR-006_bull_flag|ENTR-008_double_bottom|PROF-001_dont_cap_green|PROF-002_scale_out|PROF-003_daily_goals|PROF-005_cold_market|MKTCOND-001_cold_hot_framework|MKTCOND-004_overall_market|TIMING-001_premarket_watch|TIMING-002_opening_range|TIMING-003_midday_dead|TIMING-006_power_hour
[LIVE] DAY TRADING Morning Show 9 00 - 9 30am ET with Ross Cameron [EVkznud_nMc].txt,3583,True,True,0.9619,0.0381,15,SCRN-003_float|SCRN-004_price_range|SCRN-005_daily_chart_room|ENTR-001_macd_gate|ENTR-002_fcnh|ENTR-003_dollar_levels|ENTR-004_micro_pullback|ENTR-009_topping_tails|STOP-004_thirty_pct_soft_stop|PROF-003_daily_goals|MKTCOND-002_leading_gapper|MKTCOND-003_cheap_gappers|TIMING-001_premarket_watch|TIMING-002_opening_range|TIMING-005_session_length
Day Trading Watch List for MONDAY! [_iqjmq9gZY8].txt,2291,True,True,0.9618,0.0382,11,SCRN-001_news_catalyst|SCRN-003_float|SCRN-005_daily_chart_room|SCRN-006_reverse_splits|ENTR-002_fcnh|ENTR-003_dollar_levels|ENTR-006_bull_flag|ENTR-009_topping_tails|PROF-006_start_small|MKTCOND-002_leading_gapper|TIMING-006_power_hour
I Gave Back 1 2 My Gains....txt,1972,True,True,0.9618,0.0382,17,SCRN-001_news_catalyst|SCRN-003_float|SCRN-004_price_range|SCRN-005_daily_chart_room|SCRN-006_reverse_splits|SCRN-007_foreign_stocks|ENTR-003_dollar_levels|ENTR-004_micro_pullback|STOP-003_fifty_pct_daily_stop|PROF-004_size_up_hot|PROF-005_cold_market|PROF-006_start_small|MKTCOND-002_leading_gapper|TIMING-001_premarket_watch|TIMING-002_opening_range|TIMING-004_no_trade_days|TIMING-006_power_hour
Day Trading Morning Show with Ross Cameron [m7ZlOygzub8].txt,2475,True,True,0.9617,0.0383,10,SCRN-001_news_catalyst|SCRN-003_float|SCRN-004_price_range|SCRN-005_daily_chart_room|STOP-003_fifty_pct_daily_stop|PROF-001_dont_cap_green|MKTCOND-002_leading_gapper|MKTCOND-005_seasonal|TIMING-001_premarket_watch|TIMING-002_opening_range
"+$52,503.87 of Profits in 3 hrs of Day Trading.txt",3003,True,True,0.9616,0.0384,17,SCRN-001_news_catalyst|SCRN-003_float|SCRN-004_price_range|SCRN-006_reverse_splits|SCRN-007_foreign_stocks|SCRN-008_sector_theme|ENTR-004_micro_pullback|ENTR-007_order_spoofing|STOP-003_fifty_pct_daily_stop|STOP-004_thirty_pct_soft_stop|PROF-001_dont_cap_green|PROF-002_scale_out|PROF-003_daily_goals|PROF-005_cold_market|MKTCOND-001_cold_hot_framework|MKTCOND-003_cheap_gappers|TIMING-001_premarket_watch
I took a ride on the roller coaster today!.txt,4017,True,True,0.9616,0.0384,20,SCRN-001_news_catalyst|SCRN-002_relative_volume|SCRN-003_float|SCRN-004_price_range|SCRN-005_daily_chart_room|SCRN-008_sector_theme|ENTR-002_fcnh|ENTR-004_micro_pullback|ENTR-009_topping_tails|STOP-003_fifty_pct_daily_stop|STOP-004_thirty_pct_soft_stop|STOP-006_halt_offering|STOP-007_position_stop|PROF-003_daily_goals|PROF-004_size_up_hot|PROF-005_cold_market|PROF-006_start_small|MKTCOND-005_seasonal|TIMING-001_premarket_watch|TIMING-006_power_hour
"I'm Looking For The NEXT 1,000% Short Squeeze.txt",3728,True,True,0.9616,0.0384,12,SCRN-001_news_catalyst|SCRN-002_relative_volume|SCRN-003_float|SCRN-004_price_range|SCRN-005_daily_chart_room|SCRN-006_reverse_splits|SCRN-008_sector_theme|SCRN-009_short_interest|STOP-006_halt_offering|MKTCOND-002_leading_gapper|MKTCOND-005_seasonal|TIMING-006_power_hour
[LIVE] FRIDAY Day Trading Morning Show with Ross Cameron #stocks #daytrading.txt,2616,True,True,0.9615,0.0385,15,SCRN-001_news_catalyst|SCRN-003_float|SCRN-005_daily_chart_room|ENTR-003_dollar_levels|ENTR-004_micro_pullback|ENTR-006_bull_flag|ENTR-007_order_spoofing|STOP-006_halt_offering|PROF-001_dont_cap_green|PROF-005_cold_market|MKTCOND-002_leading_gapper|MKTCOND-004_overall_market|TIMING-001_premarket_watch|TIMING-002_opening_range|TIMING-003_midday_dead
A shift in the market is happening....txt,3225,True,True,0.9614,0.0386,11,SCRN-001_news_catalyst|SCRN-003_float|SCRN-006_reverse_splits|SCRN-007_foreign_stocks|SCRN-008_sector_theme|SCRN-009_short_interest|ENTR-004_micro_pullback|ENTR-009_topping_tails|STOP-006_halt_offering|PROF-006_start_small|MKTCOND-005_seasonal
TODAY set a NEW RECORD.txt,2407,True,True,0.9612,0.0388,15,SCRN-001_news_catalyst|SCRN-003_float|SCRN-004_price_range|SCRN-005_daily_chart_room|SCRN-010_front_back_side|ENTR-001_macd_gate|ENTR-003_dollar_levels|STOP-003_fifty_pct_daily_stop|PROF-003_daily_goals|PROF-005_cold_market|MKTCOND-004_overall_market|TIMING-001_premarket_watch|TIMING-002_opening_range|TIMING-005_session_length|TIMING-006_power_hour
Day Trading Morning Show with Ross Cameron [_xN1WSCd-pI].txt,2177,True,True,0.9611,0.0389,12,SCRN-001_news_catalyst|SCRN-003_float|SCRN-004_price_range|SCRN-005_daily_chart_room|SCRN-006_reverse_splits|ENTR-004_micro_pullback|ENTR-009_topping_tails|PROF-005_cold_market|MKTCOND-002_leading_gapper|TIMING-001_premarket_watch|TIMING-002_opening_range|TIMING-003_midday_dead
$BIAF +72% LIVE Day Trading Morning Show with Ross.txt,4355,True,True,0.961,0.039,16,SCRN-001_news_catalyst|SCRN-003_float|SCRN-004_price_range|SCRN-006_reverse_splits|SCRN-007_foreign_stocks|SCRN-009_short_interest|ENTR-002_fcnh|ENTR-003_dollar_levels|ENTR-004_micro_pullback|ENTR-009_topping_tails|STOP-006_halt_offering|PROF-003_daily_goals|PROF-006_start_small|TIMING-001_premarket_watch|TIMING-002_opening_range|TIMING-006_power_hour
Recap From Lake Placid Day Trading Recap by Ross Cameron.txt,2077,True,True,0.9606,0.0394,17,SCRN-001_news_catalyst|SCRN-002_relative_volume|SCRN-003_float|SCRN-004_price_range|SCRN-005_daily_chart_room|ENTR-003_dollar_levels|ENTR-004_micro_pullback|ENTR-006_bull_flag|STOP-004_thirty_pct_soft_stop|STOP-007_position_stop|PROF-005_cold_market|MKTCOND-001_cold_hot_framework|MKTCOND-002_leading_gapper|MKTCOND-004_overall_market|MKTCOND-005_seasonal|TIMING-001_premarket_watch|TIMING-002_opening_range
[LIVE] Live Day Trading Morning Show with Ross Cameron [dZD_sMMfO_8].txt,2625,True,True,0.9606,0.0394,14,SCRN-001_news_catalyst|SCRN-003_float|SCRN-004_price_range|SCRN-005_daily_chart_room|ENTR-001_macd_gate|ENTR-002_fcnh|ENTR-003_dollar_levels|ENTR-008_double_bottom|ENTR-009_topping_tails|MKTCOND-002_leading_gapper|MKTCOND-003_cheap_gappers|MKTCOND-004_overall_market|TIMING-002_opening_range|TIMING-004_no_trade_days
$CTRV Winner! Ross' Trade Recap.txt,2510,True,True,0.9605,0.0395,16,SCRN-001_news_catalyst|SCRN-003_float|SCRN-004_price_range|SCRN-005_daily_chart_room|SCRN-006_reverse_splits|SCRN-010_front_back_side|ENTR-002_fcnh|ENTR-003_dollar_levels|ENTR-007_order_spoofing|PROF-004_size_up_hot|MKTCOND-002_leading_gapper|MKTCOND-004_overall_market|TIMING-001_premarket_watch|TIMING-002_opening_range|TIMING-003_midday_dead|TIMING-005_session_length
$SBFM +149% Day Trading Morning Show with Ross Cameron.txt,3981,True,True,0.9605,0.0395,15,SCRN-001_news_catalyst|SCRN-003_float|SCRN-004_price_range|SCRN-009_short_interest|ENTR-002_fcnh|ENTR-003_dollar_levels|ENTR-004_micro_pullback|ENTR-009_topping_tails|STOP-007_position_stop|PROF-001_dont_cap_green|PROF-002_scale_out|PROF-006_start_small|MKTCOND-002_leading_gapper|TIMING-001_premarket_watch|TIMING-002_opening_range
Short Squeeze from $3.50 to $11.50.txt,3494,True,True,0.9605,0.0395,17,SCRN-001_news_catalyst|SCRN-003_float|SCRN-009_short_interest|ENTR-002_fcnh|ENTR-003_dollar_levels|ENTR-004_micro_pullback|ENTR-005_vwap|ENTR-009_topping_tails|STOP-004_thirty_pct_soft_stop|STOP-007_position_stop|PROF-003_daily_goals|PROF-004_size_up_hot|PROF-006_start_small|MKTCOND-001_cold_hot_framework|MKTCOND-005_seasonal|TIMING-001_premarket_watch|TIMING-006_power_hour
[LIVE] Live Stock Trading - Day Trading Morning Show with Ross.txt,3240,True,True,0.9605,0.0395,11,SCRN-001_news_catalyst|SCRN-003_float|SCRN-004_price_range|SCRN-005_daily_chart_room|SCRN-006_reverse_splits|PROF-001_dont_cap_green|MKTCOND-002_leading_gapper|MKTCOND-004_overall_market|TIMING-001_premarket_watch|TIMING-002_opening_range|TIMING-006_power_hour
How to Avoid Red Days...there is a trick....txt,2278,True,True,0.9603,0.0397,15,SCRN-001_news_catalyst|SCRN-003_float|SCRN-004_price_range|SCRN-005_daily_chart_room|SCRN-009_short_interest|STOP-006_halt_offering|PROF-001_dont_cap_green|PROF-005_cold_market|MKTCOND-001_cold_hot_framework|MKTCOND-004_overall_market|MKTCOND-005_seasonal|TIMING-001_premarket_watch|TIMING-002_opening_range|TIMING-004_no_trade_days|TIMING-006_power_hour
No Trade Day! [SoQT48tw7VI].txt,1260,False,False,0.9603,0.0397,14,SCRN-003_float|SCRN-004_price_range|SCRN-005_daily_chart_room|SCRN-007_foreign_stocks|ENTR-004_micro_pullback|STOP-003_fifty_pct_daily_stop|PROF-001_dont_cap_green|PROF-005_cold_market|PROF-006_start_small|MKTCOND-002_leading_gapper|MKTCOND-003_cheap_gappers|MKTCOND-004_overall_market|TIMING-001_premarket_watch|TIMING-004_no_trade_days
Day Trading Breaking News Headlines.txt,2618,True,True,0.9602,0.0398,20,SCRN-001_news_catalyst|SCRN-003_float|SCRN-005_daily_chart_room|SCRN-006_reverse_splits|SCRN-007_foreign_stocks|SCRN-009_short_interest|SCRN-010_front_back_side|ENTR-005_vwap|ENTR-009_topping_tails|STOP-004_thirty_pct_soft_stop|STOP-006_halt_offering|STOP-007_position_stop|PROF-003_daily_goals|PROF-005_cold_market|PROF-006_start_small|MKTCOND-005_seasonal|TIMING-001_premarket_watch|TIMING-002_opening_range|TIMING-003_midday_dead|TIMING-005_session_length
"Making +$78,192.05 in 2 min and 27 seconds.txt",8868,True,True,0.9601,0.0399,21,SCRN-001_news_catalyst|SCRN-002_relative_volume|SCRN-003_float|SCRN-004_price_range|SCRN-005_daily_chart_room|SCRN-010_front_back_side|ENTR-001_macd_gate|ENTR-002_fcnh|ENTR-003_dollar_levels|ENTR-004_micro_pullback|ENTR-007_order_spoofing|ENTR-009_topping_tails|STOP-001_macd_hands_off|STOP-003_fifty_pct_daily_stop|STOP-006_halt_offering|STOP-007_position_stop|PROF-002_scale_out|MKTCOND-002_leading_gapper|MKTCOND-004_overall_market|TIMING-001_premarket_watch|TIMING-002_opening_range
"An Epic Recap! The Watch List + Live Trading +$1,300! Ross Trade Recap.txt",6439,True,True,0.96,0.04,21,SCRN-001_news_catalyst|SCRN-003_float|SCRN-004_price_range|SCRN-005_daily_chart_room|SCRN-006_reverse_splits|ENTR-002_fcnh|ENTR-003_dollar_levels|ENTR-004_micro_pullback|ENTR-005_vwap|ENTR-006_bull_flag|ENTR-007_order_spoofing|ENTR-009_topping_tails|STOP-005_fifty_pct_retrace|STOP-007_position_stop|PROF-005_cold_market|MKTCOND-002_leading_gapper|MKTCOND-004_overall_market|TIMING-001_premarket_watch|TIMING-002_opening_range|TIMING-003_midday_dead|TIMING-006_power_hour
Luck By My Side +$5K Ross' Trade Recap.txt,1805,True,True,0.96,0.04,11,SCRN-003_float|ENTR-002_fcnh|ENTR-003_dollar_levels|ENTR-006_bull_flag|ENTR-007_order_spoofing|PROF-001_dont_cap_green|PROF-003_daily_goals|MKTCOND-002_leading_gapper|TIMING-001_premarket_watch|TIMING-002_opening_range|TIMING-003_midday_dead
$AUVI $BZFD Friday Gap Scanners.txt,1473,False,False,0.9599,0.0401,10,ENTR-002_fcnh|ENTR-003_dollar_levels|ENTR-009_topping_tails|STOP-003_fifty_pct_daily_stop|PROF-001_dont_cap_green|PROF-003_daily_goals|PROF-005_cold_market|MKTCOND-002_leading_gapper|TIMING-001_premarket_watch|TIMING-002_opening_range
Day Trading Morning Show with Ross Cameron [rynggkVzMfY].txt,1674,True,True,0.9599,0.0401,11,SCRN-001_news_catalyst|SCRN-003_float|SCRN-005_daily_chart_room|SCRN-006_reverse_splits|SCRN-009_short_interest|ENTR-002_fcnh|ENTR-003_dollar_levels|ENTR-004_micro_pullback|ENTR-006_bull_flag|MKTCOND-002_leading_gapper|TIMING-002_opening_range
This is the stock I'm watching for Monday!.txt,4960,True,True,0.9597,0.0403,26,SCRN-001_news_catalyst|SCRN-003_float|SCRN-004_price_range|SCRN-005_daily_chart_room|SCRN-006_reverse_splits|SCRN-007_foreign_stocks|SCRN-008_sector_theme|SCRN-009_short_interest|SCRN-010_front_back_side|ENTR-003_dollar_levels|ENTR-004_micro_pullback|ENTR-009_topping_tails|STOP-001_macd_hands_off|STOP-004_thirty_pct_soft_stop|STOP-005_fifty_pct_retrace|STOP-006_halt_offering|PROF-001_dont_cap_green|PROF-002_scale_out|PROF-004_size_up_hot|PROF-006_start_small|MKTCOND-001_cold_hot_framework|MKTCOND-002_leading_gapper|MKTCOND-004_overall_market|MKTCOND-005_seasonal|TIMING-001_premarket_watch|TIMING-006_power_hour
"+$10,806.46 with JUST ONE GOOD TRADE.txt",2432,True,True,0.9596,0.0404,16,SCRN-001_news_catalyst|SCRN-003_float|SCRN-006_reverse_splits|SCRN-007_foreign_stocks|SCRN-009_short_interest|SCRN-010_front_back_side|ENTR-002_fcnh|ENTR-003_dollar_levels|ENTR-004_micro_pullback|ENTR-009_topping_tails|STOP-001_macd_hands_off|PROF-003_daily_goals|PROF-005_cold_market|MKTCOND-001_cold_hot_framework|TIMING-001_premarket_watch|TIMING-002_opening_range
Day Trading Morning Show with Ross Cameron [ubdXnjZPtMI].txt,1887,True,True,0.9596,0.0404,12,SCRN-001_news_catalyst|SCRN-003_float|SCRN-004_price_range|SCRN-005_daily_chart_room|SCRN-006_reverse_splits|ENTR-003_dollar_levels|ENTR-004_micro_pullback|PROF-001_dont_cap_green|PROF-005_cold_market|MKTCOND-001_cold_hot_framework|MKTCOND-002_leading_gapper|MKTCOND-005_seasonal
+$9.7k on (NASDAQ EFTR) Recap by Ross Cameron.txt,906,False,False,0.9595,0.0405,9,ENTR-009_topping_tails|STOP-003_fifty_pct_daily_stop|STOP-004_thirty_pct_soft_stop|PROF-001_dont_cap_green|PROF-005_cold_market|MKTCOND-002_leading_gapper|TIMING-001_premarket_watch|TIMING-002_opening_range|TIMING-003_midday_dead
My Day Trading Strategy for 2023 $LIPO +100%.txt,1714,True,True,0.9594,0.0406,13,SCRN-001_news_catalyst|SCRN-002_relative_volume|SCRN-003_float|ENTR-002_fcnh|ENTR-003_dollar_levels|ENTR-004_micro_pullback|STOP-003_fifty_pct_daily_stop|MKTCOND-001_cold_hot_framework|MKTCOND-002_leading_gapper|TIMING-001_premarket_watch|TIMING-002_opening_range|TIMING-003_midday_dead|TIMING-005_session_length
The Most Obvious Pre-Market Stock Today.txt,3193,True,True,0.9594,0.0406,19,SCRN-001_news_catalyst|SCRN-002_relative_volume|SCRN-003_float|SCRN-004_price_range|SCRN-005_daily_chart_room|SCRN-006_reverse_splits|ENTR-003_dollar_levels|ENTR-004_micro_pullback|ENTR-005_vwap|ENTR-009_topping_tails|STOP-004_thirty_pct_soft_stop|STOP-007_position_stop|PROF-006_start_small|MKTCOND-002_leading_gapper|MKTCOND-003_cheap_gappers|MKTCOND-004_overall_market|TIMING-001_premarket_watch|TIMING-002_opening_range|TIMING-006_power_hour
LIVE Day Trading Morning Show with Ross Cameron [kJYia4HLwEg].txt,3008,True,True,0.9593,0.0407,23,SCRN-001_news_catalyst|SCRN-003_float|SCRN-004_price_range|SCRN-005_daily_chart_room|SCRN-007_foreign_stocks|SCRN-008_sector_theme|ENTR-002_fcnh|ENTR-004_micro_pullback|ENTR-006_bull_flag|ENTR-007_order_spoofing|ENTR-009_topping_tails|STOP-006_halt_offering|PROF-001_dont_cap_green|PROF-004_size_up_hot|PROF-005_cold_market|MKTCOND-001_cold_hot_framework|MKTCOND-002_leading_gapper|MKTCOND-003_cheap_gappers|MKTCOND-004_overall_market|MKTCOND-005_seasonal|TIMING-001_premarket_watch|TIMING-002_opening_range|TIMING-003_midday_dead
[LIVE] Live Day Trading Morning Show with Ross Cameron #stocks #daytrading [NwY37qOP2ZQ].txt,2015,True,True,0.9592,0.0408,14,SCRN-001_news_catalyst|SCRN-003_float|SCRN-004_price_range|SCRN-005_daily_chart_room|SCRN-006_reverse_splits|ENTR-002_fcnh|ENTR-003_dollar_levels|ENTR-006_bull_flag|STOP-006_halt_offering|PROF-001_dont_cap_green|PROF-003_daily_goals|MKTCOND-002_leading_gapper|MKTCOND-004_overall_market|TIMING-002_opening_range
$KITT +51% - LIVE Day Trading Morning Show with Ross Cameron.txt,2568,True,True,0.9591,0.0409,14,SCRN-001_news_catalyst|SCRN-003_float|SCRN-004_price_range|SCRN-008_sector_theme|SCRN-009_short_interest|ENTR-002_fcnh|ENTR-003_dollar_levels|ENTR-004_micro_pullback|ENTR-006_bull_flag|ENTR-009_topping_tails|PROF-003_daily_goals|PROF-005_cold_market|MKTCOND-002_leading_gapper|TIMING-002_opening_range
Day Trading Watch List for Monday!.txt,2477,True,True,0.959,0.041,18,SCRN-001_news_catalyst|SCRN-002_relative_volume|SCRN-003_float|SCRN-004_price_range|SCRN-005_daily_chart_room|SCRN-006_reverse_splits|SCRN-007_foreign_stocks|SCRN-008_sector_theme|PROF-003_daily_goals|PROF-005_cold_market|MKTCOND-001_cold_hot_framework|MKTCOND-002_leading_gapper|MKTCOND-003_cheap_gappers|MKTCOND-004_overall_market|TIMING-001_premarket_watch|TIMING-002_opening_range|TIMING-004_no_trade_days|TIMING-006_power_hour
Hitting the Daily Goal EVEN on a Slow Day.txt,4256,True,True,0.9589,0.0411,23,SCRN-001_news_catalyst|SCRN-003_float|SCRN-005_daily_chart_room|SCRN-006_reverse_splits|SCRN-009_short_interest|SCRN-010_front_back_side|ENTR-002_fcnh|ENTR-003_dollar_levels|ENTR-004_micro_pullback|ENTR-009_topping_tails|STOP-001_macd_hands_off|STOP-003_fifty_pct_daily_stop|STOP-004_thirty_pct_soft_stop|PROF-003_daily_goals|PROF-004_size_up_hot|PROF-005_cold_market|MKTCOND-002_leading_gapper|MKTCOND-003_cheap_gappers|MKTCOND-004_overall_market|TIMING-001_premarket_watch|TIMING-002_opening_range|TIMING-004_no_trade_days|TIMING-006_power_hour
$MGLD +100% during the Live Day Trading Morning Show with Ross Cameron.txt,4859,True,True,0.9588,0.0412,21,SCRN-003_float|SCRN-004_price_range|SCRN-005_daily_chart_room|SCRN-008_sector_theme|SCRN-009_short_interest|ENTR-002_fcnh|ENTR-003_dollar_levels|ENTR-004_micro_pullback|ENTR-006_bull_flag|ENTR-008_double_bottom|ENTR-009_topping_tails|STOP-004_thirty_pct_soft_stop|STOP-007_position_stop|PROF-002_scale_out|PROF-006_start_small|MKTCOND-002_leading_gapper|MKTCOND-004_overall_market|TIMING-001_premarket_watch|TIMING-002_opening_range|TIMING-003_midday_dead|TIMING-005_session_length
Hot Market Trading 4x Daily Goal with 4 Stocks Up 100%+.txt,4587,True,True,0.9588,0.0412,23,SCRN-001_news_catalyst|SCRN-003_float|SCRN-005_daily_chart_room|SCRN-006_reverse_splits|SCRN-008_sector_theme|ENTR-003_dollar_levels|ENTR-004_micro_pullback|ENTR-005_vwap|ENTR-007_order_spoofing|ENTR-009_topping_tails|STOP-003_fifty_pct_daily_stop|STOP-004_thirty_pct_soft_stop|STOP-007_position_stop|PROF-002_scale_out|PROF-003_daily_goals|PROF-004_size_up_hot|PROF-006_start_small|MKTCOND-001_cold_hot_framework|MKTCOND-002_leading_gapper|MKTCOND-005_seasonal|TIMING-001_premarket_watch|TIMING-002_opening_range|TIMING-006_power_hour
I Gave Back 25% Of My Profit Today....txt,4438,True,True,0.9586,0.0414,22,SCRN-001_news_catalyst|SCRN-003_float|SCRN-005_daily_chart_room|SCRN-006_reverse_splits|SCRN-007_foreign_stocks|SCRN-008_sector_theme|SCRN-009_short_interest|ENTR-003_dollar_levels|ENTR-004_micro_pullback|ENTR-009_topping_tails|STOP-001_macd_hands_off|STOP-003_fifty_pct_daily_stop|STOP-004_thirty_pct_soft_stop|STOP-006_halt_offering|PROF-001_dont_cap_green|PROF-002_scale_out|PROF-006_start_small|MKTCOND-001_cold_hot_framework|MKTCOND-005_seasonal|TIMING-001_premarket_watch|TIMING-005_session_length|TIMING-006_power_hour
[LIVE] Live Day Trading Morning Show with Ross Cameron [6cMrlp-VvPI].txt,3509,True,True,0.9586,0.0414,13,SCRN-001_news_catalyst|SCRN-005_daily_chart_room|ENTR-001_macd_gate|ENTR-002_fcnh|ENTR-003_dollar_levels|ENTR-004_micro_pullback|ENTR-006_bull_flag|PROF-001_dont_cap_green|MKTCOND-002_leading_gapper|MKTCOND-003_cheap_gappers|MKTCOND-004_overall_market|TIMING-001_premarket_watch|TIMING-002_opening_range
Get Green & Get Out!.txt,2268,True,True,0.9585,0.0415,17,SCRN-001_news_catalyst|SCRN-003_float|SCRN-004_price_range|ENTR-001_macd_gate|ENTR-002_fcnh|ENTR-003_dollar_levels|ENTR-004_micro_pullback|ENTR-005_vwap|ENTR-009_topping_tails|PROF-003_daily_goals|PROF-004_size_up_hot|MKTCOND-002_leading_gapper|MKTCOND-003_cheap_gappers|MKTCOND-004_overall_market|TIMING-001_premarket_watch|TIMING-002_opening_range|TIMING-006_power_hour
$EVAX +130% on the Beaten Up Bottom Bounce Day Trading Setup.txt,4207,True,True,0.9583,0.0417,20,SCRN-001_news_catalyst|SCRN-002_relative_volume|SCRN-003_float|SCRN-005_daily_chart_room|SCRN-006_reverse_splits|SCRN-007_foreign_stocks|SCRN-009_short_interest|ENTR-005_vwap|ENTR-008_double_bottom|ENTR-009_topping_tails|STOP-003_fifty_pct_daily_stop|STOP-006_halt_offering|PROF-001_dont_cap_green|MKTCOND-002_leading_gapper|MKTCOND-003_cheap_gappers|MKTCOND-004_overall_market|TIMING-001_premarket_watch|TIMING-002_opening_range|TIMING-005_session_length|TIMING-006_power_hour
"$SBET Skyrockets +1,281% in 3 days.txt",2529,True,True,0.9581,0.0419,12,SCRN-001_news_catalyst|SCRN-003_float|SCRN-004_price_range|ENTR-002_fcnh|STOP-004_thirty_pct_soft_stop|STOP-006_halt_offering|STOP-007_position_stop|PROF-002_scale_out|PROF-004_size_up_hot|TIMING-001_premarket_watch|TIMING-003_midday_dead|TIMING-006_power_hour
This is DISCIPLINE. A Quality or No Trades.txt,1883,True,True,0.9579,0.0421,12,SCRN-001_news_catalyst|SCRN-003_float|SCRN-004_price_range|ENTR-001_macd_gate|ENTR-002_fcnh|ENTR-009_topping_tails|STOP-003_fifty_pct_daily_stop|PROF-005_cold_market|MKTCOND-002_leading_gapper|TIMING-001_premarket_watch|TIMING-002_opening_range|TIMING-004_no_trade_days
a 1000% SHORT SQUEEEZE.txt,1606,True,True,0.9578,0.0422,12,SCRN-001_news_catalyst|SCRN-002_relative_volume|SCRN-003_float|SCRN-004_price_range|SCRN-009_short_interest|ENTR-001_macd_gate|ENTR-004_micro_pullback|ENTR-005_vwap|ENTR-009_topping_tails|TIMING-001_premarket_watch|TIMING-002_opening_range|TIMING-003_midday_dead
Ross's Live Day Trading Morning Show [80U8iXUqA68].txt,2829,True,True,0.9576,0.0424,16,SCRN-001_news_catalyst|SCRN-003_float|SCRN-004_price_range|SCRN-005_daily_chart_room|SCRN-009_short_interest|ENTR-002_fcnh|ENTR-003_dollar_levels|ENTR-004_micro_pullback|STOP-003_fifty_pct_daily_stop|STOP-007_position_stop|PROF-001_dont_cap_green|MKTCOND-002_leading_gapper|MKTCOND-003_cheap_gappers|MKTCOND-004_overall_market|TIMING-002_opening_range|TIMING-003_midday_dead
[LIVE] DAY TRADING Morning Show 9 00 - 9 30am ET with Ross Cameron [jpeTFCBYIw8].txt,1796,True,True,0.9576,0.0424,8,SCRN-005_daily_chart_room|ENTR-002_fcnh|ENTR-003_dollar_levels|ENTR-009_topping_tails|STOP-005_fifty_pct_retrace|STOP-007_position_stop|TIMING-001_premarket_watch|TIMING-002_opening_range
$HTGM reverse split squeeze.txt,1248,False,False,0.9575,0.0425,9,SCRN-001_news_catalyst|SCRN-003_float|SCRN-006_reverse_splits|SCRN-009_short_interest|SCRN-010_front_back_side|ENTR-009_topping_tails|STOP-006_halt_offering|MKTCOND-005_seasonal|TIMING-002_opening_range
Day Trading WATCH LIST and Game Plan for Monday December 2nd.txt,3075,True,True,0.9572,0.0428,12,SCRN-001_news_catalyst|SCRN-002_relative_volume|SCRN-003_float|SCRN-004_price_range|SCRN-005_daily_chart_room|SCRN-008_sector_theme|ENTR-003_dollar_levels|ENTR-007_order_spoofing|STOP-006_halt_offering|PROF-006_start_small|MKTCOND-002_leading_gapper|MKTCOND-005_seasonal
[LIVE] Live Day Trading Morning Show with Ross Cameron.txt,3826,True,True,0.9571,0.0429,19,SCRN-001_news_catalyst|SCRN-002_relative_volume|SCRN-003_float|SCRN-005_daily_chart_room|SCRN-006_reverse_splits|SCRN-010_front_back_side|ENTR-002_fcnh|ENTR-003_dollar_levels|ENTR-004_micro_pullback|ENTR-005_vwap|STOP-001_macd_hands_off|STOP-005_fifty_pct_retrace|PROF-002_scale_out|PROF-005_cold_market|MKTCOND-002_leading_gapper|MKTCOND-003_cheap_gappers|MKTCOND-004_overall_market|TIMING-001_premarket_watch|TIMING-002_opening_range
LIVE Day Trading Morning Show with Ross Cameron [vUr2YnCzgPs].txt,1441,False,False,0.957,0.043,10,SCRN-001_news_catalyst|SCRN-002_relative_volume|SCRN-004_price_range|SCRN-006_reverse_splits|ENTR-003_dollar_levels|ENTR-004_micro_pullback|ENTR-006_bull_flag|STOP-006_halt_offering|PROF-001_dont_cap_green|TIMING-002_opening_range
No Trade Monday Day Trading Recap by Ross Cameron.txt,2480,True,True,0.957,0.043,16,SCRN-001_news_catalyst|SCRN-002_relative_volume|SCRN-003_float|SCRN-004_price_range|SCRN-005_daily_chart_room|SCRN-009_short_interest|ENTR-003_dollar_levels|ENTR-004_micro_pullback|ENTR-009_topping_tails|PROF-005_cold_market|PROF-006_start_small|MKTCOND-001_cold_hot_framework|MKTCOND-002_leading_gapper|TIMING-001_premarket_watch|TIMING-002_opening_range|TIMING-004_no_trade_days
$SIDU +50% during the LIVE Day Trading Morning Show.txt,1755,True,True,0.9568,0.0432,12,SCRN-003_float|SCRN-004_price_range|ENTR-002_fcnh|ENTR-004_micro_pullback|ENTR-005_vwap|PROF-003_daily_goals|PROF-004_size_up_hot|PROF-005_cold_market|MKTCOND-002_leading_gapper|MKTCOND-004_overall_market|TIMING-001_premarket_watch|TIMING-002_opening_range
100% Accuracy on Today's Trades!.txt,2198,True,True,0.9566,0.0434,12,SCRN-001_news_catalyst|SCRN-003_float|SCRN-005_daily_chart_room|ENTR-002_fcnh|ENTR-004_micro_pullback|ENTR-005_vwap|ENTR-009_topping_tails|PROF-001_dont_cap_green|PROF-006_start_small|TIMING-001_premarket_watch|TIMING-002_opening_range|TIMING-006_power_hour
+500% Short Squeeze Day Trading $SMMT.txt,2236,True,True,0.9565,0.0435,15,SCRN-001_news_catalyst|SCRN-003_float|SCRN-004_price_range|SCRN-009_short_interest|ENTR-001_macd_gate|ENTR-002_fcnh|ENTR-003_dollar_levels|PROF-004_size_up_hot|MKTCOND-002_leading_gapper|MKTCOND-003_cheap_gappers|TIMING-001_premarket_watch|TIMING-002_opening_range|TIMING-003_midday_dead|TIMING-005_session_length|TIMING-006_power_hour
DAY 4 of LIVE Day Trading in Puerto Rico.txt,3092,True,True,0.9564,0.0436,23,SCRN-001_news_catalyst|SCRN-004_price_range|SCRN-005_daily_chart_room|SCRN-006_reverse_splits|SCRN-009_short_interest|ENTR-002_fcnh|ENTR-003_dollar_levels|ENTR-004_micro_pullback|ENTR-007_order_spoofing|ENTR-008_double_bottom|STOP-005_fifty_pct_retrace|PROF-001_dont_cap_green|PROF-002_scale_out|PROF-003_daily_goals|PROF-004_size_up_hot|PROF-005_cold_market|MKTCOND-002_leading_gapper|MKTCOND-004_overall_market|MKTCOND-005_seasonal|TIMING-001_premarket_watch|TIMING-002_opening_range|TIMING-003_midday_dead|TIMING-006_power_hour
Day Trading WATCH LIST for Tuesday Morning!.txt,2798,True,True,0.9564,0.0436,15,SCRN-001_news_catalyst|SCRN-002_relative_volume|SCRN-003_float|SCRN-004_price_range|SCRN-005_daily_chart_room|SCRN-006_reverse_splits|SCRN-007_foreign_stocks|ENTR-002_fcnh|STOP-005_fifty_pct_retrace|PROF-001_dont_cap_green|PROF-004_size_up_hot|MKTCOND-001_cold_hot_framework|MKTCOND-005_seasonal|TIMING-001_premarket_watch|TIMING-002_opening_range
$LUCY +188%.txt,1076,False,False,0.9563,0.0437,7,SCRN-001_news_catalyst|ENTR-003_dollar_levels|ENTR-004_micro_pullback|ENTR-009_topping_tails|STOP-005_fifty_pct_retrace|TIMING-001_premarket_watch|TIMING-002_opening_range
Oil is up another 17% since Friday....txt,3296,True,True,0.9562,0.0438,14,SCRN-001_news_catalyst|SCRN-003_float|SCRN-004_price_range|SCRN-005_daily_chart_room|SCRN-006_reverse_splits|SCRN-008_sector_theme|SCRN-009_short_interest|ENTR-002_fcnh|PROF-003_daily_goals|PROF-005_cold_market|MKTCOND-001_cold_hot_framework|MKTCOND-002_leading_gapper|MKTCOND-004_overall_market|TIMING-006_power_hour
LIVE Day Trading Morning Show with Ross Cameron [eus1S2EUiz4].txt,1215,False,False,0.9561,0.0439,10,SCRN-001_news_catalyst|SCRN-003_float|SCRN-004_price_range|SCRN-006_reverse_splits|PROF-005_cold_market|MKTCOND-003_cheap_gappers|MKTCOND-004_overall_market|TIMING-001_premarket_watch|TIMING-002_opening_range|TIMING-004_no_trade_days
[LIVE] DAY TRADING Morning Show 9 00 - 9 30am ET with Ross Cameron [VjfEVIcNvIY].txt,2284,True,True,0.9561,0.0439,15,SCRN-001_news_catalyst|SCRN-003_float|SCRN-004_price_range|ENTR-009_topping_tails|STOP-004_thirty_pct_soft_stop|STOP-005_fifty_pct_retrace|STOP-007_position_stop|PROF-002_scale_out|PROF-003_daily_goals|PROF-006_start_small|MKTCOND-001_cold_hot_framework|MKTCOND-002_leading_gapper|MKTCOND-004_overall_market|MKTCOND-005_seasonal|TIMING-002_opening_range
[LIVE] Day Trading Morning Show with Ross Cameron #stockmarket #stocks #daytrading [ZQliosBYEWs].txt,2573,True,True,0.9561,0.0439,17,SCRN-001_news_catalyst|SCRN-002_relative_volume|SCRN-003_float|SCRN-004_price_range|SCRN-005_daily_chart_room|SCRN-009_short_interest|SCRN-010_front_back_side|ENTR-002_fcnh|ENTR-004_micro_pullback|ENTR-007_order_spoofing|STOP-001_macd_hands_off|STOP-004_thirty_pct_soft_stop|PROF-001_dont_cap_green|PROF-004_size_up_hot|MKTCOND-002_leading_gapper|MKTCOND-003_cheap_gappers|TIMING-002_opening_range
I Took ONLY ONE Trade Today! #BreakingNews.txt,2853,True,True,0.9556,0.0444,19,SCRN-001_news_catalyst|SCRN-003_float|SCRN-004_price_range|SCRN-005_daily_chart_room|SCRN-008_sector_theme|SCRN-010_front_back_side|ENTR-002_fcnh|ENTR-003_dollar_levels|ENTR-004_micro_pullback|STOP-001_macd_hands_off|STOP-003_fifty_pct_daily_stop|PROF-004_size_up_hot|PROF-005_cold_market|MKTCOND-005_seasonal|TIMING-001_premarket_watch|TIMING-002_opening_range|TIMING-003_midday_dead|TIMING-004_no_trade_days|TIMING-006_power_hour
[LIVE] $RVSN +45% Gap and GO! Live Stock Market Trading - DAY TRADING with Ross!.txt,4025,True,True,0.9553,0.0447,19,SCRN-001_news_catalyst|SCRN-002_relative_volume|SCRN-003_float|SCRN-004_price_range|SCRN-005_daily_chart_room|SCRN-009_short_interest|ENTR-002_fcnh|ENTR-003_dollar_levels|ENTR-004_micro_pullback|ENTR-005_vwap|ENTR-008_double_bottom|ENTR-009_topping_tails|PROF-001_dont_cap_green|PROF-002_scale_out|PROF-004_size_up_hot|PROF-005_cold_market|MKTCOND-002_leading_gapper|TIMING-001_premarket_watch|TIMING-002_opening_range
[LIVE] $SIDU +115% LIVE Stock Market Trading - DAY TRADING with Ross!.txt,5204,True,True,0.9553,0.0447,17,SCRN-001_news_catalyst|SCRN-002_relative_volume|SCRN-003_float|SCRN-009_short_interest|ENTR-002_fcnh|ENTR-003_dollar_levels|ENTR-004_micro_pullback|ENTR-006_bull_flag|ENTR-007_order_spoofing|ENTR-008_double_bottom|ENTR-009_topping_tails|STOP-003_fifty_pct_daily_stop|STOP-004_thirty_pct_soft_stop|PROF-004_size_up_hot|PROF-005_cold_market|MKTCOND-002_leading_gapper|TIMING-002_opening_range
Day Trading Watch List for MONDAY (4 Stocks On Watch).txt,2454,True,True,0.9551,0.0449,11,SCRN-001_news_catalyst|SCRN-003_float|SCRN-004_price_range|SCRN-005_daily_chart_room|SCRN-006_reverse_splits|SCRN-008_sector_theme|ENTR-002_fcnh|ENTR-009_topping_tails|PROF-001_dont_cap_green|MKTCOND-002_leading_gapper|TIMING-006_power_hour
Monday Day Trading Watch List (P.S. Start Your 2 Week Trial Today!).txt,3683,True,True,0.955,0.045,17,SCRN-001_news_catalyst|SCRN-003_float|SCRN-004_price_range|SCRN-005_daily_chart_room|SCRN-006_reverse_splits|SCRN-007_foreign_stocks|SCRN-008_sector_theme|SCRN-009_short_interest|ENTR-002_fcnh|PROF-002_scale_out|PROF-003_daily_goals|PROF-004_size_up_hot|PROF-006_start_small|MKTCOND-002_leading_gapper|MKTCOND-004_overall_market|TIMING-002_opening_range|TIMING-006_power_hour
[LIVE] Day Trading Morning Show with Ross Cameron #stocks #daytrading [WHOuzE59ynY].txt,1081,False,False,0.955,0.045,12,SCRN-001_news_catalyst|SCRN-003_float|SCRN-005_daily_chart_room|SCRN-006_reverse_splits|ENTR-003_dollar_levels|ENTR-007_order_spoofing|PROF-005_cold_market|MKTCOND-002_leading_gapper|MKTCOND-004_overall_market|TIMING-001_premarket_watch|TIMING-002_opening_range|TIMING-004_no_trade_days
[LIVE] $JAN +112% on News - Day Trading Morning Show with Ross Cameron #stocks #daytrading.txt,2654,True,True,0.9549,0.0451,13,SCRN-001_news_catalyst|SCRN-003_float|SCRN-004_price_range|SCRN-005_daily_chart_room|SCRN-008_sector_theme|SCRN-009_short_interest|ENTR-002_fcnh|ENTR-004_micro_pullback|ENTR-006_bull_flag|ENTR-008_double_bottom|PROF-001_dont_cap_green|TIMING-001_premarket_watch|TIMING-002_opening_range
Day Trading Morning Show with Ross Cameron [W3P5DcGsYWw].txt,1551,True,True,0.9548,0.0452,10,SCRN-003_float|ENTR-002_fcnh|ENTR-004_micro_pullback|ENTR-006_bull_flag|ENTR-008_double_bottom|PROF-004_size_up_hot|PROF-005_cold_market|MKTCOND-002_leading_gapper|TIMING-001_premarket_watch|TIMING-002_opening_range
No Trade Day!.txt,1368,False,False,0.9548,0.0452,16,SCRN-001_news_catalyst|SCRN-003_float|SCRN-005_daily_chart_room|SCRN-006_reverse_splits|SCRN-007_foreign_stocks|ENTR-005_vwap|ENTR-009_topping_tails|PROF-001_dont_cap_green|PROF-005_cold_market|PROF-006_start_small|MKTCOND-001_cold_hot_framework|MKTCOND-003_cheap_gappers|MKTCOND-005_seasonal|TIMING-001_premarket_watch|TIMING-002_opening_range|TIMING-004_no_trade_days
LIVE Day Trading Morning Show with Ross Cameron [qu6IDAOVvjg].txt,1058,False,False,0.9546,0.0454,11,SCRN-001_news_catalyst|SCRN-004_price_range|SCRN-005_daily_chart_room|ENTR-009_topping_tails|STOP-004_thirty_pct_soft_stop|PROF-001_dont_cap_green|PROF-005_cold_market|TIMING-001_premarket_watch|TIMING-002_opening_range|TIMING-004_no_trade_days|TIMING-005_session_length
[LIVE] DAY TRADING Morning Show 9 00 - 9 30am ET with Ross Cameron [7BQ3SoMGafE].txt,1165,False,False,0.9546,0.0454,16,SCRN-001_news_catalyst|SCRN-003_float|SCRN-004_price_range|SCRN-005_daily_chart_room|SCRN-006_reverse_splits|ENTR-009_topping_tails|STOP-006_halt_offering|PROF-005_cold_market|PROF-006_start_small|MKTCOND-002_leading_gapper|MKTCOND-003_cheap_gappers|MKTCOND-004_overall_market|TIMING-001_premarket_watch|TIMING-002_opening_range|TIMING-004_no_trade_days|TIMING-006_power_hour
LIVE Day Trading Morning Show with Ross Cameron.txt,2864,True,True,0.9545,0.0455,17,SCRN-001_news_catalyst|SCRN-002_relative_volume|SCRN-004_price_range|SCRN-006_reverse_splits|SCRN-007_foreign_stocks|SCRN-009_short_interest|ENTR-002_fcnh|ENTR-003_dollar_levels|ENTR-004_micro_pullback|STOP-006_halt_offering|PROF-002_scale_out|MKTCOND-002_leading_gapper|MKTCOND-005_seasonal|TIMING-001_premarket_watch|TIMING-002_opening_range|TIMING-003_midday_dead|TIMING-006_power_hour
[LIVE] DAY TRADING Morning Show 9 00 - 9 30am ET with Ross Cameron [Ygc7X_O5u9o].txt,1910,True,True,0.9545,0.0455,14,SCRN-001_news_catalyst|SCRN-003_float|SCRN-006_reverse_splits|SCRN-009_short_interest|SCRN-010_front_back_side|ENTR-002_fcnh|ENTR-003_dollar_levels|ENTR-004_micro_pullback|ENTR-008_double_bottom|ENTR-009_topping_tails|STOP-001_macd_hands_off|STOP-007_position_stop|MKTCOND-002_leading_gapper|TIMING-002_opening_range
GAME PLAN FOR TOMORROW.txt,4117,True,True,0.9544,0.0456,17,SCRN-001_news_catalyst|SCRN-002_relative_volume|SCRN-003_float|SCRN-004_price_range|SCRN-005_daily_chart_room|SCRN-006_reverse_splits|SCRN-007_foreign_stocks|SCRN-009_short_interest|SCRN-010_front_back_side|STOP-004_thirty_pct_soft_stop|STOP-006_halt_offering|PROF-005_cold_market|MKTCOND-001_cold_hot_framework|MKTCOND-002_leading_gapper|TIMING-001_premarket_watch|TIMING-004_no_trade_days|TIMING-006_power_hour
[LIVE] DAY TRADING Morning Show 9 00 - 9 30am ET with Ross Cameron [TZsKQYrZfIY].txt,1300,False,False,0.9543,0.0457,11,SCRN-003_float|SCRN-004_price_range|ENTR-004_micro_pullback|ENTR-005_vwap|ENTR-007_order_spoofing|ENTR-008_double_bottom|PROF-001_dont_cap_green|PROF-005_cold_market|TIMING-002_opening_range|TIMING-003_midday_dead|TIMING-006_power_hour
Ross Makes Money on $CELZ during the Live Day Trading Morning Show.txt,2740,True,True,0.9542,0.0458,16,SCRN-001_news_catalyst|SCRN-003_float|SCRN-004_price_range|SCRN-005_daily_chart_room|SCRN-008_sector_theme|SCRN-009_short_interest|ENTR-002_fcnh|ENTR-003_dollar_levels|ENTR-004_micro_pullback|ENTR-009_topping_tails|PROF-001_dont_cap_green|PROF-005_cold_market|PROF-006_start_small|MKTCOND-002_leading_gapper|TIMING-001_premarket_watch|TIMING-002_opening_range
[LIVE] Live Day Trading Morning Show with Ross Cameron #stocks #daytrading.txt,1309,False,False,0.9541,0.0459,12,SCRN-001_news_catalyst|SCRN-003_float|SCRN-004_price_range|SCRN-005_daily_chart_room|ENTR-003_dollar_levels|ENTR-004_micro_pullback|STOP-007_position_stop|PROF-003_daily_goals|MKTCOND-002_leading_gapper|MKTCOND-004_overall_market|TIMING-001_premarket_watch|TIMING-002_opening_range
[LIVE] Day Trading Morning Show with Ross Cameron #stockmarket #stocks #daytrading [v2cjgMALpH4].txt,1635,True,True,0.9536,0.0464,13,SCRN-004_price_range|SCRN-005_daily_chart_room|SCRN-009_short_interest|ENTR-002_fcnh|ENTR-003_dollar_levels|ENTR-004_micro_pullback|ENTR-006_bull_flag|ENTR-008_double_bottom|ENTR-009_topping_tails|PROF-001_dont_cap_green|MKTCOND-002_leading_gapper|TIMING-001_premarket_watch|TIMING-002_opening_range
[LIVE] DAY TRADING Morning Show 9 00 - 9 30am ET with Ross Cameron [uK1DC8XtVo0].txt,1716,True,True,0.9535,0.0465,16,SCRN-001_news_catalyst|SCRN-003_float|SCRN-005_daily_chart_room|SCRN-006_reverse_splits|STOP-003_fifty_pct_daily_stop|PROF-003_daily_goals|PROF-004_size_up_hot|PROF-005_cold_market|MKTCOND-001_cold_hot_framework|MKTCOND-002_leading_gapper|MKTCOND-004_overall_market|MKTCOND-005_seasonal|TIMING-001_premarket_watch|TIMING-002_opening_range|TIMING-003_midday_dead|TIMING-006_power_hour
[LIVE] Live Day Trading Morning Show with Ross Cameron #stocks #daytrading [JKgHSXEhCTA].txt,1116,False,False,0.9534,0.0466,12,SCRN-001_news_catalyst|SCRN-002_relative_volume|SCRN-003_float|SCRN-004_price_range|SCRN-005_daily_chart_room|SCRN-006_reverse_splits|PROF-005_cold_market|MKTCOND-002_leading_gapper|MKTCOND-004_overall_market|TIMING-001_premarket_watch|TIMING-002_opening_range|TIMING-004_no_trade_days
-$23k in 20 Minutes Recap by Ross Cameron.txt,956,False,False,0.9532,0.0468,7,ENTR-003_dollar_levels|ENTR-004_micro_pullback|STOP-003_fifty_pct_daily_stop|PROF-003_daily_goals|MKTCOND-001_cold_hot_framework|MKTCOND-002_leading_gapper|MKTCOND-004_overall_market
This Stock Dropped 97% in 12hrs....txt,4410,True,True,0.9528,0.0472,20,SCRN-001_news_catalyst|SCRN-002_relative_volume|SCRN-003_float|SCRN-005_daily_chart_room|SCRN-006_reverse_splits|SCRN-007_foreign_stocks|SCRN-008_sector_theme|SCRN-009_short_interest|SCRN-010_front_back_side|ENTR-001_macd_gate|ENTR-004_micro_pullback|STOP-001_macd_hands_off|STOP-006_halt_offering|PROF-005_cold_market|MKTCOND-001_cold_hot_framework|MKTCOND-003_cheap_gappers|MKTCOND-004_overall_market|TIMING-001_premarket_watch|TIMING-002_opening_range|TIMING-004_no_trade_days
Breaking News Sends Stock Up 88% in 5 minutes.txt,2650,True,True,0.9527,0.0473,17,SCRN-001_news_catalyst|SCRN-002_relative_volume|SCRN-003_float|SCRN-004_price_range|SCRN-005_daily_chart_room|SCRN-009_short_interest|ENTR-002_fcnh|ENTR-004_micro_pullback|ENTR-005_vwap|ENTR-009_topping_tails|PROF-003_daily_goals|PROF-005_cold_market|MKTCOND-001_cold_hot_framework|MKTCOND-002_leading_gapper|MKTCOND-004_overall_market|TIMING-001_premarket_watch|TIMING-002_opening_range
[LIVE] Live Day Trading Morning Show with Ross Cameron #stocks #daytrading [XSFtmK57tSY].txt,2704,True,True,0.9518,0.0482,16,SCRN-001_news_catalyst|SCRN-003_float|SCRN-004_price_range|SCRN-005_daily_chart_room|SCRN-006_reverse_splits|ENTR-002_fcnh|ENTR-003_dollar_levels|ENTR-009_topping_tails|STOP-006_halt_offering|PROF-004_size_up_hot|PROF-005_cold_market|MKTCOND-002_leading_gapper|MKTCOND-004_overall_market|TIMING-001_premarket_watch|TIMING-002_opening_range|TIMING-003_midday_dead
[LIVE] Day Trading Morning Show with Ross Cameron #stockmarket #stocks #daytrading [3u8oTU9EfzU].txt,2340,True,True,0.9515,0.0485,13,SCRN-001_news_catalyst|SCRN-003_float|SCRN-004_price_range|SCRN-005_daily_chart_room|SCRN-009_short_interest|ENTR-002_fcnh|ENTR-003_dollar_levels|ENTR-004_micro_pullback|ENTR-009_topping_tails|STOP-005_fifty_pct_retrace|MKTCOND-002_leading_gapper|TIMING-001_premarket_watch|TIMING-002_opening_range
$GFAI +55% and I'm red on it.txt,1482,False,False,0.9512,0.0488,13,SCRN-001_news_catalyst|SCRN-004_price_range|SCRN-005_daily_chart_room|ENTR-002_fcnh|ENTR-009_topping_tails|STOP-003_fifty_pct_daily_stop|STOP-007_position_stop|PROF-003_daily_goals|PROF-005_cold_market|MKTCOND-002_leading_gapper|TIMING-001_premarket_watch|TIMING-002_opening_range|TIMING-004_no_trade_days
Game Plan for THIS WEEK!.txt,3930,True,True,0.951,0.049,22,SCRN-001_news_catalyst|SCRN-002_relative_volume|SCRN-003_float|SCRN-004_price_range|SCRN-005_daily_chart_room|SCRN-006_reverse_splits|SCRN-007_foreign_stocks|SCRN-009_short_interest|SCRN-010_front_back_side|ENTR-001_macd_gate|ENTR-002_fcnh|ENTR-003_dollar_levels|ENTR-004_micro_pullback|STOP-001_macd_hands_off|STOP-003_fifty_pct_daily_stop|STOP-006_halt_offering|PROF-002_scale_out|PROF-004_size_up_hot|PROF-006_start_small|MKTCOND-002_leading_gapper|MKTCOND-004_overall_market|TIMING-003_midday_dead
Picking Stocks was HARD Until I Learned This 5 Step Trick.txt,5484,True,True,0.9501,0.0499,9,SCRN-001_news_catalyst|SCRN-002_relative_volume|SCRN-003_float|SCRN-004_price_range|SCRN-008_sector_theme|MKTCOND-004_overall_market|TIMING-001_premarket_watch|TIMING-002_opening_range|TIMING-005_session_length
Big Winner $DRCT during the Live Day Trading Morning Show.txt,3156,True,False,0.9498,0.0502,16,SCRN-001_news_catalyst|SCRN-002_relative_volume|SCRN-003_float|SCRN-004_price_range|SCRN-009_short_interest|ENTR-002_fcnh|ENTR-003_dollar_levels|ENTR-004_micro_pullback|ENTR-008_double_bottom|PROF-001_dont_cap_green|PROF-002_scale_out|PROF-004_size_up_hot|PROF-005_cold_market|MKTCOND-002_leading_gapper|TIMING-001_premarket_watch|TIMING-002_opening_range
Day Trading Watch List for Monday Morning!.txt,2340,True,False,0.9497,0.0503,14,SCRN-001_news_catalyst|SCRN-002_relative_volume|SCRN-003_float|SCRN-005_daily_chart_room|SCRN-006_reverse_splits|SCRN-007_foreign_stocks|SCRN-008_sector_theme|STOP-004_thirty_pct_soft_stop|STOP-007_position_stop|PROF-001_dont_cap_green|PROF-005_cold_market|MKTCOND-002_leading_gapper|TIMING-002_opening_range|TIMING-006_power_hour
Day Trading Watch List for TUESDAY.txt,3289,True,False,0.9496,0.0504,18,SCRN-001_news_catalyst|SCRN-002_relative_volume|SCRN-003_float|SCRN-004_price_range|SCRN-005_daily_chart_room|SCRN-006_reverse_splits|SCRN-007_foreign_stocks|SCRN-008_sector_theme|SCRN-010_front_back_side|STOP-001_macd_hands_off|PROF-001_dont_cap_green|PROF-003_daily_goals|PROF-004_size_up_hot|PROF-006_start_small|MKTCOND-001_cold_hot_framework|MKTCOND-002_leading_gapper|TIMING-002_opening_range|TIMING-006_power_hour
LIVE Day Trading Morning Show with Ross Cameron [TFN8UuEpfak].txt,2871,True,False,0.948,0.052,15,SCRN-001_news_catalyst|SCRN-003_float|SCRN-004_price_range|SCRN-005_daily_chart_room|SCRN-006_reverse_splits|ENTR-001_macd_gate|ENTR-002_fcnh|ENTR-003_dollar_levels|STOP-007_position_stop|PROF-005_cold_market|MKTCOND-002_leading_gapper|MKTCOND-003_cheap_gappers|MKTCOND-004_overall_market|TIMING-001_premarket_watch|TIMING-002_opening_range
Day Trading WATCH LIST for Monday Morning! [v-D3N9UL9hI].txt,3811,True,False,0.9443,0.0557,12,SCRN-001_news_catalyst|SCRN-003_float|SCRN-004_price_range|SCRN-005_daily_chart_room|SCRN-006_reverse_splits|SCRN-007_foreign_stocks|SCRN-009_short_interest|STOP-006_halt_offering|MKTCOND-002_leading_gapper|MKTCOND-005_seasonal|TIMING-001_premarket_watch|TIMING-006_power_hour
LIVE Day Trading Morning Show with Ross Cameron [pERUONAbs2w].txt,2696,True,False,0.9426,0.0574,19,SCRN-001_news_catalyst|SCRN-003_float|SCRN-004_price_range|SCRN-005_daily_chart_room|SCRN-006_reverse_splits|ENTR-002_fcnh|ENTR-004_micro_pullback|ENTR-006_bull_flag|ENTR-009_topping_tails|STOP-004_thirty_pct_soft_stop|STOP-007_position_stop|PROF-002_scale_out|PROF-003_daily_goals|PROF-005_cold_market|MKTCOND-002_leading_gapper|MKTCOND-003_cheap_gappers|MKTCOND-005_seasonal|TIMING-001_premarket_watch|TIMING-002_opening_range
[LIVE] Day Trading Morning Show with Ross Cameron #stockmarket #stocks #daytrading [ht5hQ-2JE78].txt,2717,True,False,0.9425,0.0575,20,SCRN-001_news_catalyst|SCRN-002_relative_volume|SCRN-003_float|SCRN-004_price_range|SCRN-005_daily_chart_room|SCRN-006_reverse_splits|SCRN-009_short_interest|ENTR-002_fcnh|ENTR-003_dollar_levels|ENTR-004_micro_pullback|ENTR-005_vwap|ENTR-006_bull_flag|ENTR-007_order_spoofing|ENTR-009_topping_tails|STOP-003_fifty_pct_daily_stop|STOP-007_position_stop|PROF-001_dont_cap_green|MKTCOND-002_leading_gapper|MKTCOND-003_cheap_gappers|TIMING-002_opening_range
Live Day Trading Morning Show with Ross Cameron [kKy6mQdtrkQ].txt,2096,True,False,0.9422,0.0578,11,SCRN-001_news_catalyst|SCRN-003_float|SCRN-004_price_range|SCRN-005_daily_chart_room|SCRN-006_reverse_splits|SCRN-008_sector_theme|ENTR-003_dollar_levels|MKTCOND-002_leading_gapper|MKTCOND-003_cheap_gappers|TIMING-001_premarket_watch|TIMING-002_opening_range
Day Trading Watch List for MONDAY [8evKaa5xhOQ].txt,2585,True,False,0.9415,0.0585,14,SCRN-001_news_catalyst|SCRN-003_float|SCRN-004_price_range|SCRN-005_daily_chart_room|SCRN-006_reverse_splits|SCRN-007_foreign_stocks|SCRN-008_sector_theme|ENTR-003_dollar_levels|ENTR-009_topping_tails|PROF-005_cold_market|MKTCOND-001_cold_hot_framework|MKTCOND-002_leading_gapper|MKTCOND-004_overall_market|TIMING-006_power_hour
[LIVE] Day Trading Morning Show with Ross Cameron #stockmarket #stocks #daytrading [Il4d_N1WqVo].txt,2440,True,False,0.9402,0.0598,15,SCRN-003_float|SCRN-004_price_range|SCRN-005_daily_chart_room|ENTR-002_fcnh|ENTR-003_dollar_levels|ENTR-004_micro_pullback|ENTR-005_vwap|ENTR-006_bull_flag|ENTR-007_order_spoofing|ENTR-008_double_bottom|STOP-007_position_stop|MKTCOND-002_leading_gapper|MKTCOND-004_overall_market|TIMING-001_premarket_watch|TIMING-002_opening_range
[LIVE] DAY TRADING Morning Show 9 00 - 9 30am ET with Ross Cameron [ds6-3cpFdhU].txt,1779,True,False,0.9387,0.0613,17,SCRN-001_news_catalyst|SCRN-003_float|SCRN-004_price_range|SCRN-005_daily_chart_room|SCRN-006_reverse_splits|ENTR-002_fcnh|ENTR-003_dollar_levels|ENTR-004_micro_pullback|ENTR-008_double_bottom|PROF-002_scale_out|PROF-005_cold_market|MKTCOND-002_leading_gapper|MKTCOND-003_cheap_gappers|TIMING-001_premarket_watch|TIMING-002_opening_range|TIMING-003_midday_dead|TIMING-006_power_hour
[LIVE] DAY TRADING Morning Show 9 00 - 9 30am ET with Ross Cameron.txt,1782,True,False,0.9371,0.0629,11,SCRN-001_news_catalyst|SCRN-004_price_range|SCRN-006_reverse_splits|ENTR-002_fcnh|ENTR-003_dollar_levels|ENTR-004_micro_pullback|ENTR-006_bull_flag|ENTR-009_topping_tails|MKTCOND-005_seasonal|TIMING-001_premarket_watch|TIMING-002_opening_range
[LIVE] Day Trading Morning Show with Ross Cameron #stockmarket #stocks #daytrading [IbWRe3UjiVM].txt,1449,False,False,0.93,0.07,15,SCRN-001_news_catalyst|SCRN-002_relative_volume|SCRN-003_float|SCRN-004_price_range|SCRN-005_daily_chart_room|SCRN-006_reverse_splits|SCRN-008_sector_theme|SCRN-010_front_back_side|ENTR-006_bull_flag|ENTR-009_topping_tails|STOP-001_macd_hands_off|MKTCOND-002_leading_gapper|MKTCOND-004_overall_market|TIMING-001_premarket_watch|TIMING-002_opening_range
