date,symbol,rank,max_run_gain_pct,gaprun_count
2025-01-02,ICG,1,21.69,12
2025-01-02,AEI,2,21.57,9
2025-01-02,SPCB,3,21.05,15
2025-01-02,AMBO,4,18.19,1
2025-01-02,CRIS,5,13.56,4
2025-01-02,AMPX.WS,6,13.3,2
2025-01-02,GRRR,7,10.96,3
2025-01-02,ARBB,8,10.9,3
2025-01-02,ALUR,9,10.0,5
2025-01-02,AEMD,10,8.78,5
2025-01-02,ABTS,11,7.6,2
2025-01-02,LAES,12,7.43,4
2025-01-02,ASPI,13,7.28,4
2025-01-02,ATAI,14,6.57,2
2025-01-02,AMPX,15,6.56,2
2025-01-03,CRNC,1,12.3,13
2025-01-03,SPCB,2,10.75,4
2025-01-03,ONDS,3,5.54,1
2025-01-06,BOXL,1,40.7,29
2025-01-06,SPPL,2,26.24,7
2025-01-06,RVSN,3,23.73,6
2025-01-06,WATT,4,23.27,12
2025-01-06,CLRO,5,21.74,7
2025-01-06,INAB,6,20.36,4
2025-01-06,LTRN,7,19.33,4
2025-01-06,NUAI,8,18.42,4
2025-01-06,DFNS,9,17.11,8
2025-01-06,EDBL,10,16.61,4
2025-01-06,STEM,11,16.17,15
2025-01-06,NN,12,15.93,5
2025-01-06,ARBB,13,15.87,5
2025-01-06,NUAIW,14,15.38,1
2025-01-06,AIMD,15,15.28,7
2025-01-07,LIDR,1,43.67,16
2025-01-07,HOTH,2,39.11,26
2025-01-07,YSXT,3,20.0,10
2025-01-07,MBAI,4,19.4,6
2025-01-07,MYSE,5,18.43,12
2025-01-07,XTIA,6,17.93,16
2025-01-07,RIME,7,17.33,14
2025-01-07,DRTSW,8,16.98,3
2025-01-07,WHLR,9,14.61,7
2025-01-07,ARBE,10,13.3,5
2025-01-07,DNLI,11,13.24,11
2025-01-07,SUIG,12,12.92,5
2025-01-07,PSNYW,13,12.82,1
2025-01-07,CRMLW,14,12.72,1
2025-01-07,DRIO,15,12.49,4
2025-01-08,GURE,1,41.18,11
2025-01-08,LRHC,2,28.05,10
2025-01-08,CURR,3,26.92,33
2025-01-08,LAES,4,18.13,12
2025-01-08,SANA,5,17.95,12
2025-01-08,RVSN,6,16.89,6
2025-01-08,RIME,7,16.07,5
2025-01-08,MDCXW,8,15.38,1
2025-01-08,ATOM,9,14.9,3
2025-01-08,SUIG,10,14.86,6
2025-01-08,RGTIW,11,14.63,16
2025-01-08,RR,12,14.39,4
2025-01-08,JSPR,13,14.08,8
2025-01-08,OMEX,14,14.04,3
2025-01-08,BOXL,15,13.79,6
2025-01-10,GLXG,1,42.13,15
2025-01-10,VRME,2,33.86,13
2025-01-10,AIMD,3,29.77,11
2025-01-10,MYSE,4,24.38,19
2025-01-10,HOTH,5,22.54,9
2025-01-10,VMAR,6,20.97,17
2025-01-10,GRNQ,7,20.24,4
2025-01-10,XTIA,8,17.95,13
2025-01-10,HURA,9,15.83,7
2025-01-10,MVST,10,15.45,9
2025-01-10,RGTIW,11,14.37,8
2025-01-10,LAES,12,13.16,5
2025-01-10,RR,13,12.92,9
2025-01-10,ZBAI,14,12.84,4
2025-01-10,STEX,15,12.21,2
2025-01-13,PHIO,1,33.54,23
2025-01-13,LITM,2,31.05,20
2025-01-13,CRMLW,3,29.43,2
2025-01-13,ATPC,4,23.96,9
2025-01-13,PDYN,5,20.35,6
2025-01-13,CMTL,6,20.0,6
2025-01-13,GRNQ,7,17.85,9
2025-01-13,DRCT,8,17.36,13
2025-01-13,STIM,9,16.94,10
2025-01-13,AIRS,10,15.31,6
2025-01-13,GCTK,11,15.09,13
2025-01-13,NUAIW,12,14.21,1
2025-01-13,MSW,13,13.68,4
2025-01-13,NCNA,14,13.06,2
2025-01-13,ESGL,15,13.04,7
2025-01-14,MGIH,1,46.67,6
2025-01-14,NNBR,2,24.46,12
2025-01-14,ALUR,3,22.33,3
2025-01-14,AMPX.WS,4,19.89,2
2025-01-14,TDUP,5,18.14,6
2025-01-14,XXII,6,17.64,9
2025-01-14,RPID,7,16.53,3
2025-01-14,FATE,8,16.11,7
2025-01-14,INTS,9,14.28,1
2025-01-14,CPIX,10,14.04,1
2025-01-14,AIMD,11,13.98,6
2025-01-14,PHIO,12,13.79,3
2025-01-14,RGTIW,13,13.26,10
2025-01-14,FGL,14,12.91,4
2025-01-14,ARQQ,15,12.24,4
2025-01-15,GCTK,1,17.32,7
2025-01-15,JXG,2,16.11,6
2025-01-15,WNW,3,14.95,12
2025-01-15,XXII,4,14.89,9
2025-01-15,VMAR,5,14.57,5
2025-01-15,TOI,6,13.15,4
2025-01-15,FEED,7,12.7,3
2025-01-15,BDMD,8,12.1,1
2025-01-15,FAMI,9,11.65,8
2025-01-15,CTKB,10,11.15,6
2025-01-15,ZBAI,11,10.87,5
2025-01-15,SES,12,10.68,6
2025-01-15,MASS,13,10.29,4
2025-01-15,ACON,14,10.2,11
2025-01-15,DFNS,15,10.2,4
2025-01-16,NEOVW,1,32.03,2
2025-01-16,BMRA,2,20.08,11
2025-01-16,MYSE,3,17.57,18
2025-01-16,AEON,4,16.96,20
2025-01-16,FSI,5,16.92,17
2025-01-16,GORO,6,14.71,5
2025-01-16,KULR,7,13.86,5
2025-01-16,WHLR,8,12.74,3
2025-01-16,ORKT,9,12.04,2
2025-01-16,SES,10,11.7,5
2025-01-16,ONEG,11,11.61,1
2025-01-16,ATRA,12,11.34,5
2025-01-16,VRME,13,11.16,4
2025-01-16,BZAI,14,11.11,3
2025-01-16,QUBT,15,10.79,4
2025-01-17,CRMLW,1,62.14,3
2025-01-17,XCUR,2,19.94,3
2025-01-17,TOI,3,18.89,8
2025-01-17,BDMD,4,17.11,9
2025-01-17,ZEO,5,16.04,6
2025-01-17,GSIT,6,15.75,16
2025-01-17,ZBAI,7,14.77,8
2025-01-17,DFNS,8,12.09,7
2025-01-17,ABVE,9,11.4,3
2025-01-17,BZAI,10,10.99,7
2025-01-17,GCTK,11,10.6,5
2025-01-17,XCH,12,10.17,6
2025-01-17,NBP,13,10.0,1
2025-01-17,PMAX,14,9.98,4
2025-01-17,ARQQ,15,9.48,6
2025-01-21,MDCXW,1,67.43,2
2025-01-21,HSDT,2,28.87,6
2025-01-21,ASST,3,24.06,14
2025-01-21,DOGZ,4,17.58,10
2025-01-21,SIDU,5,14.72,7
2025-01-21,RGTI,6,14.6,3
2025-01-21,LEDS,7,14.48,5
2025-01-21,GCTK,8,14.34,6
2025-01-21,VIRC,9,14.0,4
2025-01-21,RGTIW,10,13.23,9
2025-01-21,VATE,11,12.79,4
2025-01-21,DWTX,12,11.91,7
2025-01-21,BOLT,13,11.85,1
2025-01-21,SST,14,11.11,3
2025-01-21,BQ,15,11.07,3
2025-01-22,DDC,1,28.03,1
2025-01-22,BLBX,2,23.81,15
2025-01-22,AGPU,3,17.07,10
2025-01-22,NTRB,4,17.01,4
2025-01-22,LITM,5,16.38,12
2025-01-22,MYSE,6,15.3,7
2025-01-22,HYFT,7,15.18,16
2025-01-22,ASST,8,15.0,5
2025-01-22,WLACW,9,14.88,1
2025-01-22,PL.WS,10,14.41,1
2025-01-22,NTRBW,11,13.38,5
2025-01-22,RR,12,13.08,3
2025-01-22,SST,13,12.48,5
2025-01-22,GNLX,14,12.31,2
2025-01-22,LGHL,15,11.8,2
2025-01-23,DWTX,1,33.5,22
2025-01-23,SES,2,14.26,11
2025-01-23,BDMD,3,12.56,6
2025-01-23,VNCE,4,11.94,12
2025-01-23,SPHL,5,11.16,1
2025-01-23,LITM,6,10.79,4
2025-01-23,RECT,7,10.71,1
2025-01-23,PSNYW,8,10.61,1
2025-01-23,XCUR,9,10.23,4
2025-01-23,PGEN,10,10.17,8
2025-01-23,QUBT,11,10.07,5
2025-01-23,QBTS,12,10.02,5
2025-01-23,BTCT,13,9.97,4
2025-01-23,JYD,14,9.66,1
2025-01-23,JWEL,15,9.61,4
2025-01-24,NVNI,1,28.09,21
2025-01-24,RNAZ,2,26.07,18
2025-01-24,NEUP,3,24.36,10
2025-01-24,PCLA,4,19.67,5
2025-01-24,ASST,5,17.88,4
2025-01-24,EVAX,6,16.02,15
2025-01-24,HYPD,7,15.0,3
2025-01-24,JZXN,8,14.42,3
2025-01-24,ELAB,9,14.34,5
2025-01-24,ACON,10,13.64,10
2025-01-24,ABVE,11,13.45,2
2025-01-24,ALUR,12,12.59,11
2025-01-24,BLBX,13,12.5,1
2025-01-24,FEED,14,12.0,1
2025-01-24,PL.WS,15,11.67,2
2025-01-27,HWH,1,33.04,30
2025-01-27,SHMDW,2,30.68,1
2025-01-27,YIBO,3,27.42,14
2025-01-27,DWTX,4,23.94,15
2025-01-27,JL,5,19.9,4
2025-01-27,AIMD,6,18.52,2
2025-01-27,FMST,7,18.07,6
2025-01-27,EVAX,8,17.31,8
2025-01-27,DOGZ,9,16.72,4
2025-01-27,NVNI,10,16.7,10
2025-01-27,VERU,11,16.11,6
2025-01-27,JG,12,15.46,9
2025-01-27,RPID,13,14.04,2
2025-01-27,ONEG,14,13.99,4
2025-01-27,NUAIW,15,13.55,2
2025-01-28,IRS.WS,1,35.29,1
2025-01-28,SNTG,2,28.31,9
2025-01-28,BLBX,3,22.59,12
2025-01-28,SLXN,4,18.57,18
2025-01-28,RNAZ,5,17.85,14
2025-01-28,JL,6,17.09,15
2025-01-28,MAAS,7,11.2,1
2025-01-28,MCHB,8,10.72,3
2025-01-28,NVNI,9,10.63,4
2025-01-28,JWEL,10,10.51,2
2025-01-28,BMRA,11,10.5,4
2025-01-28,CDIO,12,10.34,2
2025-01-28,YHGJ,13,10.3,3
2025-01-28,REVB,14,10.09,2
2025-01-28,ENGN,15,10.0,1
2025-01-29,KRKR,1,20.89,17
2025-01-29,ZNTL,2,20.34,5
2025-01-29,SLXN,3,20.24,11
2025-01-29,NWTG,4,16.77,17
2025-01-29,NVNI,5,15.79,6
2025-01-29,RNTX,6,15.38,8
2025-01-29,SABS,7,15.22,11
2025-01-29,SXTP,8,13.68,9
2025-01-29,BNZI,9,13.64,6
2025-01-29,ZKIN,10,12.85,6
2025-01-29,GITS,11,12.55,2
2025-01-29,OKYO,12,12.3,7
2025-01-29,RNAZ,13,12.01,8
2025-01-29,JZXN,14,11.58,5
2025-01-29,OPTXW,15,10.89,1
2025-01-30,FOXX,1,42.6,15
2025-01-30,NUWE,2,16.21,10
2025-01-30,OKYO,3,15.86,1
2025-01-30,ABVE,4,13.72,2
2025-01-30,KZIA,5,13.62,7
2025-01-30,ACON,6,13.54,14
2025-01-30,SKBL,7,13.46,8
2025-01-30,DWTX,8,12.8,3
2025-01-30,NWTG,9,12.04,10
2025-01-30,ONEW,10,11.67,2
2025-01-30,ARBK,11,10.76,9
2025-01-30,REVB,12,10.06,2
2025-01-30,YIBO,13,10.05,5
2025-01-30,KRKR,14,9.8,1
2025-01-30,MTEN,15,9.57,2
2025-01-31,VSA,1,30.36,28
2025-01-31,WLDSW,2,22.73,1
2025-01-31,REBN,3,20.96,14
2025-01-31,JL,4,20.29,6
2025-01-31,CYCN,5,17.84,11
2025-01-31,DOMH,6,15.88,12
2025-01-31,ABVE,7,14.58,2
2025-01-31,WNW,8,12.24,2
2025-01-31,NEOVW,9,12.18,1
2025-01-31,ACON,10,12.04,11
2025-01-31,HYPR,11,10.5,1
2025-01-31,LGHL,12,10.45,2
2025-01-31,JZXN,13,10.35,2
2025-01-31,NCEL,14,9.67,1
2025-01-31,TOI,15,9.46,7
2025-02-03,ZBAI,1,37.06,15
2025-02-03,TNXP,2,36.31,11
2025-02-03,ICU,3,24.74,9
2025-02-03,NWTG,4,23.12,11
2025-02-03,IVVD,5,22.91,25
2025-02-03,REBN,6,20.98,9
2025-02-03,SUUN,7,17.25,3
2025-02-03,FMST,8,16.19,2
2025-02-03,JG,9,16.14,8
2025-02-03,INKT,10,15.81,1
2025-02-03,FCUV,11,14.56,3
2025-02-03,GCTK,12,14.07,4
2025-02-03,ORIO,13,13.47,1
2025-02-03,LGO,14,13.37,6
2025-02-03,VSA,15,13.26,6
2025-02-04,EMPD,1,18.31,12
2025-02-04,QNTM,2,10.96,3
2025-02-04,ACON,3,9.16,1
2025-02-04,EVAX,4,8.79,3
2025-02-04,XGN,5,5.56,2
2025-02-05,BULLW,1,24.0,1
2025-02-05,MDCXW,2,23.33,1
2025-02-05,TNXP,3,21.06,10
2025-02-05,NVCT,4,19.45,5
2025-02-05,RNAZ,5,19.26,20
2025-02-05,ASST,6,16.69,13
2025-02-05,CPIX,7,13.91,10
2025-02-05,SLXN,8,12.61,9
2025-02-05,KRKR,9,12.01,4
2025-02-05,MBAI,10,12.01,4
2025-02-05,ACB,11,11.74,6
2025-02-05,EYPT,12,11.63,7
2025-02-05,UGRO,13,11.59,5
2025-02-05,BTCT,14,10.3,1
2025-02-05,INAB,15,10.0,3
2025-02-06,SEGG,1,26.25,24
2025-02-06,FOXX,2,21.18,2
2025-02-06,FEAM,3,20.56,4
2025-02-06,YSXT,4,20.33,2
2025-02-06,FBYD,5,20.13,5
2025-02-06,SBET,6,20.03,4
2025-02-06,CJMB,7,18.69,9
2025-02-06,QNTM,8,17.11,7
2025-02-06,RNAZ,9,17.1,7
2025-02-06,CRML,10,12.95,3
2025-02-06,APPS,11,12.5,13
2025-02-06,LFVN,12,12.34,4
2025-02-06,UGRO,13,11.51,10
2025-02-06,IVVD,14,11.43,7
2025-02-06,NIOBW,15,11.2,1
2025-02-07,UPC,1,26.78,7
2025-02-07,SBET,2,22.51,1
2025-02-07,DC.WS,3,21.79,3
2025-02-07,PMAX,4,21.69,16
2025-02-07,STEX,5,17.63,2
2025-02-07,CRNC,6,15.96,4
2025-02-07,NTRB,7,15.95,6
2025-02-07,TNXP,8,14.35,5
2025-02-07,CJMB,9,12.87,9
2025-02-07,FARM,10,12.44,4
2025-02-07,ABVE,11,12.34,4
2025-02-07,AIFU,12,12.09,7
2025-02-07,EAF,13,11.41,3
2025-02-07,ASST,14,11.02,6
2025-02-07,CYN,15,11.01,6
2025-02-10,BNAI,1,27.28,18
2025-02-10,CYN,2,20.05,22
2025-02-10,MNTS,3,18.17,9
2025-02-10,NVNI,4,17.81,6
2025-02-10,IVVD,5,17.0,7
2025-02-10,DOMH,6,14.66,11
2025-02-10,JG,7,14.45,11
2025-02-10,ATAI,8,12.91,6
2025-02-10,AIOT,9,12.84,2
2025-02-10,BALY,10,12.7,5
2025-02-10,GRCE,11,12.05,2
2025-02-10,SXTP,12,12.02,1
2025-02-10,NCEL,13,11.1,8
2025-02-10,INTS,14,11.06,1
2025-02-10,SKBL,15,11.0,5
2025-02-11,MDCXW,1,40.62,1
2025-02-11,FLYE,2,32.12,14
2025-02-11,FBGL,3,29.94,7
2025-02-11,CYN,4,17.22,9
2025-02-11,RILYL,5,14.87,2
2025-02-11,CJMB,6,14.24,4
2025-02-11,BCDA,7,13.01,1
2025-02-11,INAB,8,12.92,12
2025-02-11,WNW,9,12.3,1
2025-02-11,XAIR,10,11.5,5
2025-02-11,SKBL,11,10.91,2
2025-02-11,PCLA,12,10.8,1
2025-02-11,SXTP,13,10.43,1
2025-02-11,LNZA,14,10.41,5
2025-02-11,MSW,15,10.14,2
2025-02-12,MNDR,1,22.92,10
2025-02-12,ENGNW,2,19.18,1
2025-02-12,NWTG,3,16.72,13
2025-02-12,SMWB,4,14.89,7
2025-02-12,MSW,5,13.26,5
2025-02-12,GRRR,6,12.85,4
2025-02-12,BNAI,7,12.48,4
2025-02-12,ABTS,8,12.47,1
2025-02-12,ATOM,9,12.09,2
2025-02-12,SPIR,10,11.97,4
2025-02-12,LGCB,11,11.97,3
2025-02-12,LRHC,12,11.79,5
2025-02-12,SMCL,13,11.41,5
2025-02-12,VIOT,14,11.11,3
2025-02-12,SMCX,15,10.87,6
2025-02-13,MBRX,1,39.88,17
2025-02-13,LITM,2,23.76,10
2025-02-13,AMPX.WS,3,20.23,1
2025-02-13,MSW,4,19.91,6
2025-02-13,CRSR,5,17.38,10
2025-02-13,MDCX,6,16.66,5
2025-02-13,CYN,7,14.67,3
2025-02-13,MTW,8,14.47,7
2025-02-13,BZAI,9,14.16,5
2025-02-13,WLDSW,10,13.77,1
2025-02-13,AISP,11,12.74,3
2025-02-13,AGH,12,11.42,8
2025-02-13,PGY,13,11.17,5
2025-02-13,EXOZ,14,11.11,1
2025-02-13,MKZR,15,10.86,7
2025-02-14,FEED,1,33.42,7
2025-02-14,MBRX,2,28.03,13
2025-02-14,TRON,3,22.67,13
2025-02-14,NWTG,4,19.72,12
2025-02-14,PACB,5,15.57,5
2025-02-14,CNSP,6,15.03,7
2025-02-14,LRE,7,14.29,2
2025-02-14,QCLS,8,13.56,5
2025-02-14,WRD,9,13.1,10
2025-02-14,VLN,10,12.83,5
2025-02-14,EMPD,11,12.35,2
2025-02-14,FLYX,12,12.33,4
2025-02-14,NUS,13,12.11,2
2025-02-14,SEGG,14,12.07,4
2025-02-14,UMAC,15,11.66,1
2025-02-18,ABVC,1,51.54,8
2025-02-18,DFSC,2,34.7,16
2025-02-18,EDBL,3,24.36,12
2025-02-18,ALLO,4,18.73,16
2025-02-18,HAO,5,18.61,1
2025-02-18,BOXL,6,17.94,1
2025-02-18,TRON,7,17.26,11
2025-02-18,MDCXW,8,16.81,1
2025-02-18,PULM,9,15.44,5
2025-02-18,MPAA,10,15.03,6
2025-02-18,PRFX,11,14.15,4
2025-02-18,MOBBW,12,12.79,3
2025-02-18,CYCU,13,11.85,2
2025-02-18,REBN,14,11.48,6
2025-02-18,PACB,15,11.42,6
2025-02-19,ALLO,1,32.6,4
2025-02-19,SINT,2,27.35,2
2025-02-19,EDIT,3,18.81,2
2025-02-19,MBRX,4,18.67,9
2025-02-19,HUHU,5,17.85,6
2025-02-19,CURR,6,14.35,7
2025-02-19,SBLX,7,14.25,8
2025-02-19,LICN,8,13.29,4
2025-02-19,TUYA,9,12.66,5
2025-02-19,HIND,10,11.55,15
2025-02-19,BLNE,11,10.73,4
2025-02-19,NAAS,12,10.14,2
2025-02-19,TWG,13,10.01,1
2025-02-19,FLD,14,9.63,3
2025-02-19,MSW,15,9.34,5
2025-02-20,WOK,1,27.24,9
2025-02-20,NEOVW,2,23.13,1
2025-02-20,XOS,3,17.1,17
2025-02-20,MNDR,4,16.98,15
2025-02-20,GRI,5,15.19,1
2025-02-20,STEX,6,14.8,5
2025-02-20,DRTSW,7,14.08,2
2025-02-20,STXS,8,12.5,1
2025-02-20,AGH,9,12.02,3
2025-02-20,GDHG,10,11.9,2
2025-02-20,LUNG,11,11.45,3
2025-02-20,SMCX,12,10.8,8
2025-02-20,SEGG,13,10.73,6
2025-02-20,CADL,14,10.66,6
2025-02-20,AURE,15,10.61,3
2025-02-21,DC.WS,1,25.0,1
2025-02-21,UPC,2,18.82,16
2025-02-21,TXMD,3,18.58,7
2025-02-21,CYN,4,17.22,5
2025-02-21,MOBBW,5,15.0,4
2025-02-21,GDEV,6,14.55,5
2025-02-21,KPLT,7,13.07,1
2025-02-21,SINT,8,12.5,4
2025-02-21,HIMS,9,11.76,4
2025-02-21,MATH,10,11.11,1
2025-02-21,CNSP,11,9.85,4
2025-02-21,EXOZ,12,9.82,1
2025-02-21,LICN,13,9.76,3
2025-02-21,REBN,14,9.36,5
2025-02-21,ESLA,15,9.2,5
2025-02-24,GSUN,1,61.87,15
2025-02-24,ATPC,2,22.93,21
2025-02-24,PEPG,3,21.42,14
2025-02-24,MBAI,4,20.56,5
2025-02-24,HWH,5,19.87,4
2025-02-24,NVNI,6,16.82,15
2025-02-24,HCTI,7,16.7,1
2025-02-24,TLX,8,14.47,5
2025-02-24,WNW,9,14.33,11
2025-02-24,NWTG,10,14.29,4
2025-02-24,AVTX,11,13.43,10
2025-02-24,GDEV,12,12.26,1
2025-02-24,SMCL,13,12.21,4
2025-02-24,SMCX,14,12.13,5
2025-02-24,MNDR,15,11.44,2
2025-02-25,WAFU,1,37.56,16
2025-02-25,TLSIW,2,29.35,2
2025-02-25,ADIL,3,22.91,6
2025-02-25,SLXN,4,20.26,21
2025-02-25,WLDSW,5,19.54,1
2025-02-25,SLMT,6,18.27,13
2025-02-25,AMBO,7,18.08,10
2025-02-25,SXTC,8,16.62,7
2025-02-25,STEX,9,16.4,4
2025-02-25,VIVS,10,15.98,13
2025-02-25,MSW,11,15.82,4
2025-02-25,CRMLW,12,15.26,1
2025-02-25,EEIQ,13,15.03,5
2025-02-25,NTRBW,14,14.94,1
2025-02-25,EFOI,15,14.3,2
2025-02-26,ENVB,1,28.14,12
2025-02-26,HWH,2,21.72,10
2025-02-26,DTCX,3,21.52,3
2025-02-26,DDC,4,18.81,3
2025-02-26,HTCO,5,17.96,1
2025-02-26,YSXT,6,17.89,2
2025-02-26,MLEC,7,14.84,3
2025-02-26,HUIZ,8,14.61,2
2025-02-26,PESI,9,14.17,1
2025-02-26,HCTI,10,13.89,6
2025-02-26,TOI,11,13.68,2
2025-02-26,GCTK,12,13.67,7
2025-02-26,ASBP,13,13.59,3
2025-02-26,PRCH,14,13.4,6
2025-02-26,HYFT,15,12.98,1
2025-02-27,ESGL,1,34.1,15
2025-02-27,AMST,2,25.39,14
2025-02-27,WAFU,3,20.48,3
2025-02-27,ULY,4,18.01,8
2025-02-27,GOTU,5,15.85,2
2025-02-27,LZMH,6,15.8,3
2025-02-27,MOBBW,7,15.66,2
2025-02-27,DRTSW,8,15.31,1
2025-02-27,QNRX,9,14.91,14
2025-02-27,ENGNW,10,14.2,3
2025-02-27,HCTI,11,13.56,3
2025-02-27,HWH,12,13.21,4
2025-02-27,XWIN,13,12.68,2
2025-02-27,LVLU,14,12.53,1
2025-02-27,SRI,15,12.12,3
2025-02-28,NVNI,1,45.88,20
2025-02-28,ORGO,2,27.27,14
2025-02-28,ENVB,3,19.35,5
2025-02-28,NVNO,4,18.63,2
2025-02-28,ICON,5,18.18,3
2025-02-28,SHMDW,6,16.72,1
2025-02-28,ESGL,7,16.03,11
2025-02-28,RPID,8,14.4,6
2025-02-28,BTAI,9,14.0,14
2025-02-28,ACHR,10,13.88,5
2025-02-28,ARBB,11,13.13,8
2025-02-28,GDOT,12,12.18,5
2025-02-28,VIVS,13,12.17,4
2025-02-28,IBRX,14,11.86,3
2025-02-28,PMAX,15,11.74,10
2025-03-03,BTAI,1,38.75,22
2025-03-03,GRDX,2,33.1,10
2025-03-03,FTFT,3,26.39,11
2025-03-03,ONEG,4,20.37,2
2025-03-03,PLRX,5,17.37,7
2025-03-03,BTOG,6,15.68,16
2025-03-03,NCEW,7,15.24,2
2025-03-03,LXRX,8,14.95,7
2025-03-03,PCLA,9,14.85,5
2025-03-03,IBG,10,14.71,2
2025-03-03,NUAIW,11,14.12,1
2025-03-03,BGMSP,12,13.82,2
2025-03-03,FTRE,13,12.59,3
2025-03-03,BTBD,14,12.5,1
2025-03-03,TROO,15,11.39,1
2025-03-04,RDGT,1,36.48,20
2025-03-04,FRGT,2,22.58,14
2025-03-04,WHLR,3,21.08,14
2025-03-04,NTRBW,4,19.83,1
2025-03-04,LNKS,5,18.85,2
2025-03-04,ONEG,6,18.75,1
2025-03-04,XBP,7,18.18,8
2025-03-04,WLDSW,8,16.67,1
2025-03-04,CYCU,9,15.93,7
2025-03-04,CMBM,10,15.93,2
2025-03-04,BGMSP,11,15.91,6
2025-03-04,ABVE,12,15.87,4
2025-03-04,NUAI,13,15.33,4
2025-03-04,SLNHP,14,15.08,2
2025-03-04,NVNI,15,13.85,3
2025-03-05,GV,1,23.4,11
2025-03-05,NWTG,2,19.29,11
2025-03-05,SLXN,3,18.49,3
2025-03-05,AIMD,4,17.64,3
2025-03-05,RADX,5,16.53,3
2025-03-05,GANX,6,15.94,2
2025-03-05,ACON,7,13.48,9
2025-03-05,ATPC,8,13.4,2
2025-03-05,SMRT,9,12.84,3
2025-03-05,NTRBW,10,12.07,1
2025-03-05,DFNS,11,11.92,2
2025-03-05,ARBB,12,11.67,6
2025-03-05,NAGE,13,11.18,2
2025-03-05,LNSR,14,11.17,5
2025-03-05,JZXN,15,10.85,1
2025-03-06,AEON,1,20.45,20
2025-03-06,AGMH,2,15.72,15
2025-03-06,TNXP,3,14.41,11
2025-03-06,SCLX,4,13.28,3
2025-03-06,SNBR,5,12.87,7
2025-03-06,ACON,6,12.84,15
2025-03-06,BKSY,7,12.36,1
2025-03-06,SINT,8,12.28,3
2025-03-06,MDCX,9,12.18,4
2025-03-06,GORO,10,11.81,11
2025-03-06,NWGL,11,11.5,5
2025-03-06,IDAI,12,11.39,1
2025-03-06,FLD,13,10.96,11
2025-03-06,SNYR,14,10.88,1
2025-03-06,AIMD,15,10.67,1
2025-03-07,GV,1,21.75,20
2025-03-07,AEON,2,20.83,5
2025-03-07,LODE,3,17.8,1
2025-03-07,WHLR,4,16.35,11
2025-03-07,LUNR,5,16.25,6
2025-03-07,DWTX,6,15.79,17
2025-03-07,AMBO,7,15.66,3
2025-03-07,SPRU,8,15.35,3
2025-03-07,APYX,9,14.17,1
2025-03-07,PSIG,10,13.87,4
2025-03-07,PL.WS,11,13.28,5
2025-03-07,UPC,12,12.54,7
2025-03-07,BYAH,13,12.32,3
2025-03-07,BTOG,14,12.14,14
2025-03-07,ARBB,15,11.44,5
2025-03-10,SNOA,1,20.96,14
2025-03-10,ABTS,2,19.69,3
2025-03-10,DWTX,3,18.22,7
2025-03-10,SBET,4,17.29,1
2025-03-10,MNDR,5,15.49,5
2025-03-10,STSS,6,15.24,18
2025-03-10,AEON,7,14.51,14
2025-03-10,CCLD,8,13.25,3
2025-03-10,NPWR,9,12.55,11
2025-03-10,ARBB,10,12.09,4
2025-03-10,LGCL,11,11.94,1
2025-03-10,BDRX,12,11.89,5
2025-03-10,YIBO,13,11.72,1
2025-03-10,SLND,14,11.29,3
2025-03-10,BTOG,15,11.21,7
2025-03-11,SABS,1,18.68,8
2025-03-11,LANV,2,17.5,2
2025-03-11,BTOG,3,16.88,7
2025-03-11,RAY,4,16.46,18
2025-03-11,PRLD,5,13.64,2
2025-03-11,EWCZ,6,12.78,3
2025-03-11,CURR,7,11.99,6
2025-03-11,TROO,8,11.98,1
2025-03-11,ESLA,9,11.76,1
2025-03-11,HTCO,10,11.49,3
2025-03-11,LZMH,11,11.32,3
2025-03-11,MIGI,12,11.09,1
2025-03-11,PLUT,13,10.78,2
2025-03-11,METC,14,10.6,5
2025-03-11,DWTX,15,10.38,10
2025-03-12,WLDSW,1,39.6,4
2025-03-12,RDIB,2,23.36,3
2025-03-12,YJ,3,21.69,2
2025-03-12,OPRX,4,21.16,9
2025-03-12,CRVO,5,20.83,27
2025-03-12,STI,6,18.14,13
2025-03-12,MAAS,7,17.62,3
2025-03-12,HTCO,8,16.17,6
2025-03-12,MCRP,9,13.75,2
2025-03-12,NWTG,10,12.41,5
2025-03-12,DWTX,11,10.9,5
2025-03-12,SUNE,12,10.81,3
2025-03-12,SPHL,13,10.61,8
2025-03-12,LFMD,14,10.6,4
2025-03-12,LZMH,15,10.49,8
2025-03-13,BON,1,36.36,20
2025-03-13,STSS,2,18.29,12
2025-03-13,SSP,3,17.46,7
2025-03-13,FOSL,4,15.2,8
2025-03-13,CBUS,5,14.71,7
2025-03-13,SRTA,6,14.37,6
2025-03-13,HCTI,7,14.19,4
2025-03-13,OPRX,8,13.27,4
2025-03-13,RECT,9,12.63,2
2025-03-13,NN,10,12.59,2
2025-03-13,CREG,11,12.44,1
2025-03-13,BDMD,12,12.05,3
2025-03-13,BRLT,13,11.81,1
2025-03-13,IPDN,14,11.47,3
2025-03-13,BKHAR,15,11.05,1
2025-03-14,MCRP,1,22.55,10
2025-03-14,VUZI,2,21.23,4
2025-03-14,SUNE,3,20.18,19
2025-03-14,ACON,4,18.04,6
2025-03-14,BON,5,17.65,8
2025-03-14,FEED,6,16.18,6
2025-03-14,UFG,7,14.57,5
2025-03-14,CURR,8,12.96,1
2025-03-14,MIGI,9,12.65,2
2025-03-14,AIRS,10,12.32,5
2025-03-14,MTEN,11,12.17,11
2025-03-14,ATYR,12,11.2,3
2025-03-14,MNTK,13,10.45,1
2025-03-14,ALTI,14,10.34,5
2025-03-14,GTN.A,15,10.17,1
2025-03-17,WLDSW,1,55.34,5
2025-03-17,CLIK,2,27.93,5
2025-03-17,NWTG,3,24.19,15
2025-03-17,CWD,4,22.79,8
2025-03-17,BAOS,5,19.07,6
2025-03-17,NIU,6,15.11,3
2025-03-17,SKBL,7,14.68,5
2025-03-17,LANV,8,14.29,2
2025-03-17,SES,9,13.13,6
2025-03-17,INSE,10,12.92,1
2025-03-17,ACON,11,12.12,6
2025-03-17,TE.WS,12,11.88,2
2025-03-17,STEX,13,11.83,3
2025-03-17,ANNX,14,11.24,4
2025-03-17,XWIN,15,11.14,1
2025-03-18,INDP,1,36.3,4
2025-03-18,KBSX,2,30.72,6
2025-03-18,XWIN,3,20.57,7
2025-03-18,DGXX,4,15.41,2
2025-03-18,GLXG,5,15.07,1
2025-03-18,BYAH,6,14.44,6
2025-03-18,NWTG,7,14.36,2
2025-03-18,CRMLW,8,12.04,1
2025-03-18,BIAF,9,11.85,2
2025-03-18,IHS,10,11.29,3
2025-03-18,CWD,11,10.94,3
2025-03-18,FINV,12,10.53,2
2025-03-18,NEOV,13,10.33,4
2025-03-18,LCID,14,10.3,4
2025-03-18,MNTK,15,9.77,2
2025-03-19,XHLD,1,19.08,13
2025-03-19,CWD,2,17.02,8
2025-03-19,SUNE,3,15.82,24
2025-03-19,BTAI,4,14.52,3
2025-03-19,LSE,5,14.19,10
2025-03-19,KBSX,6,14.02,10
2025-03-19,SKBL,7,14.0,5
2025-03-19,AUID,8,12.33,4
2025-03-19,BDTX,9,12.29,3
2025-03-19,VVPR,10,11.95,2
2025-03-19,STEM,11,11.76,1
2025-03-19,QNTM,12,10.83,5
2025-03-19,SWAG,13,10.54,1
2025-03-19,KYIVW,14,10.53,1
2025-03-19,MSW,15,10.28,2
2025-03-20,GCTK,1,16.62,5
2025-03-20,TAOX,2,15.81,1
2025-03-20,ELAB,3,13.65,4
2025-03-20,NEOV,4,13.48,3
2025-03-20,HTCO,5,13.22,2
2025-03-20,CLIK,6,13.02,3
2025-03-20,OM,7,12.07,4
2025-03-20,STEX,8,11.64,2
2025-03-20,YRD,9,11.5,3
2025-03-20,AEVA,10,11.41,4
2025-03-20,SPRY,11,11.08,4
2025-03-20,DFNS,12,10.0,3
2025-03-20,KLRS,13,10.0,1
2025-03-20,DDC,14,9.9,1
2025-03-20,VVPR,15,9.56,1
2025-03-21,RNAZ,1,28.32,20
2025-03-21,VVPR,2,20.97,8
2025-03-21,XHLD,3,17.75,20
2025-03-21,HWH,4,16.98,4
2025-03-21,CRVO,5,15.63,7
2025-03-21,CHCI,6,15.38,2
2025-03-21,VIVS,7,14.58,4
2025-03-21,WLDSW,8,13.58,1
2025-03-21,NAK,9,13.4,5
2025-03-21,OUST,10,13.11,11
2025-03-21,ESGL,11,11.73,3
2025-03-21,CLIK,12,11.5,9
2025-03-21,RUMBW,13,11.46,1
2025-03-21,PNBK,14,11.37,2
2025-03-21,ELAB,15,11.35,1
2025-03-24,UPC,1,16.23,6
2025-03-24,CLIK,2,14.78,3
2025-03-24,IONX,3,14.05,3
2025-03-24,TNXP,4,13.55,7
2025-03-24,ABVE,5,12.72,9
2025-03-24,LUNR,6,12.63,4
2025-03-24,SUNE,7,12.07,4
2025-03-24,LXEO,8,11.95,7
2025-03-24,XELB,9,11.95,1
2025-03-24,HUHU,10,10.65,3
2025-03-24,DCX,11,10.56,1
2025-03-24,BON,12,9.99,5
2025-03-24,MNTK,13,9.87,2
2025-03-24,OSUR,14,9.79,4
2025-03-24,SAGT,15,9.56,1
2025-03-25,AGPU,1,27.54,15
2025-03-25,MYSE,2,26.01,24
2025-03-25,GITS,3,22.22,4
2025-03-25,RAY,4,18.22,11
2025-03-25,UPC,5,15.79,5
2025-03-25,EHLD,6,15.69,4
2025-03-25,TRSG,7,14.46,4
2025-03-25,BON,8,13.99,3
2025-03-25,KBSX,9,13.04,4
2025-03-25,PNBK,10,13.01,2
2025-03-25,WHLRP,11,12.83,1
2025-03-25,ATNM,12,12.79,16
2025-03-25,ROLR,13,12.75,2
2025-03-25,ABVE,14,12.48,3
2025-03-25,CHAI,15,12.24,11
2025-03-26,NVNI,1,19.98,6
2025-03-26,VVPR,2,18.05,15
2025-03-26,ATNM,3,16.95,7
2025-03-26,XHLD,4,15.93,11
2025-03-26,BNZI,5,13.98,10
2025-03-26,CTOR,6,13.61,6
2025-03-26,NWTG,7,13.5,4
2025-03-26,NUAI,8,12.2,2
2025-03-26,ROLR,9,11.99,2
2025-03-26,GITS,10,11.71,1
2025-03-26,SPRU,11,11.49,3
2025-03-26,ULY,12,11.39,3
2025-03-26,QNTM,13,11.14,5
2025-03-26,GDHG,14,10.54,4
2025-03-26,FBGL,15,10.42,1
2025-03-27,SBLX,1,31.15,10
2025-03-27,HTCO,2,21.36,3
2025-03-27,HTZ,3,14.85,5
2025-03-27,IDAI,4,14.53,1
2025-03-27,EQ,5,13.96,2
2025-03-27,NKTX,6,13.61,7
2025-03-27,WHLR,7,12.95,7
2025-03-27,ASST,8,12.9,13
2025-03-27,GVH,9,11.45,1
2025-03-27,WKSP,10,11.44,2
2025-03-27,CETX,11,10.37,3
2025-03-27,BIYA,12,10.2,4
2025-03-27,DRCT,13,10.03,4
2025-03-27,USGO,14,9.86,1
2025-03-27,ONEG,15,9.8,1
2025-03-28,HYAC.WS,1,27.67,1
2025-03-28,CMBM,2,12.51,1
2025-03-28,MLEC,3,12.27,5
2025-03-28,QNTM,4,12.24,10
2025-03-28,BIYA,5,11.6,1
2025-03-28,LITB,6,11.38,1
2025-03-28,DUO,7,11.08,4
2025-03-28,LITM,8,11.0,2
2025-03-28,DCX,9,10.67,12
2025-03-28,FBGL,10,10.66,2
2025-03-28,ASST,11,10.29,1
2025-03-28,CRVO,12,10.07,1
2025-03-28,XWIN,13,9.9,1
2025-03-28,FLYX,14,8.97,1
2025-03-28,GNPX,15,8.94,6
2025-03-31,HYAC.WS,1,27.46,1
2025-03-31,CTOR,2,18.82,7
2025-03-31,FEBO,3,17.07,1
2025-03-31,MOBBW,4,16.67,1
2025-03-31,LNZA,5,16.6,18
2025-03-31,MIGI,6,16.31,8
2025-03-31,PLAG,7,15.32,2
2025-03-31,LGHL,8,15.24,3
2025-03-31,TRSG,9,14.66,1
2025-03-31,RDGT,10,13.83,2
2025-03-31,TNXP,11,13.82,3
2025-03-31,STEX,12,13.68,1
2025-03-31,FTFT,13,13.04,1
2025-03-31,NWTG,14,12.36,12
2025-03-31,ABVE,15,12.15,1
2025-04-01,BIAF,1,26.8,21
2025-04-01,NMAX,2,20.39,24
2025-04-01,HIND,3,18.74,41
2025-04-01,HSDT,4,17.47,4
2025-04-01,BYSI,5,15.38,2
2025-04-01,WLDSW,6,15.38,2
2025-04-01,SPHL,7,15.23,2
2025-04-01,SUGP,8,14.76,2
2025-04-01,ABVE,9,14.61,2
2025-04-01,PLAG,10,14.4,4
2025-04-01,UPC,11,13.38,6
2025-04-01,BLBX,12,12.58,3
2025-04-01,CMPX,13,12.34,8
2025-04-01,PCLA,14,12.29,2
2025-04-01,TRSG,15,11.87,4
2025-04-02,AAME,1,22.15,2
2025-04-02,GNPX,2,20.25,12
2025-04-02,WTF,3,20.25,6
2025-04-02,TCRT,4,18.42,11
2025-04-02,KUST,5,17.74,13
2025-04-02,LNZA,6,16.89,5
2025-04-02,PHGE,7,16.8,6
2025-04-02,FLX,8,16.1,6
2025-04-02,QNRX,9,15.74,11
2025-04-02,SBFM,10,14.86,8
2025-04-02,HERE,11,14.07,12
2025-04-02,SLN,12,13.88,2
2025-04-02,GRI,13,13.71,10
2025-04-02,CRVO,14,13.29,6
2025-04-02,ABVC,15,13.22,2
2025-04-03,APVO,1,25.0,18
2025-04-03,SUNE,2,20.73,9
2025-04-03,JYD,3,20.54,16
2025-04-03,VMAR,4,15.83,4
2025-04-03,NUAIW,5,15.2,1
2025-04-03,GITS,6,15.04,2
2025-04-03,HCTI,7,13.79,1
2025-04-03,BIAF,8,13.14,11
2025-04-03,PCSA,9,12.77,3
2025-04-03,OSTX,10,12.26,4
2025-04-03,SORA,11,12.23,12
2025-04-03,SLNHP,12,12.19,4
2025-04-03,BDMD,13,12.02,1
2025-04-03,IBG,14,11.96,6
2025-04-03,NEOV,15,11.94,5
2025-04-04,AIM,1,41.87,6
2025-04-04,HYAC.WS,2,33.22,1
2025-04-04,DDC,3,29.8,3
2025-04-04,LNZA,4,28.55,9
2025-04-04,HIND,5,25.66,21
2025-04-04,FTFT,6,20.83,3
2025-04-04,BIAF,7,17.78,4
2025-04-04,ABVE,8,17.72,1
2025-04-04,USAR,9,17.18,6
2025-04-04,ALDX,10,17.14,8
2025-04-04,VMAR,11,16.93,4
2025-04-04,TCRT,12,16.28,4
2025-04-04,GRDX,13,15.56,6
2025-04-04,CISS,14,15.44,6
2025-04-04,JXG,15,14.76,1
2025-04-07,MKDW,1,96.07,28
2025-04-07,ABVC,2,31.67,14
2025-04-07,OPTXW,3,24.48,1
2025-04-07,NWTG,4,23.79,17
2025-04-07,IONX,5,23.54,10
2025-04-07,NUAI,6,23.47,5
2025-04-07,SLE,7,22.94,1
2025-04-07,HIND,8,22.79,12
2025-04-07,BGLC,9,20.86,10
2025-04-07,DFDV,10,20.79,14
2025-04-07,IBIO,11,20.5,5
2025-04-07,CONL,12,20.46,17
2025-04-07,BJDX,13,20.0,13
2025-04-07,SMCX,14,19.53,14
2025-04-07,SMCL,15,19.47,9
2025-04-08,SXTP,1,29.73,23
2025-04-08,FEED,2,29.49,15
2025-04-08,SLSN,3,26.21,1
2025-04-08,MDCXW,4,25.0,1
2025-04-08,MRM,5,24.8,3
2025-04-08,RLYB,6,23.63,2
2025-04-08,CYCU,7,20.47,8
2025-04-08,JZXN,8,20.0,11
2025-04-08,ABVE,9,20.0,3
2025-04-08,SNYR,10,17.41,3
2025-04-08,MKDW,11,17.21,5
2025-04-08,CLNN,12,16.0,2
2025-04-08,DRTSW,13,15.56,1
2025-04-08,DFDV,14,15.49,8
2025-04-08,NIOBW,15,15.03,2
2025-04-09,TE.WS,1,32.92,1
2025-04-09,MKDW,2,29.03,11
2025-04-09,PHIO,3,27.93,14
2025-04-09,MRM,4,21.66,10
2025-04-09,HUBC,5,20.94,5
2025-04-09,OVID,6,19.51,1
2025-04-09,XXII,7,18.89,14
2025-04-09,TNMG,8,18.87,10
2025-04-09,GDTC,9,18.81,4
2025-04-09,FGI,10,17.31,2
2025-04-09,BIAF,11,16.44,4
2025-04-09,APYX,12,15.69,2
2025-04-09,SUNE,13,14.71,8
2025-04-09,MDCXW,14,14.69,1
2025-04-09,WYY,15,14.39,6
2025-04-10,MOBBW,1,26.79,2
2025-04-10,STSS,2,23.33,17
2025-04-10,RUMBW,3,20.74,1
2025-04-10,MRM,4,20.33,11
2025-04-10,CAMP,5,19.91,1
2025-04-10,WYY,6,19.78,2
2025-04-10,YQ,7,18.28,5
2025-04-10,STKH,8,17.99,1
2025-04-10,XXII,9,16.47,3
2025-04-10,SUNE,10,15.77,6
2025-04-10,AGMH,11,15.73,5
2025-04-10,PRFX,12,15.52,14
2025-04-10,AMPX.WS,13,15.0,1
2025-04-10,MOVE,14,14.27,3
2025-04-10,HUIZ,15,13.99,1
2025-04-11,BON,1,35.32,10
2025-04-11,BULLW,2,27.52,5
2025-04-11,CLRO,3,27.3,1
2025-04-11,PL.WS,4,24.98,3
2025-04-11,DRTSW,5,19.85,3
2025-04-11,FRGT,6,18.18,6
2025-04-11,ATHR,7,17.58,11
2025-04-11,ADVB,8,17.09,2
2025-04-11,KUST,9,16.79,1
2025-04-11,LUCY,10,15.61,4
2025-04-11,DGXX,11,14.43,2
2025-04-11,WAVE,12,13.85,1
2025-04-11,GENK,13,13.48,2
2025-04-11,CRML,14,13.23,7
2025-04-11,GDHG,15,13.11,1
2025-04-14,HTCO,1,28.44,3
2025-04-14,RBNE,2,22.14,4
2025-04-14,AREC,3,19.35,18
2025-04-14,NUAIW,4,17.4,1
2025-04-14,ARTL,5,16.58,7
2025-04-14,BULL,6,16.39,17
2025-04-14,BULLW,7,15.3,11
2025-04-14,SUNE,8,15.29,4
2025-04-14,WTF,9,14.99,4
2025-04-14,STSS,10,14.58,6
2025-04-14,STEX,11,14.1,1
2025-04-14,ADVB,12,13.9,3
2025-04-14,CRMLW,13,13.68,1
2025-04-14,VRCA,14,13.42,2
2025-04-14,CELZ,15,12.48,1
2025-04-15,PROK,1,19.08,8
2025-04-15,BOXL,2,17.89,2
2025-04-15,HIT,3,16.38,2
2025-04-15,DWTX,4,15.86,13
2025-04-15,STSS,5,15.79,3
2025-04-15,SWAG,6,15.6,1
2025-04-15,ARBB,7,13.69,4
2025-04-15,RZLV,8,12.56,7
2025-04-15,UUU,9,12.54,7
2025-04-15,ABTS,10,11.93,3
2025-04-15,BULLW,11,11.7,5
2025-04-15,BLBX,12,11.48,3
2025-04-15,ACRV,13,11.18,5
2025-04-15,LYRA,14,10.9,1
2025-04-15,SAIH,15,10.84,1
2025-04-16,ZEO,1,50.34,12
2025-04-16,NIOBW,2,35.85,5
2025-04-16,ADAG,3,20.0,1
2025-04-16,ABVE,4,16.36,1
2025-04-16,IOTR,5,16.34,8
2025-04-16,SUNE,6,16.2,7
2025-04-16,AREN,7,15.8,4
2025-04-16,BULLW,8,15.79,9
2025-04-16,QNRX,9,15.66,2
2025-04-16,BLNE,10,14.7,11
2025-04-16,PSIG,11,13.61,1
2025-04-16,CMCT,12,13.06,7
2025-04-16,IPW,13,12.3,1
2025-04-16,BULL,14,12.22,11
2025-04-16,AMPG,15,12.21,4
2025-04-17,SXTC,1,44.6,20
2025-04-17,FGI,2,32.7,4
2025-04-17,CLIK,3,18.3,11
2025-04-17,NIOBW,4,17.91,1
2025-04-17,AREC,5,17.46,9
2025-04-17,ABVE,6,16.73,4
2025-04-17,STEX,7,15.93,3
2025-04-17,HIND,8,14.07,2
2025-04-17,FATN,9,12.74,16
2025-04-17,RBNE,10,12.58,4
2025-04-17,CWD,11,12.22,4
2025-04-17,SAGT,12,12.0,1
2025-04-17,NDRA,13,11.78,1
2025-04-17,HTZWW,14,11.35,8
2025-04-17,SJ,15,11.35,1
2025-04-21,DGXX,1,24.84,14
2025-04-21,CLIK,2,23.76,11
2025-04-21,BAOS,3,21.87,2
2025-04-21,RNAZ,4,16.85,3
2025-04-21,DWTX,5,16.25,8
2025-04-21,LGCL,6,16.13,3
2025-04-21,SUNE,7,15.99,4
2025-04-21,LITM,8,14.64,1
2025-04-21,SKBL,9,13.37,3
2025-04-21,TRON,10,13.3,1
2025-04-21,KUST,11,13.14,7
2025-04-21,MSGM,12,11.95,4
2025-04-21,TRAW,13,11.93,3
2025-04-21,PLAG,14,11.89,1
2025-04-21,OPTX,15,11.38,2
2025-04-22,WNW,1,29.0,9
2025-04-22,SXTC,2,27.15,13
2025-04-22,CLIK,3,18.86,3
2025-04-22,CMCT,4,17.19,10
2025-04-22,FMST,5,15.48,1
2025-04-22,HTCO,6,15.38,5
2025-04-22,AHG,7,14.63,4
2025-04-22,SHIM,8,14.24,2
2025-04-22,BULL,9,13.95,11
2025-04-22,DDC,10,12.94,1
2025-04-22,BULLW,11,12.2,6
2025-04-22,DFDV,12,11.78,5
2025-04-22,LGCL,13,11.7,1
2025-04-22,MKDW,14,11.68,6
2025-04-22,CIFR,15,11.22,7
2025-04-23,JYD,1,29.05,19
2025-04-23,MCRB,2,17.53,4
2025-04-23,SLXN,3,15.64,16
2025-04-23,ABVE,4,15.38,1
2025-04-23,XWIN,5,14.32,2
2025-04-23,AXIL,6,14.29,2
2025-04-23,WTF,7,12.91,3
2025-04-23,NG,8,12.36,9
2025-04-23,UCL,9,12.36,1
2025-04-23,PLAG,10,11.81,1
2025-04-23,PONY,11,11.65,6
2025-04-23,IFBD,12,10.6,1
2025-04-23,RLMD,13,10.53,10
2025-04-23,AGMH,14,10.42,7
2025-04-23,HTCO,15,10.29,2
2025-04-24,XELB,1,36.14,3
2025-04-24,OMEX,2,30.86,4
2025-04-24,TMC,3,27.17,3
2025-04-24,XXI,4,23.82,32
2025-04-24,WETH,5,16.16,13
2025-04-24,CNEY,6,15.99,5
2025-04-24,ZEO,7,15.16,3
2025-04-24,PHIO,8,14.73,6
2025-04-24,VIVS,9,13.54,6
2025-04-24,VSME,10,13.53,3
2025-04-24,AREN,11,13.33,5
2025-04-24,LGCB,12,13.04,4
2025-04-24,HUIZ,13,12.73,1
2025-04-24,TOI,14,11.76,7
2025-04-24,DFSC,15,11.76,6
2025-04-25,WHLR,1,21.35,4
2025-04-25,SXTC,2,20.41,18
2025-04-25,HUIZ,3,16.94,6
2025-04-25,GREE,4,15.13,5
2025-04-25,RNAZ,5,14.08,7
2025-04-25,PRZO,6,13.93,3
2025-04-25,MBAI,7,13.71,2
2025-04-25,ABTS,8,13.45,3
2025-04-25,AGMH,9,13.37,7
2025-04-25,CCM,10,13.36,2
2025-04-25,WTO,11,12.68,8
2025-04-25,RAIN,12,12.22,2
2025-04-25,SLNG,13,11.27,3
2025-04-25,NDRA,14,10.96,1
2025-04-25,MOGU,15,10.85,2
2025-04-28,NAAS,1,30.95,7
2025-04-28,JFU,2,21.79,2
2025-04-28,AGMH,3,20.79,16
2025-04-28,BON,4,16.88,4
2025-04-28,MDCX,5,16.34,3
2025-04-28,OMEX,6,14.48,10
2025-04-28,FENG,7,14.1,1
2025-04-28,LCFY,8,13.55,4
2025-04-28,ABVE,9,13.36,6
2025-04-28,NUAIW,10,13.25,1
2025-04-28,XFOR,11,13.15,3
2025-04-28,WETH,12,13.12,6
2025-04-28,DCX,13,12.43,1
2025-04-28,KUST,14,10.88,2
2025-04-28,CRIS,15,10.79,1
2025-04-29,BGMS,1,71.08,10
2025-04-29,AURE,2,29.97,3
2025-04-29,BON,3,23.92,8
2025-04-29,NVNI,4,22.85,7
2025-04-29,FENG,5,17.52,2
2025-04-29,GDHG,6,16.24,8
2025-04-29,ABVE,7,14.28,7
2025-04-29,JFU,8,14.03,1
2025-04-29,RAIN,9,13.71,3
2025-04-29,FCUV,10,13.6,2
2025-04-29,LCFY,11,13.15,2
2025-04-29,SAGT,12,12.65,4
2025-04-29,AGMH,13,12.55,5
2025-04-29,MOGU,14,12.23,1
2025-04-29,IBIO,15,12.1,5
2025-04-30,CNF,1,28.0,12
2025-04-30,VCICW,2,24.72,1
2025-04-30,JFU,3,22.15,5
2025-04-30,BRIA,4,18.89,3
2025-04-30,LVO,5,17.61,3
2025-04-30,SAGT,6,16.35,3
2025-04-30,ABVE,7,16.27,5
2025-04-30,FGI,8,16.19,1
2025-04-30,FENG,9,15.61,3
2025-04-30,CCM,10,15.35,3
2025-04-30,ALGS,11,13.68,1
2025-04-30,RDGT,12,13.24,2
2025-04-30,XXI,13,12.65,4
2025-04-30,NDRA,14,12.13,4
2025-04-30,GORO,15,11.55,6
2025-05-01,MDCXW,1,28.41,7
2025-05-01,GHG,2,23.47,3
2025-05-01,NCI,3,16.79,2
2025-05-01,SUGP,4,16.0,2
2025-05-01,DRCT,5,15.73,2
2025-05-01,ZBAI,6,15.43,2
2025-05-01,PBM,7,15.12,5
2025-05-01,SAIH,8,14.88,7
2025-05-01,YJ,9,14.85,7
2025-05-01,HUIZ,10,14.07,7
2025-05-01,BGMS,11,13.05,2
2025-05-01,CCM,12,12.88,3
2025-05-01,HSDT,13,12.36,4
2025-05-01,RAIN,14,12.14,4
2025-05-01,GDHG,15,11.15,11
2025-05-02,KBSX,1,49.24,7
2025-05-02,PLRZ,2,39.95,22
2025-05-02,MAAS,3,19.21,2
2025-05-02,ABVE,4,18.92,10
2025-05-02,PONY,5,16.43,7
2025-05-02,ADIL,6,16.37,13
2025-05-02,HSDT,7,16.09,4
2025-05-02,ADPT,8,14.59,4
2025-05-02,SSP,9,14.43,4
2025-05-02,BIYA,10,13.76,2
2025-05-02,BRIA,11,13.66,3
2025-05-02,NVNI,12,12.8,9
2025-05-02,RCG,13,12.8,1
2025-05-02,CWD,14,12.6,3
2025-05-02,ELAB,15,12.08,6
2025-05-05,GVH,1,53.1,15
2025-05-05,ABTC,2,20.63,4
2025-05-05,ARKR,3,19.25,2
2025-05-05,PLRZ,4,16.69,8
2025-05-05,SPHL,5,15.55,4
2025-05-05,RYM,6,14.61,6
2025-05-05,AGMH,7,14.48,9
2025-05-05,GIBO,8,14.45,8
2025-05-05,STEX,9,14.12,4
2025-05-05,ZEO,10,13.86,1
2025-05-05,RAIN,11,13.2,3
2025-05-05,GDHG,12,12.64,3
2025-05-05,BOLD,13,12.58,1
2025-05-05,BULLW,14,11.57,6
2025-05-05,PONY,15,11.39,3
2025-05-06,HIMZ,1,29.17,12
2025-05-06,BW.PRA,2,22.9,3
2025-05-06,GVH,3,21.69,14
2025-05-06,SBET,4,18.21,5
2025-05-06,DHC,5,15.21,5
2025-05-06,RYET,6,15.09,5
2025-05-06,EQ,7,15.04,1
2025-05-06,HIMS,8,14.27,8
2025-05-06,DRMA,9,14.26,6
2025-05-06,RAY,10,13.89,2
2025-05-06,DFSC,11,13.87,10
2025-05-06,AGMH,12,13.51,2
2025-05-06,ABVE,13,12.0,2
2025-05-06,BYFC,14,11.67,1
2025-05-06,TDUP,15,11.6,6
2025-05-07,NCEW,1,22.78,3
2025-05-07,NCMI,2,21.36,3
2025-05-07,KUST,3,20.14,15
2025-05-07,LCFY,4,18.0,2
2025-05-07,BULLW,5,16.46,15
2025-05-07,CURI,6,15.71,7
2025-05-07,LIVE,7,15.43,2
2025-05-07,SORA,8,14.97,5
2025-05-07,PL.WS,9,14.92,1
2025-05-07,ASST,10,14.62,11
2025-05-07,TROO,11,14.44,4
2025-05-07,STRZ,12,13.88,4
2025-05-07,FTK,13,13.03,4
2025-05-07,AIFU,14,12.75,2
2025-05-07,RYM,15,12.38,4
2025-05-08,QVCGA,1,21.13,2
2025-05-08,ASST,2,17.52,8
2025-05-08,MIRA,3,16.12,1
2025-05-08,ZVIA,4,14.83,3
2025-05-08,STI,5,14.48,5
2025-05-08,SLE,6,13.71,2
2025-05-08,GIBO,7,13.53,4
2025-05-08,OLPX,8,13.43,4
2025-05-08,ZKIN,9,13.24,8
2025-05-08,ADVB,10,12.67,1
2025-05-08,SCWO,11,12.26,1
2025-05-08,RVMDW,12,11.75,5
2025-05-08,VOR,13,11.55,7
2025-05-08,GTN,14,11.5,5
2025-05-08,ASPN,15,11.37,4
2025-05-09,NUAIW,1,37.74,1
2025-05-09,NVVE,2,33.65,16
2025-05-09,NCNA,3,21.29,4
2025-05-09,BTCS,4,19.15,4
2025-05-09,WBUY,5,16.93,20
2025-05-09,AARD,6,16.45,6
2025-05-09,FLWS,7,15.98,3
2025-05-09,GOGO,8,15.3,2
2025-05-09,CHAI,9,15.29,14
2025-05-09,ASST,10,14.91,5
2025-05-09,PHAT,11,14.56,16
2025-05-09,HAO,12,14.29,2
2025-05-09,HIND,13,14.24,7
2025-05-09,IZEA,14,14.15,2
2025-05-09,RUM,15,14.05,8
2025-05-12,TAOP,1,79.72,32
2025-05-12,UHG,2,34.33,8
2025-05-12,FRGT,3,22.31,8
2025-05-12,ENGN,4,21.13,1
2025-05-12,TWG,5,20.2,8
2025-05-12,CCM,6,19.64,6
2025-05-12,INHD,7,18.63,20
2025-05-12,ROMA,8,17.14,2
2025-05-12,SBLX,9,17.05,9
2025-05-12,FNKO,10,15.6,3
2025-05-12,TORO,11,15.05,2
2025-05-12,ABTS,12,15.02,7
2025-05-12,GVH,13,14.69,3
2025-05-12,SOS,14,14.17,5
2025-05-12,SORA,15,13.29,4
2025-05-13,ORIO,1,38.28,26
2025-05-13,NUAIW,2,37.14,1
2025-05-13,VOR,3,32.79,1
2025-05-13,TNMG,4,30.03,15
2025-05-13,AMPX.WS,5,28.0,2
2025-05-13,GVH,6,25.48,3
2025-05-13,IMNN,7,21.35,1
2025-05-13,LICN,8,18.81,7
2025-05-13,RVMDW,9,17.86,1
2025-05-13,VTSI,10,17.61,2
2025-05-13,ABTC,11,16.48,6
2025-05-13,SBLX,12,15.44,5
2025-05-13,SPRU,13,15.03,4
2025-05-13,BKKT,14,14.59,4
2025-05-13,CRIS,15,14.07,3
2025-05-14,HCTI,1,95.77,16
2025-05-14,BON,2,33.74,8
2025-05-14,TNMG,3,29.04,14
2025-05-14,HWH,4,27.1,10
2025-05-14,LYRA,5,26.44,8
2025-05-14,WALD,6,20.75,2
2025-05-14,TRAW,7,18.52,7
2025-05-14,TLYS,8,17.15,4
2025-05-14,ZKIN,9,16.94,2
2025-05-14,SBLX,10,15.58,2
2025-05-14,RANI,11,15.14,4
2025-05-14,HIT,12,14.2,4
2025-05-14,GENK,13,13.52,2
2025-05-14,BW,14,13.4,3
2025-05-14,GMM,15,13.39,1
2025-05-15,RVMDW,1,53.85,1
2025-05-15,TAOP,2,47.81,17
2025-05-15,ABTC,3,34.9,22
2025-05-15,CLIK,4,22.91,9
2025-05-15,VSA,5,19.04,4
2025-05-15,NCNA,6,18.21,8
2025-05-15,RCAT,7,17.37,8
2025-05-15,AEVA,8,17.36,5
2025-05-15,TE,9,16.04,8
2025-05-15,BW.PRA,10,15.66,8
2025-05-15,PNBK,11,15.52,7
2025-05-15,ASST,12,13.32,8
2025-05-15,AURA,13,13.0,3
2025-05-15,HTCO,14,12.87,4
2025-05-15,NCEW,15,12.84,2
2025-05-16,VOR,1,26.4,13
2025-05-16,MOBBW,2,23.44,1
2025-05-16,GRDX,3,19.45,3
2025-05-16,SBLX,4,18.5,5
2025-05-16,CHAI,5,17.16,5
2025-05-16,BON,6,16.72,15
2025-05-16,BULLW,7,16.41,3
2025-05-16,ARDX,8,16.37,7
2025-05-16,IMNN,9,15.72,3
2025-05-16,ABTC,10,14.69,4
2025-05-16,RAIN,11,13.85,2
2025-05-16,BDSX,12,12.32,4
2025-05-16,RYET,13,12.17,4
2025-05-16,SORA,14,11.95,6
2025-05-16,CLIK,15,11.69,1
2025-05-19,CLIK,1,29.85,10
2025-05-19,NFE,2,20.09,7
2025-05-19,HCTI,3,17.7,13
2025-05-19,CHAI,4,16.78,10
2025-05-19,SIEB,5,16.38,3
2025-05-19,AISP,6,15.12,3
2025-05-19,TMC,7,14.56,6
2025-05-19,SPCE,8,14.34,4
2025-05-19,FTFT,9,13.94,1
2025-05-19,EVTV,10,13.49,3
2025-05-19,FTEK,11,12.59,4
2025-05-19,ABTS,12,12.39,3
2025-05-19,ICG,13,12.11,1
2025-05-19,ACXP,14,11.86,1
2025-05-19,ASST,15,11.82,6
2025-05-20,TNMG,1,21.65,25
2025-05-20,TNGX,2,19.14,5
2025-05-20,MRM,3,15.53,11
2025-05-20,ICG,4,15.25,1
2025-05-20,EDBL,5,14.94,11
2025-05-20,NRXS,6,14.82,11
2025-05-20,BBLG,7,14.14,8
2025-05-20,PCLA,8,13.32,7
2025-05-20,ASBP,9,12.6,5
2025-05-20,HCTI,10,12.5,6
2025-05-20,BULLW,11,12.41,3
2025-05-20,CHAI,12,11.91,10
2025-05-20,PRCH,13,11.81,1
2025-05-20,BZAI,14,11.63,5
2025-05-20,ASPI,15,11.4,6
2025-05-21,RVMDW,1,40.0,1
2025-05-21,BULLW,2,21.58,4
2025-05-21,MRM,3,17.01,15
2025-05-21,DFNS,4,16.49,10
2025-05-21,TNMG,5,16.28,3
2025-05-21,CRMLW,6,15.74,3
2025-05-21,APVO,7,15.31,3
2025-05-21,DFDV,8,14.75,5
2025-05-21,WOK,9,14.71,6
2025-05-21,LOCL,10,14.49,1
2025-05-21,EDBL,11,14.08,6
2025-05-21,CHAI,12,13.89,7
2025-05-21,PCLA,13,12.77,1
2025-05-21,LAES,14,12.61,9
2025-05-21,ASPI,15,12.39,6
2025-05-22,TLSIW,1,43.1,1
2025-05-22,RCON,2,30.15,4
2025-05-22,BON,3,23.01,14
2025-05-22,CHAI,4,20.6,18
2025-05-22,DOMO,5,20.51,5
2025-05-22,WOLF,6,20.1,9
2025-05-22,IMNN,7,15.48,12
2025-05-22,CRMLW,8,15.22,2
2025-05-22,DFDV,9,14.31,9
2025-05-22,ASST,10,14.22,9
2025-05-22,DGXX,11,13.55,5
2025-05-22,GRDX,12,13.09,2
2025-05-22,BDRX,13,12.64,8
2025-05-22,CREX,14,12.37,2
2025-05-22,STEM,15,12.27,4
2025-05-23,PMAX,1,25.16,21
2025-05-23,RVMDW,2,23.44,1
2025-05-23,CHAI,3,22.32,5
2025-05-23,DOUG,4,21.88,4
2025-05-23,IMNN,5,17.92,8
2025-05-23,KUST,6,16.86,7
2025-05-23,HNRG,7,16.02,5
2025-05-23,RGTX,8,15.29,6
2025-05-23,GDHG,9,15.0,8
2025-05-23,SEGG,10,14.81,4
2025-05-23,MNTN,11,14.58,4
2025-05-23,IMSRW,12,14.47,1
2025-05-23,BNRG,13,14.35,6
2025-05-23,WOLF,14,13.73,3
2025-05-23,IONL,15,13.44,6
2025-05-27,LVWR,1,35.9,6
2025-05-27,CETX,2,29.05,6
2025-05-27,AEON,3,27.09,12
2025-05-27,IMNN,4,20.44,6
2025-05-27,ATLN,5,19.75,2
2025-05-27,ZENA,6,17.43,8
2025-05-27,SEGG,7,17.23,2
2025-05-27,RCKT,8,16.48,4
2025-05-27,KUST,9,15.93,8
2025-05-27,SBET,10,14.5,20
2025-05-27,WHLR,11,14.17,2
2025-05-27,TIL,12,13.38,4
2025-05-27,ARQQ,13,12.81,5
2025-05-27,SVRA,14,12.46,4
2025-05-27,FMST,15,11.45,2
2025-05-28,ASBP,1,72.24,16
2025-05-28,PLRZ,2,32.88,14
2025-05-28,MDCXW,3,25.29,2
2025-05-28,SCWO,4,21.63,18
2025-05-28,CURR,5,20.39,1
2025-05-28,YSXT,6,17.74,7
2025-05-28,SAIH,7,15.36,3
2025-05-28,ARAI,8,14.78,6
2025-05-28,KUST,9,13.4,4
2025-05-28,IMNN,10,12.83,5
2025-05-28,SBET,11,12.63,7
2025-05-28,KG,12,11.58,3
2025-05-28,SPRO,13,11.18,10
2025-05-28,VERU,14,10.8,7
2025-05-28,JFBR,15,10.49,8
2025-05-29,HKD,1,23.27,9
2025-05-29,NUAIW,2,18.61,1
2025-05-29,RVMDW,3,18.1,1
2025-05-29,SBET,4,17.75,21
2025-05-29,HCTI,5,16.04,8
2025-05-29,BNRG,6,15.67,6
2025-05-29,GDHG,7,14.49,7
2025-05-29,ALZN,8,13.43,6
2025-05-29,SORA,9,12.98,7
2025-05-29,ASBP,10,12.44,3
2025-05-29,APUS,11,11.97,2
2025-05-29,SCWO,12,11.56,2
2025-05-29,LZMH,13,11.47,2
2025-05-29,TTGT,14,11.19,2
2025-05-29,PMAX,15,11.07,5
2025-05-30,LNZA,1,35.56,9
2025-05-30,GWH,2,24.76,11
2025-05-30,IMNN,3,23.44,10
2025-05-30,RRGB,4,21.51,7
2025-05-30,BENF,5,17.08,7
2025-05-30,ROLR,6,16.76,4
2025-05-30,LVWR,7,16.42,12
2025-05-30,BNAI,8,16.3,9
2025-05-30,BLRX,9,15.33,11
2025-05-30,YQ,10,15.02,2
2025-05-30,DFDV,11,11.29,5
2025-05-30,HAO,12,11.27,10
2025-05-30,SHIM,13,11.25,1
2025-05-30,NPWR,14,11.15,8
2025-05-30,CTRM,15,11.13,2
2025-06-02,RVYL,1,50.31,15
2025-06-02,NUAIW,2,33.9,2
2025-06-02,RAY,3,27.94,7
2025-06-02,NTRBW,4,27.37,1
2025-06-02,IQST,5,25.15,5
2025-06-02,SLE,6,22.84,4
2025-06-02,MFI,7,22.12,12
2025-06-02,INTS,8,18.46,5
2025-06-02,PLUT,9,17.15,1
2025-06-02,XWIN,10,16.52,2
2025-06-02,HYPR,11,16.44,18
2025-06-02,LRE,12,15.81,1
2025-06-02,IMCC,13,15.02,3
2025-06-02,LOKVW,14,14.85,1
2025-06-02,APVO,15,14.45,7
2025-06-03,BNKK,1,36.81,9
2025-06-03,CYCU,2,36.81,4
2025-06-03,CMBM,3,36.6,10
2025-06-03,LYRA,4,21.52,5
2025-06-03,SEGG,5,19.96,3
2025-06-03,ASBP,6,18.45,4
2025-06-03,SBET,7,15.79,11
2025-06-03,BMEA,8,14.52,10
2025-06-03,DFDV,9,12.77,4
2025-06-03,HIMZ,10,12.19,5
2025-06-03,IMNN,11,12.08,2
2025-06-03,SLE,12,11.94,3
2025-06-03,FIEE,13,11.47,3
2025-06-03,IVVD,14,11.41,4
2025-06-03,UNCY,15,11.03,3
2025-06-04,LOOP,1,33.51,7
2025-06-04,CLRB,2,25.23,21
2025-06-04,PTNM,3,19.33,7
2025-06-04,LNKS,4,14.25,13
2025-06-04,BON,5,13.24,4
2025-06-04,YHGJ,6,13.04,1
2025-06-04,HIMZ,7,12.65,6
2025-06-04,PCSA,8,12.51,4
2025-06-04,MBRX,9,11.81,10
2025-06-04,TOPS,10,11.61,4
2025-06-04,RILYL,11,11.52,1
2025-06-04,MB,12,11.4,3
2025-06-04,LNZA,13,11.38,2
2025-06-04,PCLA,14,10.36,2
2025-06-04,ATLN,15,10.28,1
2025-06-05,PL.WS,1,31.5,6
2025-06-05,AIHS,2,27.08,9
2025-06-05,BW,3,25.51,9
2025-06-05,SXTC,4,23.33,7
2025-06-05,RLYB,5,21.86,5
2025-06-05,HSDT,6,20.83,16
2025-06-05,ACH,7,20.36,9
2025-06-05,TLYS,8,18.98,6
2025-06-05,PFAI,9,16.88,4
2025-06-05,HYPD,10,16.35,15
2025-06-05,EDUC,11,16.31,1
2025-06-05,TGE,12,16.26,9
2025-06-05,RVYL,13,15.63,11
2025-06-05,SORA,14,13.83,3
2025-06-05,FLX,15,13.55,2
2025-06-06,FCEL,1,20.88,8
2025-06-06,WBUY,2,19.77,14
2025-06-06,NAMM,3,18.73,11
2025-06-06,BNAI,4,16.81,9
2025-06-06,IPW,5,16.28,4
2025-06-06,NCNA,6,14.64,4
2025-06-06,ANL,7,12.42,2
2025-06-06,RIOX,8,12.13,6
2025-06-06,INTS,9,11.96,3
2025-06-06,SGMT,10,11.92,4
2025-06-06,ZENA,11,11.36,4
2025-06-06,TGE,12,11.02,2
2025-06-06,HSDT,13,10.79,8
2025-06-06,RENT,14,10.61,3
2025-06-06,INAB,15,10.18,4
2025-06-09,TAOX,1,23.1,15
2025-06-09,DFDV,2,18.65,6
2025-06-09,UAVS,3,18.37,4
2025-06-09,TE.WS,4,18.23,1
2025-06-09,NMRA,5,17.41,4
2025-06-09,NA,6,14.62,12
2025-06-09,MNY,7,14.38,5
2025-06-09,LNZA,8,13.69,6
2025-06-09,XWIN,9,13.67,2
2025-06-09,ROMA,10,13.63,3
2025-06-09,TELO,11,13.44,1
2025-06-09,MFI,12,13.3,7
2025-06-09,ELAB,13,12.64,6
2025-06-09,HYPD,14,12.59,6
2025-06-09,HOVR,15,12.57,3
2025-06-10,NCNA,1,63.26,17
2025-06-10,UNCY,2,19.25,14
2025-06-10,DPRO,3,17.13,5
2025-06-10,RVMDW,4,16.62,1
2025-06-10,SYPR,5,13.03,2
2025-06-10,BIYA,6,12.94,6
2025-06-10,JFBR,7,12.5,5
2025-06-10,ARAI,8,12.39,22
2025-06-10,BODI,9,11.76,4
2025-06-10,QUBT,10,11.64,7
2025-06-10,RFL,11,11.33,12
2025-06-10,MSW,12,10.97,3
2025-06-10,BLNE,13,10.29,2
2025-06-10,CTOR,14,10.16,2
2025-06-10,PLUG,15,9.76,5
2025-06-11,NUWE,1,69.61,22
2025-06-11,TWG,2,34.43,7
2025-06-11,FEED,3,22.97,18
2025-06-11,LZMH,4,17.94,5
2025-06-11,XTIA,5,16.66,6
2025-06-11,SPHL,6,14.9,3
2025-06-11,OKYO,7,14.35,5
2025-06-11,MFI,8,13.72,7
2025-06-11,HSDT,9,13.42,23
2025-06-11,SBET,10,12.49,8
2025-06-11,ATLN,11,12.3,2
2025-06-11,KZIA,12,12.18,4
2025-06-11,INTS,13,11.87,9
2025-06-11,YSG,14,11.82,4
2025-06-11,TAOX,15,11.48,1
2025-06-12,NUAIW,1,56.14,9
2025-06-12,HYFT,2,30.04,9
2025-06-12,PLRZ,3,29.78,13
2025-06-12,HCTI,4,21.99,14
2025-06-12,XTIA,5,20.95,7
2025-06-12,HIND,6,20.25,10
2025-06-12,YSXT,7,14.01,2
2025-06-12,TWG,8,13.57,3
2025-06-12,YOUL,9,13.57,3
2025-06-12,NUWE,10,13.45,3
2025-06-12,RBNE,11,12.81,2
2025-06-12,DFDV,12,12.22,5
2025-06-12,NCNA,13,12.21,6
2025-06-12,OTF,14,10.55,2
2025-06-12,GRDX,15,10.51,1
2025-06-13,AGIG,1,20.01,15
2025-06-13,VTAK,2,19.41,4
2025-06-13,HYPD,3,17.94,5
2025-06-13,USEG,4,16.88,3
2025-06-13,RBNE,5,14.97,14
2025-06-13,SDOT,6,14.41,4
2025-06-13,ZENA,7,13.82,5
2025-06-13,BGMS,8,13.14,7
2025-06-13,ICON,9,12.04,6
2025-06-13,PRE,10,11.95,4
2025-06-13,BRN,11,11.82,8
2025-06-13,CETX,12,11.76,3
2025-06-13,XTIA,13,11.73,7
2025-06-13,ADCT,14,11.2,4
2025-06-13,LSE,15,10.56,2
2025-06-16,CREG,1,33.8,14
2025-06-16,SUGP,2,32.14,6
2025-06-16,ZDGE,3,28.07,8
2025-06-16,BATL,4,23.12,9
2025-06-16,SONM,5,21.21,24
2025-06-16,TRON,6,19.33,17
2025-06-16,BNZI,7,17.03,5
2025-06-16,MARPS,8,16.25,5
2025-06-16,BNKK,9,16.22,2
2025-06-16,DWSN,10,14.8,9
2025-06-16,LSE,11,14.31,7
2025-06-16,CGTL,12,13.83,8
2025-06-16,KULR,13,13.79,8
2025-06-16,CRMLW,14,13.3,6
2025-06-16,TMC,15,13.08,2
2025-06-17,NUAIW,1,36.45,1
2025-06-17,PCSA,2,24.94,17
2025-06-17,HYPD,3,20.56,8
2025-06-17,AIM,4,19.16,6
2025-06-17,MSW,5,18.11,5
2025-06-17,AGIG,6,16.32,9
2025-06-17,LVWR,7,15.59,7
2025-06-17,ACXP,8,14.72,7
2025-06-17,RBNE,9,13.78,4
2025-06-17,FIEE,10,12.9,5
2025-06-17,APPS,11,12.6,12
2025-06-17,HCTI,12,12.44,7
2025-06-17,QNTM,13,12.4,2
2025-06-17,TGE,14,11.57,1
2025-06-17,USEG,15,11.14,3
2025-06-18,JZXN,1,41.03,4
2025-06-18,APVO,2,34.82,19
2025-06-18,MNDR,3,23.14,5
2025-06-18,HTCO,4,18.96,2
2025-06-18,HYPD,5,18.02,10
2025-06-18,SSII,6,15.91,3
2025-06-18,WOLF,7,15.45,7
2025-06-18,MTR,8,15.33,7
2025-06-18,DFSC,9,15.07,14
2025-06-18,HUBC,10,14.67,2
2025-06-18,LIXT,11,14.6,8
2025-06-18,SUGP,12,13.78,3
2025-06-18,RBNE,13,13.44,4
2025-06-18,WBX,14,12.82,3
2025-06-18,USEG,15,12.68,8
2025-06-20,NCNA,1,58.01,5
2025-06-20,SST,2,21.69,7
2025-06-20,RVMDW,3,20.8,3
2025-06-20,RILYL,4,18.14,1
2025-06-20,MBRX,5,17.8,4
2025-06-20,DWSN,6,15.75,3
2025-06-20,XXII,7,15.18,4
2025-06-20,LUCY,8,15.0,17
2025-06-20,DFLI,9,14.03,7
2025-06-20,TRON,10,13.62,12
2025-06-20,GRRR,11,13.11,3
2025-06-20,KOSS,12,12.82,5
2025-06-20,IMRX,13,12.5,3
2025-06-20,ABVE,14,12.3,1
2025-06-20,WHLR,15,12.14,10
2025-06-23,CURR,1,38.0,27
2025-06-23,INDP,2,22.13,14
2025-06-23,NSYS,3,21.5,6
2025-06-23,HYPD,4,19.02,12
2025-06-23,TRON,5,18.5,8
2025-06-23,SST,6,18.37,14
2025-06-23,LRMR,7,18.03,5
2025-06-23,LGL,8,17.72,6
2025-06-23,INDO,9,16.74,5
2025-06-23,LAB,10,16.59,7
2025-06-23,VOR,11,15.86,14
2025-06-23,AGIG,12,15.23,3
2025-06-23,BLNE,13,15.18,9
2025-06-23,HIMZ,14,15.17,12
2025-06-23,PL.WS,15,14.36,2
2025-06-24,HYPD,1,22.78,15
2025-06-24,DFDV,2,21.85,11
2025-06-24,VOR,3,20.08,15
2025-06-24,MAAS,4,16.95,14
2025-06-24,NA,5,14.24,11
2025-06-24,CURR,6,14.21,6
2025-06-24,CTOR,7,13.32,1
2025-06-24,RZLV,8,13.2,7
2025-06-24,SY,9,12.72,5
2025-06-24,WHLR,10,12.02,3
2025-06-24,AMRN,11,11.82,4
2025-06-24,NCNA,12,11.78,4
2025-06-24,ZEO,13,11.59,1
2025-06-24,INDP,14,11.08,9
2025-06-24,NXTC,15,10.64,1
2025-06-25,ICU,1,27.37,22
2025-06-25,SRFM,2,21.74,9
2025-06-25,HSDT,3,18.27,5
2025-06-25,ULY,4,16.67,10
2025-06-25,VOR,5,15.34,8
2025-06-25,CETX,6,14.75,5
2025-06-25,MXC,7,14.4,4
2025-06-25,HBNB,8,14.33,3
2025-06-25,XBIO,9,13.79,4
2025-06-25,FNWB,10,13.41,8
2025-06-25,ROMA,11,13.04,4
2025-06-25,SONM,12,12.93,2
2025-06-25,GVH,13,11.74,2
2025-06-25,CRML,14,11.73,4
2025-06-25,LGHL,15,11.24,1
2025-06-26,TE.WS,1,27.29,1
2025-06-26,VOR,2,23.17,21
2025-06-26,CYN,3,19.12,20
2025-06-26,HTOO,4,17.37,5
2025-06-26,ALT,5,17.06,11
2025-06-26,BIAF,6,14.71,11
2025-06-26,LZMH,7,14.13,1
2025-06-26,EGG,8,13.94,3
2025-06-26,BLIV,9,13.93,2
2025-06-26,NA,10,13.73,5
2025-06-26,DFSC,11,13.64,6
2025-06-26,PLAG,12,12.4,1
2025-06-26,ICU,13,12.39,7
2025-06-26,SRFM,14,12.32,8
2025-06-26,YAAS,15,12.04,2
2025-06-27,NBP,1,22.17,9
2025-06-27,LCFY,2,20.64,16
2025-06-27,HYPD,3,13.8,5
2025-06-27,SEED,4,13.76,1
2025-06-27,GVH,5,13.38,7
2025-06-27,SPPL,6,12.22,4
2025-06-27,UCFI,7,12.17,1
2025-06-27,CYN,8,11.86,8
2025-06-27,CTOR,9,11.85,11
2025-06-27,AIRO,10,10.66,2
2025-06-27,STEM,11,10.32,6
2025-06-27,INMB,12,10.23,10
2025-06-27,BGSF,13,10.21,2
2025-06-27,PMAX,14,9.72,1
2025-06-27,CHAI,15,9.44,8
2025-06-30,IPDN,1,21.2,15
2025-06-30,HYPD,2,17.44,3
2025-06-30,HBNB,3,16.22,7
2025-06-30,ARTL,4,13.71,12
2025-06-30,DOGZ,5,13.47,6
2025-06-30,ONEG,6,11.21,4
2025-06-30,RYET,7,10.85,5
2025-06-30,XCUR,8,10.78,9
2025-06-30,DFSC,9,10.47,2
2025-06-30,RDNW,10,10.33,2
2025-06-30,BAER,11,10.19,3
2025-06-30,FATN,12,10.17,1
2025-06-30,AMPX.WS,13,10.0,2
2025-06-30,ARBK,14,10.0,2
2025-06-30,VOR,15,9.85,10
2025-07-01,LVLU,1,35.5,15
2025-07-01,RVMDW,2,27.21,2
2025-07-01,AURE,3,26.71,19
2025-07-01,ARBK,4,26.66,35
2025-07-01,DOGZ,5,22.31,4
2025-07-01,BGLC,6,18.97,26
2025-07-01,ONEG,7,14.09,13
2025-07-01,WOLF,8,13.6,17
2025-07-01,HSDT,9,13.41,4
2025-07-01,BGL,10,13.24,7
2025-07-01,SCWO,11,12.81,6
2025-07-01,LCFY,12,12.47,5
2025-07-01,LIXT,13,12.13,24
2025-07-01,MGYR,14,11.34,3
2025-07-01,POLA,15,11.11,6
2025-07-02,LIXT,1,37.5,14
2025-07-02,LVLU,2,17.83,9
2025-07-02,WOLF,3,17.38,11
2025-07-02,BGL,4,16.09,13
2025-07-02,BIAF,5,15.51,3
2025-07-02,ORIO,6,15.07,13
2025-07-02,FBYD,7,14.74,1
2025-07-02,METC,8,13.51,9
2025-07-02,PDC,9,13.15,13
2025-07-02,NAMM,10,12.78,9
2025-07-02,CPHC,11,12.26,2
2025-07-02,TTGT,12,11.66,3
2025-07-02,DDC,13,11.05,1
2025-07-02,VOR,14,11.03,3
2025-07-02,CRIS,15,10.97,5
2025-07-03,PROK,1,19.98,6
2025-07-03,LIXT,2,19.96,15
2025-07-03,BLIV,3,14.33,1
2025-07-03,FEBO,4,14.25,1
2025-07-03,BGL,5,13.25,4
2025-07-03,RVMDW,6,12.96,3
2025-07-03,XCUR,7,12.76,3
2025-07-03,CIGL,8,12.41,4
2025-07-03,YAAS,9,12.38,5
2025-07-03,NTHI,10,11.65,4
2025-07-03,CMND,11,11.63,4
2025-07-03,DFLI,12,11.23,2
2025-07-03,WOLF,13,11.22,12
2025-07-03,BGLC,14,11.15,4
2025-07-03,GITS,15,11.14,14
2025-07-07,JSPR,1,18.07,17
2025-07-07,BTOG,2,17.03,13
2025-07-07,VOR,3,16.02,4
2025-07-07,SY,4,14.93,3
2025-07-07,PRME,5,13.02,5
2025-07-07,NUWE,6,12.83,1
2025-07-07,SBET,7,12.38,5
2025-07-07,CGTX,8,12.36,7
2025-07-07,WOLF,9,11.86,17
2025-07-07,BGL,10,11.43,11
2025-07-07,ZKIN,11,11.31,1
2025-07-07,NAMM,12,11.23,2
2025-07-07,BGMS,13,11.18,3
2025-07-07,CURR,14,11.0,9
2025-07-07,YAAS,15,10.89,2
2025-07-08,RLYB,1,38.99,16
2025-07-08,MBRX,2,27.03,18
2025-07-08,WKHS,3,23.14,24
2025-07-08,PROK,4,22.12,21
2025-07-08,UONEK,5,21.62,8
2025-07-08,AMPX.WS,6,17.28,3
2025-07-08,UCFI,7,16.81,8
2025-07-08,SOUNW,8,15.59,5
2025-07-08,KULR,9,15.03,3
2025-07-08,NDRA,10,14.19,8
2025-07-08,FEED,11,14.13,2
2025-07-08,UONE,12,11.44,4
2025-07-08,BTOG,13,11.36,7
2025-07-08,ORKT,14,11.33,1
2025-07-08,RILYP,15,11.21,1
2025-07-09,AQMS,1,43.45,21
2025-07-09,EEIQ,2,37.29,17
2025-07-09,AHG,3,30.3,8
2025-07-09,SUGP,4,30.19,21
2025-07-09,SKBL,5,17.07,4
2025-07-09,LZMH,6,15.88,3
2025-07-09,AMPX.WS,7,15.7,5
2025-07-09,EMPG,8,14.51,2
2025-07-09,EGG,9,14.27,5
2025-07-09,STG,10,12.63,2
2025-07-09,GROV,11,12.5,8
2025-07-09,EQ,12,11.84,3
2025-07-09,VIOT,13,11.47,2
2025-07-09,BGL,14,11.46,1
2025-07-09,NTRBW,15,11.46,1
2025-07-10,ABVE,1,97.44,28
2025-07-10,GIBO,2,30.61,9
2025-07-10,STKH,3,25.56,15
2025-07-10,QTTB,4,23.04,13
2025-07-10,CYCU,5,17.08,4
2025-07-10,NXTC,6,15.09,1
2025-07-10,RFL,7,14.14,8
2025-07-10,MTEN,8,13.94,2
2025-07-10,EGG,9,13.57,5
2025-07-10,HCTI,10,13.39,8
2025-07-10,ANNX,11,12.97,5
2025-07-10,PSNYW,12,12.82,1
2025-07-10,PROK,13,12.72,5
2025-07-10,CGTX,14,12.34,5
2025-07-10,METC,15,11.24,4
2025-07-11,BQ,1,31.63,7
2025-07-11,FTFT,2,26.34,14
2025-07-11,INKT,3,20.85,22
2025-07-11,CVM,4,16.67,7
2025-07-11,ZBAI,5,16.49,9
2025-07-11,MIST,6,15.83,4
2025-07-11,QTTB,7,15.35,9
2025-07-11,HSCS,8,14.44,10
2025-07-11,YOUL,9,13.87,5
2025-07-11,ABVC,10,13.48,6
2025-07-11,SQNS,11,12.62,12
2025-07-11,BIAF,12,11.15,2
2025-07-11,VOR,13,10.87,2
2025-07-11,WOLF,14,10.45,4
2025-07-11,PCLA,15,10.32,1
2025-07-14,TROO,1,60.02,9
2025-07-14,PMN,2,47.73,15
2025-07-14,BGL,3,20.3,14
2025-07-14,SDST,4,16.49,12
2025-07-14,MIRA,5,16.19,6
2025-07-14,SQFT,6,16.0,16
2025-07-14,STG,7,15.85,5
2025-07-14,JXG,8,15.78,4
2025-07-14,EDHL,9,15.38,8
2025-07-14,MSW,10,13.23,5
2025-07-14,TCRT,11,13.17,3
2025-07-14,CLIK,12,12.56,1
2025-07-14,OKUR,13,12.5,1
2025-07-14,DARE,14,11.83,5
2025-07-14,PFSA,15,11.64,6
2025-07-15,MI,1,20.09,2
2025-07-15,INBS,2,18.13,4
2025-07-15,PLRZ,3,18.06,20
2025-07-15,HTOO,4,17.39,7
2025-07-15,AEI,5,17.37,2
2025-07-15,BGMS,6,17.19,17
2025-07-15,FTFT,7,15.4,9
2025-07-15,MSW,8,15.35,8
2025-07-15,WOLF,9,14.3,7
2025-07-15,RYET,10,13.87,8
2025-07-15,SXTP,11,13.83,4
2025-07-15,ANPA,12,13.75,7
2025-07-15,LZMH,13,13.5,11
2025-07-15,NCNA,14,13.4,3
2025-07-15,YOUL,15,13.27,5
2025-07-16,GSUN,1,16.02,2
2025-07-16,WKHS,2,15.68,5
2025-07-16,RGTX,3,15.51,7
2025-07-16,EQ,4,14.04,5
2025-07-16,NEOVW,5,13.99,2
2025-07-16,NTZ,6,13.83,2
2025-07-16,AIXC,7,12.29,8
2025-07-16,NUWE,8,11.85,7
2025-07-16,TRON,9,11.82,4
2025-07-16,LWLG,10,11.37,7
2025-07-16,PEW,11,10.86,4
2025-07-16,PHOE,12,10.85,1
2025-07-16,OPEN,13,10.42,4
2025-07-16,CEPO,14,10.39,3
2025-07-16,DPRO,15,10.21,3
2025-07-17,NAK,1,39.6,9
2025-07-17,MRKR,2,33.34,19
2025-07-17,GVH,3,27.41,8
2025-07-17,TRON,4,19.16,11
2025-07-17,EMPD,5,16.26,21
2025-07-17,PTNM,6,15.94,5
2025-07-17,IMNN,7,15.69,17
2025-07-17,QS,8,13.01,8
2025-07-17,XXII,9,13.0,4
2025-07-17,TWG,10,13.0,3
2025-07-17,SQNS,11,12.92,2
2025-07-17,ELUT,12,11.36,1
2025-07-17,DPRO,13,11.29,5
2025-07-17,AUDC,14,11.2,3
2025-07-17,AIXC,15,10.71,2
2025-07-18,ARBK,1,18.22,10
2025-07-18,TGEN,2,17.34,8
2025-07-18,KMRK,3,13.72,9
2025-07-18,BGMS,4,13.44,9
2025-07-18,ZKIN,5,12.1,3
2025-07-18,BTOG,6,12.03,9
2025-07-18,PTNM,7,11.19,5
2025-07-18,LITS,8,10.8,9
2025-07-18,ANPA,9,10.64,9
2025-07-18,MB,10,10.64,1
2025-07-18,BTCS,11,10.28,3
2025-07-18,SBDS,12,10.25,4
2025-07-18,RYET,13,10.0,2
2025-07-18,CRMLW,14,9.96,3
2025-07-18,NAK,15,9.92,3
2025-07-21,SABS,1,23.61,18
2025-07-21,BENF,2,21.4,9
2025-07-21,PMN,3,19.58,15
2025-07-21,CRMLW,4,17.92,3
2025-07-21,ORBS,5,17.91,5
2025-07-21,CMND,6,17.07,2
2025-07-21,CCM,7,16.53,7
2025-07-21,BEEM,8,14.8,6
2025-07-21,TWG,9,13.49,5
2025-07-21,BZAI,10,12.26,8
2025-07-21,TE.WS,11,12.11,1
2025-07-21,VERI,12,11.81,6
2025-07-21,BNKK,13,11.44,12
2025-07-21,CMBM,14,11.27,6
2025-07-21,STEM,15,10.73,7
2025-07-22,TLSIW,1,42.85,6
2025-07-22,JXG,2,30.45,11
2025-07-22,OPEN,3,26.68,9
2025-07-22,PLRZ,4,24.4,21
2025-07-22,LNZA,5,23.84,8
2025-07-22,DFLI,6,22.53,25
2025-07-22,HTOO,7,20.37,16
2025-07-22,FTRE,8,18.92,6
2025-07-22,LGCY,9,17.78,8
2025-07-22,NUAIW,10,17.25,1
2025-07-22,REPL,11,17.24,11
2025-07-22,OCSAW,12,16.99,2
2025-07-22,BENF,13,16.1,10
2025-07-22,WOOF,14,15.54,9
2025-07-22,FRGT,15,14.73,1
2025-07-23,MKZR,1,34.36,8
2025-07-23,PALI,2,21.0,12
2025-07-23,KOSS,3,21.0,6
2025-07-23,RNAZ,4,19.79,5
2025-07-23,ATYR,5,17.88,6
2025-07-23,WOLF,6,16.25,10
2025-07-23,BNKK,7,14.7,7
2025-07-23,CTOR,8,14.37,12
2025-07-23,PLRZ,9,14.02,7
2025-07-23,SDOT,10,12.82,2
2025-07-23,RZLV,11,12.66,5
2025-07-23,EPSM,12,11.61,1
2025-07-23,ETHZ,13,11.42,1
2025-07-23,BLNE,14,11.35,5
2025-07-23,TRSG,15,10.8,1
2025-07-24,HCTI,1,54.42,22
2025-07-24,SUGP,2,32.69,12
2025-07-24,TLSIW,3,32.49,4
2025-07-24,LIDR,4,17.62,3
2025-07-24,ANPA,5,16.76,5
2025-07-24,ATHR,6,15.29,9
2025-07-24,SLDP,7,14.02,6
2025-07-24,LHAI,8,12.98,3
2025-07-24,FLNT,9,12.69,1
2025-07-24,PHOE,10,11.47,2
2025-07-24,WDH,11,11.32,5
2025-07-24,EQ,12,11.32,2
2025-07-24,SGMT,13,11.13,1
2025-07-24,SRFM,14,11.0,4
2025-07-24,OPEN,15,10.86,4
2025-07-25,GROY.WS,1,27.97,1
2025-07-25,AGH,2,23.4,5
2025-07-25,LNZA,3,20.79,6
2025-07-25,HTOO,4,16.23,3
2025-07-25,HCTI,5,13.36,9
2025-07-25,NMRA,6,13.13,8
2025-07-25,UAVS,7,12.92,5
2025-07-25,EAF,8,12.87,8
2025-07-25,DFLI,9,12.51,8
2025-07-25,PASG,10,12.38,5
2025-07-25,LHAI,11,11.52,11
2025-07-25,ORBS,12,10.64,6
2025-07-25,BNKK,13,10.14,3
2025-07-25,VRCA,14,10.07,2
2025-07-25,PHIO,15,10.0,3
2025-07-28,VWAVW,1,36.69,16
2025-07-28,TLSIW,2,27.72,2
2025-07-28,VWAV,3,27.52,23
2025-07-28,NVNI,4,25.85,8
2025-07-28,EQ,5,18.07,3
2025-07-28,AIM,6,18.0,6
2025-07-28,WLACW,7,17.84,1
2025-07-28,CVM,8,16.39,8
2025-07-28,MGRT,9,15.2,14
2025-07-28,BNC,10,15.1,15
2025-07-28,NUAIW,11,15.0,1
2025-07-28,GIBO,12,14.37,24
2025-07-28,SUIG,13,13.91,5
2025-07-28,GROY.WS,14,13.9,1
2025-07-28,ANPA,15,13.03,2
2025-07-29,IAUX.WS,1,21.62,1
2025-07-29,ADIL,2,19.56,7
2025-07-29,PRLD,3,16.67,3
2025-07-29,VSME,4,14.97,1
2025-07-29,SOFX,5,14.44,4
2025-07-29,AIHS,6,13.61,2
2025-07-29,ANGH,7,13.13,3
2025-07-29,GMM,8,12.39,2
2025-07-29,BNC,9,12.16,4
2025-07-29,GIBO,10,11.73,5
2025-07-29,VWAV,11,11.17,3
2025-07-29,NTHI,12,10.93,3
2025-07-29,VWAVW,13,10.61,4
2025-07-29,SUIG,14,10.37,8
2025-07-29,ETHZ,15,10.33,3
2025-07-30,XBP,1,37.25,18
2025-07-30,SUPX,2,21.4,15
2025-07-30,RCON,3,20.82,11
2025-07-30,TLSIW,4,18.1,1
2025-07-30,CRMLW,5,16.44,1
2025-07-30,YSXT,6,16.33,1
2025-07-30,VWAVW,7,16.04,14
2025-07-30,EMPG,8,14.55,6
2025-07-30,PDC,9,12.8,2
2025-07-30,VWAV,10,12.72,12
2025-07-30,MGRT,11,12.14,4
2025-07-30,MCRP,12,12.09,2
2025-07-30,BHVN,13,11.97,8
2025-07-30,BNC,14,11.94,5
2025-07-30,FLYX,15,11.61,1
2025-07-31,ENGNW,1,44.23,1
2025-07-31,PDC,2,25.07,8
2025-07-31,SNGX,3,21.43,24
2025-07-31,CMPS,4,17.91,5
2025-07-31,FIEE,5,17.65,7
2025-07-31,LHAI,6,14.55,7
2025-07-31,SLXN,7,13.19,8
2025-07-31,FGI,8,12.75,4
2025-07-31,PBM,9,12.62,10
2025-07-31,HCTI,10,10.56,1
2025-07-31,CORZW,11,10.49,2
2025-07-31,VWAV,12,10.09,3
2025-07-31,SUPX,13,9.76,2
2025-07-31,FAMI,14,9.55,2
2025-07-31,AIFU,15,9.52,1
2025-08-01,HTCO,1,32.23,6
2025-08-01,ELUT,2,18.45,2
2025-08-01,GLXG,3,17.48,4
2025-08-01,NBP,4,13.83,13
2025-08-01,PCLA,5,12.09,2
2025-08-01,SUPX,6,11.5,4
2025-08-01,BTAI,7,10.66,15
2025-08-01,AIRS,8,10.3,2
2025-08-01,HR,9,10.13,2
2025-08-01,RAVE,10,10.09,2
2025-08-01,MSW,11,9.52,3
2025-08-01,SKBL,12,9.3,3
2025-08-01,GORO,13,9.16,2
2025-08-01,IPM,14,9.13,6
2025-08-01,DRMA,15,8.88,2
2025-08-04,BTBD,1,52.92,35
2025-08-04,GP,2,39.08,17
2025-08-04,IAUX.WS,3,29.97,1
2025-08-04,PBM,4,24.95,7
2025-08-04,JOBY.WS,5,23.59,7
2025-08-04,BNC,6,19.19,4
2025-08-04,PDC,7,17.26,10
2025-08-04,TONX,8,15.77,11
2025-08-04,SUPX,9,14.53,7
2025-08-04,HOVR,10,13.71,1
2025-08-04,CMBM,11,13.57,3
2025-08-04,RUBI,12,13.56,6
2025-08-04,NTZ,13,13.56,1
2025-08-04,RVSN,14,13.46,5
2025-08-04,BNZI,15,11.73,2
2025-08-05,CWD,1,28.85,28
2025-08-05,BTAI,2,26.22,8
2025-08-05,HIMZ,3,16.03,11
2025-08-05,STTK,4,15.83,6
2025-08-05,TONX,5,15.28,2
2025-08-05,PLAG,6,14.19,1
2025-08-05,FGI,7,13.09,2
2025-08-05,GIBO,8,12.89,3
2025-08-05,OKLL,9,11.25,4
2025-08-05,SAIH,10,11.2,4
2025-08-05,PDC,11,11.03,2
2025-08-05,YSXT,12,10.91,2
2025-08-05,NUWE,13,10.69,5
2025-08-05,SPPL,14,10.36,2
2025-08-05,FDMT,15,10.33,3
2025-08-06,EQS,1,38.67,6
2025-08-06,AIMD,2,22.47,10
2025-08-06,LHAI,3,15.45,6
2025-08-06,EHTH,4,14.5,4
2025-08-06,DCX,5,13.73,1
2025-08-06,IPDN,6,13.34,7
2025-08-06,HLLY,7,12.56,4
2025-08-06,BTAI,8,12.5,7
2025-08-06,ARQ,9,12.46,4
2025-08-06,PRCH,10,12.04,1
2025-08-06,KRNT,11,12.02,7
2025-08-06,TONX,12,11.79,3
2025-08-06,CRCT,13,11.78,2
2025-08-06,MB,14,11.52,2
2025-08-06,CPIX,15,11.07,4
2025-08-07,BRLT,1,25.32,16
2025-08-07,FGL,2,18.85,4
2025-08-07,VSTL,3,18.52,7
2025-08-07,BTOG,4,17.8,8
2025-08-07,IRWD,5,16.14,5
2025-08-07,PALI,6,16.11,3
2025-08-07,PGY,7,14.58,2
2025-08-07,SLDP,8,13.97,7
2025-08-07,APPX,9,13.76,10
2025-08-07,RDIB,10,13.08,2
2025-08-07,CMCT,11,12.58,4
2025-08-07,JMIA,12,12.55,3
2025-08-07,DXR,13,12.1,2
2025-08-07,LIVE,14,11.86,1
2025-08-07,BLZE,15,11.83,3
2025-08-08,IOVA,1,17.1,5
2025-08-08,MRM,2,14.93,3
2025-08-08,PLBL,3,14.4,1
2025-08-08,CGTX,4,14.33,2
2025-08-08,TMCI,5,13.93,6
2025-08-08,BTOG,6,12.86,2
2025-08-08,LDI,7,12.8,1
2025-08-08,CLNE,8,11.94,3
2025-08-08,AVAH,9,11.74,1
2025-08-08,BTAI,10,11.73,6
2025-08-08,NB,11,11.61,5
2025-08-08,EDHL,12,11.54,2
2025-08-08,AMPX.WS,13,11.3,3
2025-08-08,QVCGA,14,11.23,4
2025-08-08,OPRX,15,11.17,7
2025-08-11,HURA,1,26.68,5
2025-08-11,TC,2,23.08,7
2025-08-11,GRDX,3,23.05,13
2025-08-11,INTJ,4,20.73,5
2025-08-11,NCNA,5,17.76,6
2025-08-11,EQ,6,17.22,9
2025-08-11,SOUX,7,17.09,7
2025-08-11,AREC,8,15.13,6
2025-08-11,FGNX,9,14.53,4
2025-08-11,ONEG,10,14.45,6
2025-08-11,UGRO,11,14.03,8
2025-08-11,BJDX,12,13.33,8
2025-08-11,GPRE,13,13.12,3
2025-08-11,MPAA,14,11.4,2
2025-08-11,PMN,15,11.33,5
2025-08-12,RDNW,1,24.89,13
2025-08-12,ETHZ,2,19.63,10
2025-08-12,KOPN,3,18.28,7
2025-08-12,IHRT,4,18.1,11
2025-08-12,MGLD,5,14.2,1
2025-08-12,OPTU,6,13.46,6
2025-08-12,TLS,7,11.77,6
2025-08-12,TLRY,8,11.64,9
2025-08-12,HCHL,9,11.54,1
2025-08-12,HUMA,10,11.39,3
2025-08-12,PUBM,11,11.28,5
2025-08-12,BTAI,12,11.21,3
2025-08-12,LTBR,13,11.05,9
2025-08-12,BNKK,14,10.43,5
2025-08-12,ARCT,15,10.32,11
2025-08-13,WBTN,1,19.48,7
2025-08-13,NSRX,2,17.87,3
2025-08-13,MNTS,3,17.32,10
2025-08-13,BNKK,4,15.35,9
2025-08-13,MAGH,5,15.15,6
2025-08-13,NUAI,6,14.37,10
2025-08-13,OPTXW,7,14.29,1
2025-08-13,MGLD,8,12.09,1
2025-08-13,UCL,9,11.26,5
2025-08-13,ETHZ,10,11.04,6
2025-08-13,RGTX,11,10.99,2
2025-08-13,SUGP,12,10.75,3
2025-08-13,VERU,13,10.33,4
2025-08-13,DOGZ,14,10.25,3
2025-08-13,BTOG,15,10.23,2
2025-08-14,MB,1,20.48,4
2025-08-14,XOS,2,18.73,11
2025-08-14,GDHG,3,17.25,1
2025-08-14,DLPN,4,15.37,8
2025-08-14,CDXS,5,14.8,6
2025-08-14,SNOA,6,13.43,9
2025-08-14,BMRA,7,13.3,13
2025-08-14,RYOJ,8,13.23,3
2025-08-14,INKT,9,12.98,4
2025-08-14,EGG,10,12.75,6
2025-08-14,HIND,11,12.74,16
2025-08-14,LICN,12,11.11,3
2025-08-14,GAU,13,10.71,4
2025-08-14,SLDP,14,10.11,3
2025-08-14,CRDL,15,10.08,2
2025-08-15,TE.WS,1,25.0,1
2025-08-15,BNKK,2,15.63,1
2025-08-15,HIND,3,14.29,1
2025-08-15,UGRO,4,12.24,5
2025-08-15,FLYX,5,12.22,1
2025-08-15,CGTX,6,11.98,5
2025-08-15,MCRP,7,11.73,3
2025-08-15,BTAI,8,10.59,5
2025-08-15,UCFI,9,9.98,5
2025-08-15,LAWR,10,9.95,1
2025-08-15,SORA,11,9.92,3
2025-08-15,UAVS,12,9.82,2
2025-08-15,ONEG,13,9.64,1
2025-08-15,FOSL,14,9.62,9
2025-08-15,SNOA,15,9.49,2
2025-08-18,ASBP,1,32.78,11
2025-08-18,HYFT,2,29.7,6
2025-08-18,SNGX,3,16.94,12
2025-08-18,BMR,4,13.8,2
2025-08-18,WHLR,5,13.08,1
2025-08-18,MB,6,12.67,6
2025-08-18,FLYE,7,12.63,9
2025-08-18,CTW,8,12.6,2
2025-08-18,MTEX,9,10.97,1
2025-08-18,XFOR,10,10.45,2
2025-08-18,ATLN,11,10.11,1
2025-08-18,HFFG,12,10.03,5
2025-08-18,LGCL,13,9.99,8
2025-08-18,GRDX,14,9.39,1
2025-08-18,DFLI,15,9.3,3
2025-08-19,PRFX,1,20.7,18
2025-08-19,GXAI,2,20.25,19
2025-08-19,DTCX,3,15.91,7
2025-08-19,IOTR,4,15.65,2
2025-08-19,XWIN,5,13.19,7
2025-08-19,MB,6,11.74,3
2025-08-19,PSIG,7,11.49,3
2025-08-19,WTO,8,11.29,1
2025-08-19,APYX,9,9.95,1
2025-08-19,UONEK,10,9.74,1
2025-08-19,IKT,11,9.47,1
2025-08-19,PLBL,12,9.24,1
2025-08-19,EMPG,13,9.05,3
2025-08-19,KYIV,14,8.68,2
2025-08-19,PGEN,15,8.12,4
2025-08-20,AURE,1,17.21,5
2025-08-20,XCH,2,15.9,1
2025-08-20,CNTN,3,15.89,24
2025-08-20,NVNO,4,12.5,3
2025-08-20,SPHL,5,11.51,1
2025-08-20,CMBM,6,11.32,2
2025-08-20,AUUD,7,11.07,3
2025-08-20,EDBL,8,10.05,4
2025-08-20,NBP,9,9.82,4
2025-08-20,IQ,10,9.37,3
2025-08-20,CNSP,11,9.06,2
2025-08-20,FLNT,12,8.96,3
2025-08-20,LEDS,13,8.89,2
2025-08-20,RYET,14,8.88,1
2025-08-20,SY,15,8.87,4
2025-08-21,GXAI,1,15.96,6
2025-08-21,VWAVW,2,12.18,3
2025-08-21,APUS,3,10.7,4
2025-08-21,MDRR,4,10.03,2
2025-08-21,ROMA,5,9.78,2
2025-08-21,VELO,6,9.78,2
2025-08-21,NCNA,7,9.17,2
2025-08-21,SPAI,8,8.66,4
2025-08-21,UFI,9,8.65,3
2025-08-21,JLHL,10,8.58,2
2025-08-21,AEMD,11,8.54,4
2025-08-21,MB,12,8.08,1
2025-08-21,PHOE,13,7.99,1
2025-08-21,YSG,14,7.89,3
2025-08-21,BTTC,15,7.88,1
2025-08-22,ELAB,1,25.71,12
2025-08-22,JLHL,2,18.01,3
2025-08-22,TCRT,3,17.72,10
2025-08-22,NBP,4,15.37,6
2025-08-22,NNAVW,5,12.83,1
2025-08-22,EEIQ,6,12.68,14
2025-08-22,MOVE,7,11.94,3
2025-08-22,XBIO,8,11.43,1
2025-08-22,CNTN,9,11.14,3
2025-08-22,VWAVW,10,10.91,2
2025-08-22,NVNO,11,10.15,3
2025-08-22,GNPX,12,10.05,4
2025-08-22,OKLL,13,10.02,4
2025-08-22,AURE,14,9.62,6
2025-08-22,LGCL,15,9.35,4
2025-08-25,FORA,1,32.2,6
2025-08-25,CNTN,2,20.34,17
2025-08-25,STSS,3,13.95,4
2025-08-25,PLBL,4,12.27,1
2025-08-25,RAY,5,11.86,3
2025-08-25,VBIX,6,11.83,1
2025-08-25,CGTX,7,10.88,3
2025-08-25,FGMCU,8,10.52,2
2025-08-25,IHT,9,10.47,1
2025-08-25,MLEC,10,10.29,2
2025-08-25,MGRT,11,10.13,1
2025-08-25,LHAI,12,9.39,2
2025-08-25,BGMSP,13,9.22,1
2025-08-25,OLPX,14,9.0,2
2025-08-25,EGG,15,8.5,1
2025-08-26,STKH,1,19.77,10
2025-08-26,CNTN,2,15.32,5
2025-08-26,SUPX,3,14.29,3
2025-08-26,SER,4,13.73,1
2025-08-26,IVVD,5,13.11,13
2025-08-26,EMPG,6,12.58,1
2025-08-26,FBGL,7,12.22,3
2025-08-26,LWLG,8,11.57,13
2025-08-26,ECX,9,10.83,4
2025-08-26,DOGZ,10,10.0,2
2025-08-26,MB,11,9.36,2
2025-08-26,QCLS,12,9.29,3
2025-08-26,LPTH,13,9.06,2
2025-08-26,DOMO,14,9.01,1
2025-08-26,BDMD,15,8.93,1
2025-08-27,PSNYW,1,66.82,24
2025-08-27,SKBL,2,29.37,15
2025-08-27,YHGJ,3,23.67,3
2025-08-27,PMAX,4,19.5,6
2025-08-27,BLNE,5,16.67,5
2025-08-27,AGMH,6,14.61,5
2025-08-27,STSS,7,14.15,11
2025-08-27,VSME,8,13.22,2
2025-08-27,BHR,9,11.16,4
2025-08-27,IVVD,10,11.12,3
2025-08-27,QVCGA,11,11.1,6
2025-08-27,ASST,12,10.56,6
2025-08-27,PTNM,13,9.83,4
2025-08-27,PSIG,14,9.18,2
2025-08-27,MMLP,15,9.15,1
2025-08-28,RAY,1,26.44,13
2025-08-28,CNTN,2,24.64,10
2025-08-28,WLACW,3,15.2,1
2025-08-28,SOGP,4,14.66,15
2025-08-28,LTRX,5,13.15,2
2025-08-28,UFG,6,12.9,4
2025-08-28,PTNM,7,12.38,8
2025-08-28,QVCGA,8,12.04,4
2025-08-28,SUPX,9,11.01,2
2025-08-28,ICG,10,10.56,2
2025-08-28,RYM,11,10.44,6
2025-08-28,CRWL,12,10.42,2
2025-08-28,GDHG,13,10.06,2
2025-08-28,WHLR,14,9.62,4
2025-08-28,ACXP,15,9.34,1
2025-08-29,IPDN,1,29.65,26
2025-08-29,SKBL,2,21.05,4
2025-08-29,ELOG,3,17.98,2
2025-08-29,DUO,4,16.67,14
2025-08-29,RLMD,5,13.86,8
2025-08-29,MOVE,6,13.44,7
2025-08-29,YDES,7,12.79,7
2025-08-29,TULP,8,12.14,2
2025-08-29,DFNS,9,11.99,7
2025-08-29,CWD,10,10.98,4
2025-08-29,SUGP,11,10.84,4
2025-08-29,DBGI,12,10.02,1
2025-08-29,YHGJ,13,9.44,1
2025-08-29,BNC,14,9.42,2
2025-08-29,SCWO,15,9.16,3
2025-09-02,HWH,1,32.36,26
2025-09-02,LAWR,2,31.19,18
2025-09-02,DFNS,3,30.33,7
2025-09-02,DUO,4,19.81,19
2025-09-02,DCX,5,18.4,6
2025-09-02,SOGP,6,17.76,13
2025-09-02,IPDN,7,16.45,7
2025-09-02,RVMDW,8,15.08,1
2025-09-02,UUU,9,14.95,10
2025-09-02,RAY,10,13.94,3
2025-09-02,KPLT,11,13.89,2
2025-09-02,CWD,12,13.84,6
2025-09-02,PFAI,13,13.64,2
2025-09-02,MI,14,12.5,3
2025-09-02,SKBL,15,12.18,2
2025-09-03,AIHS,1,31.95,22
2025-09-03,NWGL,2,23.64,2
2025-09-03,PSNYW,3,19.76,7
2025-09-03,BAOS,4,19.22,4
2025-09-03,IPDN,5,16.76,6
2025-09-03,INTJ,6,16.32,2
2025-09-03,STTK,7,15.89,12
2025-09-03,MOVE,8,15.89,7
2025-09-03,RLMD,9,15.64,2
2025-09-03,ABTC,10,15.16,7
2025-09-03,SLNHP,11,14.91,2
2025-09-03,HWH,12,14.25,8
2025-09-03,LRE,13,13.76,2
2025-09-03,BTBD,14,13.66,14
2025-09-03,BQ,15,13.55,2
2025-09-04,SNTG,1,25.28,8
2025-09-04,CIGL,2,24.8,12
2025-09-04,BBLG,3,22.77,14
2025-09-04,NCI,4,21.26,7
2025-09-04,HOUR,5,20.74,9
2025-09-04,NEON,6,20.65,13
2025-09-04,LAWR,7,20.28,5
2025-09-04,POLA,8,17.09,4
2025-09-04,DLTH,9,16.24,18
2025-09-04,PMAX,10,14.16,1
2025-09-04,SKBL,11,12.88,6
2025-09-04,LITB,12,12.68,3
2025-09-04,KLRS,13,11.3,5
2025-09-04,CHPT,14,11.04,4
2025-09-04,IPDN,15,10.52,5
2025-09-05,HOUR,1,31.51,17
2025-09-05,SCAG,2,20.6,17
2025-09-05,EDHL,3,20.17,2
2025-09-05,LDI,4,19.38,3
2025-09-05,LAWR,5,16.59,2
2025-09-05,YAAS,6,16.42,12
2025-09-05,AGMH,7,15.93,3
2025-09-05,PXLW,8,14.94,5
2025-09-05,SSM,9,14.78,11
2025-09-05,BNRG,10,13.4,5
2025-09-05,DUO,11,13.24,8
2025-09-05,VIVS,12,13.24,1
2025-09-05,CNTN,13,12.12,6
2025-09-05,LWLG,14,10.86,3
2025-09-05,LFVN,15,10.13,1
2025-09-08,ORBS,1,34.3,23
2025-09-08,GNPX,2,27.83,4
2025-09-08,KRKR,3,27.14,20
2025-09-08,GP,4,27.05,1
2025-09-08,XAIR,5,25.79,10
2025-09-08,PL.WS,6,16.67,3
2025-09-08,HOUR,7,15.8,10
2025-09-08,ROLR,8,12.65,1
2025-09-08,JWEL,9,12.63,3
2025-09-08,NVVE,10,12.24,3
2025-09-08,TRON,11,12.12,3
2025-09-08,INDP,12,11.84,1
2025-09-08,SCAG,13,11.77,1
2025-09-08,XWIN,14,11.74,7
2025-09-08,CREG,15,11.35,1
2025-09-09,PTNM,1,61.12,20
2025-09-09,MGIH,2,49.63,12
2025-09-09,TNMG,3,37.07,13
2025-09-09,CWD,4,33.82,18
2025-09-09,YOUL,5,31.58,15
2025-09-09,SBLX,6,26.85,16
2025-09-09,WHLR,7,21.06,10
2025-09-09,LGHL,8,19.91,7
2025-09-09,BENF,9,19.14,2
2025-09-09,NFE,10,19.06,10
2025-09-09,SOGP,11,16.71,4
2025-09-09,ATHR,12,14.7,3
2025-09-09,BON,13,13.41,14
2025-09-09,LNKS,14,13.31,6
2025-09-09,CNEY,15,12.99,5
2025-09-10,RBNE,1,31.08,10
2025-09-10,CGTL,2,26.54,19
2025-09-10,EDHL,3,25.34,14
2025-09-10,KRKR,4,22.92,6
2025-09-10,SNTG,5,22.63,4
2025-09-10,FTFT,6,19.33,2
2025-09-10,LGHL,7,18.48,5
2025-09-10,ZKIN,8,18.36,8
2025-09-10,MBAI,9,17.91,2
2025-09-10,EPSM,10,17.3,7
2025-09-10,ASST,11,17.18,14
2025-09-10,CAMP,12,16.49,10
2025-09-10,SPHL,13,15.81,15
2025-09-10,TE.WS,14,15.38,2
2025-09-10,LE,15,15.16,2
2025-09-11,GRI,1,32.55,9
2025-09-11,WLDSW,2,23.41,3
2025-09-11,EDHL,3,18.08,14
2025-09-11,MOGU,4,16.47,8
2025-09-11,SLXN,5,16.46,5
2025-09-11,AMST,6,16.41,3
2025-09-11,HAO,7,15.68,11
2025-09-11,MSC,8,15.22,6
2025-09-11,GMM,9,14.31,7
2025-09-11,SDOT,10,13.95,6
2025-09-11,LDI,11,13.2,4
2025-09-11,ABSI,12,12.7,2
2025-09-11,AXIL,13,12.67,2
2025-09-11,PXLW,14,11.13,5
2025-09-11,LUD,15,11.07,2
2025-09-12,RGTX,1,24.58,14
2025-09-12,HUIZ,2,18.17,9
2025-09-12,IONX,3,15.28,8
2025-09-12,FWDI,4,14.44,3
2025-09-12,GCTK,5,14.19,5
2025-09-12,ORBS,6,13.54,4
2025-09-12,IONL,7,13.13,6
2025-09-12,ELOG,8,11.26,2
2025-09-12,WOLF,9,10.86,4
2025-09-12,WTO,10,10.66,3
2025-09-12,RGTI,11,10.32,7
2025-09-12,RGTIW,12,9.99,8
2025-09-12,EPSM,13,9.58,3
2025-09-12,EDHL,14,9.57,1
2025-09-12,LGCL,15,9.55,2
2025-09-15,FEED,1,23.48,22
2025-09-15,SLNHP,2,17.83,1
2025-09-15,UONEK,3,17.05,1
2025-09-15,HSDT,4,15.05,6
2025-09-15,TLSIW,5,14.01,1
2025-09-15,LVLU,6,13.69,13
2025-09-15,AEI,7,13.23,4
2025-09-15,FOFO,8,13.04,4
2025-09-15,BLNE,9,12.24,5
2025-09-15,MGIH,10,11.55,1
2025-09-15,HERE,11,11.5,4
2025-09-15,IHT,12,10.65,3
2025-09-15,SOS,13,10.55,1
2025-09-15,BIAF,14,10.51,8
2025-09-15,LRE,15,10.19,8
2025-09-16,YSXT,1,44.4,12
2025-09-16,WLACW,2,20.45,3
2025-09-16,FGI,3,17.6,10
2025-09-16,SLMT,4,17.41,14
2025-09-16,HSDT,5,16.64,6
2025-09-16,APVO,6,15.91,7
2025-09-16,BUUU,7,12.55,4
2025-09-16,ATYR,8,11.59,5
2025-09-16,WOLF,9,11.29,3
2025-09-16,STKH,10,11.24,2
2025-09-16,MTVA,11,10.94,2
2025-09-16,FLUX,12,10.55,5
2025-09-16,CISS,13,10.39,3
2025-09-16,MNY,14,10.32,1
2025-09-16,RLMD,15,10.21,2
2025-09-17,TNMG,1,35.09,10
2025-09-17,GV,2,31.14,20
2025-09-17,TGE,3,24.76,7
2025-09-17,LOCL,4,20.62,3
2025-09-17,SNTG,5,12.68,5
2025-09-17,SLNHP,6,12.59,3
2025-09-17,LITM,7,11.72,2
2025-09-17,BMHL,8,11.71,1
2025-09-17,YSXT,9,11.49,2
2025-09-17,CWD,10,11.01,6
2025-09-17,VANI,11,10.67,4
2025-09-17,CISS,12,9.93,2
2025-09-17,SOGP,13,9.76,3
2025-09-17,AIXC,14,9.73,7
2025-09-17,NB,15,9.72,3
2025-09-18,PBM,1,16.37,6
2025-09-18,ORBS,2,15.78,9
2025-09-18,NVNI,3,15.09,11
2025-09-18,SOS,4,14.94,1
2025-09-18,RECT,5,14.11,1
2025-09-18,HOVR,6,13.73,3
2025-09-18,SLMT,7,11.22,2
2025-09-18,REPL,8,10.95,2
2025-09-18,LAWR,9,10.49,8
2025-09-18,RFL,10,10.38,2
2025-09-18,LIVE,11,10.01,1
2025-09-18,STG,12,9.94,2
2025-09-18,HOFT,13,9.94,1
2025-09-18,ROMA,14,9.27,1
2025-09-18,LRE,15,8.7,1
2025-09-19,WLACW,1,81.17,1
2025-09-19,DCX,2,25.67,18
2025-09-19,AGMH,3,24.24,17
2025-09-19,QUBT,4,21.0,15
2025-09-19,SLMT,5,17.22,7
2025-09-19,ZEO,6,16.37,6
2025-09-19,YAAS,7,15.37,15
2025-09-19,ALXO,8,14.77,4
2025-09-19,QMCO,9,14.15,9
2025-09-19,KDK,10,14.01,1
2025-09-19,DFNS,11,13.74,3
2025-09-19,UPC,12,11.71,4
2025-09-19,PLAG,13,11.68,3
2025-09-19,JZXN,14,11.5,1
2025-09-19,IDAI,15,11.32,3
2025-09-22,NUAIW,1,48.9,5
2025-09-22,BOXL,2,38.17,16
2025-09-22,OKLL,3,15.68,8
2025-09-22,AIXC,4,14.08,5
2025-09-22,NUAI,5,13.59,4
2025-09-22,MCRP,6,13.04,3
2025-09-22,DCX,7,12.81,7
2025-09-22,RGTX,8,12.39,6
2025-09-22,ARBB,9,12.27,6
2025-09-22,LNKS,10,11.99,1
2025-09-22,BKHAR,11,11.1,1
2025-09-22,YAAS,12,11.01,7
2025-09-22,FATN,13,10.41,3
2025-09-22,SOUX,14,9.72,4
2025-09-22,ARBE,15,9.53,5
2025-09-23,IBG,1,23.61,10
2025-09-23,SLE,2,20.1,12
2025-09-23,SRL,3,18.67,4
2025-09-23,FOFO,4,16.55,9
2025-09-23,IPDN,5,13.28,5
2025-09-23,NUAI,6,13.25,11
2025-09-23,AGMH,7,13.02,1
2025-09-23,VUZI,8,12.69,7
2025-09-23,CTW,9,12.68,5
2025-09-23,YAAS,10,12.5,4
2025-09-23,MCRP,11,11.88,3
2025-09-23,IAUX.WS,12,11.34,1
2025-09-23,BHST,13,11.19,1
2025-09-23,NVNI,14,10.91,8
2025-09-23,PLTS,15,10.15,6
2025-09-24,DBGI,1,20.44,8
2025-09-24,WOK,2,19.8,8
2025-09-24,TROO,3,19.27,2
2025-09-24,TE.WS,4,18.26,1
2025-09-24,RIOX,5,16.61,13
2025-09-24,ZSTK,6,16.61,3
2025-09-24,DRCT,7,16.4,4
2025-09-24,NUAIW,8,15.12,1
2025-09-24,DCX,9,14.05,5
2025-09-24,FENG,10,13.86,6
2025-09-24,QCLS,11,13.77,5
2025-09-24,DTCX,12,13.75,1
2025-09-24,CRE,13,13.51,1
2025-09-24,IDAI,14,13.42,9
2025-09-24,WETH,15,13.1,2
2025-09-25,NUAIW,1,39.82,13
2025-09-25,FOFO,2,15.32,6
2025-09-25,QCLS,3,13.67,7
2025-09-25,TIPT,4,12.36,4
2025-09-25,AAME,5,11.9,3
2025-09-25,AMPY,6,10.91,2
2025-09-25,EVAX,7,10.14,6
2025-09-25,KFFB,8,10.08,1
2025-09-25,OKLL,9,10.06,3
2025-09-25,DTI,10,10.05,1
2025-09-25,ONDS,11,9.55,5
2025-09-25,ARBB,12,9.48,2
2025-09-25,PLTS,13,9.32,4
2025-09-25,SLI,14,9.09,4
2025-09-25,AIXC,15,8.94,4
2025-09-26,MGN,1,26.18,10
2025-09-26,AQMS,2,17.53,13
2025-09-26,DFLI,3,14.63,7
2025-09-26,BIAF,4,14.0,11
2025-09-26,NUAI,5,13.45,10
2025-09-26,PLTS,6,12.67,1
2025-09-26,FOFO,7,12.27,7
2025-09-26,IBG,8,11.98,5
2025-09-26,NUAIW,9,11.92,9
2025-09-26,AGMH,10,11.39,2
2025-09-26,AIXC,11,10.14,3
2025-09-26,DBGI,12,10.14,2
2025-09-26,EGG,13,9.85,2
2025-09-26,VHC,14,9.69,1
2025-09-26,RGTX,15,8.69,4
2025-09-29,BQ,1,36.65,23
2025-09-29,AGPU,2,32.16,9
2025-09-29,TE.WS,3,20.37,1
2025-09-29,JFB,4,19.01,11
2025-09-29,CYCU,5,17.67,14
2025-09-29,NUAI,6,16.71,8
2025-09-29,FOFO,7,14.57,8
2025-09-29,WLACW,8,13.46,1
2025-09-29,BIAF,9,12.32,1
2025-09-29,ENTA,10,12.25,6
2025-09-29,HYFM,11,11.53,2
2025-09-29,LRMR,12,11.37,11
2025-09-29,EGG,13,11.25,3
2025-09-29,MAMK,14,11.11,2
2025-09-29,LPA,15,10.69,1
2025-09-30,ZURA,1,23.89,13
2025-09-30,CRE,2,16.91,8
2025-09-30,JXG,3,15.99,4
2025-09-30,VWAVW,4,15.38,2
2025-09-30,NUAIW,5,14.78,3
2025-09-30,CLIK,6,14.64,18
2025-09-30,IBG,7,13.82,7
2025-09-30,BQ,8,13.05,5
2025-09-30,BKKT,9,11.91,6
2025-09-30,CREG,10,11.87,5
2025-09-30,MTEN,11,11.7,5
2025-09-30,BENF,12,11.18,7
2025-09-30,NSRX,13,11.08,1
2025-09-30,MNDR,14,9.94,6
2025-09-30,CRWG,15,9.82,5
2025-10-01,CHR,1,22.93,5
2025-10-01,HCTI,2,21.99,6
2025-10-01,PALI,3,21.65,23
2025-10-01,UCFI,4,13.41,3
2025-10-01,FOFO,5,10.68,4
2025-10-01,TE.WS,6,10.43,2
2025-10-01,AIHS,7,9.22,6
2025-10-01,BENF,8,9.2,3
2025-10-01,VSA,9,9.16,7
2025-10-01,ISPR,10,8.81,2
2025-10-01,BNAI,11,8.48,3
2025-10-01,NUAIW,12,8.36,2
2025-10-01,CREG,13,8.05,2
2025-10-01,TC,14,8.01,2
2025-10-01,SPWH,15,7.95,2
2025-10-02,PXLW,1,20.99,3
2025-10-02,BENF,2,19.09,9
2025-10-02,UFG,3,16.67,10
2025-10-02,BQ,4,14.55,5
2025-10-02,BTTC,5,14.33,5
2025-10-02,MIGI,6,13.23,9
2025-10-02,ASBP,7,12.84,5
2025-10-02,DPRO,8,11.86,3
2025-10-02,MAMK,9,11.72,1
2025-10-02,EPSM,10,11.43,4
2025-10-02,HYAC.WS,11,11.36,4
2025-10-02,FOFO,12,11.26,1
2025-10-02,RVSN,13,10.98,7
2025-10-02,EDHL,14,10.95,3
2025-10-02,ORBS,15,10.9,2
2025-10-03,EPSM,1,32.88,23
2025-10-03,YAAS,2,18.35,5
2025-10-03,ANRO,3,17.92,10
2025-10-03,ASTC,4,17.79,5
2025-10-03,BTTC,5,14.72,3
2025-10-03,DFLI,6,12.67,5
2025-10-03,NEOVW,7,12.5,1
2025-10-03,NGNE,8,11.69,3
2025-10-03,GURE,9,11.06,2
2025-10-03,IBG,10,11.04,1
2025-10-03,RCAT,11,11.02,4
2025-10-03,TRON,12,10.84,7
2025-10-03,QUBT,13,10.26,4
2025-10-03,ALTI,14,10.08,1
2025-10-03,NB,15,10.04,3
2025-10-06,ARBK,1,40.3,14
2025-10-06,PC,2,22.2,2
2025-10-06,IONR,3,18.94,4
2025-10-06,EPSM,4,16.49,12
2025-10-06,KOPN,5,13.9,8
2025-10-06,VFF,6,13.0,2
2025-10-06,ESLA,7,12.98,4
2025-10-06,ORLA,8,12.45,11
2025-10-06,CRMLW,9,12.39,6
2025-10-06,VSME,10,10.84,4
2025-10-06,CRML,11,10.71,4
2025-10-06,KORE,12,10.57,2
2025-10-06,HIVE,13,10.43,4
2025-10-06,PODC,14,10.43,2
2025-10-06,AMDD,15,10.26,7
2025-10-07,NBIL,1,42.47,1
2025-10-07,BNAI,2,25.6,16
2025-10-07,WETH,3,24.62,7
2025-10-07,CISS,4,22.31,17
2025-10-07,BQ,5,19.8,13
2025-10-07,NUAIW,6,19.5,3
2025-10-07,BJDX,7,17.55,10
2025-10-07,INDP,8,16.37,12
2025-10-07,XBIO,9,15.86,4
2025-10-07,ULY,10,11.61,4
2025-10-07,MIGI,11,11.08,9
2025-10-07,DFLI,12,10.75,6
2025-10-07,PCSA,13,10.71,5
2025-10-07,QMCO,14,10.56,5
2025-10-07,IMSRW,15,10.42,1
2025-10-08,GME.WS,1,105.12,7
2025-10-08,SHMDW,2,26.32,2
2025-10-08,NBP,3,20.35,9
2025-10-08,SHMD,4,15.92,3
2025-10-08,TNMG,5,15.5,13
2025-10-08,VWAVW,6,15.49,1
2025-10-08,TE.WS,7,15.43,1
2025-10-08,BQ,8,15.08,5
2025-10-08,UPC,9,14.86,6
2025-10-08,LGHL,10,14.38,1
2025-10-08,RNAZ,11,14.2,5
2025-10-08,RGTX,12,13.48,3
2025-10-08,XBIO,13,12.7,9
2025-10-08,ACXP,14,12.52,7
2025-10-08,PCSA,15,11.7,6
2025-10-09,DRCT,1,25.97,12
2025-10-09,PSIG,2,22.42,1
2025-10-09,TTRX,3,16.32,8
2025-10-09,ARBK,4,12.28,5
2025-10-09,TCRT,5,11.46,4
2025-10-09,BJDX,6,10.79,5
2025-10-09,SCWO,7,10.6,6
2025-10-09,SWAG,8,10.59,1
2025-10-09,MSC,9,10.09,1
2025-10-09,SES,10,10.01,8
2025-10-09,BAOS,11,9.93,4
2025-10-09,WLACW,12,9.84,3
2025-10-09,XBIO,13,9.78,3
2025-10-09,CRML,14,9.34,8
2025-10-09,CRMLW,15,9.34,6
2025-10-10,QNRX,1,22.88,10
2025-10-10,BNKK,2,19.98,3
2025-10-10,VSME,3,15.67,3
2025-10-10,HYAC.WS,4,14.71,2
2025-10-10,BAIG,5,14.38,6
2025-10-10,VSA,6,12.32,2
2025-10-10,JFU,7,11.99,10
2025-10-10,YSXT,8,11.99,3
2025-10-10,SHMDW,9,11.76,1
2025-10-10,SLDP,10,11.15,3
2025-10-10,SCWO,11,10.87,5
2025-10-10,AMBO,12,10.38,2
2025-10-10,ZEO,13,10.21,6
2025-10-10,ABVE,14,9.54,3
2025-10-10,NUAIW,15,9.49,4
2025-10-13,XCH,1,26.85,14
2025-10-13,GV,2,23.81,7
2025-10-13,NUAIW,3,20.47,4
2025-10-13,AURE,4,20.05,10
2025-10-13,STI,5,16.66,10
2025-10-13,NAMM,6,16.07,5
2025-10-13,AQMS,7,15.85,11
2025-10-13,BGMS,8,15.43,3
2025-10-13,NBP,9,14.69,4
2025-10-13,BDRX,10,14.1,1
2025-10-13,QNRX,11,13.49,3
2025-10-13,BAIG,12,13.35,11
2025-10-13,KNRX,13,12.83,3
2025-10-13,PSIG,14,12.52,4
2025-10-13,YJ,15,12.2,2
2025-10-14,EDHL,1,36.25,17
2025-10-14,UGRO,2,21.29,20
2025-10-14,ELAB,3,21.09,4
2025-10-14,KDKRW,4,18.94,2
2025-10-14,SDST,5,18.6,6
2025-10-14,FOFO,6,18.36,8
2025-10-14,NIOBW,7,17.64,1
2025-10-14,SBLX,8,17.29,5
2025-10-14,AQMS,9,17.21,8
2025-10-14,GWAV,10,17.16,10
2025-10-14,ROMA,11,16.96,1
2025-10-14,NUAI,12,16.03,10
2025-10-14,CRMLW,13,15.57,5
2025-10-14,WKEY,14,15.19,5
2025-10-14,COYA,15,14.79,5
2025-10-15,OPTXW,1,30.26,8
2025-10-15,NIOBW,2,27.21,2
2025-10-15,GNPX,3,19.27,26
2025-10-15,ABSI,4,17.57,9
2025-10-15,QNRX,5,15.63,5
2025-10-15,GWAV,6,15.24,2
2025-10-15,PFAI,7,15.14,6
2025-10-15,FOSL,8,14.94,7
2025-10-15,STI,9,14.78,4
2025-10-15,CRESW,10,14.1,1
2025-10-15,DFNS,11,14.02,4
2025-10-15,SOGP,12,13.4,12
2025-10-15,DFLI,13,13.25,11
2025-10-15,KNRX,14,13.04,2
2025-10-15,TNMG,15,12.48,9
2025-10-16,PSNYW,1,43.33,13
2025-10-16,ENGNW,2,24.41,2
2025-10-16,WTO,3,19.08,6
2025-10-16,AQMS,4,16.81,6
2025-10-16,CTOR,5,16.39,7
2025-10-16,PDC,6,16.05,11
2025-10-16,NUAIW,7,15.93,5
2025-10-16,CYCU,8,15.03,11
2025-10-16,MSOX,9,14.25,2
2025-10-16,IAUX.WS,10,14.11,3
2025-10-16,MIGI,11,14.08,4
2025-10-16,WHWK,12,14.0,11
2025-10-16,CLYM,13,13.93,4
2025-10-16,GNPX,14,12.86,6
2025-10-16,OPTXW,15,12.8,3
2025-10-17,LNKS,1,33.27,16
2025-10-17,VHC,2,21.51,10
2025-10-17,CRML,3,19.82,5
2025-10-17,MIRA,4,16.85,1
2025-10-17,BTTC,5,16.18,4
2025-10-17,USAR,6,15.28,7
2025-10-17,EVAX,7,15.04,2
2025-10-17,GV,8,13.79,4
2025-10-17,GNPX,9,13.23,6
2025-10-17,CYCU,10,13.04,4
2025-10-17,CRMLW,11,12.94,7
2025-10-17,RANI,12,12.3,8
2025-10-17,UAMY,13,12.17,2
2025-10-17,BIYA,14,11.7,1
2025-10-17,HIVE,15,11.65,3
2025-10-20,NUAIW,1,21.87,8
2025-10-20,GSIT,2,19.59,14
2025-10-20,KDKRW,3,18.44,1
2025-10-20,ANRO,4,17.54,20
2025-10-20,BGMSP,5,16.81,3
2025-10-20,PL.WS,6,12.9,1
2025-10-20,BNAI,7,12.38,3
2025-10-20,TAOX,8,12.07,5
2025-10-20,WTO,9,11.18,3
2025-10-20,PFAI,10,10.99,6
2025-10-20,VSTM,11,10.85,6
2025-10-20,AGH,12,10.25,3
2025-10-20,IMPP,13,10.11,1
2025-10-20,UHG,14,9.93,2
2025-10-20,SMMT,15,9.79,6
2025-10-21,NERV,1,45.23,15
2025-10-21,IBIO,2,29.28,7
2025-10-21,PSNYW,3,19.64,5
2025-10-21,BGMSP,4,14.89,5
2025-10-21,RANI,5,13.93,10
2025-10-21,SHMDW,6,13.33,1
2025-10-21,OMSE,7,13.27,7
2025-10-21,SONM,8,13.24,3
2025-10-21,RYOJ,9,12.86,12
2025-10-21,SCWO,10,12.79,6
2025-10-21,AQMS,11,11.93,4
2025-10-21,NUAIW,12,11.74,5
2025-10-21,SKBL,13,11.71,2
2025-10-21,GLGG,14,11.1,1
2025-10-21,AMCI,15,11.08,10
2025-10-22,BENF,1,24.34,22
2025-10-22,GSIT,2,20.71,9
2025-10-22,IBIO,3,19.76,7
2025-10-22,ATOM,4,17.2,6
2025-10-22,LCFYW,5,17.12,1
2025-10-22,DZZ,6,12.23,5
2025-10-22,RYOJ,7,11.05,5
2025-10-22,DFLI,8,10.92,5
2025-10-22,TNMG,9,10.45,5
2025-10-22,OWLS,10,10.43,6
2025-10-22,NUAIW,11,10.42,1
2025-10-22,EPSM,12,10.4,5
2025-10-22,ABAT,13,10.02,3
2025-10-22,NDLS,14,9.91,15
2025-10-22,NERV,15,9.9,2
2025-10-23,EDHL,1,28.97,15
2025-10-23,NMRA,2,24.17,13
2025-10-23,BGIN,3,14.83,6
2025-10-23,TE.WS,4,13.37,3
2025-10-23,LRE,5,13.14,3
2025-10-23,FUSE,6,12.07,9
2025-10-23,BULLW,7,11.4,1
2025-10-23,CSPI,8,11.09,4
2025-10-23,TNGX,9,10.75,3
2025-10-23,NERV,10,10.67,2
2025-10-23,AGCC,11,10.33,4
2025-10-23,AMCI,12,10.21,1
2025-10-23,QBTZ,13,10.14,8
2025-10-23,NDLS,14,10.03,2
2025-10-23,LGHL,15,9.52,2
2025-10-24,XFOR,1,21.68,11
2025-10-24,NEUP,2,17.29,7
2025-10-24,NUAI,3,16.71,5
2025-10-24,PMI,4,16.61,8
2025-10-24,CRMLW,5,13.95,5
2025-10-24,ABAT,6,12.52,5
2025-10-24,EGG,7,11.11,2
2025-10-24,ASTL,8,10.98,3
2025-10-24,FBGL,9,10.36,5
2025-10-24,IOTR,10,9.81,1
2025-10-24,NERV,11,9.53,1
2025-10-24,CLPS,12,9.38,3
2025-10-24,BGMSP,13,9.37,2
2025-10-24,ELOG,14,9.28,1
2025-10-24,XCH,15,9.17,2
2025-10-27,DZZ,1,34.02,25
2025-10-27,NCI,2,24.69,5
2025-10-27,QCML,3,17.08,11
2025-10-27,QCMU,4,16.3,11
2025-10-27,GIBO,5,15.15,1
2025-10-27,TE.WS,6,13.6,1
2025-10-27,CEPU,7,12.61,5
2025-10-27,RECT,8,12.46,4
2025-10-27,DGZ,9,12.23,2
2025-10-27,CRESY,10,12.09,3
2025-10-27,ASST,11,11.74,7
2025-10-27,MAMK,12,11.6,12
2025-10-27,IHT,13,11.52,4
2025-10-27,CLIK,14,10.92,6
2025-10-27,JZXN,15,10.83,2
2025-10-28,XHLD,1,25.87,22
2025-10-28,DZZ,2,20.36,11
2025-10-28,LUNG,3,18.65,6
2025-10-28,RVYL,4,15.65,7
2025-10-28,RYOJ,5,12.19,6
2025-10-28,AVXX,6,11.99,1
2025-10-28,ASST,7,11.39,5
2025-10-28,TV,8,11.17,7
2025-10-28,WKEY,9,10.1,11
2025-10-28,SWVL,10,9.91,1
2025-10-28,MATH,11,9.81,1
2025-10-28,GRO,12,9.59,3
2025-10-28,FRGT,13,9.34,5
2025-10-28,CMCT,14,9.28,1
2025-10-28,LEG,15,9.11,4
2025-10-29,TE.WS,1,22.34,1
2025-10-29,XHLD,2,21.08,4
2025-10-29,EDHL,3,20.1,10
2025-10-29,CMND,4,19.12,3
2025-10-29,IMSRW,5,12.68,2
2025-10-29,NVA,6,12.6,5
2025-10-29,OPFI,7,12.38,5
2025-10-29,GSIT,8,10.25,2
2025-10-29,RDZN,9,10.05,1
2025-10-29,MENS,10,9.8,4
2025-10-29,CMBM,11,9.61,8
2025-10-29,RECT,12,9.24,2
2025-10-29,HFFG,13,9.05,1
2025-10-29,NPT,14,8.94,4
2025-10-29,FGL,15,8.75,9
2025-10-30,BQ,1,18.92,11
2025-10-30,INTS,2,18.59,9
2025-10-30,CVU,3,17.12,11
2025-10-30,ADVB,4,16.8,4
2025-10-30,WKEY,5,16.51,6
2025-10-30,MTC,6,15.26,1
2025-10-30,EBS,7,15.1,6
2025-10-30,VIVS,8,14.82,5
2025-10-30,VWAVW,9,12.86,2
2025-10-30,MLEC,10,12.47,1
2025-10-30,CMBM,11,11.83,7
2025-10-30,SPHL,12,11.62,2
2025-10-30,PHAT,13,10.8,3
2025-10-30,WALD,14,10.8,1
2025-10-30,JZXN,15,10.6,6
2025-10-31,OPTXW,1,20.85,1
2025-10-31,HKD,2,18.27,27
2025-10-31,AMTD,3,16.41,19
2025-10-31,INTS,4,14.65,5
2025-10-31,BQ,5,13.87,4
2025-10-31,TGE,6,11.89,7
2025-10-31,FLUX,7,10.95,2
2025-10-31,ACH,8,10.49,6
2025-10-31,NCEL,9,10.24,6
2025-10-31,MTEN,10,10.0,2
2025-10-31,ROLR,11,10.0,1
2025-10-31,DCX,12,9.85,1
2025-10-31,LOCO,13,9.3,1
2025-10-31,RUBI,14,8.99,6
2025-10-31,DLHC,15,8.39,1
2025-11-03,RAY,1,28.71,15
2025-11-03,FLYE,2,23.53,9
2025-11-03,TGE,3,17.59,13
2025-11-03,RVYL,4,16.91,2
2025-11-03,CURR,5,16.41,12
2025-11-03,VSA,6,15.97,4
2025-11-03,NUAI,7,15.93,13
2025-11-03,FGL,8,15.55,15
2025-11-03,BQ,9,14.44,14
2025-11-03,NUAIW,10,13.62,8
2025-11-03,NOMA,11,12.11,5
2025-11-03,EEIQ,12,11.23,1
2025-11-03,CMBM,13,10.59,4
2025-11-03,RECT,14,10.51,1
2025-11-03,CRMLW,15,10.45,2
2025-11-04,DZZ,1,38.98,5
2025-11-04,RUBI,2,30.0,10
2025-11-04,STIM,3,18.91,5
2025-11-04,MAMK,4,15.72,11
2025-11-04,BVS,5,14.37,3
2025-11-04,IRE,6,13.82,7
2025-11-04,YAAS,7,13.23,1
2025-11-04,JELD,8,12.81,10
2025-11-04,NFE,9,11.97,4
2025-11-04,TBI,10,11.64,2
2025-11-04,VELO,11,11.55,4
2025-11-04,SRPT,12,11.35,6
2025-11-04,TGE,13,11.34,5
2025-11-04,INTS,14,10.8,2
2025-11-04,NOMA,15,10.61,1
2025-11-05,MTC,1,67.74,23
2025-11-05,TULP,2,16.84,4
2025-11-05,CHR,3,16.68,14
2025-11-05,FTRE,4,15.36,3
2025-11-05,SXTC,5,13.82,3
2025-11-05,UBXG,6,12.8,1
2025-11-05,SNBR,7,12.51,6
2025-11-05,NFE,8,12.32,8
2025-11-05,SORA,9,12.31,3
2025-11-05,RUBI,10,12.3,11
2025-11-05,SLDP,11,11.77,13
2025-11-05,BHVN,12,10.72,1
2025-11-05,BW,13,10.37,2
2025-11-05,AEON,14,10.27,2
2025-11-05,TWG,15,10.08,1
2025-11-06,LKSPR,1,58.4,9
2025-11-06,ZGM,2,31.88,1
2025-11-06,BKSY,3,18.55,4
2025-11-06,MTC,4,15.76,12
2025-11-06,GDTC,5,14.21,5
2025-11-06,ISPR,6,12.43,1
2025-11-06,VSME,7,12.23,3
2025-11-06,RAVE,8,12.04,6
2025-11-06,FLL,9,12.0,5
2025-11-06,NUAI,10,11.61,2
2025-11-06,STKL,11,11.57,4
2025-11-06,LTRX,12,11.35,2
2025-11-06,BIYA,13,11.08,10
2025-11-06,NTZ,14,10.53,1
2025-11-06,LFST,15,10.2,2
2025-11-07,MTC,1,23.99,4
2025-11-07,CNTN,2,19.65,7
2025-11-07,VWAVW,3,16.41,2
2025-11-07,LKSPR,4,15.49,1
2025-11-07,OPRX,5,14.91,3
2025-11-07,EVCM,6,13.55,3
2025-11-07,TGE,7,12.61,2
2025-11-07,FLYX,8,12.45,3
2025-11-07,CD,9,11.67,3
2025-11-07,SPHL,10,11.34,1
2025-11-07,BIRD,11,10.85,2
2025-11-07,DFLI,12,10.21,4
2025-11-07,BLND,13,10.12,4
2025-11-07,SG,14,10.1,4
2025-11-07,IRE,15,9.79,5
2025-11-10,NEPH,1,17.49,3
2025-11-10,MOVE,2,17.24,9
2025-11-10,SWAG,3,16.56,8
2025-11-10,EZGO,4,16.29,1
2025-11-10,BNAI,5,16.03,12
2025-11-10,PLUR,6,15.68,5
2025-11-10,CNTY,7,15.43,5
2025-11-10,EPSM,8,12.39,5
2025-11-10,INV,9,12.14,3
2025-11-10,HYFM,10,11.76,1
2025-11-10,TLS,11,11.41,1
2025-11-10,PSNL,12,10.8,7
2025-11-10,BUUU,13,10.06,2
2025-11-10,LNZA,14,10.04,1
2025-11-10,FLNC,15,9.51,6
2025-11-11,LFS,1,31.25,9
2025-11-11,ENGNW,2,24.46,2
2025-11-11,RDGT,3,17.67,4
2025-11-11,EPSM,4,15.41,5
2025-11-11,WHLR,5,13.33,3
2025-11-11,ENGN,6,13.01,4
2025-11-11,RPAY,7,12.69,3
2025-11-11,MTC,8,12.66,8
2025-11-11,OPTXW,9,11.85,1
2025-11-11,HIT,10,10.34,2
2025-11-11,POCI,11,10.32,2
2025-11-11,LKSPR,12,9.72,1
2025-11-11,RAIN,13,9.69,4
2025-11-11,DRCT,14,9.64,3
2025-11-11,QRHC,15,9.49,1
2025-11-12,BAIG,1,28.45,8
2025-11-12,CMBM,2,18.77,12
2025-11-12,MOVE,3,17.54,4
2025-11-12,LPTH,4,15.2,3
2025-11-12,BBAI,5,13.92,4
2025-11-12,AMCI,6,13.8,3
2025-11-12,MSGM,7,13.41,4
2025-11-12,WTF,8,11.94,3
2025-11-12,LUCY,9,11.58,3
2025-11-12,ABEO,10,11.26,3
2025-11-12,LFS,11,10.9,5
2025-11-12,RYOJ,12,10.78,1
2025-11-12,RAVE,13,10.62,1
2025-11-12,NVA,14,10.49,2
2025-11-12,RVYL,15,9.77,3
2025-11-13,CMND,1,29.7,18
2025-11-13,NVVE,2,27.63,25
2025-11-13,TGE,3,26.27,5
2025-11-13,WTO,4,18.63,7
2025-11-13,TNMG,5,17.59,14
2025-11-13,SPRU,6,17.32,3
2025-11-13,NWTG,7,16.46,7
2025-11-13,AGPU,8,14.52,2
2025-11-13,NXTC,9,14.38,2
2025-11-13,LFS,10,13.46,1
2025-11-13,SSTI,11,12.68,1
2025-11-13,LRHC,12,12.65,8
2025-11-13,DCX,13,11.58,4
2025-11-13,IDN,14,11.33,3
2025-11-13,ONDS,15,11.32,4
2025-11-14,NUAIW,1,19.76,2
2025-11-14,SHMDW,2,18.83,2
2025-11-14,AIHS,3,18.1,3
2025-11-14,AVXL,4,17.01,11
2025-11-14,IRE,5,16.75,11
2025-11-14,CMBM,6,16.21,11
2025-11-14,RVMDW,7,15.0,1
2025-11-14,OKLL,8,14.58,8
2025-11-14,IONX,9,13.28,5
2025-11-14,RGTX,10,13.17,5
2025-11-14,SGML,11,13.1,6
2025-11-14,NUAI,12,13.04,6
2025-11-14,AREN,13,13.01,4
2025-11-14,RIOX,14,13.01,1
2025-11-14,QPUX,15,12.88,5
2025-11-17,UONEK,1,39.83,13
2025-11-17,IVVD,2,22.13,8
2025-11-17,CMCT,3,18.15,13
2025-11-17,ONEG,4,16.67,6
2025-11-17,ICG,5,14.88,6
2025-11-17,INV,6,14.61,9
2025-11-17,SHMDW,7,12.36,1
2025-11-17,INTS,8,11.59,3
2025-11-17,TSSI,9,11.54,4
2025-11-17,PCLA,10,10.94,2
2025-11-17,CGTL,11,10.83,4
2025-11-17,UEC,12,10.78,7
2025-11-17,OKLL,13,9.82,3
2025-11-17,UONE,14,9.66,3
2025-11-17,GROY.WS,15,9.26,1
2025-11-18,EPSM,1,27.67,13
2025-11-18,SHMDW,2,18.72,2
2025-11-18,CANF,3,13.8,7
2025-11-18,CMND,4,12.64,1
2025-11-18,ONEG,5,12.58,4
2025-11-18,LFS,6,11.99,11
2025-11-18,VRA,7,11.78,3
2025-11-18,ATGL,8,11.05,5
2025-11-18,MVO,9,10.26,2
2025-11-18,FOFO,10,9.92,1
2025-11-18,CGTL,11,9.79,5
2025-11-18,ICG,12,9.54,3
2025-11-18,LFMD,13,9.2,1
2025-11-18,IRE,14,9.09,7
2025-11-18,PCLA,15,8.73,4
2025-11-19,FRGT,1,17.79,12
2025-11-19,CMCT,2,17.07,7
2025-11-19,MIGI,3,13.41,3
2025-11-19,BNKK,4,11.9,2
2025-11-19,MTC,5,11.17,5
2025-11-19,NVA,6,10.88,3
2025-11-19,CYCU,7,10.71,2
2025-11-19,FULC,8,10.19,3
2025-11-19,JYD,9,9.83,1
2025-11-19,GDHG,10,9.7,1
2025-11-19,AISP,11,9.63,2
2025-11-19,IBG,12,9.44,2
2025-11-19,RLMD,13,9.26,3
2025-11-19,NFE,14,9.09,3
2025-11-19,BFLY,15,9.07,3
2025-11-20,JXG,1,25.38,7
2025-11-20,LFS,2,18.57,20
2025-11-20,EPSM,3,17.5,7
2025-11-20,BULLW,4,15.74,1
2025-11-20,SHMDW,5,14.62,1
2025-11-20,FCUV,6,13.13,3
2025-11-20,MAGH,7,12.21,3
2025-11-20,MNDR,8,12.02,5
2025-11-20,MAGN,9,10.82,1
2025-11-20,WKSP,10,10.29,2
2025-11-20,VELO,11,9.89,3
2025-11-20,VBIX,12,9.68,2
2025-11-20,EFZ,13,9.48,1
2025-11-20,MIGI,14,9.18,1
2025-11-20,INTJ,15,9.07,3
2025-11-21,BEAT,1,24.07,8
2025-11-21,FOXX,2,20.36,10
2025-11-21,ICON,3,20.0,3
2025-11-21,SKBL,4,18.84,14
2025-11-21,SCAG,5,15.06,5
2025-11-21,MFI,6,13.46,9
2025-11-21,ESBA,7,12.32,3
2025-11-21,SUPX,8,11.96,8
2025-11-21,MCRB,9,11.49,2
2025-11-21,NNOX,10,11.33,5
2025-11-21,NUAIW,11,11.11,3
2025-11-21,RGTX,12,10.67,3
2025-11-21,EPSM,13,10.59,6
2025-11-21,PLAG,14,10.44,2
2025-11-21,NSPR,15,10.39,1
2025-11-24,INHD,1,23.13,20
2025-11-24,ZJK,2,20.08,11
2025-11-24,WTF,3,14.29,5
2025-11-24,ENLV,4,12.33,7
2025-11-24,TNMG,5,11.6,4
2025-11-24,ONDS,6,11.28,8
2025-11-24,WALD,7,11.2,1
2025-11-24,CETX,8,11.16,5
2025-11-24,BCG,9,11.04,8
2025-11-24,ZDGE,10,10.42,1
2025-11-24,SOS,11,10.27,2
2025-11-24,CHNR,12,10.19,2
2025-11-24,LUD,13,9.89,1
2025-11-24,MCGAU,14,9.86,1
2025-11-24,DCX,15,9.85,5
2025-11-25,NEOVW,1,26.09,1
2025-11-25,CELU,2,17.01,3
2025-11-25,RUBI,3,13.61,2
2025-11-25,TUYA,4,13.06,5
2025-11-25,GP,5,13.06,1
2025-11-25,DDC,6,11.86,1
2025-11-25,KDKRW,7,11.39,1
2025-11-25,BON,8,10.47,1
2025-11-25,KZIA,9,9.79,2
2025-11-25,HTCO,10,9.69,3
2025-11-25,PSNYW,11,9.68,3
2025-11-25,AVXL,12,9.3,2
2025-11-25,FOSL,13,8.85,2
2025-11-25,RDAC,14,8.64,1
2025-11-25,IMMR,15,8.28,6
2025-11-26,BQ,1,27.59,6
2025-11-26,QNTM,2,23.45,7
2025-11-26,SUPX,3,16.73,5
2025-11-26,MOBBW,4,15.38,1
2025-11-26,OSS,5,12.68,1
2025-11-26,AMBO,6,12.33,1
2025-11-26,HWH,7,11.8,1
2025-11-26,AMBR,8,11.02,4
2025-11-26,OSCX,9,10.94,5
2025-11-26,MNDR,10,10.41,3
2025-11-26,IMCC,11,10.3,1
2025-11-26,NOMA,12,10.19,4
2025-11-26,SLMT,13,9.64,2
2025-11-26,PCLA,14,9.22,1
2025-11-26,CMCT,15,8.83,3
2025-11-28,VEEE,1,16.76,3
2025-11-28,MFI,2,15.47,5
2025-11-28,BRLS,3,14.95,1
2025-11-28,WTF,4,13.32,1
2025-11-28,QNTM,5,11.76,1
2025-11-28,PMN,6,10.8,1
2025-11-28,WLACW,7,10.41,1
2025-11-28,NCEW,8,9.95,4
2025-11-28,VSME,9,9.57,1
2025-11-28,RCON,10,9.19,1
2025-11-28,CMCT,11,8.94,2
2025-11-28,NEPH,12,8.83,1
2025-11-28,FBYD,13,8.51,1
2025-11-28,LNZA,14,8.33,1
2025-11-28,ABVE,15,8.24,5
2025-12-01,MCRP,1,22.04,5
2025-12-01,QTTB,2,18.53,21
2025-12-01,WHLR,3,16.42,16
2025-12-01,FLYE,4,15.68,18
2025-12-01,AHMA,5,14.44,14
2025-12-01,WBUY,6,12.5,2
2025-12-01,GWAV,7,12.07,5
2025-12-01,NWGL,8,11.77,4
2025-12-01,MFI,9,11.57,5
2025-12-01,CNCK,10,10.25,2
2025-12-01,BGMS,11,9.8,1
2025-12-01,VSME,12,9.42,2
2025-12-01,EEIQ,13,8.66,2
2025-12-01,YDES,14,8.62,4
2025-12-01,STTK,15,8.44,3
2025-12-02,BKHAR,1,72.55,1
2025-12-02,BQ,2,31.46,18
2025-12-02,BNAI,3,22.56,3
2025-12-02,NUAIW,4,16.67,1
2025-12-02,SPHL,5,12.92,4
2025-12-02,PLRZ,6,12.54,3
2025-12-02,KZIA,7,11.98,6
2025-12-02,MSW,8,11.8,3
2025-12-02,TLRY,9,11.45,2
2025-12-02,FLYE,10,10.11,4
2025-12-02,ABTC,11,10.0,8
2025-12-02,SEV,12,9.98,1
2025-12-02,APPX,13,9.79,5
2025-12-02,JSPR,14,9.74,3
2025-12-02,RUBI,15,9.41,4
2025-12-03,UFG,1,13.82,2
2025-12-03,WOK,2,13.78,5
2025-12-03,AMCI,3,13.22,1
2025-12-03,BTTC,4,12.65,2
2025-12-03,QCLS,5,11.52,2
2025-12-03,BDTX,6,11.5,6
2025-12-03,CJMB,7,11.42,2
2025-12-03,MTEN,8,10.91,5
2025-12-03,RUBI,9,10.59,4
2025-12-03,PAVM,10,10.22,1
2025-12-03,AHMA,11,10.21,4
2025-12-03,FBYD,12,9.95,3
2025-12-03,AVXL,13,9.75,2
2025-12-03,CNCK,14,9.73,3
2025-12-03,CHR,15,9.72,2
2025-12-04,XCH,1,21.01,3
2025-12-04,XXI,2,19.69,10
2025-12-04,MCRP,3,14.71,6
2025-12-04,MTEN,4,13.46,2
2025-12-04,ISPR,5,12.93,2
2025-12-04,JYD,6,12.8,6
2025-12-04,RYET,7,12.69,1
2025-12-04,ACON,8,12.12,4
2025-12-04,NVA,9,11.1,2
2025-12-04,PLRZ,10,10.24,7
2025-12-04,PTHS,11,10.0,1
2025-12-04,SMJF,12,10.0,1
2025-12-04,AGCC,13,9.25,1
2025-12-04,KRRO,14,9.11,4
2025-12-04,BGIN,15,9.0,1
2025-12-05,LICN,1,24.05,8
2025-12-05,BBGI,2,14.84,6
2025-12-05,CLIK,3,13.75,5
2025-12-05,PLRZ,4,13.59,4
2025-12-05,AGCC,5,13.4,2
2025-12-05,SUPX,6,13.32,2
2025-12-05,GURE,7,12.72,15
2025-12-05,TXMD,8,11.88,1
2025-12-05,REED,9,11.63,2
2025-12-05,AHMA,10,11.52,4
2025-12-05,DBRG,11,11.12,3
2025-12-05,JFBR,12,10.91,6
2025-12-05,JYD,13,10.77,1
2025-12-05,ULY,14,10.47,3
2025-12-05,XXI,15,10.23,3
2025-12-08,IBIO,1,25.07,3
2025-12-08,IMMP,2,21.34,20
2025-12-08,SUGP,3,21.02,13
2025-12-08,CGTL,4,20.0,3
2025-12-08,WHLR,5,16.7,2
2025-12-08,NOMA,6,16.32,1
2025-12-08,CETX,7,14.41,9
2025-12-08,ORKT,8,13.14,2
2025-12-08,SGML,9,12.63,2
2025-12-08,HWH,10,11.44,4
2025-12-08,AGPU,11,11.32,1
2025-12-08,SPRU,12,11.14,3
2025-12-08,BDRX,13,11.03,6
2025-12-08,TWG,14,10.6,7
2025-12-08,AMCI,15,10.41,2
2025-12-09,PSNYW,1,53.16,3
2025-12-09,JZXN,2,17.56,2
2025-12-09,WBUY,3,14.73,11
2025-12-09,ORKT,4,13.94,4
2025-12-09,AMCI,5,13.36,11
2025-12-09,CETX,6,10.92,4
2025-12-09,RDAC,7,10.79,3
2025-12-09,ZSTK,8,10.68,1
2025-12-09,VMAR,9,8.51,2
2025-12-09,YYAI,10,7.98,2
2025-12-09,AIHS,11,7.96,1
2025-12-09,TE.WS,12,7.69,1
2025-12-09,EDBL,13,7.68,1
2025-12-09,IKT,14,7.44,1
2025-12-09,LAW,15,7.34,9
2025-12-10,JMG,1,19.73,12
2025-12-10,ASPC,2,19.58,11
2025-12-10,BBGI,3,18.09,11
2025-12-10,SST,4,17.65,2
2025-12-10,ORKT,5,16.13,2
2025-12-10,MTVA,6,15.73,9
2025-12-10,ENVB,7,13.58,3
2025-12-10,NXDR,8,13.58,2
2025-12-10,WOK,9,12.77,4
2025-12-10,IPW,10,12.71,1
2025-12-10,IBIO,11,12.69,8
2025-12-10,PLAY,12,12.58,3
2025-12-10,EPSM,13,12.22,1
2025-12-10,ATPC,14,11.56,11
2025-12-10,NCEL,15,11.5,4
2025-12-11,GRI,1,18.69,6
2025-12-11,MTEN,2,17.11,3
2025-12-11,GDHG,3,16.88,8
2025-12-11,MIGI,4,16.78,7
2025-12-11,BEAT,5,14.8,18
2025-12-11,JZXN,6,14.77,10
2025-12-11,BNKK,7,13.63,4
2025-12-11,SKIL,8,12.8,3
2025-12-11,NXDR,9,12.55,6
2025-12-11,TE.WS,10,12.45,1
2025-12-11,RZLT,11,12.2,2
2025-12-11,PETS,12,12.16,11
2025-12-11,PL.WS,13,11.99,8
2025-12-11,ATPC,14,11.56,4
2025-12-11,CV,15,11.52,3
2025-12-12,RYM,1,24.41,14
2025-12-12,HYFM,2,21.71,7
2025-12-12,ZDGE,3,20.37,17
2025-12-12,NCI,4,19.09,6
2025-12-12,ARBK,5,17.02,4
2025-12-12,MKZR,6,15.72,4
2025-12-12,FRMI,7,15.7,11
2025-12-12,MIGI,8,14.39,3
2025-12-12,RZLT,9,14.38,3
2025-12-12,BNRG,10,12.52,1
2025-12-12,BBGI,11,11.94,5
2025-12-12,SCAG,12,11.9,3
2025-12-12,MSOX,13,11.15,5
2025-12-12,AVXL,14,10.9,2
2025-12-12,CLYM,15,10.83,2
2025-12-15,FEBO,1,30.15,11
2025-12-15,AMCI,2,23.64,14
2025-12-15,RADX,3,18.24,12
2025-12-15,ARBB,4,17.82,10
2025-12-15,CVRD,5,15.54,2
2025-12-15,VSA,6,14.81,1
2025-12-15,JFBR,7,13.3,5
2025-12-15,ASTI,8,12.11,5
2025-12-15,KYTX,9,11.71,5
2025-12-15,NUAIW,10,11.32,5
2025-12-15,HYFM,11,11.21,1
2025-12-15,FRGT,12,11.07,1
2025-12-15,ARBK,13,10.75,4
2025-12-15,MSOX,14,10.35,6
2025-12-15,GRAN,15,10.2,1
2025-12-16,VMAR,1,53.74,21
2025-12-16,EDHL,2,24.17,7
2025-12-16,BDRX,3,16.24,7
2025-12-16,AMCI,4,15.79,7
2025-12-16,BEAT,5,14.75,7
2025-12-16,CISS,6,13.23,6
2025-12-16,EVTV,7,12.49,5
2025-12-16,DLTH,8,12.34,4
2025-12-16,CGC,9,12.2,9
2025-12-16,CMND,10,11.01,1
2025-12-16,SKIL,11,10.79,4
2025-12-16,GLXG,12,10.65,1
2025-12-16,RR,13,10.58,7
2025-12-16,CGTL,14,10.45,5
2025-12-16,ALDX,15,10.42,3
2025-12-17,PCSA,1,22.26,10
2025-12-17,TC,2,13.39,3
2025-12-17,INBS,3,12.16,7
2025-12-17,LUD,4,11.76,2
2025-12-17,CLYM,5,11.11,6
2025-12-17,CGC,6,11.0,3
2025-12-17,RZLV,7,10.87,5
2025-12-17,NDLS,8,10.36,2
2025-12-17,UCL,9,10.05,2
2025-12-17,ZGM,10,10.0,1
2025-12-17,ACCL,11,9.82,1
2025-12-17,MTEN,12,9.48,2
2025-12-17,BENF,13,9.33,2
2025-12-17,ULY,14,9.22,1
2025-12-17,MGRT,15,9.09,1
2025-12-18,GANX,1,20.85,3
2025-12-18,MTEN,2,15.63,8
2025-12-18,VELO,3,15.14,5
2025-12-18,PCLA,4,14.44,1
2025-12-18,TLRY,5,14.3,7
2025-12-18,FCEL,6,13.58,3
2025-12-18,MGRT,7,13.57,10
2025-12-18,TE.WS,8,13.05,2
2025-12-18,LHAI,9,12.69,5
2025-12-18,INBS,10,12.36,5
2025-12-18,ARBK,11,12.12,7
2025-12-18,EDAP,12,12.03,1
2025-12-18,EVTV,13,11.82,3
2025-12-18,PYXS,14,11.41,7
2025-12-18,PMVP,15,11.21,5
2025-12-19,GOVX,1,29.44,9
2025-12-19,INFY,2,23.04,12
2025-12-19,ROLR,3,22.41,1
2025-12-19,JLHL,4,15.84,11
2025-12-19,AGEN,5,14.8,7
2025-12-19,FJET,6,14.78,7
2025-12-19,AMCI,7,10.57,3
2025-12-19,RDAC,8,10.46,4
2025-12-19,VLRS,9,10.34,4
2025-12-19,TGEN,10,10.17,4
2025-12-19,OKLL,11,9.27,4
2025-12-19,TRAK,12,9.13,1
2025-12-19,GANX,13,9.09,7
2025-12-19,GIBO,14,8.99,1
2025-12-19,PCLA,15,8.89,2
2025-12-22,TNMG,1,21.23,5
2025-12-22,AUUD,2,19.7,3
2025-12-22,FJET,3,19.25,20
2025-12-22,MENS,4,17.09,18
2025-12-22,GITS,5,16.83,6
2025-12-22,DC.WS,6,14.73,1
2025-12-22,SIDU,7,14.0,9
2025-12-22,EQS,8,12.73,5
2025-12-22,FGL,9,12.45,3
2025-12-22,VELO,10,12.0,3
2025-12-22,IVVD,11,11.51,4
2025-12-22,TE.WS,12,11.02,3
2025-12-22,LHAI,13,10.8,7
2025-12-22,BNRG,14,10.73,5
2025-12-22,WVVIP,15,10.71,1
2025-12-23,DZZ,1,43.93,6
2025-12-23,PCLA,2,41.01,14
2025-12-23,ASTI,3,17.04,11
2025-12-23,CMMB,4,15.46,1
2025-12-23,ROLR,5,14.42,2
2025-12-23,APUS,6,14.37,1
2025-12-23,KZIA,7,13.64,7
2025-12-23,ASPC,8,13.11,3
2025-12-23,VUZI,9,13.01,6
2025-12-23,SIDU,10,11.2,3
2025-12-23,MLEC,11,10.97,1
2025-12-23,NUAIW,12,10.94,2
2025-12-23,MENS,13,10.42,4
2025-12-23,MGRT,14,10.42,1
2025-12-23,JFB,15,10.38,3
2025-12-24,AMCI,1,27.1,19
2025-12-24,ZKIN,2,20.19,3
2025-12-24,ASPC,3,17.52,15
2025-12-24,OMER,4,15.23,1
2025-12-24,LNKS,5,13.06,16
2025-12-24,CHAI,6,12.81,1
2025-12-24,SORA,7,12.07,3
2025-12-24,LITB,8,11.49,2
2025-12-24,MTEN,9,10.98,1
2025-12-24,MGRT,10,10.55,2
2025-12-24,QBTZ,11,10.14,3
2025-12-24,PCLA,12,10.06,4
2025-12-24,CRDF,13,10.0,4
2025-12-24,SIDU,14,9.99,4
2025-12-24,GOSS,15,8.72,3
2025-12-26,PCLA,1,24.07,10
2025-12-26,TRSG,2,16.34,3
2025-12-26,ASPC,3,15.56,13
2025-12-26,FJET,4,15.36,17
2025-12-26,ICCC,5,14.79,3
2025-12-26,SORA,6,13.77,3
2025-12-26,INHD,7,12.02,5
2025-12-26,UPC,8,11.72,5
2025-12-26,ZGM,9,11.35,3
2025-12-26,BHVN,10,11.12,3
2025-12-26,PHGE,11,10.77,1
2025-12-26,OPTX,12,10.4,5
2025-12-26,LGHL,13,10.22,3
2025-12-26,QBTZ,14,10.14,4
2025-12-26,SCWO,15,10.12,2
2025-12-29,BNAI,1,22.44,5
2025-12-29,NTRB,2,21.87,9
2025-12-29,GVH,3,18.56,17
2025-12-29,SCWO,4,15.79,4
2025-12-29,ORBS,5,15.51,11
2025-12-29,ASPC,6,14.74,7
2025-12-29,ACCL,7,13.05,3
2025-12-29,AMCI,8,13.04,2
2025-12-29,MLEC,9,12.46,4
2025-12-29,FJET,10,12.21,4
2025-12-29,JMG,11,11.93,1
2025-12-29,STI,12,11.86,3
2025-12-29,CRWG,13,10.1,5
2025-12-29,WOK,14,10.09,8
2025-12-29,BTOG,15,10.03,2
2025-12-30,PFSA,1,20.19,7
2025-12-30,BRLS,2,18.78,9
2025-12-30,ELOG,3,13.86,2
2025-12-30,MLEC,4,12.78,1
2025-12-30,ASPC,5,12.63,4
2025-12-30,FLYE,6,12.44,4
2025-12-30,NUAIW,7,11.36,2
2025-12-30,EKSO,8,10.88,5
2025-12-30,ASTI,9,10.83,8
2025-12-30,GRI,10,10.78,2
2025-12-30,SUPX,11,10.62,2
2025-12-30,ULY,12,10.24,4
2025-12-30,ANL,13,10.07,7
2025-12-30,EDHL,14,9.65,2
2025-12-30,MENS,15,9.63,3
2025-12-31,MNTS,1,26.83,7
2025-12-31,MENS,2,21.97,9
2025-12-31,PMAX,3,17.44,1
2025-12-31,INBS,4,15.17,11
2025-12-31,ELAB,5,14.39,4
2025-12-31,ESHA,6,13.43,12
2025-12-31,XCH,7,12.35,1
2025-12-31,LZMH,8,12.34,3
2025-12-31,VGAS,9,11.0,1
2025-12-31,VNDA,10,10.61,3
2025-12-31,LGCL,11,10.05,2
2025-12-31,NUAI,12,10.0,4
2025-12-31,OKUR,13,9.93,1
2025-12-31,ASPC,14,9.67,3
2025-12-31,FIEE,15,9.65,2
2026-01-02,STI,1,18.51,7
2026-01-02,ULY,2,18.51,2
2026-01-02,BNAI,3,17.84,14
2026-01-02,IRWD,4,17.17,8
2026-01-02,PRZO,5,16.07,10
2026-01-02,BUUU,6,14.21,5
2026-01-02,GOVX,7,12.29,4
2026-01-02,SHMDW,8,12.12,2
2026-01-02,RKLZ,9,11.37,3
2026-01-02,AWRE,10,11.29,1
2026-01-02,WOK,11,11.24,4
2026-01-02,SHMD,12,10.76,4
2026-01-02,QBTZ,13,10.67,3
2026-01-02,TROO,14,9.84,4
2026-01-02,MNTS,15,9.61,4
2026-01-05,MCGAU,1,21.43,3
2026-01-05,MOBBW,2,15.61,1
2026-01-05,BRIA,3,15.29,5
2026-01-05,INBS,4,14.73,13
2026-01-05,VRME,5,13.6,14
2026-01-05,MLEC,6,11.99,4
2026-01-05,ASTI,7,11.95,6
2026-01-05,NCEL,8,11.44,2
2026-01-05,UFG,9,10.99,7
2026-01-05,IRWD,10,10.52,3
2026-01-05,ANGH,11,10.34,4
2026-01-05,VAL.WS,12,10.33,1
2026-01-05,EEIQ,13,10.27,2
2026-01-05,ANTX,14,10.0,1
2026-01-05,GRAF,15,9.93,1
2026-01-06,EVTV,1,27.32,12
2026-01-06,RIME,2,18.56,5
2026-01-06,NTZ,3,17.59,2
2026-01-06,BNAI,4,15.97,3
2026-01-06,NRGV,5,13.13,5
2026-01-06,FJET,6,12.95,5
2026-01-06,CYCN,7,12.2,3
2026-01-06,ELAB,8,11.58,3
2026-01-06,KOS,9,11.45,2
2026-01-06,NPT,10,11.21,1
2026-01-06,INBS,11,10.4,5
2026-01-06,PAVM,12,9.83,1
2026-01-06,CRMLW,13,9.79,1
2026-01-06,EMAT,14,9.28,1
2026-01-06,ROLR,15,9.05,3
2026-01-07,NVVE,1,36.57,17
2026-01-07,FOFO,2,17.3,11
2026-01-07,MNTS,3,15.28,6
2026-01-07,BGMSP,4,14.7,1
2026-01-07,EMAT,5,12.48,6
2026-01-07,BTAI,6,12.42,5
2026-01-07,ERAS,7,11.39,5
2026-01-07,KDKRW,8,11.3,2
2026-01-07,INBS,9,10.7,4
2026-01-07,FLYX,10,10.5,2
2026-01-07,BNRG,11,10.37,4
2026-01-07,NMRA,12,10.25,8
2026-01-07,BGM,13,9.92,1
2026-01-07,BLIV,14,9.87,1
2026-01-07,UFG,15,9.85,5
2026-01-08,SXTC,1,30.81,26
2026-01-08,ICON,2,22.09,8
2026-01-08,MTEN,3,20.95,9
2026-01-08,CGTL,4,19.94,5
2026-01-08,NEOVW,5,19.53,1
2026-01-08,SDOT,6,17.43,3
2026-01-08,VWAVW,7,16.78,6
2026-01-08,FLYX,8,15.94,11
2026-01-08,ERAS,9,15.74,6
2026-01-08,ACON,10,15.65,3
2026-01-08,BW,11,15.2,3
2026-01-08,ROLR,12,11.81,5
2026-01-08,FJET,13,11.47,5
2026-01-08,IPW,14,11.1,4
2026-01-08,CLYM,15,10.96,4
2026-01-09,MTEN,1,36.61,16
2026-01-09,GRI,2,27.0,7
2026-01-09,HAO,3,17.5,6
2026-01-09,ATGL,4,16.52,15
2026-01-09,VLN,5,15.98,3
2026-01-09,HRTX,6,15.62,6
2026-01-09,INBS,7,14.58,4
2026-01-09,OKLS,8,14.56,8
2026-01-09,ATCX,9,13.72,5
2026-01-09,QTRX,10,13.45,8
2026-01-09,ALLO,11,13.25,2
2026-01-09,CGTL,12,12.55,4
2026-01-09,SXTC,13,12.33,5
2026-01-09,LRHC,14,11.16,4
2026-01-09,ICON,15,10.96,4
2026-01-12,CGTL,1,22.22,4
2026-01-12,EVTV,2,21.11,17
2026-01-12,SUGP,3,21.0,10
2026-01-12,APUS,4,19.16,1
2026-01-12,VWAVW,5,18.53,2
2026-01-12,OPTX,6,18.02,7
2026-01-12,PYXS,7,17.63,4
2026-01-12,YYAI,8,16.43,8
2026-01-12,FJET,9,15.67,3
2026-01-12,SOGP,10,14.8,5
2026-01-12,LYRA,11,13.04,10
2026-01-12,DRCT,12,13.0,4
2026-01-12,ONDS,13,12.51,5
2026-01-12,LVLU,14,12.27,3
2026-01-12,TRSG,15,12.09,1
2026-01-13,XAIR,1,20.38,19
2026-01-13,EVTV,2,18.42,7
2026-01-13,MVO,3,16.42,8
2026-01-13,EDBL,4,16.32,12
2026-01-13,WATT,5,15.23,10
2026-01-13,RVYL,6,14.91,1
2026-01-13,AHMA,7,14.45,10
2026-01-13,BCTX,8,14.22,8
2026-01-13,MTEN,9,13.95,7
2026-01-13,AGIG,10,11.11,6
2026-01-13,LVLU,11,10.99,5
2026-01-13,VWAVW,12,10.5,3
2026-01-13,AHT.PRI,13,10.43,3
2026-01-13,VWAV,14,10.35,1
2026-01-13,WLTH,15,10.33,5
2026-01-14,MSW,1,24.1,5
2026-01-14,ROMA,2,15.58,8
2026-01-14,ROLR,3,13.71,12
2026-01-14,ANPA,4,13.62,5
2026-01-14,VWAVW,5,13.62,2
2026-01-14,BNAI,6,13.21,13
2026-01-14,MTEN,7,12.96,4
2026-01-14,AGIG,8,12.75,7
2026-01-14,XAIR,9,12.38,3
2026-01-14,LFS,10,12.32,10
2026-01-14,TROO,11,11.5,1
2026-01-14,DRCT,12,11.31,2
2026-01-14,AHMA,13,11.11,6
2026-01-14,SEGG,14,10.64,6
2026-01-14,HAO,15,10.61,1
2026-01-15,CJMB,1,29.66,21
2026-01-15,SPHL,2,26.64,19
2026-01-15,SEGG,3,22.95,9
2026-01-15,CGTL,4,18.37,11
2026-01-15,ATPC,5,16.21,4
2026-01-15,CHNR,6,16.03,3
2026-01-15,CNSP,7,15.09,8
2026-01-15,ROLR,8,14.85,6
2026-01-15,RCON,9,14.79,1
2026-01-15,AHMA,10,14.73,14
2026-01-15,NUWE,11,12.69,4
2026-01-15,MGIH,12,12.22,1
2026-01-15,MTEN,13,11.99,4
2026-01-15,AHT.PRF,14,11.53,1
2026-01-15,ROMA,15,11.5,2
2026-01-16,PRFX,1,29.91,14
2026-01-16,BIYA,2,23.29,14
2026-01-16,JFBR,3,17.83,13
2026-01-16,CJMB,4,14.61,10
2026-01-16,YOUL,5,14.29,3
2026-01-16,SEGG,6,14.24,7
2026-01-16,KDKRW,7,13.89,3
2026-01-16,LCFY,8,13.47,4
2026-01-16,IRE,9,11.55,8
2026-01-16,NVNO,10,11.44,4
2026-01-16,SNAG,11,11.25,1
2026-01-16,HAO,12,11.14,3
2026-01-16,SXTP,13,11.11,10
2026-01-16,EDHL,14,11.11,1
2026-01-16,AGPU,15,10.19,8
2026-01-20,SEGG,1,25.56,14
2026-01-20,POLA,2,23.43,22
2026-01-20,ICON,3,20.17,10
2026-01-20,CRVS,4,19.21,7
2026-01-20,TULP,5,18.23,4
2026-01-20,IVF,6,17.42,15
2026-01-20,TWG,7,16.71,8
2026-01-20,BTTC,8,16.42,7
2026-01-20,LHAI,9,15.79,10
2026-01-20,RILY,10,13.68,5
2026-01-20,BLNE,11,13.4,5
2026-01-20,NUAI,12,13.35,5
2026-01-20,ONDG,13,13.11,4
2026-01-20,ANNA,14,12.23,4
2026-01-20,USGG,15,12.1,4
2026-01-21,GITS,1,48.25,25
2026-01-21,ROMA,2,26.47,13
2026-01-21,SPHL,3,16.57,7
2026-01-21,CGTL,4,16.48,7
2026-01-21,NEOV,5,16.06,7
2026-01-21,NAMM,6,15.48,10
2026-01-21,BOXL,7,15.14,10
2026-01-21,MGN,8,14.64,2
2026-01-21,LHAI,9,13.95,3
2026-01-21,PBM,10,12.71,10
2026-01-21,PAVM,11,12.55,12
2026-01-21,SLGB,12,11.18,5
2026-01-21,SEGG,13,11.06,11
2026-01-21,MLEC,14,10.87,7
2026-01-21,SIDU,15,10.75,2
2026-01-22,SXTP,1,28.06,10
2026-01-22,SPHL,2,26.14,9
2026-01-22,NAMM,3,20.0,21
2026-01-22,DRCT,4,16.91,7
2026-01-22,NUAI,5,16.75,9
2026-01-22,CMCT,6,15.29,16
2026-01-22,WTO,7,15.15,1
2026-01-22,ANPA,8,14.88,7
2026-01-22,ASTI,9,14.85,7
2026-01-22,GITS,10,14.36,5
2026-01-22,IOTR,11,14.01,7
2026-01-22,LHAI,12,13.82,3
2026-01-22,SATL,13,13.78,4
2026-01-22,SVACW,14,13.76,12
2026-01-22,ROLR,15,12.7,7
2026-01-23,AUST,1,29.44,15
2026-01-23,QCLS,2,20.51,3
2026-01-23,CRE,3,18.8,10
2026-01-23,KUST,4,17.03,7
2026-01-23,GITS,5,16.58,2
2026-01-23,RVYL,6,16.22,6
2026-01-23,GIBO,7,16.04,11
2026-01-23,BNAI,8,15.69,12
2026-01-23,HSDT,9,15.2,3
2026-01-23,REVB,10,15.08,8
2026-01-23,NAMM,11,15.01,7
2026-01-23,JFBR,12,14.41,2
2026-01-23,CYCN,13,13.91,3
2026-01-23,EVTV,14,12.16,10
2026-01-23,SXTP,15,11.54,5
2026-01-26,SLGB,1,39.96,15
2026-01-26,MBAI,2,19.48,17
2026-01-26,MOVE,3,18.75,11
2026-01-26,CNEY,4,18.74,8
2026-01-26,NAMM,5,18.59,11
2026-01-26,BNAI,6,16.4,9
2026-01-26,NVVE,7,16.28,4
2026-01-26,EVTV,8,15.98,4
2026-01-26,VSA,9,14.07,8
2026-01-26,JZXN,10,13.87,3
2026-01-26,BATL,11,13.6,8
2026-01-26,SEGG,12,12.96,5
2026-01-26,GRAN,13,12.62,1
2026-01-26,ABOS,14,12.33,6
2026-01-26,AUST,15,11.2,7
2026-01-27,GITS,1,30.66,21
2026-01-27,XHLD,2,27.75,25
2026-01-27,SXTC,3,21.22,6
2026-01-27,MOVE,4,18.61,13
2026-01-27,BNAI,5,18.4,8
2026-01-27,NEOVW,6,17.71,3
2026-01-27,HCHL,7,16.83,6
2026-01-27,GLXG,8,15.41,6
2026-01-27,DOGZ,9,14.39,8
2026-01-27,ATPC,10,13.74,3
2026-01-27,PHGE,11,11.71,12
2026-01-27,BATL,12,11.48,3
2026-01-27,ASPC,13,10.87,5
2026-01-27,NUWE,14,10.78,3
2026-01-27,LKSPR,15,10.61,2
2026-01-28,SLGB,1,53.8,23
2026-01-28,ROLR,2,23.76,8
2026-01-28,BNAI,3,22.66,19
2026-01-28,SEGG,4,21.95,13
2026-01-28,PBM,5,21.43,3
2026-01-28,MBAI,6,18.13,9
2026-01-28,LNKS,7,17.88,21
2026-01-28,GOAI,8,17.44,9
2026-01-28,BBGI,9,14.53,5
2026-01-28,TAOP,10,13.43,6
2026-01-28,ROMA,11,13.01,2
2026-01-28,OPTX,12,12.65,4
2026-01-28,GLXG,13,12.63,1
2026-01-28,RVYL,14,12.39,3
2026-01-28,MNTK,15,12.32,10
2026-01-29,FEED,1,25.45,16
2026-01-29,DRMA,2,20.85,5
2026-01-29,TRX,3,19.35,9
2026-01-29,DRCT,4,18.03,5
2026-01-29,PHGE,5,16.98,8
2026-01-29,DZZ,6,16.66,7
2026-01-29,GOAI,7,14.94,3
2026-01-29,NEOVW,8,14.8,1
2026-01-29,SLGB,9,12.69,4
2026-01-29,SEGG,10,12.43,8
2026-01-29,RVMDW,11,12.35,2
2026-01-29,NUAI,12,12.23,3
2026-01-29,JOBY.WS,13,11.89,2
2026-01-29,LNKS,14,11.56,6
2026-01-29,CATX,15,11.37,6
2026-01-30,PZG,1,42.77,5
2026-01-30,ORKT,2,33.32,21
2026-01-30,LGHL,3,21.49,6
2026-01-30,CISS,4,16.38,9
2026-01-30,RVMDW,5,15.62,1
2026-01-30,GITS,6,15.33,9
2026-01-30,VIVS,7,14.51,11
2026-01-30,FEED,8,14.01,18
2026-01-30,LRHC,9,13.91,7
2026-01-30,LHAI,10,13.68,6
2026-01-30,SPHL,11,13.6,5
2026-01-30,HCHL,12,13.33,4
2026-01-30,SUPX,13,13.14,5
2026-01-30,IBG,14,12.35,4
2026-01-30,GOAI,15,12.04,5
