run_id,rank,total_trades,winners,losers,win_rate,profit_factor,total_pnl,avg_daily_pnl,max_drawdown,days_traded,objective,a_enable_buying_volume,a_enable_float_filter,a_enable_last_1min_volume,a_enable_last_5min_volume,a_enable_market_cap_filter,a_enable_premarket_gain,a_enable_price_range,a_enable_relative_volume,a_enable_spread_filter,a_max_float,a_max_market_cap,a_max_price,a_max_spread,a_min_buying_volume,a_min_last_1min_volume,a_min_last_5min_volume,a_min_premarket_gain,a_min_price,a_min_relative_volume,account_size,b_abcd_d_light_vol,b_abcd_min_pullback_pct,b_bull_flag_breakout_vol_min,b_bull_flag_light_vol,b_bull_flag_pole_vol_min,b_dip_buy_light_vol,b_enable_abcd,b_enable_bull_flag,b_enable_dip_buy,b_enable_ema9,b_enable_flat_top,b_enable_macd,b_enable_micro_pullback,b_enable_rr,b_enable_trend,b_flat_top_resistance_tol,b_flat_top_vol_increase_tol,b_micro_pb_green_pct,b_micro_pb_light_vol,b_micro_pb_swing_tol,b_min_rr_ratio,b_stop_buffer,c_early_time_decay_hour,c_early_time_decay_min_gain_pct,c_early_time_decay_minute,c_ema_cross_qty_pct,c_enable_macd_flip_exit,c_enable_resistance_exit,c_enable_volume_dry_up_exit,c_macd_flip_qty_pct,c_resistance_exit_qty_pct,c_resistance_tolerance,c_resistance_touch_threshold,c_selling_pressure_qty_pct,c_selling_pressure_ratio,c_target1_qty_pct,c_target1_ratio,c_target2_qty_pct,c_target2_ratio,c_time_decay_hour,c_trailing_stop_distance,c_volume_dry_up_qty_pct,c_volume_dry_up_threshold,max_position_pct,risk_pct
optuna_00193,1,1102,896,206,81.31,1.3316,4672.58,43.34,1115.77,270,4672.58,False,False,True,True,False,False,True,False,False,20000000,500000000,20.016104150729905,0.15,50000,10000,100000,10.0,1.248854157596599,5.0,5000.0,0.8,0.15,0.8,0.7,0.8,0.5541729196447538,False,False,True,True,True,True,True,True,True,0.09685258640821627,1.739644547335432,0.5787508531509203,0.860774977914268,0.9339158682420557,1.999414427766932,0.07613701357815986,0,5.0,45,0.25,False,False,False,0.5,0.5,0.03,2,0.24931688233673963,1.503705341855483,0.3003249694149702,2.192621416657667,0.27388866851896765,2.123567637745124,10,0.2622988122747105,0.5,0.6,20.0,2.0
optuna_00170,2,1109,910,199,82.06,1.3229,4585.66,43.32,1345.4,270,4585.66,False,False,True,True,False,False,True,False,False,20000000,500000000,20.674888041278884,0.15,50000,10000,100000,10.0,1.0032967651529638,5.0,5000.0,0.8,0.15,0.8,0.7,0.8,0.5384717187698649,False,False,True,True,True,True,True,True,True,0.09991811307015114,1.7172277232602216,0.5742001838240841,0.8561068803031548,0.9407836615204901,1.9047551361384971,0.08566900656601657,0,5.0,45,0.25,False,False,False,0.5,0.5,0.03,2,0.2859281642887003,1.4698711475521442,0.33464145306162746,2.0097615646256823,0.2969950171477312,2.251254986594989,10,0.2569026825835922,0.5,0.6,20.0,2.0
optuna_00188,3,1113,910,203,81.76,1.3216,4552.35,43.4,1348.96,270,4552.35,False,False,True,True,False,False,True,False,False,20000000,500000000,20.112189908909414,0.15,50000,10000,100000,10.0,1.1548271808692299,5.0,5000.0,0.8,0.15,0.8,0.7,0.8,0.5665707163987587,False,False,True,True,True,True,True,True,True,0.0997952205551238,1.7016664584887744,0.574577585165332,0.854610163369296,0.935957743631103,1.9629140389733948,0.07879392229439207,0,5.0,45,0.25,False,False,False,0.5,0.5,0.03,2,0.28814758221415093,1.5382573646286493,0.3202623418461883,2.0844993633401083,0.2924844722024553,2.06939022178053,10,0.2658759120850024,0.5,0.6,20.0,2.0
optuna_00196,4,1125,914,211,81.24,1.3159,4462.03,41.56,1138.67,270,4462.03,False,False,True,True,False,False,True,False,False,20000000,500000000,19.958880488219886,0.15,50000,10000,100000,10.0,1.1757868988938007,5.0,5000.0,0.8,0.15,0.8,0.7,0.8,0.5494321598700778,False,False,True,True,True,True,True,True,True,0.09985357259622134,1.691147098765188,0.585073524324375,0.8246897946954155,0.9354618722944014,1.9955678728526172,0.07838547563392756,0,5.0,45,0.25,False,False,False,0.5,0.5,0.03,2,0.25254231730577775,1.203183323024936,0.2870524039754262,2.1745939971745467,0.2820647784681464,2.1386303767780515,10,0.25858086895881255,0.5,0.6,20.0,2.0
optuna_00171,5,1116,914,202,81.9,1.306,4429.47,42.79,1310.3,270,4429.47,False,False,True,True,False,False,True,False,False,20000000,500000000,20.70377046479639,0.15,50000,10000,100000,10.0,1.0030494564468484,5.0,5000.0,0.8,0.15,0.8,0.7,0.8,0.545797696678428,False,False,True,True,True,True,True,True,True,0.09943606812767196,1.6840496747302391,0.5728005817364608,0.8985979853179876,0.9400609282087026,1.9103829939833303,0.08040907550182898,0,5.0,45,0.25,False,False,False,0.5,0.5,0.03,2,0.28297071304056726,1.4909925861601125,0.3336072086680865,2.026856850764742,0.2933360851704294,2.2456499221685684,10,0.2558174310674204,0.5,0.6,20.0,2.0
optuna_00218,6,1099,903,196,82.17,1.3202,4420.05,43.33,1349.04,270,4420.05,False,False,True,True,False,False,True,False,False,20000000,500000000,19.501405415162694,0.15,50000,10000,100000,10.0,1.1955691766523027,5.0,5000.0,0.8,0.15,0.8,0.7,0.8,0.5721570923008832,False,False,True,True,True,True,True,True,True,0.09998585484795344,1.7088045504509326,0.5765820175336361,0.8400577571628101,0.9345426926118452,1.839842962477602,0.0779761082810373,0,5.0,45,0.25,False,False,False,0.5,0.5,0.03,2,0.31527616560233457,1.5640076129938982,0.37774389866721925,2.1926121656426867,0.25199530832656486,2.3759718960859404,10,0.264589767382593,0.5,0.6,20.0,2.0
optuna_00242,7,1109,908,201,81.88,1.3091,4419.63,42.99,1359.58,270,4419.63,False,False,True,True,False,False,True,False,False,20000000,500000000,19.784932587460943,0.15,50000,10000,100000,10.0,1.1437325323185181,5.0,5000.0,0.8,0.15,0.8,0.7,0.8,0.5870201890137745,False,False,True,True,True,True,True,True,True,0.0999666878580611,1.2334387200051107,0.5830268828573694,0.8290250239800359,0.9304712874723269,1.9168952493673008,0.0772284715462632,0,5.0,45,0.25,False,False,False,0.5,0.5,0.03,2,0.28387264292874514,1.5722729713472112,0.3685563269855015,2.266986487230861,0.20122187193577473,2.294819865787372,10,0.2580886517446678,0.5,0.6,20.0,2.0
optuna_00187,8,1103,899,204,81.5,1.3095,4393.61,42.46,1398.87,270,4393.61,False,False,True,True,False,False,True,False,False,20000000,500000000,20.09812159255392,0.15,50000,10000,100000,10.0,1.1661303270895258,5.0,5000.0,0.8,0.15,0.8,0.7,0.8,0.5431364371069479,False,False,True,True,True,True,True,True,True,0.09976415243716891,1.7074639065328958,0.5761846540657466,0.8502448011517321,0.9350069881346817,1.967673920966403,0.07808837451778665,0,5.0,45,0.25,False,False,False,0.5,0.5,0.03,2,0.29486733326016284,1.49332479864385,0.3162751910283605,2.091223298243776,0.29246662215375085,2.1456297281094407,10,0.24820297109526634,0.5,0.6,20.0,2.0
optuna_00212,9,1105,899,206,81.36,1.3059,4350.45,41.98,1052.24,270,4350.45,False,False,True,True,False,False,True,False,False,20000000,500000000,19.88349066936774,0.15,50000,10000,100000,10.0,1.1148074184085794,5.0,5000.0,0.8,0.15,0.8,0.7,0.8,0.5545219617435438,False,False,True,True,True,True,True,True,True,0.09999699277721162,1.7036530105240015,0.5145099664167976,0.856423287711875,0.9306876886975955,1.8330174681310636,0.07961981803951401,0,5.0,45,0.25,False,False,False,0.5,0.5,0.03,2,0.2636400432277085,1.2913809627072046,0.37547341521480854,2.0822739809653696,0.2499205305519093,2.1432956982705753,10,0.25551629139308124,0.5,0.6,20.0,2.0
optuna_00222,10,1094,896,198,81.9,1.3133,4328.95,42.6,1108.06,270,4328.95,False,False,True,True,False,False,True,False,False,20000000,500000000,19.6819184535767,0.15,50000,10000,100000,10.0,1.2963195191071795,5.0,5000.0,0.8,0.15,0.8,0.7,0.8,0.5736143065124512,False,False,True,True,True,True,True,True,True,0.09992793730378524,1.2801226785224247,0.5757511441174561,0.8423039347683962,0.9316039873706276,1.871443291757637,0.07731599145118158,0,5.0,45,0.25,False,False,False,0.5,0.5,0.03,2,0.3107347612654442,1.5566595005247543,0.40122558258373797,2.2686704950224175,0.21037240739412402,2.3912328418870072,10,0.267204939323031,0.5,0.6,20.0,2.0
optuna_00174,11,1112,907,205,81.56,1.2974,4315.55,42.42,1428.24,270,4315.55,False,False,True,True,False,False,True,False,False,20000000,500000000,20.261984566053425,0.15,50000,10000,100000,10.0,1.0008293237312809,5.0,5000.0,0.8,0.15,0.8,0.7,0.8,0.5589893261740936,False,False,True,True,True,True,True,True,True,0.09991168853732685,1.7280226070146785,0.5808561241133161,0.8989382773476873,0.9359196476731856,1.9723650109868884,0.085066640997484,0,5.0,45,0.25,False,False,False,0.5,0.5,0.03,2,0.25705614117730946,1.5046104908785924,0.3633456604410512,2.013094810997809,0.27768904724406807,2.140221367216768,10,0.2530605870010293,0.5,0.6,20.0,2.0
optuna_00192,12,1100,891,209,81.0,1.2983,4284.17,41.97,1359.41,270,4284.17,False,False,True,True,False,False,True,False,False,20000000,500000000,19.662491378524688,0.15,50000,10000,100000,10.0,1.2235206510919727,5.0,5000.0,0.8,0.15,0.8,0.7,0.8,0.5481638144261843,False,False,True,True,True,True,True,True,True,0.09970771608196445,1.7371188743244754,0.5533990353483411,0.8517187997294383,0.9354582782167761,1.9947759725403156,0.07619471191430371,0,5.0,45,0.25,False,False,False,0.5,0.5,0.03,2,0.24920867177406927,1.4813932260240792,0.3236947570956204,2.199869218566314,0.276770575858412,2.15709097160188,10,0.257826021970715,0.5,0.6,20.0,2.0
optuna_00214,13,1108,898,210,81.05,1.2934,4267.75,41.94,1191.85,270,4267.75,False,False,True,True,False,False,True,False,False,20000000,500000000,20.10018258463753,0.15,50000,10000,100000,10.0,1.234883084397764,5.0,5000.0,0.8,0.15,0.8,0.7,0.8,0.5639124419213619,False,False,True,True,True,True,True,True,True,0.09981812925633703,1.768754721072402,0.5166944927537865,0.8469806162536366,0.9316160245790419,1.8443093517268725,0.07413837208549105,0,5.0,45,0.25,False,False,False,0.5,0.5,0.03,2,0.27052830437511094,1.5527040751297714,0.38269777088023155,2.0457296916990853,0.23847189012820605,2.1227079292402657,10,0.2582950188203945,0.5,0.6,20.0,2.0
optuna_00210,14,1103,901,202,81.69,1.3014,4260.15,42.23,1227.91,270,4260.15,False,False,True,True,False,False,True,False,False,20000000,500000000,20.280263571133943,0.15,50000,10000,100000,10.0,1.1261350353226602,5.0,5000.0,0.8,0.15,0.8,0.7,0.8,0.5030830454867571,False,False,True,True,True,True,True,True,True,0.09370539183261593,1.6976218987933416,0.5095836262452846,0.8505596206850462,0.9277413551371083,1.8864681841987325,0.07776100323172278,0,5.0,45,0.25,False,False,False,0.5,0.5,0.03,2,0.270558663693413,1.290695386153041,0.3717995197049481,2.022568234402799,0.2702725712892744,2.2830290174876526,10,0.2601653326992636,0.5,0.6,20.0,2.0
optuna_00185,15,1091,891,200,81.67,1.3008,4226.93,41.97,1401.76,270,4226.93,False,False,True,True,False,False,True,False,False,20000000,500000000,20.13017023823948,0.15,50000,10000,100000,10.0,1.1758749126617796,5.0,5000.0,0.8,0.15,0.8,0.7,0.8,0.5414614418764956,False,False,True,True,True,True,True,True,True,0.0998074191473964,1.746361125052452,0.5788952804225137,0.8824903758247666,0.9349905410819538,1.9608821807330674,0.07683509616473393,0,5.0,45,0.25,False,False,False,0.5,0.5,0.03,2,0.2958047345951351,1.5303404813410468,0.35562466041713936,2.103393311507512,0.29175803131936984,2.2025214712538608,10,0.24712893984516496,0.5,0.6,20.0,2.0
optuna_00221,16,1102,902,200,81.85,1.3006,4212.42,42.88,1352.14,270,4212.42,False,False,True,True,False,False,True,False,False,20000000,500000000,19.52642980554435,0.15,50000,10000,100000,10.0,1.1910236692828629,5.0,5000.0,0.8,0.15,0.8,0.7,0.8,0.5746539817467927,False,False,True,True,True,True,True,True,True,0.09710859518210846,1.7373089428509383,0.5766043319274308,0.8421684315889825,0.9307977351376395,1.8651102839132476,0.07770954123476168,0,5.0,45,0.25,False,False,False,0.5,0.5,0.03,2,0.3082882556065779,1.512033445598462,0.3966707675149145,2.2589708349139093,0.23135130644267154,2.3028175724225903,10,0.26544652795883594,0.5,0.6,20.0,2.0
optuna_00223,17,1093,896,197,81.98,1.3016,4208.14,42.71,1366.79,270,4208.14,False,False,True,True,False,False,True,False,False,20000000,500000000,19.639969647033872,0.15,50000,10000,100000,10.0,1.2038897831255109,5.0,5000.0,0.8,0.15,0.8,0.7,0.8,0.60513235991341,False,False,True,True,True,True,True,True,True,0.09967400264190736,1.7302284767726979,0.5776792261058625,0.8393313315586377,0.9306854368483989,1.8770034545611824,0.07811023212363193,0,5.0,45,0.25,False,False,False,0.5,0.5,0.03,2,0.30646169713077565,1.5518387628991381,0.4035488055946142,2.2720724467685,0.20658260426524647,2.417545734003241,10,0.267675458208163,0.5,0.6,20.0,2.0
optuna_00245,18,1096,890,206,81.2,1.2929,4189.19,42.46,1112.72,270,4189.19,False,False,True,True,False,False,True,False,False,20000000,500000000,20.274585411058588,0.15,50000,10000,100000,10.0,1.2458947021670936,5.0,5000.0,0.8,0.15,0.8,0.7,0.8,0.5961191726512178,False,False,True,True,True,True,True,True,True,0.0999039884090818,1.3335033257416016,0.5653363548705667,0.8308707148184488,0.9279255984572026,1.8043936144114876,0.07224192408858604,0,5.0,45,0.25,False,False,False,0.5,0.5,0.03,2,0.2671821607748422,1.5166418070633003,0.363566703454864,2.1900443709891944,0.20310103267381344,2.261031287227449,10,0.26350106092020825,0.5,0.6,20.0,2.0
optuna_00233,19,1095,890,205,81.28,1.2896,4118.89,42.7,1139.39,270,4118.89,False,False,True,True,False,False,True,False,False,20000000,500000000,20.07039123240432,0.15,50000,10000,100000,10.0,1.2425578293884374,5.0,5000.0,0.8,0.15,0.8,0.7,0.8,0.5850458521914751,False,False,True,True,True,True,True,True,True,0.0965921734418839,1.2778900720773698,0.5839000355666444,0.8519159781001093,0.928638729971503,1.9272119920805,0.07837901982567247,0,5.0,45,0.25,False,False,False,0.5,0.5,0.03,2,0.2921096733795554,1.4335373729819871,0.38637720201359205,2.2994015560342977,0.18581923091672115,2.3553392884122464,10,0.28051135791798365,0.5,0.6,20.0,2.0
optuna_00231,20,1101,899,202,81.65,1.2919,4114.08,43.53,1507.78,270,4114.08,False,False,True,True,False,False,True,False,False,20000000,500000000,19.714871336325626,0.15,50000,10000,100000,10.0,1.2227483889490645,5.0,5000.0,0.8,0.15,0.8,0.7,0.8,0.5744018069655119,False,False,True,True,True,True,True,True,True,0.09995650103590584,1.278487515086624,0.5678934063188386,0.8500887469428388,0.9327149911128316,1.9305265633460087,0.07831012237699206,0,5.0,45,0.25,False,False,False,0.5,0.5,0.03,2,0.3078664041268673,1.5555483061916995,0.3885832850797683,2.2982205723995874,0.1956025425908106,2.465928897693702,10,0.2939108581544649,0.5,0.6,20.0,2.0
optuna_00241,21,1102,899,203,81.58,1.2793,4078.07,41.62,1518.89,270,4078.07,False,False,True,True,False,False,True,False,False,20000000,500000000,19.784063149618582,0.15,50000,10000,100000,10.0,1.134329916067957,5.0,5000.0,0.8,0.15,0.8,0.7,0.8,0.5870376840390834,False,False,True,True,True,True,True,True,True,0.09539889973487421,1.289628526441512,0.5808790621737205,0.8476937939555147,0.9306788938703058,1.888420016120022,0.0813560118271237,0,5.0,45,0.25,False,False,False,0.5,0.5,0.03,2,0.2839901502906685,1.5674852542181352,0.3664537148154189,2.2613946251201917,0.21203579581609475,2.2792836229205893,10,0.25761959738607143,0.5,0.6,20.0,2.0
optuna_00133,22,1117,905,212,81.02,1.2772,4066.86,42.43,1163.92,270,4066.86,False,False,True,True,False,False,True,False,False,20000000,500000000,18.744541117553517,0.15,50000,10000,100000,10.0,1.29687587704041,5.0,5000.0,0.8,0.15,0.8,0.7,0.8,0.44771638097747146,False,False,True,True,True,True,True,True,True,0.09017360625414911,1.8052105934347051,0.6571983487214977,0.8901902759200203,0.9306027724108232,1.7669315705848745,0.06926802776798895,0,5.0,45,0.25,False,False,False,0.5,0.5,0.03,2,0.3269060541985366,1.8588691499244818,0.3086454366825371,2.1266055972274693,0.3273328143685379,2.334442788191167,10,0.223150270749608,0.5,0.6,20.0,2.0
optuna_00159,23,1115,909,206,81.52,1.2742,4030.82,40.26,1406.1,270,4030.82,False,False,True,True,False,False,True,False,False,20000000,500000000,20.954160946927065,0.15,50000,10000,100000,10.0,1.0570387517723336,5.0,5000.0,0.8,0.15,0.8,0.7,0.8,0.5319056178263905,False,False,True,True,True,True,True,True,True,0.09847662681566792,1.7143288392686933,0.5465008987808531,0.8992822900340798,0.9389545351306245,1.9237423794940867,0.08152307109652894,0,5.0,45,0.25,False,False,False,0.5,0.5,0.03,2,0.27095409566404344,1.4305855444883473,0.3187887788375921,2.133544966583388,0.2880327961660485,2.215229862728217,10,0.24128740523255177,0.5,0.6,20.0,2.0
optuna_00219,24,1098,895,203,81.51,1.2822,4029.78,41.68,1180.0,270,4029.78,False,False,True,True,False,False,True,False,False,20000000,500000000,19.448012147734467,0.15,50000,10000,100000,10.0,1.2320038166467149,5.0,5000.0,0.8,0.15,0.8,0.7,0.8,0.5730455204743808,False,False,True,True,True,True,True,True,True,0.09983510309060574,1.7662448928967118,0.5957501025903091,0.8460386896200063,0.9335532254345752,1.829612497757962,0.07451124111563975,0,5.0,45,0.25,False,False,False,0.5,0.5,0.03,2,0.3120433857284414,1.5612763225049635,0.365450708747683,2.1928531175556985,0.23525406753923694,2.3993274690996897,10,0.26416160417498247,0.5,0.6,20.0,2.0
optuna_00230,25,1096,892,204,81.39,1.2819,4000.47,41.67,1419.36,270,4000.47,False,False,True,True,False,False,True,False,False,20000000,500000000,19.690195550927918,0.15,50000,10000,100000,10.0,1.2184869214139935,5.0,5000.0,0.8,0.15,0.8,0.7,0.8,0.5746110730852599,False,False,True,True,True,True,True,True,True,0.09337125297672934,1.3007996338288517,0.5675253550361339,0.8473855116552913,0.9323668334707786,1.9371570710828476,0.07835001527790496,0,5.0,45,0.25,False,False,False,0.5,0.5,0.03,2,0.30555636571773076,1.5418687294806113,0.40806589907324264,2.305894728807952,0.2023067446357489,2.431170328207813,10,0.27845917218292804,0.5,0.6,20.0,2.0
optuna_00186,26,1098,894,204,81.42,1.2772,3994.36,40.89,1402.62,270,3994.36,False,False,True,True,False,False,True,False,False,20000000,500000000,20.071851179615443,0.15,50000,10000,100000,10.0,1.1656609066685344,5.0,5000.0,0.8,0.15,0.8,0.7,0.8,0.5458374801877889,False,False,True,True,True,True,True,True,True,0.09655796859439296,1.7154114365280497,0.5794143457468166,0.8691228610166195,0.9351443258800193,1.9489764170159558,0.07722838450434777,0,5.0,45,0.25,False,False,False,0.5,0.5,0.03,2,0.29153000781073,1.5326143614037233,0.323581408912894,2.0918384350177672,0.30734815923024505,2.2054088307702933,10,0.24553257550645036,0.5,0.6,20.0,2.0
optuna_00246,27,1099,891,208,81.07,1.2773,3990.12,41.56,1211.71,270,3990.12,False,False,True,True,False,False,True,False,False,20000000,500000000,20.29361728614774,0.15,50000,10000,100000,10.0,1.2380174025081436,5.0,5000.0,0.8,0.15,0.8,0.7,0.8,0.6039890004139039,False,False,True,True,True,True,True,True,True,0.09998660167445236,1.320488225283926,0.5634057049045512,0.8279820257057042,0.927235285555073,1.7970242206496048,0.07272071864970538,0,5.0,45,0.25,False,False,False,0.5,0.5,0.03,2,0.2626391166583583,1.4740794956811454,0.3679185984993405,2.208260894030965,0.20906893878433966,2.295073359445629,10,0.26281769974596675,0.5,0.6,20.0,2.0
optuna_00095,28,1149,935,214,81.38,1.2679,3989.36,39.1,1303.3,270,3989.36,False,False,True,True,False,False,True,False,False,20000000,500000000,18.32497152938387,0.15,50000,10000,100000,10.0,1.2243153348172984,5.0,5000.0,0.8,0.15,0.8,0.7,0.8,0.8810821229194504,False,False,True,True,True,True,True,True,True,0.09013855986574981,1.7934667260483286,0.6478747550937289,0.8992222834385956,0.9477306992084511,1.9087574744843345,0.07795249655133739,0,5.0,45,0.25,False,False,False,0.5,0.5,0.03,2,0.31255564747123044,1.9120824030723236,0.2478096688243452,2.331128570630705,0.3227450685941202,2.5908127498459925,10,0.19110791121431406,0.5,0.6,20.0,2.0
optuna_00155,29,1130,913,217,80.8,1.2633,3970.08,40.26,1509.97,270,3970.08,False,False,True,True,False,False,True,False,False,20000000,500000000,19.768058893469163,0.15,50000,10000,100000,10.0,1.0605147383411528,5.0,5000.0,0.8,0.15,0.8,0.7,0.8,0.4933426138251417,False,False,True,True,True,True,True,True,True,0.09489701722233294,1.7642341746770853,0.5786034024587714,0.8991465850374489,0.9364216962539756,1.8702678884295736,0.08144488624415074,0,5.0,45,0.25,False,False,False,0.5,0.5,0.03,2,0.296860459682124,1.6848032323146225,0.31714462663502796,2.241819485890258,0.34141627641437716,2.17164390349065,10,0.21600064097598262,0.5,0.6,20.0,2.0
optuna_00227,30,1097,897,200,81.77,1.2867,3969.32,39.84,1098.46,270,3969.32,False,False,True,True,False,False,True,False,False,20000000,500000000,19.309936518645483,0.15,50000,10000,100000,10.0,1.3487979424240113,5.0,5000.0,0.8,0.15,0.8,0.7,0.8,0.5754093952962875,False,False,True,True,True,True,True,True,True,0.09992255758252845,1.6999606268758058,0.5739622468298661,0.8470641086507983,0.9324183969214052,1.8432631887528697,0.07777187999457012,0,5.0,45,0.25,False,False,False,0.5,0.5,0.03,2,0.32827086311321596,1.5697104294238622,0.39556950986523554,2.231968382866531,0.2104693077512411,2.436877905049231,10,0.26392068579875166,0.5,0.6,20.0,2.0
optuna_00156,31,1108,896,212,80.87,1.2695,3964.22,40.51,1379.49,270,3964.22,False,False,True,True,False,False,True,False,False,20000000,500000000,19.912646432608298,0.15,50000,10000,100000,10.0,1.0828155242167037,5.0,5000.0,0.8,0.15,0.8,0.7,0.8,0.49431411926408536,False,False,True,True,True,True,True,True,True,0.09831546072576201,1.7598268315544379,0.57308776232544,0.8995400830406686,0.9379411160654824,1.8932855674989224,0.0765445268217588,0,5.0,45,0.25,False,False,False,0.5,0.5,0.03,2,0.295769905693135,1.5871451405641948,0.3125668751218566,2.1550435108248718,0.31510926021514857,2.229553254196358,10,0.22200104321142775,0.5,0.6,20.0,2.0
optuna_00124,32,1126,910,216,80.82,1.2622,3951.12,38.14,841.08,270,3951.12,False,False,True,True,False,False,True,False,False,20000000,500000000,18.162901460308593,0.15,50000,10000,100000,10.0,1.1812375774765682,5.0,5000.0,0.8,0.15,0.8,0.7,0.8,0.4307612602115033,False,False,True,True,True,True,True,True,True,0.020726503354559975,1.887890490367449,0.6311818367087618,0.8867173539553543,0.9375163248106984,1.7766669047467816,0.06904576344513645,0,5.0,45,0.25,False,False,False,0.5,0.5,0.03,2,0.27963342619676745,1.9022297973830704,0.32542969524863413,2.2994989182730325,0.34596715059669764,2.3429348748024204,10,0.2272536118640377,0.5,0.6,20.0,2.0
optuna_00152,33,1112,898,214,80.76,1.2654,3932.87,40.92,1238.96,270,3932.87,False,False,True,True,False,False,True,False,False,20000000,500000000,19.15629905091583,0.15,50000,10000,100000,10.0,1.2665854857571357,5.0,5000.0,0.8,0.15,0.8,0.7,0.8,0.4903834236325377,False,False,True,True,True,True,True,True,True,0.09475056642560367,1.7667344982507562,0.6516776755907215,0.8998130907084685,0.9363596068776077,1.8341130399264824,0.07323806566823289,0,5.0,45,0.25,False,False,False,0.5,0.5,0.03,2,0.3250831842919768,1.8864417897156203,0.3227613568080946,2.259262834513344,0.34007172699683275,2.1751850038106557,10,0.2236934069042154,0.5,0.6,20.0,2.0
optuna_00164,34,1123,914,209,81.39,1.2649,3930.13,39.7,1217.7,270,3930.13,False,False,True,True,False,False,True,False,False,20000000,500000000,20.55761829871755,0.15,50000,10000,100000,10.0,1.009257690001528,5.0,5000.0,0.8,0.15,0.8,0.7,0.8,0.531471711357442,False,False,True,True,True,True,True,True,True,0.09744560155019702,1.747408915722663,0.5547838891760789,0.899405668302174,0.9369795366902878,1.9626202243732673,0.08415344918062614,0,5.0,45,0.25,False,False,False,0.5,0.5,0.03,2,0.24834163859360434,1.2801348278049454,0.33263791206977306,2.127057281863486,0.26533188509425726,2.254845399451635,10,0.24711356768598847,0.5,0.6,20.0,2.0
optuna_00160,35,1115,904,211,81.08,1.2651,3927.63,40.19,1076.12,270,3927.63,False,False,True,True,False,False,True,False,False,20000000,500000000,20.81034873790579,0.15,50000,10000,100000,10.0,1.0620854238273207,5.0,5000.0,0.8,0.15,0.8,0.7,0.8,0.5402474068671598,False,False,True,True,True,True,True,True,True,0.09798290600757678,1.707271736140222,0.5386531984507249,0.8726159055641797,0.9380037526111817,1.9685986838352698,0.07909670865726222,0,5.0,45,0.25,False,False,False,0.5,0.5,0.03,2,0.26966083273283714,1.3072256450229018,0.3186568870992613,2.1424640114924545,0.2901908102951156,2.2152587166455437,10,0.24536663767684694,0.5,0.6,20.0,2.0
optuna_00208,36,1098,883,215,80.42,1.2681,3925.52,40.28,1098.73,270,3925.52,False,False,True,True,False,False,True,False,False,20000000,500000000,20.52526960848314,0.15,50000,10000,100000,10.0,1.1191366943510326,5.0,5000.0,0.8,0.15,0.8,0.7,0.8,0.5625673664529441,False,False,True,True,True,True,True,True,True,0.09591651862669545,1.7020096470968582,0.53194813943247,0.8812688313312104,0.9269868454355104,1.8737458576661856,0.07673112567548356,0,5.0,45,0.25,False,False,False,0.5,0.5,0.03,2,0.2749125845786814,1.2667591123707846,0.33831501486698146,2.137532749476092,0.263437304995385,2.11520190204593,10,0.23729539712408448,0.5,0.6,20.0,2.0
optuna_00182,37,1118,909,209,81.31,1.2652,3901.69,40.22,1452.12,270,3901.69,False,False,True,True,False,False,True,False,False,20000000,500000000,21.706648733460238,0.15,50000,10000,100000,10.0,1.008028617400198,5.0,5000.0,0.8,0.15,0.8,0.7,0.8,0.5085638729178058,False,False,True,True,True,True,True,True,True,0.09785243397509191,1.7274067857047932,0.5853282586213476,0.8800859450138692,0.9373070620973855,1.9445601517990467,0.0844683944690617,0,5.0,45,0.25,False,False,False,0.5,0.5,0.03,2,0.26902451379184517,1.347279827223282,0.3490652784156874,2.0892541190373906,0.29071565846349195,2.193526172695827,10,0.24859680015382282,0.5,0.6,20.0,2.0
optuna_00162,38,1109,903,206,81.42,1.2669,3894.22,39.4,1484.54,270,3894.22,False,False,True,True,False,False,True,False,False,20000000,500000000,20.76665428638469,0.15,50000,10000,100000,10.0,1.0705689054362957,5.0,5000.0,0.8,0.15,0.8,0.7,0.8,0.5369523675068135,False,False,True,True,True,True,True,True,True,0.09843175902007255,1.7178565094158789,0.5554974087215047,0.8990493182025273,0.9390073944441291,1.957922769140634,0.08225039999495638,0,5.0,45,0.25,False,False,False,0.5,0.5,0.03,2,0.25271260497975034,1.3621628989367207,0.3227882929573186,2.118356057980998,0.2857231457620739,2.2181171922487493,10,0.2486235355206417,0.5,0.6,20.0,2.0
optuna_00236,39,1095,884,211,80.73,1.2664,3874.84,40.29,1119.34,270,3874.84,False,False,True,True,False,False,True,False,False,20000000,500000000,20.29413813799552,0.15,50000,10000,100000,10.0,1.2710207883273865,5.0,5000.0,0.8,0.15,0.8,0.7,0.8,0.5560088309672637,False,False,True,False,True,True,True,True,True,0.0981086340193654,1.295079628877959,0.5837266046223688,0.8497349804692053,0.9313974870107163,1.937220583791368,0.07625043739582878,0,5.0,45,0.25,False,False,False,0.5,0.5,0.03,2,0.28337433906472914,1.5295619988907208,0.37750460094762767,2.2893303927774347,0.21060503125323715,2.3128652682514,10,0.27765803971441994,0.5,0.6,20.0,2.0
optuna_00158,40,1112,906,206,81.47,1.2621,3874.76,40.07,1404.55,270,3874.76,False,False,True,True,False,False,True,False,False,20000000,500000000,20.606880139487668,0.15,50000,10000,100000,10.0,1.06318983905143,5.0,5000.0,0.8,0.15,0.8,0.7,0.8,0.49164880556821977,False,False,True,True,True,True,True,True,True,0.09798404468382062,1.7607320963368773,0.5565757298400315,0.8988404627772918,0.9378458640562511,1.9054718747185913,0.08171559398410783,0,5.0,45,0.25,False,False,False,0.5,0.5,0.03,2,0.2798590375285476,1.4636623943376192,0.30904851844372533,2.176315693751208,0.31238676612330685,2.2117281544667144,10,0.2424541937254176,0.5,0.6,20.0,2.0
optuna_00191,41,1091,887,204,81.3,1.2663,3865.41,40.06,1606.68,270,3865.41,False,False,True,True,False,False,True,False,False,20000000,500000000,19.685655177666856,0.15,50000,10000,100000,10.0,1.1292323807150286,5.0,5000.0,0.8,0.15,0.8,0.7,0.8,0.5469843686519928,False,False,True,True,True,True,True,True,True,0.09987395871875422,1.7146575229998327,0.5516314567274896,0.8652997368189798,0.9378921120398682,1.9481397721393128,0.08040868115159225,0,5.0,45,0.25,False,False,False,0.5,0.5,0.03,2,0.2715460849823185,1.462140729770683,0.32118639913679753,2.1119216425382277,0.29007462769269027,2.1670416814037408,10,0.25224097770137965,0.5,0.6,20.0,2.0
optuna_00199,42,1103,891,212,80.78,1.2675,3864.3,41.2,1270.91,270,3864.3,False,False,True,True,False,False,True,False,False,20000000,500000000,20.234436119363288,0.15,50000,10000,100000,10.0,1.2761243756390315,5.0,5000.0,0.8,0.15,0.8,0.7,0.8,0.65,False,False,False,False,True,True,True,True,True,0.09411864455801558,1.6962193808574766,0.5726258625461176,0.8559905764994761,0.9335550724142923,1.8725685234126033,0.07826007412328141,0,5.0,45,0.25,False,False,False,0.5,0.5,0.03,2,0.3022964732826467,1.6040489911430513,0.29993453903882666,2.0677787340618345,0.26241920544907216,2.1300172583310686,10,0.2897340477658189,0.5,0.6,20.0,2.0
optuna_00161,43,1095,890,205,81.28,1.2651,3858.06,40.15,1439.85,270,3858.06,False,False,True,True,False,False,True,False,False,20000000,500000000,20.77302509507608,0.15,50000,10000,100000,10.0,1.0916673800106504,5.0,5000.0,0.8,0.15,0.8,0.7,0.8,0.5381681849536802,False,False,True,True,True,True,True,True,True,0.0998995949822121,1.7201146136843937,0.5401281135109498,0.8987342274984985,0.9375243498322708,1.9561142651805363,0.08117332311215648,0,5.0,45,0.25,False,False,False,0.5,0.5,0.03,2,0.2692542862164491,1.3981090832359222,0.31824796688123547,2.1138882139321122,0.2879541193104343,2.2481460916628446,10,0.2481365602166783,0.5,0.6,20.0,2.0
optuna_00132,44,1155,935,220,80.95,1.2477,3847.97,43.01,1264.53,270,3847.97,False,False,True,True,False,False,True,False,False,20000000,500000000,18.662748764461966,0.15,50000,10000,100000,10.0,1.0735703522260256,5.0,5000.0,0.8,0.15,0.8,0.7,0.8,0.42459009427547817,False,False,True,True,True,True,True,True,True,0.09067991342261403,1.8004488391053164,0.6748174371935198,0.888940766121827,0.9337790766632533,1.8153731266495696,0.06853659663675209,0,5.0,45,0.25,False,False,False,0.5,0.5,0.03,2,0.34858544409940895,1.8768875502996327,0.3118099015946839,2.0086989370607453,0.3293501750851108,2.3392739888077054,10,0.21566671330122886,0.5,0.6,20.0,2.0
optuna_00123,45,1113,898,215,80.68,1.255,3833.34,41.17,1489.74,270,3833.34,False,False,True,True,False,False,True,False,False,20000000,500000000,18.13676020517614,0.15,50000,10000,100000,10.0,1.2426794280123974,5.0,5000.0,0.8,0.15,0.8,0.7,0.8,0.4438035111296763,False,False,True,True,True,True,True,True,True,0.09543182268910834,1.8821154670484253,0.6466777098856008,0.889381646764612,0.9439806719459535,1.7908735376058615,0.06927241959007181,0,5.0,45,0.25,False,False,False,0.5,0.5,0.03,2,0.2779273172133809,1.937227944646889,0.32806766998940246,1.8661848837451804,0.3301710607122236,2.229536606552034,10,0.22792454700743936,0.5,0.6,20.0,2.0
optuna_00203,46,1091,874,217,80.11,1.2603,3828.32,38.9,1323.33,270,3828.32,False,False,True,True,False,False,True,False,False,20000000,500000000,20.142250505036273,0.15,50000,10000,100000,10.0,1.2335445300513572,5.0,5000.0,0.8,0.15,0.8,0.7,0.8,0.5315527921248705,False,False,True,True,True,True,True,True,True,0.09661327664503286,1.706804279015491,0.5897013128584893,0.8573131164060629,0.9381998278598032,1.8848674413520112,0.07828843459511364,0,5.0,45,0.25,False,False,False,0.5,0.5,0.03,2,0.24378305293805425,1.3353562061798663,0.3056855794980562,2.1617398200368667,0.27128512908148267,2.2791176153671677,10,0.23335820330076099,0.5,0.6,20.0,2.0
optuna_00139,47,1138,921,217,80.93,1.2551,3815.98,40.51,1061.95,270,3815.98,False,False,True,True,False,False,True,False,False,20000000,500000000,18.673563745758155,0.15,50000,10000,100000,10.0,1.3901171405244312,5.0,5000.0,0.8,0.15,0.8,0.7,0.8,0.46484020690693373,False,False,True,True,True,True,True,True,True,0.08784623772048773,1.8081435510017323,0.6426053478955996,0.8905322125142593,0.932141546268613,1.78183473875747,0.06535109741681873,0,5.0,45,0.25,False,False,False,0.5,0.5,0.03,2,0.4058097293838703,1.7745841339315553,0.35059040123008905,2.365119995520239,0.3261794661412463,2.3400132616922806,10,0.20933421975842115,0.5,0.6,20.0,2.0
optuna_00168,48,1099,893,206,81.26,1.2597,3795.77,39.46,1465.24,270,3795.77,False,False,True,True,False,False,True,False,False,20000000,500000000,21.36586029043239,0.15,50000,10000,100000,10.0,1.118193983521255,5.0,5000.0,0.8,0.15,0.8,0.7,0.8,0.5234414209024649,False,False,True,True,True,True,True,True,True,0.09512705891245356,1.731099977183225,0.5421940179154054,0.8995998998958951,0.9368818711795319,1.9024038856509224,0.08428210268542916,0,5.0,45,0.25,False,False,False,0.5,0.5,0.03,2,0.27825590607527706,1.3632635319934565,0.358422359614196,2.1398686611242455,0.28846638747129416,2.2372797273039224,10,0.2412637109702797,0.5,0.6,20.0,2.0
optuna_00157,49,1091,888,203,81.39,1.2586,3790.83,39.18,1437.6,270,3790.83,False,False,True,True,False,False,True,False,False,20000000,500000000,20.534845121432465,0.15,50000,10000,100000,10.0,1.080493136494953,5.0,5000.0,0.8,0.15,0.8,0.7,0.8,0.5343182606009104,False,False,True,True,True,True,True,True,True,0.09497625902808059,1.75233169377257,0.56862477751089,0.8734313162674149,0.9384891075407263,1.8820812218687206,0.08102288554303462,0,5.0,45,0.25,False,False,False,0.5,0.5,0.03,2,0.2758349290677371,1.5980030481947642,0.3120605359280982,2.1194475182868198,0.3147519507475523,2.206894824265937,10,0.2421890875996661,0.5,0.6,20.0,2.0
optuna_00154,50,1111,897,214,80.74,1.255,3784.78,41.61,1362.47,270,3784.78,False,False,True,True,False,False,True,False,False,20000000,500000000,19.160931900474175,0.15,50000,10000,100000,10.0,1.0784702676818116,5.0,5000.0,0.8,0.15,0.8,0.7,0.8,0.49291427283195466,False,False,True,True,True,True,True,True,True,0.09453902238638212,1.7576847792562829,0.6208143508093402,0.8986477194225608,0.9363564948963872,1.842717144575986,0.07669495438954355,0,5.0,45,0.25,False,False,False,0.5,0.5,0.03,2,0.3201113349385339,1.7162281767517538,0.31049081460550154,2.24523759848409,0.33893817003583954,2.1743418073026843,10,0.2197214607111163,0.5,0.6,20.0,2.0
optuna_00165,51,1120,909,211,81.16,1.2571,3784.47,39.21,1213.73,270,3784.47,False,False,True,True,False,False,True,False,False,20000000,500000000,20.671580840493323,0.15,50000,10000,100000,10.0,1.0479570307178068,5.0,5000.0,0.8,0.15,0.8,0.7,0.8,0.5412837657455143,False,False,True,True,True,True,True,True,True,0.09817082996826605,1.7522251866558662,0.5572622035926061,0.899288001412821,0.9370241030106331,1.9464126174722893,0.08456408088664033,0,5.0,45,0.25,False,False,False,0.5,0.5,0.03,2,0.24846475253715056,1.268267650549304,0.3365497016855121,2.1076542220018175,0.26501674903766625,2.166803591712063,10,0.24836476712683664,0.5,0.6,20.0,2.0
optuna_00169,52,1088,879,209,80.79,1.2561,3749.95,39.04,1480.7,270,3749.95,False,False,True,True,False,False,True,False,False,20000000,500000000,21.247396074948295,0.15,50000,10000,100000,10.0,1.1172049559196175,5.0,5000.0,0.8,0.15,0.8,0.7,0.8,0.5232829344783024,False,False,True,True,True,True,True,True,True,0.09738266973367553,1.7291994128242294,0.5348171888579719,0.8753702132204715,0.9378032168787466,1.9642047927658004,0.08394125020056607,0,5.0,45,0.25,False,False,False,0.5,0.5,0.03,2,0.27457293589606796,1.3640370087252873,0.3535489718698131,2.140208058922002,0.28713474828403657,2.0048853469029555,10,0.23910667054190432,0.5,0.6,20.0,2.0
optuna_00131,53,1135,914,221,80.53,1.2441,3712.14,41.4,1196.64,270,3712.14,False,False,True,True,False,False,True,False,False,20000000,500000000,18.581187448252482,0.15,50000,10000,100000,10.0,1.2753977578358517,5.0,5000.0,0.8,0.15,0.8,0.7,0.8,0.42255933924089983,False,False,True,True,True,True,True,True,True,0.09168382469970232,1.795808620860034,0.6777495628918982,0.8909420051120568,0.932621263544178,1.7457588047873795,0.06911059028857798,0,5.0,45,0.25,False,False,False,0.5,0.5,0.03,2,0.3228752469559318,1.9059128503588516,0.3249490642405942,1.878651966852852,0.331106503591417,2.3284500828359667,10,0.21195656529386284,0.5,0.6,20.0,2.0
optuna_00094,54,1108,899,209,81.14,1.246,3690.88,38.56,1299.52,270,3690.88,False,False,True,True,False,False,True,False,False,20000000,500000000,17.918894671620215,0.15,50000,10000,100000,10.0,1.2102267205608181,5.0,5000.0,0.8,0.15,0.8,0.7,0.8,0.8814482837527368,False,False,True,True,True,True,True,True,True,0.0897205877713189,1.781531174398956,0.7097850293535565,0.8825390859336579,0.9501981217553729,1.6375707775184467,0.07451452981713205,0,5.0,45,0.25,False,False,False,0.5,0.5,0.03,2,0.3015474905216596,1.9165952567676208,0.2903440070691605,2.172878545457988,0.32842205639820204,2.591115390361963,10,0.2121949586471341,0.5,0.6,20.0,2.0
optuna_00134,55,1139,921,218,80.86,1.2434,3689.31,39.7,1184.86,270,3689.31,False,False,True,True,False,False,True,False,False,20000000,500000000,18.756580186293853,0.15,50000,10000,100000,10.0,1.349846817888702,5.0,5000.0,0.8,0.15,0.8,0.7,0.8,0.4319355694449415,False,False,True,True,True,True,True,True,True,0.09100538907860632,1.7963772196108834,0.6577858509745977,0.8863444964282032,0.9339132802785324,1.746709573575643,0.06977101452884554,0,5.0,45,0.25,False,False,False,0.5,0.5,0.03,2,0.34386066298404055,1.8593768614003325,0.3127645034311662,2.4194262442686183,0.33146093144176225,2.336126842177456,10,0.21461350549814245,0.5,0.6,20.0,2.0
optuna_00181,56,1088,880,208,80.88,1.2518,3678.33,39.12,1482.91,270,3678.33,False,False,True,True,False,False,True,False,False,20000000,500000000,21.05211201244433,0.15,50000,10000,100000,10.0,1.0929971816509452,5.0,5000.0,0.8,0.15,0.8,0.7,0.8,0.5268354967489102,False,False,True,True,True,True,True,True,True,0.0945819246286802,1.732517056991528,0.5401524597806832,0.8989188221392993,0.9362508278442669,1.8799574039930886,0.08338918627834105,0,5.0,45,0.25,False,False,False,0.5,0.5,0.03,2,0.2837727266527023,1.3660661066475257,0.3654250955916891,2.151380662675467,0.2847711818716212,2.2347211566121366,10,0.23730843261543086,0.5,0.6,20.0,2.0
optuna_00209,57,1099,885,214,80.53,1.2506,3661.77,38.91,1203.4,270,3661.77,False,False,True,True,False,False,True,False,False,20000000,500000000,20.50286375383684,0.15,50000,10000,100000,10.0,1.1840237989290057,5.0,5000.0,0.9507541969082024,0.2942405981228829,0.8079020919213987,0.5163094853615812,0.8060210037803262,0.5631437753852949,True,True,True,True,True,True,True,True,True,0.09628088926402126,1.7512669492928599,0.5285206574532441,0.8781941884536888,0.9250984106264999,1.860806738504972,0.07589982229246967,0,5.0,45,0.25,False,False,False,0.5,0.5,0.03,2,0.27826186111978807,1.2421325067072075,0.35887693140883137,2.151605503731387,0.26262348160156673,2.11660465806671,10,0.23357534940359762,0.5,0.6,20.0,2.0
optuna_00098,58,1082,876,206,80.96,1.2376,3648.87,39.52,1855.74,270,3648.87,False,False,True,True,False,False,True,False,False,20000000,500000000,17.11610834728724,0.15,50000,10000,100000,10.0,1.2153092960454563,5.0,5000.0,0.8,0.15,0.8,0.7,0.8,0.8850382006401434,False,False,True,True,True,True,True,True,True,0.017585530010071723,1.7700545986384555,0.6478460769065736,0.8829531306332925,0.9446038580946512,1.853818042204403,0.08845232056128786,0,5.0,45,0.25,False,False,False,0.5,0.5,0.03,2,0.30001361937271087,2.1820875145063723,0.4779370481562582,2.340180240194876,0.3350948701225008,2.7339130927405964,10,0.2145876743987031,0.5,0.6,20.0,2.0
optuna_00213,59,1100,886,214,80.55,1.2506,3644.42,39.05,1213.81,270,3644.42,False,False,True,True,False,False,True,False,False,20000000,500000000,19.861181971260145,0.15,50000,10000,100000,10.0,1.132705170382084,5.0,5000.0,0.8,0.15,0.8,0.7,0.8,0.5529874933929566,False,False,True,True,True,True,True,True,True,0.09547954905943074,1.6714187635905648,0.5108914821839667,0.8527286595754754,0.9281248511117917,1.8307110998041383,0.07945321851436957,0,5.0,45,0.25,False,False,False,0.5,0.5,0.03,2,0.31089755592548196,1.2679426517606678,0.3721836385892072,1.9863718820703333,0.24364402049648706,2.05606626611808,10,0.23571885647960072,0.5,0.6,20.0,2.0
optuna_00135,60,1154,933,221,80.85,1.243,3640.97,39.67,1158.87,270,3640.97,False,False,True,True,False,False,True,False,False,20000000,500000000,18.678531461649868,0.15,50000,10000,100000,10.0,1.3332402996086576,5.0,5000.0,0.8,0.15,0.8,0.7,0.8,0.421255681077737,False,False,True,True,True,True,True,True,True,0.090723611095515,1.7975241141436167,0.6540087329468912,0.8879188876748023,0.9333206937944034,1.7514416273852238,0.06857570216513825,0,5.0,45,0.25,False,False,False,0.5,0.5,0.03,2,0.34954201236633065,1.6763065705357716,0.31123833820029756,2.41917546639116,0.3304473378932866,2.3405371180334007,10,0.213785878425706,0.5,0.6,20.0,2.0
optuna_00202,61,1105,896,209,81.09,1.2464,3635.35,38.87,1471.62,270,3635.35,False,False,True,True,False,False,True,False,False,20000000,500000000,19.937422065289354,0.15,50000,10000,100000,10.0,1.080759647357087,5.0,5000.0,0.8,0.15,0.8,0.7,0.8,0.5597006415333995,False,False,True,True,True,True,True,True,True,0.09996596088465552,1.7450273192071029,0.5623342367432823,0.8439630908560851,0.9354585322374713,1.9370081715198653,0.0825786474518949,0,5.0,45,0.25,False,False,False,0.5,0.5,0.03,2,0.2570845225987724,1.428912676820922,0.3309764817076618,2.106670140555564,0.289631966496268,2.1979349898115266,10,0.24514405652430324,0.5,0.6,20.0,2.0
optuna_00243,62,1105,898,207,81.27,1.2423,3611.62,39.5,1508.1,270,3611.62,False,False,True,True,False,False,True,False,False,20000000,500000000,19.76473110829064,0.15,50000,10000,100000,10.0,1.143753744940469,5.0,5000.0,0.8,0.15,0.8,0.7,0.8,0.5887323437967245,False,False,True,True,True,True,True,True,True,0.09829866364360271,1.29369684225736,0.5830440343917194,0.8134734229586007,0.9300037874906252,1.8944945583760207,0.08100905826136096,0,5.0,45,0.25,False,False,False,0.5,0.5,0.03,2,0.2746553508277816,1.5681419119731055,0.370750604247435,2.2906238993709778,0.1978192532334455,2.279748681472117,10,0.25739518358200086,0.5,0.6,20.0,2.0
optuna_00140,63,1144,920,224,80.42,1.2382,3604.02,41.58,1237.89,270,3604.02,False,False,True,True,False,False,True,False,False,20000000,500000000,18.654300605729073,0.15,50000,10000,100000,10.0,1.4696125631181296,5.0,5000.0,0.8,0.15,0.8,0.7,0.8,0.4666824185125196,False,False,True,True,True,True,True,True,True,0.08688921307384734,1.8574376211261114,0.6419238585510254,0.8892280079655605,0.9308204961893386,1.770134189585077,0.06564106108495127,0,5.0,45,0.25,False,False,False,0.5,0.5,0.03,2,0.418065843687941,1.7617232664011802,0.34685732142710435,2.253593820981041,0.3268886567250076,2.093008834941054,10,0.20832687436958955,0.5,0.6,20.0,2.0
optuna_00093,64,1111,900,211,81.01,1.2354,3596.62,39.6,1439.53,270,3596.62,False,False,True,True,False,False,True,False,False,20000000,500000000,17.165506433359322,0.15,50000,10000,100000,10.0,1.1883611890443146,5.0,5000.0,0.8,0.15,0.8,0.7,0.8,0.8080072615730548,False,False,True,True,True,True,True,True,True,0.09063493156402798,1.6178963480464337,0.7297136586384533,0.8868612798951668,0.9512940930427889,1.661154423920099,0.07462371741847901,0,5.0,45,0.25,False,False,False,0.5,0.5,0.03,2,0.3042049452270612,1.9047536941558232,0.2894185454841628,2.0522776663359372,0.3250916851660441,2.602911945765862,10,0.2171728836303065,0.5,0.6,20.0,2.0
optuna_00183,65,1124,908,216,80.78,1.2334,3567.69,38.39,1251.65,270,3567.69,False,False,True,True,False,False,True,False,False,20000000,500000000,21.737201174130682,0.15,50000,10000,100000,10.0,1.0010523683634356,5.0,5000.0,0.8,0.15,0.8,0.7,0.8,0.5068064169164794,False,False,True,True,True,True,True,True,True,0.09773708784524254,1.7667655425373967,0.5886641574170499,0.8814425063232657,0.9399149671344896,1.9193879222097696,0.08047923630766764,0,5.0,45,0.25,False,False,False,0.5,0.5,0.03,2,0.21790786656468517,1.292549823536182,0.3181108184074525,2.081398628370203,0.2977851680831871,2.1553382316132605,10,0.2532414595867751,0.5,0.6,20.0,2.0
optuna_00228,66,1092,890,202,81.5,1.2539,3562.34,38.49,1100.77,270,3562.34,False,False,True,True,False,False,True,False,False,20000000,500000000,19.344996727287562,0.15,50000,10000,100000,10.0,1.3532977812356983,5.0,5000.0,0.8,0.15,0.8,0.7,0.8,0.5958776234385784,False,False,True,True,True,True,True,True,True,0.09989968994043875,1.6811425268281786,0.579572890434553,0.8423497143134258,0.9230855289354589,1.8305646547122434,0.07762617965641863,0,5.0,45,0.25,False,False,False,0.5,0.5,0.03,2,0.33009365761746234,1.6488192046283983,0.39644113757941957,2.240974689725131,0.21826239101978034,2.517868805276912,10,0.265234167427663,0.5,0.6,20.0,2.0
optuna_00153,67,1122,901,221,80.3,1.2284,3543.69,38.32,1392.89,270,3543.69,False,False,True,True,False,False,True,False,False,20000000,500000000,19.09213689204704,0.15,50000,10000,100000,10.0,1.105447529313145,5.0,5000.0,0.8,0.15,0.8,0.7,0.8,0.4703786616631049,False,False,True,True,True,True,True,True,True,0.09001298648177192,1.858685690524144,0.6223026333151276,0.8969622349891683,0.934967719205937,1.8450857305870159,0.0734341559341462,0,5.0,45,0.25,False,False,False,0.5,0.5,0.03,2,0.3271789447824039,1.7091707217580907,0.34114673754586966,2.2715177145957575,0.33869704051597455,2.1664279223482366,10,0.21075525829257719,0.5,0.6,20.0,2.0
optuna_00248,68,1088,877,211,80.61,1.2387,3531.59,38.56,1098.18,270,3531.59,False,False,True,True,False,False,True,False,False,20000000,500000000,20.367596315068727,0.15,50000,10000,100000,10.0,1.302047482021061,5.0,5000.0,0.8,0.15,0.8,0.7,0.8,0.6271773146476308,False,False,True,True,True,True,True,True,True,0.09838429244870928,1.2104286686471304,0.5976252310708491,0.8456232944775363,0.9237823106238326,1.8642068256661477,0.07442732315536828,0,5.0,45,0.25,False,False,False,0.5,0.5,0.03,2,0.2604985182797875,1.5035106059034655,0.4219901857569611,2.2723873049728853,0.22379125804242256,2.3561143387973935,10,0.2560900186888765,0.5,0.6,20.0,2.0
optuna_00043,69,1210,818,392,67.6,1.1997,3521.75,84.4,942.72,270,3521.75,False,False,True,True,False,False,True,False,False,20000000,500000000,17.966612303377456,0.15,50000,10000,100000,10.0,1.3221329009058942,5.0,5000.0,0.8732999750721785,0.11452191462302641,0.8,0.7,0.8,0.5331784114565402,True,False,True,False,True,False,True,True,True,0.08628643619351313,1.5418297826609682,0.6566795177653284,0.624034241053227,0.9342162544284179,1.623174972660613,0.010032665664907934,0,5.0,45,0.25,False,False,False,0.5,0.5,0.03,2,0.9640296252041274,2.2541592325328996,0.22505120886838226,2.9176138825516533,0.4703828896875576,3.993287570123186,13,0.2384918372302994,0.5,0.6,20.0,2.0
optuna_00240,70,1092,889,203,81.41,1.2484,3508.32,37.67,1133.43,270,3508.32,False,False,True,True,False,False,True,False,False,20000000,500000000,20.056738946026954,0.15,50000,10000,100000,10.0,1.3745225147084208,5.0,5000.0,0.8,0.15,0.8,0.7,0.8,0.5640746026517839,False,False,True,True,True,True,True,True,True,0.09378956928479415,1.3160706028600615,0.5926906094856729,0.8567688071057276,0.9346843569078862,1.9730938225490215,0.07990153502356089,0,5.0,45,0.25,False,False,False,0.5,0.5,0.03,2,0.3093586756806118,1.635163251026066,0.3889706818129278,2.0345167680327716,0.25074555167915513,2.491832270582863,10,0.2698137518513691,0.5,0.6,20.0,2.0
optuna_00117,71,1100,896,204,81.45,1.2368,3507.27,39.91,1443.25,270,3507.27,False,False,True,True,False,False,True,False,False,20000000,500000000,16.884633163340432,0.15,50000,10000,100000,10.0,1.2740901510061728,5.0,5000.0,0.8,0.15,0.8,0.7,0.8,0.5151453617121893,False,False,True,True,True,True,True,True,True,0.09205224388149764,1.9328887274212043,0.6440213945367825,0.8868060781795665,0.9509133560593773,1.6766822133840886,0.06728960472260938,0,5.0,45,0.25,False,False,False,0.5,0.5,0.03,2,0.3130423262458651,2.0883549091349836,0.26983616446029923,2.3116876646482347,0.33385214231841503,2.467749083016527,10,0.2719971871599413,0.5,0.6,20.0,2.0
optuna_00141,72,1145,921,224,80.44,1.2275,3458.82,40.8,1180.56,270,3458.82,False,False,True,True,False,False,True,False,False,20000000,500000000,18.647526903188464,0.15,50000,10000,100000,10.0,1.4524135312794242,5.0,5000.0,0.8,0.15,0.8,0.7,0.8,0.4768152974824847,False,False,True,True,True,True,True,True,True,0.0868181574143019,1.8663239645988547,0.6446622568174856,0.8901900191125315,0.9316147136098872,1.7455490213346434,0.06518602097473156,0,5.0,45,0.25,False,False,False,0.5,0.5,0.03,2,0.4183340097280287,1.7648506295584334,0.34603182494774265,2.2793216798902742,0.32482434022987117,2.0923119947404967,10,0.20310675548337598,0.5,0.6,20.0,2.0
optuna_00122,73,1084,877,207,80.9,1.229,3409.99,37.54,1539.37,270,3409.99,False,False,True,True,False,False,True,False,False,20000000,500000000,18.124065727793376,0.15,50000,10000,100000,10.0,1.2099841897559598,5.0,5000.0,0.8,0.15,0.8,0.7,0.8,0.42035793562128126,False,False,True,True,True,True,True,True,True,0.09269983035542477,1.7700123229691793,0.6510254359716043,0.8870866310068598,0.9502052221593253,1.79559671273312,0.07314992906197036,0,5.0,45,0.25,False,False,False,0.5,0.5,0.03,2,0.33945666623194004,1.89435049405741,0.3239044266286018,1.8554664777875538,0.3481544594598241,2.449401235868402,10,0.23011526314056435,0.5,0.6,20.0,2.0
optuna_00113,74,1108,892,216,80.51,1.2235,3405.63,38.39,1511.46,270,3405.63,False,False,True,True,False,False,True,False,False,20000000,500000000,18.11333991674129,0.15,50000,10000,100000,10.0,1.1987664540184542,5.0,5000.0,0.8,0.15,0.8,0.7,0.8,0.883892305356584,False,False,True,True,True,True,True,True,True,0.08963657727296453,1.9494781469618403,0.6882552986412244,0.880910442756923,0.9594304377857833,1.9711211445148462,0.06903311248493259,0,5.0,45,0.25,False,False,False,0.5,0.5,0.03,2,0.3120542825651022,2.313248205699391,0.30724594724603466,2.420106803048164,0.34244191203041585,2.3142379428460513,10,0.23040067142254314,0.5,0.6,20.0,2.0
optuna_00136,75,1133,911,222,80.41,1.2281,3384.69,39.33,1178.9,270,3384.69,False,False,True,True,False,False,True,False,False,20000000,500000000,18.894429721932394,0.15,50000,10000,100000,10.0,1.360198222454434,5.0,5000.0,0.8,0.15,0.8,0.7,0.8,0.42410312790494,False,False,True,True,True,True,True,True,True,0.08962087000483779,1.7919678407894917,0.6543599559109818,0.8867719388492478,0.9337870804322499,1.7473997939395314,0.06856828319395528,0,5.0,45,0.25,False,False,False,0.5,0.5,0.03,2,0.3958558742357782,1.646880771254771,0.3176626005283749,2.4292679943400133,0.307559907877077,2.3248557337171967,10,0.2151055700357918,0.5,0.6,20.0,2.0
optuna_00244,76,1082,876,206,80.96,1.2302,3381.15,39.44,1416.21,270,3381.15,False,False,True,True,False,False,True,False,False,20000000,500000000,19.5704079828909,0.15,50000,10000,100000,10.0,1.1257757246366213,5.0,5000.0,0.8,0.15,0.8,0.7,0.8,0.5762451724328731,False,False,True,True,True,True,True,True,True,0.09637828350855321,1.243536785683346,0.5776492816919601,0.7976496855761079,0.931061638907745,1.9505743795089723,0.07711619980643517,0,5.0,45,0.25,False,False,False,0.5,0.5,0.03,2,0.2861269576189649,1.5679755977195624,0.37896596557575524,2.250572676754626,0.17735984742373032,2.349577207680244,10,0.2734693032636967,0.5,0.6,20.0,2.0
optuna_00176,77,1103,890,213,80.69,1.2196,3352.58,37.43,1529.85,270,3352.58,False,False,True,True,False,False,True,False,False,20000000,500000000,20.327422994425316,0.15,50000,10000,100000,10.0,1.1421243556602607,5.0,5000.0,0.8,0.15,0.8,0.7,0.8,0.560564895477618,False,False,True,True,True,True,True,True,True,0.09815080493028457,1.6789800390329326,0.5837973014081681,0.8592455091467033,0.939934477678585,1.9858555150332662,0.08233754653863384,0,5.0,45,0.25,False,False,False,0.5,0.5,0.03,2,0.20098426974279304,1.5234115320776682,0.32575502785398597,2.006521597423081,0.27098901015275895,2.1309599748707124,10,0.2868291789892532,0.5,0.6,20.0,2.0
optuna_00224,78,1099,893,206,81.26,1.2335,3341.86,38.33,1114.58,270,3341.86,False,False,True,True,False,False,True,False,False,20000000,500000000,19.874271871224327,0.15,50000,10000,100000,10.0,1.326996135480889,5.0,5000.0,0.8,0.15,0.8,0.7,0.8,0.6059235562179246,False,False,True,True,True,True,True,True,True,0.09994415429067356,1.1415719093193666,0.5785200704268483,0.8383656701428814,0.9296301849853457,1.8660106493064064,0.07703642681647602,0,5.0,45,0.25,False,False,False,0.5,0.5,0.03,2,0.3127904564147893,1.5486872906830196,0.39952386352413155,2.2294869577472944,0.20277743813657056,2.4099754350241396,10,0.2748025068259009,0.5,0.6,20.0,2.0
optuna_00077,79,1100,887,213,80.64,1.2181,3338.65,36.86,1498.43,270,3338.65,False,False,True,True,False,False,True,False,False,20000000,500000000,17.415140920956397,0.15,50000,10000,100000,10.0,1.2317561394985126,5.0,5000.0,0.8,0.15,0.8,0.7,0.8,0.8998190326434717,False,False,True,True,True,True,True,True,True,0.09621728830886388,1.5903686458462762,0.7149143601914094,0.871008111881889,0.961568718656717,1.8648213484648788,0.061806833260011775,0,5.0,45,0.25,False,False,False,0.5,0.5,0.03,2,0.3349272952163138,1.9009040086369964,0.3092312719500206,1.9510189208892124,0.35387765615438094,4.686376908721153,10,0.23926471145461534,0.5,0.6,20.0,2.0
optuna_00071,80,1205,948,257,78.67,1.1919,3333.69,30.14,1545.27,270,3333.69,False,False,True,True,False,False,True,False,False,20000000,500000000,16.579431651118593,0.15,50000,10000,100000,10.0,1.2861124265453432,5.0,5000.0,0.8,0.15,0.8,0.7,0.8,0.8506977148013127,False,False,True,True,True,True,True,True,True,0.09288469460545835,1.6760185471207956,0.6978116790470218,0.8981242025050612,0.9092907687810657,1.7097358147778352,0.04107597087098603,0,5.0,45,0.25,False,False,False,0.5,0.5,0.03,2,0.29131980516862044,2.063010096227811,0.3332735074614561,1.9240395801465253,0.12940576884894595,4.751300345183821,10,0.07871701206688074,0.5,0.6,20.0,2.0
optuna_00247,81,1106,897,209,81.1,1.219,3293.61,37.92,1340.85,270,3293.61,False,False,True,True,False,False,True,False,False,20000000,500000000,19.913900182309426,0.15,50000,10000,100000,10.0,1.0981652279325664,5.0,5000.0,0.8,0.15,0.8,0.7,0.8,0.5833066425986921,False,False,True,True,True,True,True,True,True,0.0983676018759154,1.2246788882659496,0.5710026592285777,0.8322056348651821,0.9285428234737071,1.8081245162618382,0.08008530368459738,0,5.0,45,0.25,False,False,False,0.5,0.5,0.03,2,0.27356479168497294,1.6085945913990192,0.3955575114798623,2.923866256161667,0.2025919116071171,2.415198927094763,10,0.283687116543664,0.5,0.6,20.0,2.0
optuna_00205,82,1103,886,217,80.33,1.2189,3293.48,38.02,1405.04,270,3293.48,False,False,True,True,False,False,True,False,False,20000000,500000000,19.68652475052666,0.15,50000,10000,100000,10.0,1.1499548433147078,5.0,5000.0,0.8,0.15,0.8,0.7,0.8,0.517932433786912,False,False,True,True,True,True,True,True,True,0.0943293899741465,1.77875525951619,0.6056056931191922,0.8640995063760564,0.9334752541157441,1.977678945010516,0.07434194242015457,0,5.0,45,0.25,False,False,False,0.5,0.5,0.03,2,0.2862303584894142,1.39194718845015,0.2839403058153691,2.209330464015034,0.2814605610088649,2.1559670181687625,10,0.23968314315794514,0.5,0.6,20.0,2.0
optuna_00151,83,1085,879,206,81.01,1.2232,3293.0,35.99,1328.53,270,3293.0,False,False,True,True,False,False,True,False,False,20000000,500000000,18.27935282657973,0.15,50000,10000,100000,10.0,1.3838964791879762,5.0,5000.0,0.8,0.15,0.8,0.7,0.8,0.4217063383741889,False,False,True,True,True,True,True,True,True,0.09229610317267856,1.7758042404136178,0.6624932609970099,0.88965703488812,0.9308973895234122,1.789359422091074,0.07009007528542163,0,5.0,45,0.25,False,False,False,0.5,0.5,0.03,2,0.34364755206009784,1.8674448192170896,0.3270175237928805,2.3293300273249464,0.34759647499570545,2.465126615362004,10,0.22854653311981324,0.5,0.6,20.0,2.0
optuna_00232,84,1087,885,202,81.42,1.2224,3234.14,39.32,1629.74,270,3234.14,False,False,True,True,False,False,True,False,False,20000000,500000000,19.663326598395674,0.15,50000,10000,100000,10.0,1.1684923253990473,5.0,5000.0,0.8,0.15,0.8,0.7,0.8,0.5686759621477504,False,False,True,True,True,True,True,True,True,0.09291806960547165,1.3374592738744164,0.5662102030077276,0.838314849556357,0.9338270989073639,1.9319412106719096,0.08151764097953465,0,5.0,45,0.25,False,False,False,0.5,0.5,0.03,2,0.30466157605208827,1.5228236302585534,0.4067306061062769,2.3092185117111463,0.20821148438909248,2.454582327189434,10,0.30018080395866026,0.5,0.6,20.0,2.0
optuna_00102,85,1076,860,216,79.93,1.2054,3181.69,35.9,1222.82,270,3181.69,False,False,True,True,False,False,True,False,False,20000000,500000000,18.319309526831287,0.15,50000,10000,100000,10.0,1.1888643567736707,5.0,5000.0,0.8,0.15,0.8,0.7,0.8,0.8409271315093152,False,False,True,True,True,True,True,True,True,0.03328957162062979,1.8335802383696067,0.7374931319360505,0.8672722256814187,0.9508906563506144,1.8283635883618763,0.0883483848183275,0,5.0,45,0.25,False,False,False,0.5,0.5,0.03,2,0.2269707537925033,2.0640189323793776,0.2563824746123238,2.082317407437637,0.3542149151251096,2.4067087425946845,10,0.22372204566727064,0.5,0.6,20.0,2.0
optuna_00143,86,1159,931,228,80.33,1.2081,3168.87,36.23,936.33,270,3168.87,False,False,True,True,False,False,True,False,False,20000000,500000000,18.682632308248827,0.15,50000,10000,100000,10.0,1.6816131865575736,5.0,5000.0,0.8,0.15,0.8,0.7,0.8,0.4741572517199329,False,False,True,True,True,True,True,True,True,0.08326123150043124,1.8498706332960844,0.6410343215577853,0.8775972606445387,0.9330032987227268,1.660617637317445,0.06541641258083607,0,5.0,45,0.25,False,False,False,0.5,0.5,0.03,2,0.45608652429076046,1.7694237963230088,0.3761526093991601,2.3531157107529412,0.31825192822967213,2.1185551543262533,10,0.16784990530005783,0.5,0.6,20.0,2.0
optuna_00080,87,1164,935,229,80.33,1.1932,3161.3,36.99,1469.96,270,3161.3,False,False,True,True,False,False,True,False,False,20000000,500000000,18.003803279518998,0.15,50000,10000,100000,10.0,1.0134933892724272,5.0,5000.0,0.8,0.15,0.8,0.7,0.8,0.8949078117145801,False,False,True,True,True,True,True,True,True,0.09358687003831062,1.7704460333295022,0.681675453057393,0.8710342292873139,0.9484315657075352,1.9138261514281028,0.06682332108824021,0,5.0,45,0.25,False,False,False,0.5,0.5,0.03,2,0.361979843401949,1.9236744408412196,0.33999118508493914,1.9555378603524023,0.37971637312099027,4.1717900507682035,10,0.2080553087742736,0.5,0.6,20.0,2.0
optuna_00147,88,1190,945,245,79.41,1.1925,3134.61,37.44,1508.77,270,3134.61,False,False,True,True,False,False,True,False,False,20000000,500000000,19.50813417587549,0.15,50000,10000,100000,10.0,1.439271174466537,5.0,5000.0,0.8,0.15,0.6955191722904492,0.6563078665286203,0.8293205096497138,0.44132703873428347,False,True,True,True,True,True,True,True,True,0.09167309814761274,1.915835573555057,0.6024587614337692,0.8790411313532697,0.9317965158739052,1.8301217829819818,0.06205387177866504,0,5.0,45,0.25,False,False,False,0.5,0.5,0.03,2,0.3558766365971019,1.8310851716857823,0.311322072895955,2.151723423912171,0.29631029135918524,2.2248896203816746,10,0.15989023187905083,0.5,0.6,20.0,2.0
optuna_00220,89,1096,886,210,80.84,1.2078,3099.01,38.72,1502.29,270,3099.01,False,False,True,True,False,False,True,False,False,20000000,500000000,19.394987096796253,0.15,50000,10000,100000,10.0,1.2202645773581147,5.0,5000.0,0.8,0.15,0.8,0.7,0.8,0.5569372475863542,False,False,True,True,True,True,True,True,True,0.09973587165050708,1.7610730387792242,0.5924600537252246,0.8308203245005572,0.9339894688381674,1.8274357856326038,0.07398699227066675,0,5.0,45,0.25,False,False,False,0.5,0.5,0.03,2,0.31744595939427145,1.5531748849297837,0.37633681616403053,2.1975883055071903,0.21823965626839492,2.389543515406537,10,0.28961952747827857,0.5,0.6,20.0,2.0
optuna_00073,90,1104,870,234,78.8,1.1867,3073.38,37.33,1075.04,270,3073.38,False,False,True,True,False,False,True,False,False,20000000,500000000,15.64943399286231,0.15,50000,10000,100000,10.0,1.2439723877472861,5.0,5000.0,0.8,0.15,0.8,0.7,0.8,0.880452182945301,False,False,True,True,True,True,True,True,True,0.09564409225355142,1.5984422612159181,0.7131909388903394,0.8963011636831015,0.9145882857228363,1.5712047812762748,0.04570059018513345,0,5.0,45,0.25,False,False,False,0.5,0.5,0.03,2,0.30680693550139204,1.906570996409639,0.32449936251762435,1.7800041596552387,0.1276106442264721,4.764731612526778,10,0.23629817916000267,0.5,0.6,20.0,2.0
optuna_00217,91,1095,886,209,80.91,1.2098,3044.0,34.63,1250.93,270,3044.0,False,False,True,True,False,False,True,False,False,20000000,500000000,19.786134429012687,0.15,50000,10000,100000,10.0,1.324110258600827,5.0,5000.0,0.8,0.15,0.8,0.7,0.8,0.5879006076652266,False,False,True,True,True,True,True,True,True,0.099747240506583,1.7828973517720634,0.5174968149415742,0.8547021317296031,0.9292825150099397,1.9973640252277853,0.08057344817081316,0,5.0,45,0.25,False,False,False,0.5,0.5,0.03,2,0.25448003249112,1.49583758210817,0.3878550028035206,2.0140864991269076,0.2349832021301846,3.4543923218227492,10,0.27166185544769916,0.5,0.6,20.0,2.0
optuna_00201,92,1141,954,187,83.61,1.2023,3016.19,46.42,1340.27,270,3016.19,False,False,True,True,False,False,True,False,False,20000000,500000000,20.390592525845555,0.15,50000,10000,100000,10.0,1.1270485362116816,5.0,5000.0,0.8,0.15,0.8,0.7,0.8,0.5346598103794045,False,False,True,True,True,True,True,True,True,0.09820480751302413,1.7209832173057003,0.5845008705413306,0.8692556583626688,0.9402481350439182,1.955311672290403,0.08517931236785828,0,5.0,45,0.25,False,False,False,0.5,0.5,0.03,2,0.933884717536849,1.3143575336290012,0.3230647562517922,2.1351856650478647,0.279963751725726,2.1918544377392473,10,0.2556406677427333,0.5,0.6,20.0,2.0
optuna_00072,93,1102,874,228,79.31,1.1845,3006.34,37.34,1275.41,270,3006.34,False,False,True,True,False,False,True,False,False,20000000,500000000,15.677093451699891,0.15,50000,10000,100000,10.0,1.31458944015857,5.0,5000.0,0.8,0.15,0.8,0.7,0.8,0.8689999415979935,False,False,True,True,True,True,True,True,True,0.09595526100664908,1.5805786402766455,0.7156765673998533,0.8982842357472185,0.9108212261291855,1.6967571801675652,0.046940069126606115,0,5.0,45,0.25,False,False,False,0.5,0.5,0.03,2,0.30927880494716814,1.9431393236065917,0.37113637121362414,1.7434386565468343,0.1267414558335072,4.76450580222008,10,0.23767886600556445,0.5,0.6,20.0,2.0
optuna_00229,94,994,810,184,81.49,1.2137,3005.56,36.14,1341.31,270,3005.56,False,False,True,True,False,False,True,False,False,20000000,500000000,19.52326702190052,0.15,50000,10000,100000,10.0,1.2955115307117309,5.0,5000.0,0.8,0.15,0.8,0.7,0.8,0.5804197167711803,False,False,True,True,True,True,False,True,True,0.09660855111100004,1.703529972661126,0.6,0.7,0.98,1.8478939465863407,0.08025211424100691,0,5.0,45,0.25,False,False,False,0.5,0.5,0.03,2,0.3155410309552787,1.4778229253801654,0.44661768043377487,1.9733423639081114,0.19377038817789272,2.411032554991894,10,0.2579590434250085,0.5,0.6,20.0,2.0
optuna_00079,95,1171,943,228,80.53,1.1786,2985.94,36.83,1530.08,270,2985.94,False,False,True,True,False,False,True,False,False,20000000,500000000,17.153999482698406,0.15,50000,10000,100000,10.0,1.0105131055924774,5.0,5000.0,0.8,0.15,0.8,0.7,0.8,0.849922195088693,False,False,True,True,True,True,True,True,True,0.09321644384352924,1.7408789174816393,0.6655807537903355,0.8684923469627596,0.9565050600906977,1.8646223578878311,0.060217260063344456,0,5.0,45,0.25,False,False,False,0.5,0.5,0.03,2,0.3680281969568502,1.8601475041963473,0.30146031227257736,1.9368614825274042,0.3883456160097269,4.678203267263207,10,0.20472386636485798,0.5,0.6,20.0,2.0
optuna_00142,96,1149,919,230,79.98,1.1889,2923.66,39.18,1237.92,270,2923.66,False,False,True,True,False,False,True,False,False,20000000,500000000,18.5243531224855,0.15,50000,10000,100000,10.0,1.464753649941405,5.0,5000.0,0.8,0.15,0.8,0.7,0.8,0.4621354983654099,False,False,True,True,True,True,True,True,True,0.0876133367617988,1.871959814712035,0.6102549553884397,0.8927592940741134,0.9309923685761212,1.730429005887615,0.06470029456357007,0,5.0,45,0.25,False,False,False,0.5,0.5,0.03,2,0.4234076065627664,1.621274574277859,0.3491906602659338,2.281303228672231,0.32618129799164886,2.037567338326569,10,0.20525623980566188,0.5,0.6,20.0,2.0
optuna_00082,97,1116,887,229,79.48,1.1821,2901.6,36.51,1877.9,270,2901.6,False,False,True,True,False,False,True,False,False,20000000,500000000,18.001246018949974,0.15,50000,10000,100000,10.0,1.2200470445156868,5.0,5000.0,0.8,0.15,0.8,0.7,0.8,0.85135742737385,False,False,True,True,True,True,True,True,True,0.09400028068756267,1.8200355116331188,0.69475159654838,0.8762747470777813,0.9575079320317308,1.8646724067213016,0.05908131191177289,0,5.0,45,0.25,False,False,False,0.5,0.5,0.03,2,0.3554862427164687,2.305890405953876,0.30212198165595067,1.958060555231622,0.4187603531633527,4.697604019242335,10,0.24857006193639394,0.5,0.6,20.0,2.0
optuna_00103,98,1062,850,212,80.04,1.1891,2894.57,33.22,1195.47,270,2894.57,False,False,True,True,False,False,True,False,False,20000000,500000000,17.756651724359624,0.15,50000,10000,100000,10.0,1.3077892325607103,5.0,5000.0,0.8,0.15,0.8,0.7,0.8,0.8989682545041349,False,False,True,True,True,True,True,True,True,0.038238740548242195,1.9059960071783195,0.7445148290589285,0.8986901264041312,0.9517155923873682,1.8307701841185904,0.09185197843542067,0,5.0,45,0.25,False,False,False,0.5,0.5,0.03,2,0.22125466872502655,2.0335679830406432,0.5597222207410936,2.3557137851800216,0.3521069423575861,2.387730667551481,10,0.22287971219452468,0.5,0.6,20.0,2.0
optuna_00137,99,1145,928,217,81.05,1.1907,2893.6,34.4,1293.15,270,2893.6,False,False,True,True,False,False,True,False,False,20000000,500000000,19.709632024217367,0.15,50000,10000,100000,10.0,1.111636579002424,5.0,5000.0,0.8,0.15,0.8,0.7,0.8,0.4498580549983099,False,False,True,True,True,True,True,True,True,0.08485812308078021,1.8010005795659758,0.6258564981907675,0.8894534782164008,0.9286580012058951,1.6160451925916268,0.07783672477353831,0,5.0,45,0.25,False,False,False,0.5,0.5,0.03,2,0.34811731732051027,1.6965815921577938,0.2869730200765059,2.569262823715904,0.33037796771503253,2.5047668540123236,10,0.19589367436083804,0.5,0.6,20.0,2.0
optuna_00178,100,1077,863,214,80.13,1.187,2858.63,35.85,1104.89,270,2858.63,False,False,True,True,False,False,True,False,False,20000000,500000000,20.57459419560435,0.15,50000,10000,100000,10.0,1.0036468990659357,5.0,5000.0,0.8,0.15,0.579004334344837,0.8153175709796079,0.9267705699359012,0.5338006304017211,False,True,True,True,True,True,True,True,True,0.09730921244919676,1.7177046399918203,0.5274646196800937,0.5817554722949284,0.9366677452153067,1.921424434357433,0.07927672398389456,0,5.0,45,0.25,False,False,False,0.5,0.5,0.03,2,0.2895720520909464,1.2720810997501668,0.3406085808853122,2.0610311812594033,0.2773731589221429,2.178831144074806,10,0.22992403230958294,0.5,0.6,20.0,2.0
optuna_00106,101,1074,852,222,79.33,1.1802,2853.98,33.22,1480.38,270,2853.98,False,False,True,True,False,False,True,False,False,20000000,500000000,17.001805733432903,0.15,50000,10000,100000,10.0,1.427231134912201,5.0,5000.0,0.8,0.15,0.8,0.7,0.8,0.840128172713887,False,False,True,True,True,True,True,True,True,0.04415369121487344,1.6464231940970482,0.7462007515582504,0.8833534993259958,0.9483629744971559,1.9146846129239758,0.0888018959167721,0,5.0,45,0.25,False,False,False,0.5,0.5,0.03,2,0.23033722236583026,1.8753898930471433,0.2273680579261449,2.2020904083143,0.3111305408317939,2.5383650768473767,10,0.2106600127700409,0.5,0.6,20.0,2.0
optuna_00053,102,1173,925,248,78.86,1.1677,2852.59,34.81,1237.91,270,2852.59,False,False,True,True,False,False,True,False,False,20000000,500000000,15.484294129045928,0.15,50000,10000,100000,10.0,1.1072280425407415,5.0,5000.0,0.8,0.15,0.8,0.7,0.8,0.7988677775128402,False,False,True,True,True,True,True,True,True,0.08721999054062007,1.5242961642663402,0.6871201688037418,0.8168119584989985,0.9188163622555872,1.5203609574016843,0.04741797456286801,0,5.0,45,0.25,False,False,False,0.5,0.5,0.03,2,0.3673499117391191,1.7354731286203133,0.24952194476187167,1.7676731493407414,0.12128994749498656,4.906795600464035,10,0.17468255867000573,0.5,0.6,20.0,2.0
optuna_00054,103,1187,935,252,78.77,1.1627,2844.91,33.37,1747.69,270,2844.91,False,False,True,True,False,False,True,False,False,20000000,500000000,15.465956495980665,0.15,50000,10000,100000,10.0,1.0854408354053575,5.0,5000.0,0.8,0.15,0.8,0.7,0.8,0.7974142567805337,False,False,True,True,True,True,True,True,True,0.09731146821091274,1.5642200209357655,0.7091313316491823,0.836720746829384,0.916133917705715,1.5001698561196328,0.045365224847812205,0,5.0,45,0.25,False,False,False,0.5,0.5,0.03,2,0.38429006550750455,1.7165102821377922,0.3155372461616547,1.8007649343089378,0.10005235911749619,4.873018271774874,10,0.11936766669242968,0.5,0.6,20.0,2.0
optuna_00056,104,1206,938,268,77.78,1.1576,2831.29,30.78,2036.45,270,2831.29,False,False,True,True,False,False,True,False,False,20000000,500000000,15.533640474085034,0.15,50000,10000,100000,10.0,1.0164892888960209,5.0,5000.0,0.8,0.15,0.8,0.7,0.8,0.8253592528070124,False,False,True,True,True,True,True,True,True,0.09843082233207037,1.6014945426735594,0.7302147274401231,0.8541208299463429,0.9054820411448182,1.6951538341949783,0.047279065295644226,0,5.0,45,0.25,False,False,False,0.5,0.5,0.03,2,0.2777055468015115,1.5398982179214982,0.3179530572469722,1.7971124871378215,0.101962013920491,4.7409599827632185,10,0.11707786343066501,0.5,0.6,20.0,2.0
optuna_00055,105,1191,922,269,77.41,1.1568,2773.22,30.15,2080.83,270,2773.22,False,False,True,True,False,False,True,False,False,20000000,500000000,15.537444565802446,0.15,50000,10000,100000,10.0,1.1184145812311028,5.0,5000.0,0.8,0.15,0.8,0.7,0.8,0.82414605495465,False,False,True,True,True,True,True,True,True,0.09956951408757797,1.5827690205630731,0.7201810575007181,0.848959208425698,0.9158198126747915,1.5396661872252377,0.04622337606096304,0,5.0,45,0.25,False,False,False,0.5,0.5,0.03,2,0.257276039484679,1.5984707233436595,0.31758677844962063,1.7676491006515778,0.10022932318907478,4.819834560798947,10,0.1274302404133552,0.5,0.6,20.0,2.0
optuna_00074,106,1056,836,220,79.17,1.1818,2772.4,33.19,983.1,270,2772.4,False,False,True,True,False,False,True,False,False,20000000,500000000,15.686016017638812,0.15,50000,10000,100000,10.0,1.9551233632499105,5.0,5000.0,0.8,0.15,0.8,0.7,0.8,0.8717869331083,False,False,True,True,True,True,True,True,True,0.09578327825505295,1.587284319980867,0.7172165444690535,0.8993571589796595,0.9160550825316784,1.6779960346892433,0.04810954425256427,0,5.0,45,0.25,False,False,False,0.5,0.5,0.03,2,0.31277974119661645,1.96584087319373,0.314495742538071,2.0851613487094447,0.1303971274954618,4.7698242437553136,10,0.23383320819358816,0.5,0.6,20.0,2.0
optuna_00081,107,1124,904,220,80.43,1.1705,2756.92,35.47,1464.73,270,2756.92,False,False,True,True,False,False,True,False,False,20000000,500000000,17.678196006094193,0.15,50000,10000,100000,10.0,1.038252319274902,5.0,5000.0,0.8,0.15,0.8,0.7,0.8,0.8995596309968044,False,False,True,True,True,True,True,True,True,0.09336532689577634,1.756109892129926,0.6677452145522101,0.8711581798817976,0.954844372680396,1.914348598492638,0.07187953429897606,0,5.0,45,0.25,False,False,False,0.5,0.5,0.03,2,0.36837331369314635,1.9098426281574887,0.3367212634476584,1.9128773837245945,0.39762272023263034,4.17209246666479,10,0.2104516673741351,0.5,0.6,20.0,2.0
optuna_00114,108,1074,864,210,80.45,1.1778,2721.15,33.69,1232.19,270,2721.15,False,False,True,True,False,False,True,False,False,20000000,500000000,18.59506513324636,0.15,50000,10000,100000,10.0,1.0943890326591443,5.0,5000.0,0.8,0.15,0.8,0.7,0.8,0.8850192264656732,False,False,True,True,True,True,True,True,True,0.08952817743752241,1.9900616519473309,0.6216311203448487,0.8878341803832921,0.9602898462050637,1.9863292338106073,0.0729154664156672,0,5.0,45,0.25,False,False,False,0.5,0.5,0.03,2,0.310266401266678,1.8524699158197668,0.6478041163097502,2.6552107109658083,0.25991592432740296,2.2948572976823605,10,0.23014249419485144,0.5,0.6,20.0,2.0
optuna_00175,109,1196,955,241,79.85,1.1612,2717.74,37.47,1051.97,270,2717.74,False,False,True,True,False,False,True,False,False,20000000,500000000,20.09317630359161,0.15,50000,10000,100000,10.0,1.0202673535718154,5.0,5000.0,0.8,0.15,0.8,0.7,0.8,0.582340987966967,False,False,True,True,True,True,True,True,False,0.09961440508507968,1.7088553998591616,0.5608060730045257,0.8790010342789325,0.9353176548591502,1.9669663119140344,0.08565841348206255,0,5.0,45,0.25,False,False,False,0.5,0.5,0.03,2,0.2575686412248924,1.4842189059881803,0.3653746338582912,1.9854347484995272,0.2976755363738811,2.1260955651573763,10,0.2506134601043094,0.5,0.6,20.0,2.0
optuna_00048,110,1165,920,245,78.97,1.1604,2661.95,33.31,1247.06,270,2661.95,False,False,True,True,False,False,True,False,False,20000000,500000000,15.093656215384273,0.15,50000,10000,100000,10.0,1.3980023512005761,5.0,5000.0,0.8,0.15,0.8,0.7,0.8,0.7647428355799429,False,False,True,True,True,True,True,True,True,0.09017893647187222,1.5201290824219569,0.6394902072064945,0.7973819660779221,0.9241067528839517,1.563629627180791,0.034237950570857975,0,5.0,45,0.25,False,False,False,0.5,0.5,0.03,2,0.4071683466927176,1.778698247848984,0.2099105091727332,1.344129919768596,0.12075234587185538,4.948968581756721,10,0.17737271866702675,0.5,0.6,20.0,2.0
optuna_00091,111,1108,879,229,79.33,1.1594,2642.29,34.88,1903.65,270,2642.29,False,False,True,True,False,False,True,False,False,20000000,500000000,15.904561940130028,0.15,50000,10000,100000,10.0,1.0101329071222156,5.0,5000.0,0.8,0.15,0.8,0.7,0.8,0.8748471306994269,False,False,True,True,True,True,True,True,True,0.09681557746980958,1.6361667690394854,0.7296903885049191,0.8586048033652691,0.9538412495209635,1.5945675330627318,0.05086220191014402,0,5.0,45,0.25,False,False,False,0.5,0.5,0.03,2,0.2717297269283892,1.6662322791206372,0.32149198495381015,1.935469389816154,0.41877967251598625,4.726479229775116,10,0.246763138877995,0.5,0.6,20.0,2.0
optuna_00127,112,1161,913,248,78.64,1.1571,2619.55,32.9,1732.77,270,2619.55,False,False,True,True,False,False,True,False,False,20000000,500000000,19.145628116908924,0.15,50000,10000,100000,10.0,1.4239316858971836,5.0,5000.0,0.8,0.15,0.8,0.7,0.8,0.448416528211429,False,False,True,True,True,True,True,True,True,0.013558572339776424,1.8378302276434144,0.5949165200237244,0.8609016527237854,0.9362982249191261,1.9386558427774057,0.07108582841874152,0,5.0,45,0.25,False,False,False,0.5,0.5,0.03,2,0.26600432884243225,1.7077240405175662,0.3552355965560677,2.392883961267062,0.34309798066065217,2.0303403089206595,10,0.1849599448627884,0.5,0.6,20.0,2.0
optuna_00126,113,1274,1006,268,78.96,1.1413,2597.99,27.58,1843.99,270,2597.99,False,False,True,True,False,False,True,False,False,20000000,500000000,18.00517688538903,0.15,50000,10000,100000,10.0,1.1459026159215355,5.0,5000.0,0.8,0.15,0.8,0.7,0.8,0.43343368841120117,False,False,True,True,True,True,True,True,True,0.01667817035585996,1.9449022206539568,0.6138796667939138,0.8297235287840996,0.9439289536159013,1.7980633969840285,0.06876206832849618,0,5.0,45,0.25,False,False,False,0.5,0.5,0.03,2,0.2792104851945187,1.980838207611143,0.3307139108512694,2.3008059622977193,0.3302619799717391,2.2608638040715876,10,0.002494499009294937,0.5,0.6,20.0,2.0
optuna_00084,114,1073,858,215,79.96,1.1738,2591.5,34.71,1291.86,270,2591.5,False,False,True,True,False,False,True,False,False,20000000,500000000,17.172486682695894,0.15,50000,10000,100000,10.0,1.632221406086928,5.0,5000.0,0.8,0.15,0.8,0.7,0.8,0.8849987136849738,False,False,True,True,True,True,True,True,True,0.08129856792394768,1.8663379570435794,0.6967049087854641,0.8745735900331862,0.9490892394737627,1.9551914814708535,0.06068399879122137,0,5.0,45,0.25,False,False,False,0.5,0.5,0.03,2,0.3660980759168512,2.1352119746380516,0.37266305230704977,2.0119131342493,0.36790904211075914,4.597384107694085,10,0.28206390935086245,0.5,0.6,20.0,2.0
optuna_00116,115,1079,865,214,80.17,1.1723,2570.98,31.54,1211.26,270,2570.98,False,False,True,True,False,False,True,False,False,20000000,500000000,17.246366609990734,0.15,50000,10000,100000,10.0,1.7190225783427628,5.0,5000.0,0.8,0.15,0.8,0.7,0.8,0.870886977339233,False,False,True,True,True,True,True,True,True,0.08463983127848465,1.6582370785661316,0.6802796572760565,0.8625374809777676,0.9544029040863756,1.7654910601780203,0.06482970421227974,0,5.0,45,0.25,False,False,False,0.5,0.5,0.03,2,0.29231240000312636,2.0159308341553595,0.3076150420941408,2.469762441524053,0.3752725112677195,2.635776388743462,10,0.25898900894320426,0.5,0.6,20.0,2.0
optuna_00051,116,1142,904,238,79.16,1.1541,2557.19,34.15,1175.18,270,2557.19,False,False,True,True,False,False,True,False,False,20000000,500000000,15.148837854276684,0.15,50000,10000,100000,10.0,1.3118284045803246,5.0,5000.0,0.8,0.15,0.8,0.7,0.8,0.7656321698427014,False,False,True,True,True,True,True,True,True,0.0858645632344281,1.4943260649099346,0.6344943151508148,0.7897446444540249,0.923643650633993,1.575109827104007,0.0453773420020886,0,5.0,45,0.25,False,False,False,0.5,0.5,0.03,2,0.39922667896963054,1.7539437623312426,0.22095561290002633,1.5835816591068492,0.11607211506884509,4.9871908402609915,10,0.18407799752642925,0.5,0.6,20.0,2.0
optuna_00111,117,1036,828,208,79.92,1.1603,2532.59,32.41,1672.91,270,2532.59,False,False,True,True,False,False,True,False,False,20000000,500000000,17.883881258137357,0.15,50000,10000,100000,10.0,1.2303665032912559,5.0,5000.0,0.8,0.15,0.8,0.7,0.8,0.8545924880452553,False,False,True,True,True,True,True,True,True,0.09423633296560852,1.8263794752672844,0.6920463897798866,0.40238431010765563,0.9575260221720503,1.863306439492785,0.06416068596512793,0,5.0,45,0.25,False,False,False,0.5,0.5,0.03,2,0.3506515123956574,2.4386054134132835,0.25908470829205094,2.328255592125467,0.38866003479302397,2.406486602244352,10,0.24034495365479625,0.5,0.6,20.0,2.0
optuna_00059,118,1189,916,273,77.04,1.1437,2529.84,29.54,2438.96,270,2529.84,False,False,True,True,False,False,True,False,False,20000000,500000000,16.149869652965418,0.15,50000,10000,100000,10.0,1.119626264551424,5.0,5000.0,0.8,0.15,0.8,0.7,0.8,0.8304591966557576,False,False,True,True,True,True,True,True,True,0.09165877739591174,1.6679213476454502,0.6979233180981392,0.8541574059326991,0.9108658620496011,1.7070865808530524,0.041166489565383685,0,5.0,45,0.25,False,False,False,0.5,0.5,0.03,2,0.20783666704919895,1.5543432339034298,0.38283784695541445,1.721731427206324,0.11219042272296223,4.635388616445038,10,0.13839866526717892,0.5,0.6,20.0,2.0
optuna_00144,119,1117,895,222,80.13,1.1681,2518.17,35.3,1491.79,270,2518.17,False,False,True,True,False,False,True,False,False,20000000,500000000,19.310202077113424,0.15,50000,10000,100000,10.0,1.5415125717874776,5.0,5000.0,0.8,0.15,0.8,0.7,0.8,0.4003873195431279,False,False,True,True,True,True,True,True,True,0.08593662910604605,1.8166700111134604,0.6274347747718855,0.8909066902759855,0.9213982376528371,1.7548233930015407,0.07532707953560688,0,5.0,45,0.25,False,False,False,0.5,0.5,0.03,2,0.3969432850826974,1.6851315794071808,0.39395532525548943,2.2211241807864552,0.3026593814681128,2.1007284267612865,10,0.19311185111375656,0.5,0.6,20.0,2.0
optuna_00105,120,1084,863,221,79.61,1.1566,2515.98,35.47,1220.03,270,2515.98,False,False,True,True,False,False,True,False,False,20000000,500000000,17.28510214748005,0.15,50000,10000,100000,10.0,1.2878877294961268,5.0,5000.0,0.8,0.15,0.8,0.7,0.8,0.8698878734281016,False,False,True,True,True,True,True,True,True,0.03333709693592711,1.8465609157004983,0.7045848256106159,0.8456690722536071,0.9995283754674144,1.6200565512103418,0.07462511266170234,0,5.0,45,0.25,False,False,False,0.5,0.5,0.03,2,0.2777584368363551,2.0759273896413504,0.2488279570609812,2.5135002197949183,0.35790964460917574,2.2159442948007353,10,0.23598549504556737,0.5,0.6,20.0,2.0
optuna_00129,121,1109,883,226,79.62,1.1592,2508.95,36.43,1143.59,270,2508.95,False,False,True,True,False,False,True,False,False,20000000,500000000,18.17705269050588,0.15,50000,10000,100000,10.0,1.517606419900353,5.0,5000.0,0.8,0.15,0.8,0.7,0.8,0.4014949664325323,False,False,True,True,True,True,True,True,True,0.018473860955947843,1.880239180318967,0.6447180454146727,0.8128347675231903,0.946711854067454,1.8929996509928506,0.06733574604097725,0,5.0,45,0.25,False,False,False,0.5,0.5,0.03,2,0.33715474154341296,2.3356251714385117,0.2724224911891769,2.0436391309782476,0.31845283455855244,2.235406487628606,10,0.25728410276232877,0.5,0.6,20.0,2.0
optuna_00062,122,1185,924,261,77.97,1.141,2491.75,26.79,1349.52,270,2491.75,False,False,True,True,False,False,True,False,False,20000000,500000000,16.63417602268049,0.15,50000,10000,100000,10.0,1.556143228987201,5.0,5000.0,0.8,0.15,0.8,0.7,0.8,0.8454521057163618,False,False,True,True,True,True,True,True,True,0.09141387433519128,1.669777905514377,0.6850291194003582,0.8923350843497234,0.9095377127011539,1.7110418920892911,0.041442181274859845,0,5.0,45,0.25,False,False,False,0.5,0.5,0.03,2,0.28563117850035896,2.0453489959101403,0.33066161436227764,1.8882253558098057,0.1286575567624399,4.714845415289525,10,0.07913684274644854,0.5,0.6,20.0,2.0
optuna_00207,123,1114,889,225,79.8,1.1564,2482.58,33.66,1134.37,270,2482.58,False,False,True,True,False,False,True,False,False,20000000,500000000,19.51525344907568,0.15,50000,10000,100000,10.0,1.0002138209647136,5.0,5000.0,0.8,0.15,0.8,0.7,0.8,0.5454990863310804,False,False,True,True,True,True,True,True,True,0.04841709348077376,1.6510606563874344,0.5651610737613004,0.8077804872104394,0.9422448143698867,1.9240322202805844,0.0836192647294258,0,5.0,45,0.25,False,False,False,0.5,0.5,0.03,2,0.22192714303417266,1.4802383831410915,0.3251310145125949,2.2437318333061316,0.3098284706910826,2.219844282739822,10,0.2738200966518669,0.5,0.6,20.0,2.0
optuna_00216,124,1142,910,232,79.68,1.1458,2392.78,36.09,1019.64,270,2392.78,False,False,True,True,False,False,True,False,False,20000000,500000000,20.210913892109122,0.15,50000,10000,100000,10.0,1.2411342489508006,5.0,5000.0,0.8,0.15,0.8,0.7,0.8,0.5278779189686966,False,False,True,True,True,False,True,True,True,0.09913998762931175,1.742203513737869,0.4949465734032842,0.8443824894558933,0.932093542246263,1.9181307506585168,0.0756416863422177,0,5.0,45,0.25,False,False,False,0.5,0.5,0.03,2,0.2955165253637219,1.6388502928834807,0.37950220740934576,2.0673444292343808,0.24639238350935058,2.148772320328706,10,0.258178058668195,0.5,0.6,20.0,2.0
optuna_00052,125,1161,911,250,78.47,1.1346,2379.83,30.7,1343.28,270,2379.83,False,False,True,True,False,False,True,False,False,20000000,500000000,15.119706057882572,0.15,50000,10000,100000,10.0,1.4053843883052641,5.0,5000.0,0.8,0.15,0.8,0.7,0.8,0.7680477696050957,False,False,True,True,True,True,True,True,True,0.08700913469942655,1.5207983178934827,0.6522581978221669,0.8056343353980862,0.9191829844525768,1.5019641630541123,0.043900502431747854,0,5.0,45,0.25,False,False,False,0.5,0.5,0.03,2,0.390677474481428,1.7442076687563297,0.24775800943992285,1.7526090252020354,0.10251253567723513,4.887433023370505,10,0.1242099756079718,0.5,0.6,20.0,2.0
optuna_00149,126,1010,799,211,79.11,1.1656,2349.32,35.8,1222.82,270,2349.32,False,False,True,True,False,False,True,False,False,20000000,500000000,18.72443454932686,0.15,50000,10000,100000,10.0,2.389495073237222,5.0,5000.0,0.8,0.15,0.8,0.7,0.8,0.4542350656636483,False,False,True,True,True,True,True,True,True,0.08808397643134419,1.8990567715915758,0.6383392187993364,0.8654268105686895,0.9345185233432117,1.6130443013571314,0.07065472447738166,0,5.0,45,0.25,False,False,False,0.5,0.5,0.03,2,0.4891783640255836,1.7802181749837098,0.29512950571124497,2.368559919285802,0.33597611124213234,2.359115890651104,10,0.216980948182601,0.5,0.6,20.0,2.0
optuna_00112,127,1049,843,206,80.36,1.1542,2266.1,33.92,1028.17,270,2266.1,False,False,True,True,False,False,True,False,False,20000000,500000000,18.752099105434993,0.15,50000,10000,100000,10.0,1.351967678767972,5.0,5000.0,0.8,0.15,0.8,0.7,0.8,0.843998089684707,False,False,True,True,True,True,True,True,True,0.05996422787912312,1.883096210511623,0.706194180626589,0.8692120148818825,0.9649837954448136,1.820299218719518,0.09149097588121008,0,5.0,45,0.25,False,False,False,0.5,0.5,0.03,2,0.33265979148454017,2.607182251325625,0.27955334580825475,2.1143199954841605,0.31342759820658594,2.7637759664316954,10,0.30669895302778205,0.5,0.6,20.0,2.0
optuna_00211,128,884,687,197,77.71,1.1874,2248.21,29.06,915.11,270,2248.21,False,False,True,True,False,False,True,False,False,20000000,500000000,20.27263700991148,0.15,50000,10000,100000,10.0,3.797419434165406,5.0,5000.0,0.8,0.15,0.8,0.7,0.8,0.5056745883755109,False,False,True,True,True,True,True,True,True,0.09418398923461467,1.6888554702106422,0.5091030899662978,0.8382233579424307,0.9272333715971953,1.881393498465884,0.07749157231714171,0,5.0,45,0.25,False,False,False,0.5,0.5,0.03,2,0.28623936028165736,1.4358428085432604,0.3389995532327913,2.024372370656194,0.2719123402687551,2.2887420928064,10,0.2629063730990646,0.5,0.6,20.0,2.0
optuna_00086,129,1075,859,216,79.91,1.1399,2235.89,30.53,1312.33,270,2235.89,False,False,True,True,False,False,True,False,False,20000000,500000000,16.879694485770706,0.15,50000,10000,100000,10.0,1.3947160554115223,5.0,5000.0,0.8,0.15,0.6322990197799465,0.7240241512555217,0.5863125533697731,0.5812863070840661,False,True,True,True,True,True,True,True,True,0.08791457127092528,1.8620471704751564,0.7042565588565481,0.4842716709895629,0.94561322215149,1.7629154665173248,0.06487249242479487,0,5.0,45,0.25,False,False,False,0.5,0.5,0.03,2,0.2958045202148351,1.8224051890178534,0.39542273776480186,1.8305337616631265,0.36791224807094913,4.463301918319516,10,0.20368246900915846,0.5,0.6,20.0,2.0
optuna_00110,130,1048,829,219,79.1,1.1425,2211.04,33.91,1128.21,270,2211.04,False,False,True,True,False,False,True,False,False,20000000,500000000,16.74925441622582,0.15,50000,10000,100000,10.0,1.494071169360912,5.0,5000.0,0.8,0.15,0.8,0.7,0.8,0.8645785660313771,False,False,True,True,True,True,True,True,True,0.02998438883123299,1.6200872942575524,0.7125480975718964,0.8892232740993896,0.9620660398270282,1.6656472797446462,0.0849008678052461,0,5.0,45,0.25,False,False,False,0.5,0.5,0.03,2,0.26750223653617244,1.7898119116630007,0.34555503380225794,2.0049659909136706,0.32472338977188464,2.1421036075655753,10,0.21823512896176536,0.5,0.6,20.0,2.0
optuna_00085,131,1093,872,221,79.78,1.1422,2184.12,30.47,1534.05,270,2184.12,False,False,True,True,False,False,True,False,False,20000000,500000000,18.558994998353086,0.15,50000,10000,100000,10.0,1.502766643181311,5.0,5000.0,0.8,0.15,0.8,0.7,0.8,0.8523389149868493,False,False,True,True,True,True,True,True,True,0.09329023456037237,1.7838063304836445,0.6847424470307402,0.8213067515012138,0.9741596262380323,1.8549461535999592,0.06681167760670152,0,5.0,45,0.25,False,False,False,0.5,0.5,0.03,2,0.3379813045313933,2.0361768224729353,0.26608384797592677,2.181770359508027,0.44872483664337315,4.673628072757186,10,0.2322840617242544,0.5,0.6,20.0,2.0
optuna_00022,132,998,690,308,69.14,1.1358,2176.14,68.46,1028.6,270,2176.14,False,False,True,True,False,False,True,False,False,20000000,500000000,17.10889080813408,0.15,50000,10000,100000,10.0,2.177294885217192,5.0,5000.0,0.7513528492135548,0.13136916643219718,0.8,0.7,0.8,0.49179339280632794,True,False,True,False,True,False,True,True,True,0.09618286055584965,1.7544431180355564,0.8209292357831981,0.5741916690681078,0.9241674718311431,1.5066024383398824,0.028720680234614923,0,5.0,45,0.25,False,False,False,0.5,0.5,0.03,2,0.8934244280913649,2.3823966213204733,0.25588578208346974,1.2417839339679002,0.45179547105259993,4.109698613642035,13,0.30907017419191274,0.5,0.6,20.0,2.0
optuna_00061,133,1202,923,279,76.79,1.1202,2160.84,27.79,2171.98,270,2160.84,False,False,True,True,False,False,True,False,False,20000000,500000000,16.252578404610166,0.15,50000,10000,100000,10.0,1.1239675661648092,5.0,5000.0,0.8,0.15,0.8,0.7,0.8,0.822001745431209,False,False,True,True,True,True,True,True,True,0.09446801182407522,1.7307886142875624,0.6955288524524059,0.8434515468441351,0.9126459501302148,1.7439931098343466,0.038779878847357695,0,5.0,45,0.25,False,False,False,0.5,0.5,0.03,2,0.21808311478357018,1.6016301321838433,0.3859594366176593,1.7271605135948278,0.11331702002289383,4.6346383599230805,10,0.12988536493198796,0.5,0.6,20.0,2.0
optuna_00104,134,1154,917,237,79.46,1.1249,2130.38,31.78,2000.38,270,2130.38,False,False,True,True,False,False,True,False,False,20000000,500000000,18.22861471349336,0.15,50000,10000,100000,10.0,1.1503110859986603,5.0,5000.0,0.8,0.15,0.8,0.7,0.8,0.8357628188020648,False,False,True,True,True,True,True,True,True,0.017874655270076298,1.7445846818813129,0.725420553547685,0.8631847953642806,0.942312425914164,1.7426738722670039,0.08067320959570856,0,5.0,45,0.25,False,False,False,0.5,0.5,0.03,2,0.25838291174120315,1.8204686184516647,0.519664812376158,2.0743036853472945,0.33738702001134463,2.814799038141312,10,0.18663256477969506,0.5,0.6,20.0,2.0
optuna_00090,135,1033,826,207,79.96,1.1461,2126.29,29.95,1488.0,270,2126.29,False,False,True,True,False,False,True,False,False,20000000,500000000,17.543318861750116,0.15,50000,10000,100000,10.0,1.5386384166977345,5.0,5000.0,0.8,0.15,0.8,0.7,0.8,0.6203692121410574,False,False,True,True,True,True,True,True,True,0.0834795103756301,1.5269271343903292,0.6053154919174255,0.8320890913024485,0.9706507800094836,1.9845968647089105,0.08304443536660193,0,5.0,45,0.25,False,False,False,0.5,0.5,0.03,2,0.3625268788580176,2.3900162869315116,0.28189214604600227,2.270868684016359,0.40457741445645146,4.0574911503934326,10,0.2734090261195792,0.5,0.6,20.0,2.0
optuna_00125,136,1206,953,253,79.02,1.1159,2074.12,29.75,1185.23,270,2074.12,False,False,True,True,False,False,True,False,False,20000000,500000000,18.322229394759077,0.15,50000,10000,100000,10.0,1.1768569833223126,5.0,5000.0,0.8,0.15,0.8,0.7,0.8,0.4303197646048568,False,False,True,True,True,True,True,True,False,0.08669654188897565,1.8933825638197992,0.6327808771869278,0.8818587334424162,0.9394354304455228,1.8047636111995935,0.07323768570324711,0,5.0,45,0.25,False,False,False,0.5,0.5,0.03,2,0.22598951283217072,2.0661892079273687,0.694948096803422,1.8628800751355177,0.3484977091026015,2.1744218888000053,10,0.22917388775976846,0.5,0.6,20.0,2.0
optuna_00026,137,969,645,324,66.56,1.1382,2026.92,64.33,1202.64,270,2026.92,False,False,True,True,False,False,True,False,False,20000000,500000000,15.944302669950098,0.15,50000,10000,100000,10.0,3.3950637021994052,5.0,5000.0,0.8,0.15,0.7543215987816277,0.5835532118133818,0.5156973761694027,0.4684105241308512,False,True,True,False,True,True,True,True,True,0.08331588281636054,1.218608065017131,0.8280475506601908,0.607798773247543,0.9370733492079508,1.7969724932643103,0.01736737675328265,0,5.0,45,0.25,False,False,False,0.5,0.5,0.03,2,0.8035422951709337,2.3202915069606607,0.3438810267062709,2.098970722616067,0.4547743516578658,3.646806903589645,13,0.4417941227200505,0.5,0.6,20.0,2.0
optuna_00150,138,1236,968,268,78.32,1.1124,2026.16,33.81,1054.5,270,2026.16,False,False,True,True,False,False,True,False,False,20000000,500000000,18.4354064363174,0.15,50000,10000,100000,10.0,1.5163163964013846,5.0,5000.0,0.8,0.15,0.8,0.7,0.8,0.41234391957955924,False,False,True,True,True,True,True,True,False,0.08146432696431005,1.8020217174649629,0.646694942610049,0.8769988436562111,0.9257267216717154,1.6809253542668785,0.06364765023015284,0,5.0,45,0.25,False,False,False,0.5,0.5,0.03,2,0.3768851831588837,1.94890581129092,0.36874640617031956,2.1996854772177934,0.3259444715411709,2.6055919954183553,10,0.19452291682691103,0.5,0.6,20.0,2.0
optuna_00146,139,886,570,316,64.33,1.1089,1994.95,63.93,1548.69,270,1994.95,False,False,True,True,False,False,True,False,False,20000000,500000000,18.715642239437457,0.15,50000,10000,100000,10.0,1.3097432263127335,5.0,5000.0,0.8,0.15,0.8,0.7,0.8,0.432016717370323,False,False,True,True,True,True,True,True,True,0.09087985360019245,1.806220824652928,0.6741190689388381,0.8980782736548842,0.9381122367534281,1.7069884137064755,0.06793347444796313,0,5.0,45,0.25,False,False,False,0.5,0.5,0.03,2,0.4318393049137262,1.7616315737612995,0.3389311330000636,2.3067175771601396,0.32092076495071686,2.2627661786144255,13,0.18619967139082766,0.5,0.6,20.0,2.0
optuna_00173,140,1153,924,229,80.14,1.1212,1992.51,32.94,1090.7,270,1992.51,False,False,True,True,False,False,True,False,False,20000000,500000000,21.237813435209613,0.15,50000,10000,100000,10.0,1.1419267686025445,5.0,5000.0,0.8,0.15,0.8,0.7,0.8,0.5007875745628753,False,False,True,True,True,True,True,True,True,0.09705836517685587,1.710999056663189,0.4944066257616493,0.7664099142392501,0.9422720766596029,1.913945476182944,0.07776366020430617,0,5.0,45,0.25,False,False,False,0.5,0.5,0.03,2,0.2876617001507575,1.4490977511207064,0.33527325867630053,2.0858929054693154,0.2551092605758922,2.2722636628840136,10,0.26775362412521514,0.5,0.6,20.0,2.0
optuna_00067,141,1098,864,234,78.69,1.1139,1906.77,30.16,1791.63,270,1906.77,False,False,True,True,False,False,True,False,False,20000000,500000000,15.877071078574268,0.15,50000,10000,100000,10.0,1.1862915647740064,5.0,5000.0,0.8,0.15,0.8,0.7,0.8,0.7894066318401838,False,False,True,True,True,True,True,True,True,0.09126679691399205,1.6171337389414229,0.7793541247162866,0.7388095476000573,0.9173277242521292,1.6537994466746815,0.03908793852086967,0,5.0,45,0.25,False,False,False,0.5,0.5,0.03,2,0.2913076171493419,1.515223084048314,0.4113144846897826,2.1672545497166658,0.15975206510812476,4.3972394403803765,10,0.17086398644819187,0.5,0.6,20.0,2.0
optuna_00120,142,1032,823,209,79.75,1.1215,1904.69,27.92,1630.02,270,1904.69,False,False,True,True,False,False,True,False,False,20000000,500000000,17.668180858287254,0.15,50000,10000,100000,10.0,1.3568022858499489,5.0,5000.0,0.8,0.15,0.9270197523056488,0.4007179245619067,0.6796211193986532,0.8865885849733097,False,True,True,True,True,True,True,True,True,0.07794521144493283,1.9818004550837265,0.7523124180141235,0.8438784872463811,0.9481448144978208,1.5782221336886602,0.07626611162169337,0,5.0,45,0.25,False,False,False,0.5,0.5,0.03,2,0.2488358442482364,2.1529615635791983,0.23897421730466809,2.1864900559014253,0.31574867682438273,2.587003603908288,10,0.21865531841897057,0.5,0.6,20.0,2.0
optuna_00148,143,1069,855,214,79.98,1.1231,1888.93,32.52,1777.64,270,1888.93,False,False,True,True,False,False,True,False,False,20000000,500000000,18.47447380527748,0.15,50000,10000,100000,10.0,1.3006279475626246,5.0,5000.0,0.8,0.15,0.8,0.7,0.8,0.4799143166678416,False,False,True,True,True,True,True,True,True,0.0872111837878496,1.8333132619492418,0.8640322603651429,0.8899405163167844,0.9280143210634941,1.7784488518807717,0.06622143847467957,0,5.0,45,0.25,False,False,False,0.5,0.5,0.03,2,0.41163827859293417,1.5957235646726735,0.3479452243084876,2.5205996189328848,0.3106271519510669,2.693228159319123,10,0.2046920210585588,0.5,0.6,20.0,2.0
optuna_00065,144,1198,936,262,78.13,1.1011,1884.77,26.16,1403.33,270,1884.77,False,False,True,True,False,False,True,False,False,20000000,500000000,15.459593564287081,0.15,50000,10000,100000,10.0,1.0271117529926743,5.0,5000.0,0.8,0.15,0.8,0.7,0.8,0.7027796129692496,False,False,True,True,True,True,True,True,True,0.08880526568579616,1.813252037666543,0.6690386363957098,0.827235215605978,0.9093583490627746,1.6000756089751265,0.04775197835993017,0,5.0,45,0.25,False,False,False,0.5,0.5,0.03,2,0.3466301472023529,1.7419733148952807,0.2785777868312517,1.7991291764996076,0.10131557741998895,4.873009536719982,10,0.08440153461787936,0.5,0.6,20.0,2.0
optuna_00050,145,1149,902,247,78.5,1.1106,1869.91,29.9,1199.86,270,1869.91,False,False,True,True,False,False,True,False,False,20000000,500000000,15.024415257107735,0.15,50000,10000,100000,10.0,1.299764529578882,5.0,5000.0,0.8,0.15,0.8,0.7,0.8,0.7674723623358979,False,False,True,True,True,True,True,True,True,0.08566212956811294,1.5001704476251634,0.6293331437273862,0.7958887230356115,0.9230071446886301,1.542827837472033,0.04432620291320233,0,5.0,45,0.25,False,False,False,0.5,0.5,0.03,2,0.378026948890168,1.653671808175554,0.21908748759322244,1.584682334783913,0.12435407650912363,4.992761809534181,10,0.178691213171147,0.5,0.6,20.0,2.0
optuna_00057,146,1228,944,284,76.87,1.0986,1869.2,23.26,2157.61,270,1869.2,False,False,True,True,False,False,True,False,False,20000000,500000000,16.085152936559982,0.15,50000,10000,100000,10.0,1.0063262687316294,5.0,5000.0,0.8,0.15,0.8,0.7,0.8,0.8355744024573256,False,False,True,True,True,True,True,True,True,0.09796626016559701,1.6363831992477988,0.7368992348890334,0.8796890246978465,0.9027737806518655,1.7136614632039762,0.057538804767887586,0,5.0,45,0.25,False,False,False,0.5,0.5,0.03,2,0.2569771426450654,1.4410970790984028,0.3164654550722629,2.034133124482647,0.10070243623652744,4.732865459891188,10,0.07283239493126809,0.5,0.6,20.0,2.0
optuna_00064,147,1093,858,235,78.5,1.1143,1864.46,25.85,1313.8,270,1864.46,False,False,True,True,False,False,True,False,False,20000000,500000000,16.038454566419734,0.15,50000,10000,100000,10.0,1.7543873567998967,5.0,5000.0,0.8,0.15,0.8,0.7,0.8,0.8677483419898566,False,False,True,True,True,True,True,True,True,0.09261275455439354,1.6718510870629837,0.7435415999466392,0.7315063356650067,0.9181697949429832,1.808337588007605,0.06187642645053465,0,5.0,45,0.25,False,False,False,0.5,0.5,0.03,2,0.24223129193713905,1.8628315595576617,0.31400052899963077,1.693494922679761,0.17138626606234023,4.648064646370307,10,0.15834104783972336,0.5,0.6,20.0,2.0
optuna_00097,148,1101,869,232,78.93,1.1133,1864.19,27.94,1188.45,270,1864.19,False,False,True,True,False,False,True,False,False,20000000,500000000,18.46246701915767,0.15,50000,10000,100000,10.0,1.4582534171347528,5.0,5000.0,0.8,0.15,0.8,0.7,0.8,0.8616256597353352,False,False,True,True,True,True,True,True,True,0.05122890148382693,1.8475592122504707,0.6190346749364277,0.883413396800405,0.948888755934211,1.9399520418963692,0.07519264805200525,0,5.0,45,0.25,False,False,False,0.5,0.5,0.03,2,0.24076944323869415,1.91016469043182,0.2943382565211987,2.3385791695292624,0.29433902154722186,2.5484026726296953,10,0.2072255837049469,0.5,0.6,20.0,2.0
optuna_00119,149,1139,932,207,81.83,1.1066,1819.93,44.9,1528.17,270,1819.93,False,False,True,True,False,False,True,False,False,20000000,500000000,16.347906639699026,0.15,50000,10000,100000,10.0,1.4455669709215284,5.0,5000.0,0.8,0.15,0.8,0.7,0.8,0.507247494838033,False,False,True,True,True,True,True,True,True,0.0882251912892329,1.927690392786719,0.725673597090931,0.8844662672698725,0.9428800692373696,1.6777577291210266,0.06866653778938485,0,5.0,45,0.25,False,False,False,0.5,0.5,0.03,2,0.997182664994839,2.2463626854974272,0.2570754449517638,2.323371619049268,0.3576194273528735,2.3184257316399353,10,0.24381441128706113,0.5,0.6,20.0,2.0
optuna_00058,150,1167,899,268,77.04,1.1041,1788.62,26.23,1560.54,270,1788.62,False,False,True,True,False,False,True,False,False,20000000,500000000,15.637926815807884,0.15,50000,10000,100000,10.0,1.757758794534392,5.0,5000.0,0.8,0.15,0.8542276870429704,0.8976350439628183,0.9990413904482242,0.825226560317925,False,True,True,True,True,True,True,True,True,0.0997812815684954,1.6099418664627017,0.7430419986555425,0.852065404510875,0.9134312927572313,1.8257563245939703,0.04755017588209456,0,5.0,45,0.25,False,False,False,0.5,0.5,0.03,2,0.2747841396549016,1.2077929299835337,0.3500642995917919,1.8454235444804334,0.4251719976705944,4.504435236196147,10,0.11035591517253725,0.5,0.6,20.0,2.0
optuna_00049,151,1159,905,254,78.08,1.1033,1780.18,28.78,1205.78,270,1780.18,False,False,True,True,False,False,True,False,False,20000000,500000000,15.036397710098385,0.15,50000,10000,100000,10.0,1.3454985013333043,5.0,5000.0,0.8,0.15,0.8,0.7,0.8,0.7653847094741228,False,False,True,True,True,True,True,True,True,0.08678848980255516,1.4634840235606525,0.6344886406060757,0.7968007887310525,0.9247854746422747,1.5607961544106084,0.03529398085370893,0,5.0,45,0.25,False,False,False,0.5,0.5,0.03,2,0.384909629875219,1.8577895949098908,0.20349954995426559,1.5186289722908375,0.11822236319958364,4.943179453475558,10,0.17800406597100327,0.5,0.6,20.0,2.0
optuna_00069,152,1067,844,223,79.1,1.1019,1737.79,28.06,1625.56,270,1737.79,False,False,True,True,False,False,True,False,False,20000000,500000000,16.2100752631894,0.15,50000,10000,100000,10.0,1.5208317250772636,5.0,5000.0,0.8,0.15,0.8,0.7,0.8,0.7990353105837514,False,False,True,True,True,True,True,True,True,0.08055737586564107,1.6829691383718486,0.766166162866815,0.6077731945816577,0.9402517527987894,1.8986556915907224,0.05067363040607049,0,5.0,45,0.25,False,False,False,0.5,0.5,0.03,2,0.4811379433875535,1.9753421971579086,0.2952438821116715,1.616377288854976,0.1408830222938809,4.9015973779352535,10,0.09379358100052623,0.5,0.6,20.0,2.0
optuna_00108,153,1144,897,247,78.41,1.1035,1730.78,28.0,1313.98,270,1730.78,False,False,True,True,False,False,True,False,False,20000000,500000000,19.950351605750548,0.15,50000,10000,100000,10.0,1.1749346469037139,5.0,5000.0,0.8,0.15,0.8,0.7,0.8,0.8159811724834892,False,False,True,True,True,True,True,True,True,0.026152510995945913,1.7600115495601232,0.7309949698992945,0.8402528584677732,0.9374995639033574,1.749589436387121,0.08614469579176126,0,5.0,45,0.25,False,False,False,0.5,0.5,0.03,2,0.2512373766135652,1.9948570028103496,0.42156626877474385,2.242307623299311,0.290267978973213,2.6245240110248997,10,0.16543677124007075,0.5,0.6,20.0,2.0
optuna_00063,154,1177,903,274,76.72,1.0964,1726.41,26.16,2412.21,270,1726.41,False,False,True,True,False,False,True,False,False,20000000,500000000,15.476352680689013,0.15,50000,10000,100000,10.0,1.12613762236678,5.0,5000.0,0.8,0.15,0.8,0.7,0.8,0.8011633997443104,False,False,True,True,True,True,True,True,True,0.09946974187510213,1.572649410103664,0.6998144889912283,0.8363885800328242,0.9004303517100406,1.5031022462891455,0.04606168216809729,0,5.0,45,0.25,False,False,False,0.5,0.5,0.03,2,0.2006399603790417,1.540524446789036,0.3809785780753018,1.605762925695778,0.11280951881769015,4.47731930861412,10,0.13678035564083407,0.5,0.6,20.0,2.0
optuna_00226,155,958,752,206,78.5,1.125,1708.67,28.89,1578.14,270,1708.67,False,False,True,True,False,False,True,False,False,20000000,500000000,19.64301847220552,0.15,50000,10000,100000,10.0,2.8429289002263225,5.0,5000.0,0.8,0.15,0.8,0.7,0.8,0.6420559171680265,False,False,True,True,True,True,True,True,True,0.09848042487116282,1.2309652877990294,0.5987522420422776,0.8207563074281867,0.9304042223742136,1.899023356611166,0.0754864174226822,0,5.0,45,0.25,False,False,False,0.5,0.5,0.03,2,0.30113838187703007,1.517317539204285,0.4125990513695944,2.1929578902897027,0.23625580538289082,2.382123330561724,10,0.2837360952133211,0.5,0.6,20.0,2.0
optuna_00047,156,1135,894,241,78.77,1.1,1703.75,31.44,1060.67,270,1703.75,False,False,True,True,False,False,True,False,False,20000000,500000000,15.453690695022791,0.15,50000,10000,100000,10.0,1.3010923426608816,5.0,5000.0,0.8,0.15,0.8,0.7,0.8,0.7483869850475583,False,False,True,True,True,True,True,True,True,0.08447682315843197,1.4855885261994124,0.6439071950261623,0.8021477820517428,0.9228482868452943,1.5643056886571218,0.034491497834970415,0,5.0,45,0.25,False,False,False,0.5,0.5,0.03,2,0.5308600306923773,2.2146043492078755,0.2000663713974207,1.5204441519790308,0.12173903822067587,4.977118461438696,10,0.19153966123944494,0.5,0.6,20.0,2.0
optuna_00034,157,1072,707,365,65.95,1.1079,1689.89,63.98,1353.98,270,1689.89,False,False,True,True,False,False,True,False,False,20000000,500000000,17.574666225930525,0.15,50000,10000,100000,10.0,3.4129626640567965,5.0,5000.0,0.8831849220770672,0.10106693187657842,0.8,0.7,0.8,0.6051665570271954,True,False,True,False,True,False,True,True,True,0.06426200995215917,1.5839271101077896,0.58339782220015,0.7986071326457579,0.9197945432674937,1.8732395444519887,0.02227948299881653,0,5.0,45,0.25,False,False,False,0.5,0.5,0.03,2,0.8595372442833883,2.6372127956063287,0.32603305027737006,1.4825415737019438,0.3985052677785206,4.510391244588942,12,0.3550941384738784,0.5,0.6,20.0,2.0
optuna_00068,158,1187,923,264,77.76,1.0905,1638.93,23.94,1109.64,270,1638.93,False,False,True,True,False,False,True,False,False,20000000,500000000,16.757846612117522,0.15,50000,10000,100000,10.0,1.7029712237603571,5.0,5000.0,0.8,0.15,0.8,0.7,0.8,0.8590077585556649,False,False,True,True,True,True,True,True,True,0.09937178010942417,1.8122890084972103,0.5740820204901529,0.8170208407794768,0.9061424696954903,1.8034339876917918,0.042707667674152745,0,5.0,45,0.25,False,False,False,0.5,0.5,0.03,2,0.35195385915204586,1.7281166410610043,0.34369723374449856,2.033001381838417,0.11667616424632773,4.566509895794072,10,0.04710707877750578,0.5,0.6,20.0,2.0
optuna_00121,159,1172,920,252,78.5,1.0927,1630.29,23.5,1657.49,270,1630.29,False,False,True,True,False,False,True,False,False,20000000,500000000,17.062900446471208,0.15,50000,10000,100000,10.0,1.0895708812032316,5.0,5000.0,0.8,0.15,0.8,0.7,0.8,0.482479929655385,False,False,True,True,True,True,True,True,True,0.09144811422458128,1.734047999120844,0.6620524773700278,0.8725084890534782,0.9538844400565478,1.7217148456651108,0.07959552161193978,0,5.0,45,0.25,False,False,False,0.5,0.5,0.03,2,0.30667952704103324,1.989845547795086,0.29427015565317244,2.39022868686528,0.30305028131098033,2.4931440572378696,10,0.030504803025844004,0.5,0.6,20.0,2.0
optuna_00076,160,990,784,206,79.19,1.1012,1536.73,26.89,1656.89,270,1536.73,False,False,True,True,False,False,True,False,False,20000000,500000000,16.529783053563516,0.15,50000,10000,100000,10.0,1.8824477815515632,5.0,5000.0,0.8,0.15,0.8,0.7,0.8,0.8747415414569653,False,False,True,True,True,True,True,True,True,0.09618726822217491,1.7097974588011187,0.7612046019472939,0.8992354414983433,0.9054012870449706,1.7869852233576253,0.053394889160794747,0,5.0,45,0.25,False,False,False,0.5,0.5,0.03,2,0.2610769857649601,2.0848154337929943,0.3636079276116453,2.089800153051244,0.13922608357149677,4.559756719725567,10,0.2620550805324773,0.5,0.6,20.0,2.0
optuna_00092,161,1135,898,237,79.12,1.0846,1477.37,30.67,1227.59,270,1477.37,False,False,True,True,False,False,True,False,False,20000000,500000000,16.52989198651402,0.15,50000,10000,100000,10.0,1.077709801328921,5.0,5000.0,0.8,0.15,0.8,0.7,0.8,0.842541979317377,False,False,True,True,True,True,True,True,True,0.0967242591248835,1.6986997039281837,0.47422111595984806,0.8548462838906932,0.9560260766345184,1.7788397931146354,0.07013715736506737,0,5.0,45,0.25,False,False,False,0.5,0.5,0.03,2,0.3418346734805451,1.810328502514687,0.30551966364797495,1.9793937802415777,0.3758392548046907,4.794307352180537,10,0.22689268821355962,0.5,0.6,20.0,2.0
optuna_00239,162,787,514,273,65.31,1.0874,1449.71,54.12,1151.46,270,1449.71,False,False,True,True,False,False,True,False,False,20000000,500000000,19.465186676334007,0.15,50000,10000,100000,10.0,1.301180995067181,5.0,5000.0,0.8,0.15,0.8,0.7,0.8,0.5715499160860381,False,False,True,True,True,True,True,True,True,0.09801941147774089,1.2575465909691594,0.5494219178099522,0.8425278435841337,0.9324290030839606,1.9114637827741738,0.0750126703469974,0,5.0,45,0.25,False,False,False,0.5,0.5,0.03,2,0.29259402410732577,1.447411477657207,0.3707032120314705,2.1942406237338963,0.19820790301824875,2.303677454415974,11,0.29803811350931886,0.5,0.6,20.0,2.0
optuna_00035,163,1043,677,366,64.91,1.0822,1396.78,61.61,760.05,270,1396.78,False,False,True,True,False,False,True,False,False,20000000,500000000,15.697160649458242,0.15,50000,10000,100000,10.0,2.410735091792265,5.0,5000.0,0.6665019717216403,0.18595409047881079,0.854893753699566,0.6469614119088318,0.7062716727065961,0.4382266742651827,True,True,True,False,True,True,True,True,True,0.08769101756247678,1.296722446427331,0.7012157426728294,0.6518795487510016,0.9063349073343884,1.765208044334925,0.03101443953368061,0,5.0,45,0.25,False,False,False,0.5,0.5,0.03,2,0.752877386953837,2.8803590573026163,0.4560059479232213,1.124675704331133,0.4749869601398544,3.879894181627564,13,0.201522371349506,0.5,0.6,20.0,2.0
optuna_00031,164,1002,687,315,68.56,1.0685,1159.21,62.28,1204.57,270,1159.21,False,False,True,True,False,False,True,False,False,20000000,500000000,17.662199521283732,0.15,50000,10000,100000,10.0,2.1531598533708367,5.0,5000.0,0.6935438369278909,0.1303531391900707,0.8,0.7,0.8,0.465715607765668,True,False,True,False,True,False,True,True,True,0.09822361952042018,1.3017801555176012,0.8393788793052833,0.6216892195322323,0.9227345179273274,1.5000723685638466,0.027959352615813234,0,5.0,45,0.25,False,False,False,0.5,0.5,0.03,2,0.9307602232217024,2.979944382025828,0.23410198453929168,1.1940723595594125,0.46666954995187754,4.123766354108266,13,0.2998014334826872,0.5,0.6,20.0,2.0
optuna_00088,165,1043,821,222,78.72,1.0701,1153.78,26.34,1731.77,270,1153.78,False,False,True,True,False,False,True,False,False,20000000,500000000,19.395366508720162,0.15,50000,10000,100000,10.0,1.1966100205709786,5.0,5000.0,0.8,0.15,0.8,0.7,0.8,0.8988112447540567,False,False,True,True,True,True,True,True,True,0.07680762500889766,1.7133614689293553,0.7552655428761368,0.6588701497644764,0.9638732386221524,1.8524620101979048,0.05974883448802275,0,5.0,45,0.25,False,False,False,0.5,0.5,0.03,2,0.23602293112878792,2.2272010488359792,0.3395985564990145,1.853151871746981,0.3412680606763065,4.89744949708687,10,0.266906949276144,0.5,0.6,20.0,2.0
optuna_00115,166,1080,857,223,79.35,1.0656,1149.33,29.23,2093.04,270,1149.33,False,False,True,True,False,False,True,False,False,20000000,500000000,17.458439668432156,0.15,50000,10000,100000,10.0,1.1640406070500622,5.0,5000.0,0.8,0.15,0.8,0.7,0.8,0.8995687571724081,False,False,True,True,True,True,True,True,True,0.03497327477328471,1.9476976701330129,0.7775312189589468,0.8516428231869289,0.9468305183898987,1.9085310574205883,0.06999539073550012,0,5.0,45,0.25,False,False,False,0.5,0.5,0.03,2,0.38217670718767405,2.2016428821306766,0.33165230613057994,2.4320073638956536,0.3437109739216173,2.4511497185871023,10,0.20102947749857528,0.5,0.6,20.0,2.0
optuna_00046,167,849,549,300,64.66,1.0564,1124.83,59.07,1558.91,270,1124.83,False,False,True,True,False,False,True,False,False,20000000,500000000,15.148886484339531,0.15,50000,10000,100000,10.0,1.4367246961839288,5.0,5000.0,0.8,0.15,0.8,0.7,0.8,0.7359136335479407,False,False,True,True,True,False,True,True,True,0.08369860188324013,1.4125314562231839,0.6077819447655594,0.7634343884519328,0.932815400888946,1.624810653891565,0.032928849585564524,0,5.0,45,0.25,False,False,False,0.5,0.5,0.03,2,0.5432993824808595,2.2665252624465917,0.20366020571065419,1.2447089812415435,0.14965540041358918,4.845612426485011,11,0.21212366209521877,0.5,0.6,20.0,2.0
optuna_00045,168,877,534,343,60.89,1.0518,1092.61,61.31,1513.93,270,1092.61,False,False,True,True,False,False,True,False,False,20000000,500000000,16.929489982122977,0.15,50000,10000,100000,10.0,1.2441585678337455,5.0,5000.0,0.6345924699536385,0.11115762469582052,0.8,0.7,0.8,0.7630774743557049,True,False,True,True,True,False,True,True,True,0.07991500953359999,1.4092587676163357,0.6252850452862104,0.776420931020368,0.9330795111582649,1.6462157552158576,0.021011330585268124,0,5.0,45,0.25,False,False,False,0.5,0.5,0.03,2,0.541230541970672,2.7107987136213643,0.20107573980261667,1.2217652564846537,0.14896567539189037,4.995772744507613,12,0.19982246219238822,0.5,0.6,20.0,2.0
optuna_00030,169,945,607,338,64.23,1.0671,982.75,54.35,1229.46,270,982.75,False,False,True,True,False,False,True,False,False,20000000,500000000,20.600798817022543,0.15,50000,10000,100000,10.0,4.015770136088467,5.0,5000.0,0.6163036292621051,0.06109302071873695,0.8,0.7,0.8,0.6678291240088217,True,False,True,False,True,False,True,True,True,0.053736725194565314,1.1259238879676747,0.7273313208806791,0.7073673494222489,0.9001600934271561,1.732403445702783,0.041844557057964776,0,5.0,45,0.25,False,False,False,0.5,0.5,0.03,2,0.7660629005860988,3.447399027353611,0.2880359753157844,1.595379494246015,0.32980154663467465,3.353502952765603,13,0.44218978578779017,0.5,0.6,20.0,2.0
optuna_00075,170,1105,849,256,76.83,1.0509,874.36,26.29,1636.89,270,874.36,False,False,True,True,False,False,True,False,False,20000000,500000000,15.691575610519171,0.15,50000,10000,100000,10.0,2.0879589745281484,5.0,5000.0,0.8,0.15,0.8,0.7,0.8,0.8735094777774108,False,False,True,True,True,True,True,True,False,0.09592628084736389,1.5958823649658933,0.7156628678721397,0.8989466380713377,0.9150367653266263,1.696257819930965,0.04813328773650478,0,5.0,45,0.25,False,False,False,0.5,0.5,0.03,2,0.3057913285063558,1.978494544324366,0.32729984968697273,2.4484201805024597,0.1559478229470138,4.747373520316605,10,0.23927363615126102,0.5,0.6,20.0,2.0
optuna_00225,171,1260,1003,257,79.6,1.0438,821.06,39.18,1452.51,270,821.06,False,False,True,True,False,False,True,False,False,20000000,500000000,19.57535367995081,0.15,50000,10000,100000,10.0,1.2006196906582938,5.0,5000.0,0.8,0.15,0.8,0.7,0.8,0.5737645795553196,False,False,True,True,True,True,True,True,False,0.09729182654435829,1.7283033525588067,0.4806579948630723,0.8317006170531096,0.9315611888227687,1.90177859921797,0.07884529618948016,0,5.0,45,0.25,False,False,False,0.5,0.5,0.03,2,0.7282592764784201,1.6128132749354551,0.4279061295107286,2.277211947401985,0.2306438065679817,2.313474432434731,10,0.2679884860030629,0.5,0.6,20.0,2.0
optuna_00015,172,133,99,34,74.44,1.2698,806.33,14.29,616.25,270,806.33,False,False,True,True,False,False,True,False,False,20000000,500000000,16.609423613556014,0.15,50000,10000,100000,10.0,1.8722620451352918,5.0,5000.0,0.8364173367413743,0.10779325278524055,0.8,0.7,0.8,0.7659611438083063,True,False,True,False,False,False,False,True,False,0.03,1.2,0.6,0.7,0.98,1.5807909800096693,0.020512219554812333,0,5.0,45,0.25,False,False,False,0.5,0.5,0.03,2,0.9927821310294562,3.246799597996577,0.3101766166609603,1.1818514405610252,0.10010484492188534,3.9662332844962127,11,0.4798511553559662,0.5,0.6,20.0,2.0
optuna_00014,173,2180,1765,415,80.96,1.0418,731.22,19.06,1487.29,270,731.22,False,False,True,True,False,False,True,False,False,20000000,500000000,22.520726245402816,0.15,50000,10000,100000,10.0,1.9943470935317666,5.0,5000.0,0.6610679688214769,0.14691085866520856,0.8,0.7,0.8,0.65,True,False,False,False,True,False,True,True,False,0.012586349674248973,1.323740864595238,0.8925015118029994,0.7435046193065167,0.9054917552055817,1.9224326662628812,0.020929122240778315,0,5.0,45,0.25,False,False,False,0.5,0.5,0.03,2,0.3703436539491948,3.250443067080481,0.3016345382845757,1.8804563780431605,0.19670554893443373,4.997880431251318,10,0.1736701896523487,0.5,0.6,20.0,2.0
optuna_00016,174,789,497,292,62.99,1.0389,686.5,51.66,1777.56,270,686.5,False,False,True,True,False,False,True,False,False,20000000,500000000,16.332282148956754,0.15,50000,10000,100000,10.0,3.228128478158533,5.0,5000.0,0.6673208767227085,0.10478862046006833,0.8,0.7,0.8,0.65,True,False,False,False,True,False,False,True,False,0.011087457512999561,1.0278082081182796,0.6,0.7,0.98,1.9683682043556623,0.022027036466575944,0,5.0,45,0.25,False,False,False,0.5,0.5,0.03,2,0.7779228848809037,3.966868043216496,0.20085988816621908,1.0139810578006598,0.24729082002206246,3.898235786633937,11,0.40813681640478494,0.5,0.6,20.0,2.0
optuna_00038,175,1134,750,384,66.14,1.0301,514.82,62.65,1584.4,270,514.82,False,False,True,True,False,False,True,False,False,20000000,500000000,18.262075868815714,0.15,50000,10000,100000,10.0,1.766939560400152,5.0,5000.0,0.7216515534569045,0.07141502132472861,0.6294953855510633,0.5468347312402299,0.9995012102014011,0.6363319679951045,True,True,True,False,True,True,True,True,True,0.09979390021531372,1.3381343998726694,0.4557762288919467,0.8182484864208751,0.9221049018182599,1.905635169461865,0.03409113641642915,0,5.0,45,0.25,False,False,False,0.5,0.5,0.03,2,0.9150982810883622,2.5673841175796794,0.33316319178728215,1.3803035597320887,0.297237626690003,4.822835985708452,13,0.36928944981742723,0.5,0.6,20.0,2.0
optuna_00060,176,1174,911,263,77.6,1.0212,405.01,16.38,1852.59,270,405.01,False,False,True,True,False,False,True,False,False,20000000,500000000,15.472274235190778,0.15,50000,10000,100000,10.0,1.17262915449089,5.0,5000.0,0.8,0.15,0.8,0.7,0.8,0.8209292915808569,False,False,True,True,True,True,True,True,True,0.09397420042395668,1.9548230551773673,0.7798772465332067,0.8384576763534727,0.9089280030199539,1.6257810388289677,0.05437297543793604,0,5.0,45,0.25,False,False,False,0.5,0.5,0.03,2,0.3260998204311536,1.333118667050383,0.28621516822571924,1.977646957676732,0.1336132882307786,4.817696629591443,10,0.014189187358752853,0.5,0.6,20.0,2.0
optuna_00215,177,1149,896,253,77.98,1.0226,400.58,26.87,1252.16,270,400.58,False,False,True,True,False,False,True,False,False,20000000,500000000,20.039887395700063,0.15,50000,10000,100000,10.0,1.2836682348680906,5.0,5000.0,0.8,0.15,0.8,0.7,0.8,0.5433225328971394,False,False,True,True,True,True,True,True,True,0.0703570345980566,1.7675049665314533,0.47315977226898154,0.8193813099126789,0.9312996790901807,1.8299824537919296,0.07322033063670001,0,5.0,45,0.25,False,False,False,0.5,0.5,0.03,2,0.23826411343688753,1.6039049390669564,0.40770791075300156,2.0403778075439,0.22320224617251527,2.266327265213348,10,0.2825758414631295,0.5,0.6,20.0,2.0
optuna_00000,178,72,43,29,59.72,1.1632,281.59,4.52,398.58,270,281.59,False,False,True,True,False,False,True,False,False,20000000,500000000,24.738960226471125,0.15,50000,10000,100000,10.0,1.5387210448640813,5.0,5000.0,0.7437738918154013,0.11575934778813757,0.8,0.7,0.8,0.65,True,False,False,False,False,False,False,True,False,0.03,1.2,0.6,0.7,0.98,1.9872705047395185,0.03292356536986113,0,5.0,45,0.25,False,False,False,0.5,0.5,0.03,2,0.44074072720458396,2.930147130877497,0.2670424594914499,1.1403117023288978,0.18486019485349545,4.783413744678596,11,0.15474439674221346,0.5,0.6,20.0,2.0
optuna_00028,179,5,4,1,80.0,112.5179,279.91,1.67,2.51,270,279.91,False,False,True,True,False,False,True,False,False,20000000,500000000,23.50767856138272,0.15,50000,10000,100000,10.0,4.096311774514074,5.0,5000.0,0.7571939112264545,0.23879013855505768,0.8,0.7,0.8,0.65,True,False,False,False,False,False,False,True,False,0.03,1.2,0.6,0.7,0.98,1.987061128878978,0.052681564989153336,0,5.0,45,0.25,False,False,False,0.5,0.5,0.03,2,0.6333345839314881,3.0125114445509036,0.42882669657874495,1.1770967562808,0.14306428832674412,3.628201679925438,12,0.29207476831262996,0.5,0.6,20.0,2.0
optuna_00044,180,914,573,341,62.69,1.0134,272.16,49.71,2705.1,270,272.16,False,False,True,True,False,False,True,False,False,20000000,500000000,17.75475088391,0.15,50000,10000,100000,10.0,3.035159319466301,5.0,5000.0,0.6361386115415704,0.0832735842847556,0.8,0.7,0.8,0.7393375310652024,True,False,True,False,True,False,True,True,False,0.07387167643492747,1.3896301723430724,0.6053710317866874,0.7794122903620201,0.9365314131160104,1.663591969056423,0.015716740955140182,0,5.0,45,0.25,False,False,False,0.5,0.5,0.03,2,0.6597608102795361,2.941156284743581,0.23274958911550778,1.239033893813446,0.15793667152744595,4.845582104055193,11,0.2180633102018809,0.5,0.6,20.0,2.0
optuna_00024,181,834,493,341,59.11,1.0097,203.27,57.59,2027.48,270,203.27,False,False,True,True,False,False,True,False,False,20000000,500000000,17.01278886692792,0.15,50000,10000,100000,10.0,2.7626197042148095,5.0,5000.0,0.7054724534134239,0.07805500159394532,0.8,0.7,0.8,0.65,True,False,False,False,True,False,False,True,False,0.07614382602593578,1.138255766651016,0.6,0.7,0.98,1.7784632491234496,0.010728512599004338,0,5.0,45,0.25,False,False,False,0.5,0.5,0.03,2,0.6741140591508572,3.427483399869439,0.2633526397156791,1.1386470353258913,0.23244261632109187,4.6684665138094426,12,0.3187608127508573,0.5,0.6,20.0,2.0
optuna_00041,182,813,514,299,63.22,1.0098,183.62,52.55,1446.93,270,183.62,False,False,True,True,False,False,True,False,False,20000000,500000000,18.71309384638183,0.15,50000,10000,100000,10.0,3.1621452051167678,5.0,5000.0,0.688054089068195,0.0850593713318348,0.8,0.7,0.8,0.65,True,False,False,False,True,False,False,True,False,0.05951423948799664,1.216758057841586,0.6,0.7,0.98,1.9537556739935316,0.01113306019969499,0,5.0,45,0.25,False,False,False,0.5,0.5,0.03,2,0.7000235457747072,3.1888228532044924,0.23421968569640964,1.0006963107111821,0.2049148705815429,4.323108587680502,11,0.46077828513321206,0.5,0.6,20.0,2.0
optuna_00013,183,837,544,293,64.99,1.0088,173.28,56.6,1840.86,270,173.28,False,False,True,True,False,False,True,False,False,20000000,500000000,18.95043822718627,0.15,50000,10000,100000,10.0,3.005828061689466,5.0,5000.0,0.702894341989968,0.09239538234693793,0.8,0.7,0.8,0.65,True,False,False,False,True,False,False,True,False,0.055807191304782816,1.2486240156943236,0.6,0.7,0.98,1.9653901199284751,0.011305975651745511,0,5.0,45,0.25,False,False,False,0.5,0.5,0.03,2,0.8201826233340832,3.206813413922571,0.2090127269754125,1.04056182704488,0.20773994293990244,4.3648813023416455,11,0.47090779265324656,0.5,0.6,20.0,2.0
optuna_00032,184,27,17,10,62.96,1.102,73.29,2.3,376.16,270,73.29,False,False,True,True,False,False,True,False,False,20000000,500000000,22.02831400736134,0.15,50000,10000,100000,10.0,3.8568803429003586,5.0,5000.0,0.6695775985811395,0.11579468644143971,0.8,0.7,0.8,0.65,True,False,False,False,False,False,False,True,False,0.03,1.2,0.6,0.7,0.98,1.8809753345657247,0.03216816761586398,0,5.0,45,0.25,False,False,False,0.5,0.5,0.03,2,0.755823255397508,3.072540343504608,0.365287909767504,1.1800286331781957,0.14619893731137396,2.912869843049844,12,0.3656742107281128,0.5,0.6,20.0,2.0
optuna_00037,185,492,253,239,51.42,1.0064,55.16,28.39,861.43,270,55.16,False,False,True,True,False,False,True,False,False,20000000,500000000,24.912336104476644,0.15,50000,10000,100000,10.0,4.482870183162261,5.0,5000.0,0.5847718999579707,0.20077259347574594,0.6352759886670125,0.7223830200896124,0.8336244931460752,0.65,True,True,False,True,False,True,True,True,False,0.03,1.2,0.7271779266813562,0.8887246910347889,0.9298731045391324,1.5206301935328703,0.030403528127726513,0,5.0,45,0.25,False,False,False,0.5,0.5,0.03,2,0.623213212780124,2.855212130716543,0.6119447897877975,1.4259830806958433,0.19118792183059283,4.752484750807425,13,0.40052071408175327,0.5,0.6,20.0,2.0
optuna_00118,186,726,542,184,74.66,1.0016,16.72,13.57,711.85,270,16.72,False,False,True,True,False,False,True,False,False,20000000,500000000,16.849923814348738,0.15,50000,10000,100000,10.0,1.2824357047241908,5.0,5000.0,0.8,0.15,0.8,0.7,0.8,0.555657092405873,False,False,True,True,False,True,True,True,True,0.03,1.2,0.6399249079934648,0.8987448505006929,0.9510085227217008,1.6296721899170143,0.06673839981871466,0,5.0,45,0.25,False,False,False,0.5,0.5,0.03,2,0.31967763622979917,2.0931848995952356,0.27181338832511287,2.2885197396692805,0.33263032970385126,2.1033577914004153,10,0.26858684232631663,0.5,0.6,20.0,2.0
optuna_00027,187,789,438,351,55.51,0.993,-146.94,52.2,2098.69,270,-146.94,False,False,True,True,False,False,True,False,False,20000000,500000000,17.075379011982946,0.15,50000,10000,100000,10.0,2.6295164475905537,5.0,5000.0,0.6627751188933149,0.07901716802934282,0.8,0.7,0.8,0.65,True,False,False,False,True,False,False,True,False,0.07195115213045213,1.5611546162214904,0.6,0.7,0.98,1.7880313958390237,0.020685275880481163,0,5.0,45,0.25,False,False,False,0.5,0.5,0.03,2,0.44342680175541743,3.3618882846159424,0.2661307752021788,1.4970574402934531,0.3125561444808087,3.9865765324946985,12,0.3334063723742707,0.5,0.6,20.0,2.0
optuna_00036,188,775,489,286,63.1,0.9791,-405.44,51.15,2344.83,270,-405.44,False,False,True,True,False,False,True,False,False,20000000,500000000,23.804974201815313,0.15,50000,10000,100000,10.0,1.6315033286235838,5.0,5000.0,0.738425822292143,0.10542362731842053,0.8,0.7,0.8,0.65,True,False,False,False,True,False,False,True,True,0.09058917814326459,1.1022685575583968,0.6,0.7,0.98,1.739624296692025,0.023150984402244536,0,5.0,45,0.25,False,False,False,0.5,0.5,0.03,2,0.708529747969061,3.613872382114462,0.33316504284062487,1.6677627885336261,0.13199641702479126,3.3612679462546997,11,0.26331414555591,0.5,0.6,20.0,2.0
optuna_00012,189,880,575,305,65.34,0.9795,-444.19,66.36,1688.22,270,-444.19,False,False,True,True,False,False,True,False,False,20000000,500000000,18.204762103541448,0.15,50000,10000,100000,10.0,1.8862323018062663,5.0,5000.0,0.7184976690392566,0.1483393228168283,0.8,0.7,0.8,0.4118477057529161,True,False,True,False,True,False,True,True,False,0.06456774265161483,1.3303943004550989,0.895435595869862,0.6879685837565673,0.904207243669274,1.5083990817258783,0.013041517920684614,0,5.0,45,0.25,False,False,False,0.5,0.5,0.03,2,0.9221257189722722,3.2901967106098557,0.2431438668852921,1.052291086866905,0.20502277713523587,4.241453996607095,11,0.4976922199452797,0.5,0.6,20.0,2.0
optuna_00042,190,798,496,302,62.16,0.9747,-463.84,53.14,2450.83,270,-463.84,False,False,True,True,False,False,True,False,False,20000000,500000000,18.264972466348308,0.15,50000,10000,100000,10.0,3.58643550915907,5.0,5000.0,0.6793271861545914,0.07505455241153679,0.8,0.7,0.8,0.65,True,False,False,False,True,False,False,True,False,0.0644462102576353,1.1861152697684996,0.6,0.7,0.98,1.8837580533163816,0.0156096637231317,0,5.0,45,0.25,False,False,False,0.5,0.5,0.03,2,0.6938473155403659,3.0854782552274114,0.6876531438366499,1.0080816247380429,0.24248886057512445,4.592264305987603,11,0.41721982626759857,0.5,0.6,20.0,2.0
optuna_00033,191,163,86,77,52.76,0.8999,-483.48,11.97,1061.96,270,-483.48,False,False,True,True,False,False,True,False,False,20000000,500000000,20.246127609696348,0.15,50000,10000,100000,10.0,1.6094905920537095,5.0,5000.0,0.7993543511743054,0.07051543306365335,0.8,0.7,0.8,0.65,True,False,False,False,False,False,False,True,False,0.03,1.2,0.6,0.7,0.98,1.6473449346675073,0.02474660829510545,0,5.0,45,0.25,False,False,False,0.5,0.5,0.03,2,0.48860134757801954,3.4195418409678506,0.300444573716907,1.3898272370003324,0.15862520870124688,2.023894980456973,12,0.4065740119532785,0.5,0.6,20.0,2.0
optuna_00019,192,148,113,35,76.35,0.7501,-615.36,-1.47,644.57,270,-615.36,False,False,True,True,False,False,True,False,False,20000000,500000000,16.669041963976316,0.15,50000,10000,100000,10.0,3.2153305887547887,5.0,5000.0,0.8067709288277427,0.05066699031932041,0.8,0.7,0.8,0.65,True,False,False,False,False,False,False,True,False,0.03,1.2,0.6,0.7,0.98,1.9168082415619814,0.02500193717148944,0,5.0,45,0.25,False,False,False,0.5,0.5,0.03,2,0.317118586174286,2.3759087729422395,0.35493997254975995,2.25694611887322,0.3225371492654723,3.9105460005521704,10,0.2604579963895174,0.5,0.6,20.0,2.0
optuna_00005,193,916,648,268,70.74,0.9681,-646.41,64.64,1700.1,270,-646.41,False,False,True,True,False,False,True,False,False,20000000,500000000,18.37615171403628,0.15,50000,10000,100000,10.0,1.4794614693347312,5.0,5000.0,0.9928252270553004,0.17236319006939077,0.8,0.7,0.8,0.5210276357557502,True,False,True,True,True,False,True,True,True,0.07049219926652908,1.7616196153287176,0.8541329429833269,0.5197809453334863,0.9144894872091224,1.6286968781249733,0.035078181781295036,0,5.0,45,0.25,False,False,False,0.5,0.5,0.03,2,0.8682419964713903,1.4528113561523432,0.420669879631552,1.4752750879847993,0.35292233223743186,4.184649045835579,12,0.31676485538044735,0.5,0.6,20.0,2.0
optuna_00025,194,783,474,309,60.54,0.9687,-682.3,61.62,1912.38,270,-682.3,False,False,True,True,False,False,True,False,False,20000000,500000000,17.339466918883897,0.15,50000,10000,100000,10.0,1.0154254443518358,5.0,5000.0,0.5175678578606122,0.15786419623900882,0.8,0.7,0.8,0.65,True,False,False,False,True,False,False,True,False,0.07907856118272011,1.1095004162527549,0.6,0.7,0.98,1.7194141726414376,0.04093640740647922,0,5.0,45,0.25,False,False,False,0.5,0.5,0.03,2,0.668403561257897,3.50226026180747,0.3670444751012543,1.6609755325265865,0.24918340443772458,4.827153901564898,13,0.3111463768767886,0.5,0.6,20.0,2.0
optuna_00003,195,385,225,160,58.44,0.8638,-1019.92,15.48,2538.76,270,-1019.92,False,False,True,True,False,False,True,False,False,20000000,500000000,17.80934509687381,0.15,50000,10000,100000,10.0,2.427013306774357,5.0,5000.0,0.9436063712881633,0.2093893678388033,0.5317791751430119,0.711649063413779,0.6654490124263246,0.65,True,True,False,True,False,True,True,True,False,0.03,1.2,0.5554911608578311,0.5625916610133735,0.9729606178338064,1.7896726488128243,0.08767930832880343,0,5.0,45,0.25,False,False,False,0.5,0.5,0.03,2,0.6181862635055952,2.582627669820294,0.6279468723337971,1.9444298503238986,0.40431401944675904,2.358782737814905,13,0.2806385987847481,0.5,0.6,20.0,2.0
optuna_00138,196,690,510,180,73.91,0.8974,-1048.26,6.98,1430.04,270,-1048.26,False,False,True,True,False,False,True,False,False,20000000,500000000,18.890736318194723,0.15,50000,10000,100000,10.0,1.6061015151747702,5.0,5000.0,0.8,0.15,0.8,0.7,0.8,0.4436558218929289,False,False,True,True,False,True,True,True,True,0.03,1.2,0.670115084711596,0.8500234620270665,0.9274707890278627,1.6641837176244076,0.07075437256373669,0,5.0,45,0.25,False,False,False,0.5,0.5,0.03,2,0.32172871856978985,1.8322915204912644,0.32463554256323346,2.40845743339522,0.33756967589387876,2.18777361420399,10,0.17893073475133717,0.5,0.6,20.0,2.0
optuna_00021,197,828,522,306,63.04,0.9451,-1118.12,50.15,2203.25,270,-1118.12,False,False,True,True,False,False,True,False,False,20000000,500000000,19.230108024667214,0.15,50000,10000,100000,10.0,2.9822813931223537,5.0,5000.0,0.6989976369809756,0.09438317958290679,0.8,0.7,0.8,0.65,True,False,False,False,True,False,False,True,False,0.05285716178777314,1.1698461998483418,0.6,0.7,0.98,1.8508655088141952,0.018772927492676443,0,5.0,45,0.25,False,False,False,0.5,0.5,0.03,2,0.8200830218931876,3.4755688647387495,0.2206186875582229,1.0556824600307617,0.1719491443311007,4.572868994735853,11,0.44466200557853597,0.5,0.6,20.0,2.0
optuna_00198,198,696,521,175,74.86,0.8825,-1196.23,6.01,1271.77,270,-1196.23,False,False,True,True,False,False,True,False,False,20000000,500000000,19.585848488913093,0.15,50000,10000,100000,10.0,1.196978826593703,5.0,5000.0,0.8,0.15,0.8,0.7,0.8,0.5940624503890355,False,False,True,True,False,True,True,True,True,0.03,1.2,0.5836203644730886,0.8246053104475118,0.9355632774384006,1.9884756730317819,0.0754164038437429,0,5.0,45,0.25,False,False,False,0.5,0.5,0.03,2,0.22902298928287548,1.2088186865909114,0.2922794286890169,2.2271080895959603,0.2521588699217556,2.065962368938811,10,0.26046719091498516,0.5,0.6,20.0,2.0
optuna_00011,199,995,736,259,73.97,0.9191,-1756.46,57.79,3006.79,270,-1756.46,False,False,True,True,False,False,True,False,False,20000000,500000000,17.88985558970855,0.15,50000,10000,100000,10.0,2.044563551450221,5.0,5000.0,0.7374445527162137,0.06224220302812184,0.8,0.7,0.8,0.41132700883224493,True,False,True,False,True,False,False,True,True,0.02249315537973292,1.0380515287836853,0.6,0.7,0.98,1.5995877680471817,0.04608603727138396,0,5.0,45,0.25,False,False,False,0.5,0.5,0.03,2,0.9754158816389743,1.3917132622828645,0.3987898894593954,1.3389595296358547,0.4895695089122597,4.283007627946171,11,0.22616315643880422,0.5,0.6,20.0,2.0
